Reaction Name,E-zyme1,E-zyme2
1,2.4.1;3.2.1;2.4.2;3.1.4;4.2.2|6.1.1;5.1.3|4.2.2;6.5.1|5.1.3;2.4.99|6.5.1;6.1.1|3.1.1;4.2.1|2.4.99;3.1.3|4.2.1;3.6.1|3.1.3;2.7.8|3.6.1;3.1.1|2.7.8;4.3.3,2.4.1|1.-.-|2.4.2|2.5.1;2.4.1|5.3.1|2.5.1;2.4.1|2.6.1|4.1.99;2.4.1|5.3.1|2.3.1;2.4.1|5.3.1|2.4.2|2.5.1;2.4.1|5.3.1;2.4.1|5.3.1;2.1.1|5.3.1|2.4.1;2.1.1|1.1.1|2.4.1;3.2.1|1.1.1|2.4.1;3.2.1|5.3.1|2.4.1;2.4.1|5.3.1;2.4.1|5.3.1|2.4.2;3.2.1|5.3.99|2.4.1;3.2.1|5.3.1|2.4.1;3.2.1|5.3.1|2.4.1;3.2.1|4.2.1|2.4.1;2.1.1|4.1.99|2.4.1;2.4.1|5.3.3|2.4.2;2.4.1|4.2.3|2.4.2;3.2.1|4.2.3|2.4.1;2.4.1|4.2.3;2.4.1|4.2.3|2.4.2;2.4.1|3.6.1;3.2.1|2.4.2;2.4.1|2.4.2;3.2.1|2.4.1;3.2.1|2.4.1;2.4.1|2.4.99;3.2.1|2.4.99;3.2.1|2.7.8;2.4.1;2.4.2|4.2.3;2.4.1;2.4.1;3.2.1;2.4.1;3.2.1;2.4.1;2.4.1;2.4.2;2.4.1;3.2.1;2.4.1;2.4.1;2.4.1;2.4.1;3.2.1;3.2.1;3.2.1;3.2.1;3.2.1;2.4.1;2.4.2;2.4.1;2.4.1;2.4.1;2.4.1;3.2.1;2.4.1;2.4.1;2.4.1;2.4.1;3.2.1;2.4.1;2.4.1
10,,2.5.1|5.5.1;2.5.1|1.14.13;4.1.99|4.1.1;2.5.1|1.14.13;1.14.13;1.21.3;1.21.3;1.14.-;4.2.3;4.1.99;4.3.3;2.6.99;4.2.1;4.2.1;4.3.1;1.17.7;4.2.1;4.2.3;4.2.1;4.2.3;4.2.3;4.2.3;4.2.3;1.11.1;4.2.3;4.1.1;4.2.3;4.2.3;1.14.-;1.14.-;5.4.99
100,1.1.1|1.3.1;1.1.99|1.3.99;1.1.3|1.5.1;2.3.1|1.3.8;1.14.13|5.3.3;1.1.5|1.3.3;1.1.-|1.14.11;1.1.2|2.3.1;5.3.3|1.1.1;1.14.11|1.3.5;1.14.-|5.2.1;1.1.98|5.3.2;1.4.3|5.3.1;1.-.-|1.3.7;1.6.5|1.4.3;1.6.99|1.5.99;1.2.1|1.14.21;5.1.3;4.2.1|1.5.3;1.14.15|1.10.3;1.1.9|1.6.5;1.3.1|1.3.-;1.6.3|2.5.1;1.6.1|1.1.3;1.14.12|1.5.-;6.4.1|1.6.99;5.4.99|4.1.1;1.11.1|1.4.1;4.1.1|1.11.1;1.1.-;5.3.99;1.17.99;1.12.98;1.6.3;1.3.2;1.10.9;1.6.1;1.14.99;1.14.13;1.14.14;5.1.1;3.1.3;1.14.12;1.14.-;5.5.1;1.7.1;1.8.5;1.3.98,1.1.1|1.14.13|1.-.-;1.1.1|4.2.1|4.2.3|1.-.-;1.1.1|4.2.1|4.1.99;1.14.13|5.3.3|4.2.3;1.1.1|4.2.1|4.2.3;1.1.1|1.3.1|5.3.3;1.10.3|1.3.1|4.2.3;1.1.1|4.2.1|4.2.3;1.1.1|4.2.1|4.2.3;1.1.1|4.1.3|4.2.3;1.1.1|4.2.1|4.2.3;1.1.3|2.1.1|4.2.3;1.1.1|4.2.1|4.2.3;1.1.3|4.2.1|4.2.3;1.1.1|1.3.1|4.2.3;5.3.1|1.3.-|4.2.3;4.3.1|4.2.3;1.1.1|4.2.3;1.1.1|1.14.-|1.14.14;1.1.1|4.2.3;1.1.1|4.2.3;1.1.1|4.2.3;4.2.1|4.2.3|4.1.99;1.1.1|4.2.3;1.1.1|4.2.3;1.1.1|4.2.3|4.1.1;1.1.1|4.2.3;1.1.1|2.1.1|4.2.3;4.2.1|4.2.3;1.1.1|4.2.3;1.1.1|1.14.21|4.2.3;1.1.1|4.2.3;4.2.1|1.14.-|4.2.3;1.1.1|4.2.3;1.1.5|4.2.3;4.2.1|4.2.3;1.3.1|4.2.3;1.1.1|4.1.99|1.14.20;5.3.99|4.2.3;1.1.1|4.2.3;4.2.1|4.2.3;4.2.1|4.2.3;1.1.1|4.2.3;1.1.1|1.14.14|1.3.1;1.1.1|4.2.3|4.2.99;5.1.3|1.14.14|1.14.-;4.2.1|4.2.3|1.3.-;1.14.11|4.2.3;1.1.1|4.2.3|1.3.1;1.1.1|4.2.3|4.2.1;1.1.3|4.2.3|1.1.1;1.3.2|1.3.1|2.5.1;1.1.1|2.5.1|4.2.3;1.1.1|4.2.3|1.10.99;5.1.3|1.10.99;2.1.1|4.2.3;1.1.3|1.10.99;5.1.3|1.1.1;5.1.3|5.4.99;1.14.13|1.1.1;1.14.13|4.2.3;1.1.1|4.2.1;1.1.1|4.2.3;1.1.1|2.5.1;1.1.1|2.5.1;2.1.3|4.2.3;1.1.1|4.2.3;1.1.1|5.3.99;5.3.3|4.2.3;1.1.1|4.2.3;5.1.3|2.2.1;1.3.3|5.3.99;1.1.1|4.2.3;1.1.1|1.3.1;1.1.1|1.3.1;1.1.1|4.2.3;1.1.1;1.1.1;1.1.1;1.1.1;1.1.1;1.1.1;1.1.1;1.1.1;1.1.1;1.1.1;1.1.1;1.1.1;1.1.1;1.1.1;1.14.-;1.14.-;4.2.1
101,1.1.1|1.3.1;1.1.99|1.3.99;1.1.3|1.5.1;2.3.1|1.3.8;1.14.13|5.3.3;1.1.5|1.3.3;1.1.-|1.14.11;1.1.2|2.3.1;5.3.3|1.1.1;1.14.11|1.3.5;1.14.-|5.2.1;1.1.98|5.3.2;1.4.3|5.3.1;1.-.-|1.3.7;1.6.5|1.4.3;1.6.99|1.5.99;1.2.1|1.14.21;5.1.3;4.2.1|1.5.3;1.14.15|1.10.3;1.1.9|1.6.5;1.3.1|1.3.-;1.6.1|2.5.1;1.6.3|1.1.3;1.14.12|1.6.99;6.4.1|1.5.-;5.4.99|4.1.1;1.11.1|1.4.1;4.1.1|1.11.1;1.1.-;5.3.99;1.17.99;1.12.98;1.3.2;1.10.9;1.6.3;1.6.1;1.14.99;1.14.13;1.14.14;5.1.1;3.1.3;1.14.12;1.14.-;5.5.1;1.7.1;1.8.5;1.3.98,1.1.1|4.2.3|1.-.-;1.1.1|4.2.3|1.-.-;1.1.1|4.2.3;1.1.1|4.2.3;1.1.1|4.2.3;1.1.1|4.2.3;1.1.1|4.2.3;1.1.1|4.2.3;1.1.1|4.3.3|4.2.3;1.1.1|4.2.3;1.1.1|4.2.3;1.1.1|4.2.3;1.1.1|4.2.3;1.1.1|4.2.3|4.3.3;1.1.1|4.2.3;1.1.1|4.2.3;1.1.1|4.2.3;1.1.1|4.2.3;1.1.1|4.2.3|4.1.99;1.1.1|4.2.3;1.1.1|4.2.3;1.1.1|4.2.3;1.1.1|4.2.3;1.1.1|4.2.3;1.1.1|4.2.3;1.1.1|4.2.3;2.3.3|4.2.3;1.1.1|4.2.3;1.1.1|4.2.3;1.1.1|4.2.3;1.1.1|1.3.1;5.3.1|2.5.1;1.1.1|4.2.3;4.2.1|2.5.1;1.1.1|2.5.1;1.1.1|4.2.3;4.1.3|4.2.3;1.1.1|4.2.3;1.1.1|4.2.3;1.1.1|4.2.3;1.1.1|4.2.3;3.1.3|4.2.3;1.1.1|4.2.3;1.1.1|4.2.2;1.1.1|4.2.3;1.1.1|4.2.3;4.2.1|4.2.3;1.1.1|4.2.3;4.2.1;1.1.1
102,2.6.1|2.5.1;1.4.3|1.5.3|1.3.1;1.4.1|1.4.3|1.3.99;1.4.9|4.4.1|1.14.11;1.4.99|2.4.1|5.3.3;1.4.7|4.2.1|1.3.-;1.4.2|1.5.1|4.4.1;4.3.1|1.5.99|1.3.8;1.13.12|2.3.1|4.2.1;4.1.1|4.1.99|2.4.1;1.14.11|4.1.3|2.3.1;2.-.-|1.14.15|1.14.21;2.4.2|3.1.1|4.1.99;1.4.5|3.5.99|1.1.-;3.2.1|1.1.1;3.3.1|1.3.3;2.1.2|1.5.3;3.5.1|1.3.5;2.4.2|2.1.2;3.3.2|3.3.1;1.14.14|3.5.99;1.14.11|1.3.7;4.3.3|4.1.3;1.21.4|1.4.3;3.5.-|3.5.1;4.5.1|3.2.1;1.3.1|2.4.2;3.5.3|1.3.98;4.3.1|1.5.1;1.1.1|5.5.1;3.3.2;1.14.14;1.5.99,2.6.1|2.5.1|4.1.3|1.4.1;4.1.3|4.1.1|2.6.1;4.1.3|2.6.1;4.2.3|2.6.1;4.1.3|1.5.1;4.1.2|4.4.1;4.1.2|1.4.3;4.1.2|1.4.3;4.1.3|1.4.1;4.1.3|1.5.1;4.1.3|1.4.1;4.1.3|4.4.1;4.1.3|4.4.1;4.1.3|2.6.1;2.5.1|2.6.1;2.5.1|1.4.3;4.1.2|1.4.3;4.1.2|2.6.1;4.1.2|1.4.1;2.5.1|1.4.99;2.5.1|1.4.1;2.6.1;1.4.1;4.4.1;4.4.1;4.4.1;1.4.3;4.3.1
103,1.13.12;2.1.1;1.14.13;1.14.14;1.11.1;1.14.99,1.14.12
104,2.5.1|3.1.4;1.5.3|6.5.1;4.4.1|4.6.1;4.2.1;1.5.99;2.3.1;1.14.15;1.5.1;3.1.1;3.3.1;2.1.2;4.1.99;4.1.3;3.3.2;3.5.99;1.4.3;4.3.3;3.5.-;1.3.1;3.7.1;1.1.1;1.8.3,2.5.1;2.1.1|4.2.1|2.5.1;4.1.99|2.5.1;4.1.2|2.5.1|4.2.3;2.1.1|2.5.1;2.1.1|2.5.1;4.2.1|2.5.1|4.2.3;2.5.1|4.2.3;4.2.3;2.5.1;2.5.1;2.5.1;4.2.3;4.1.2;2.5.1
105,2.1.1;1.14.14;3.1.1;2.3.1;1.5.3;1.14.11;1.5.8;2.-.-;1.16.1;1.14.99;1.14.13;1.2.7;1.5.99;3.7.1,2.1.1|4.1.99|1.-.-|2.-.-;2.1.1|1.14.13|1.10.99|2.5.1;2.1.1|1.14.13|2.3.1;2.1.1|1.14.13;2.1.1|4.1.99;2.1.1|1.14.13;2.1.1|1.14.14;2.4.1|1.10.99;3.2.1|4.2.1;1.14.14;1.14.14;1.10.99;1.14.14;4.2.1;1.14.13;1.14.13;2.6.1;1.1.4;5.3.1;2.6.1;4.2.1;1.1.4;4.2.1;3.3.2;3.3.2;1.1.4;4.2.1;5.3.99;3.3.2;3.3.2;3.3.2;1.14.14;3.3.2;1.14.14;3.3.2;4.3.3
106,4.2.1;2.3.1;4.1.2;4.3.3;3.5.5;3.2.-;2.5.1;3.5.1;3.5.2;2.8.1;2.9.1;5.4.4,4.2.1;4.2.1;1.14.12;1.14.12;1.14.12;1.14.12;1.14.12;1.14.12;1.14.12;1.14.12;1.14.12;1.14.12;4.2.1;1.14.12;4.1.3;1.3.1;1.3.5;1.14.18;1.3.1;4.1.3;1.14.12;1.14.12;1.14.12;1.14.12;1.14.12;4.1.3;4.2.99;1.10.3;1.3.1;1.14.12;1.14.13;5.3.3;1.3.7;1.3.1
107,,3.5.4|4.2.3;4.2.3;4.2.3;4.2.3;4.2.3;4.2.3;4.2.3;4.2.3;4.2.3;4.2.3;4.2.3;4.3.3;4.2.3
108,1.3.1;1.3.99;1.5.1;1.3.8;5.3.3;1.3.3;1.14.11;2.3.1;1.1.1;1.3.5;5.2.1;5.3.2;5.3.1;1.3.7;1.4.3;1.5.99;1.14.21;5.1.3;1.5.3;1.10.3;1.6.5;1.3.-;2.5.1;1.1.3;1.6.99;1.5.-;4.1.1;1.4.1;1.11.1;1.1.-;5.3.99;1.17.99;1.12.98;1.3.2|1.6.1;1.6.3|1.10.9;1.6.1|1.3.2;1.10.9|1.6.3;1.14.99;1.14.13;1.14.14;5.1.1;3.1.3;1.14.12;1.14.-;5.5.1;1.7.1;1.8.5;1.3.98,1.5.1|4.2.3|2.5.1|1.-.-;1.12.2|4.2.3|1.11.1|1.-.-;1.5.1|4.2.3|1.14.21;1.1.5|4.2.3;1.1.99|4.2.3;1.5.1|4.2.3;4.2.3;4.2.3;4.2.3;4.2.3;4.2.3;4.2.3;4.1.99;4.2.3;4.2.3;4.2.3;4.2.3;4.2.3;4.2.3;4.2.3;4.2.3;4.2.3;4.2.3;4.2.1;1.3.1;2.5.1;4.2.3;4.2.1;4.2.1;4.2.1;4.2.1;1.14.12;2.5.1;2.5.1;4.2.3;4.3.3;1.14.14;1.14.14;1.14.12;1.14.12;1.14.12;1.14.12;1.14.12;1.14.12;1.14.12;1.14.12;1.14.12;1.14.13;4.2.3;4.2.3;1.-.-;4.2.3;4.2.3;4.2.3;4.1.3;4.2.3;4.2.3;4.2.3;4.2.3;4.2.3;1.14.-;4.2.3;1.14.13;4.2.3;4.2.3;2.1.1;4.2.3;5.3.3;4.2.3;3.1.7;4.2.3;1.14.-;1.14.-;1.14.12;2.1.1
109,1.14.13;1.14.14;1.14.11;1.14.15;1.14.16;1.14.99;1.14.-;1.14.18;1.17.1;1.1.1;1.13.11;1.10.99;1.10.3;1.97.1;3.5.3;3.7.1;1.6.6;1.17.99;1.2.1;1.3.99;1.3.7;1.14.20;4.1.99;1.-.-;1.14.12;1.17.3;1.7.3;1.14.17;1.17.7,1.14.13|5.3.3;1.14.13;1.14.13|4.2.1;1.14.13|1.3.1|4.2.1;1.14.13|1.3.1;1.14.13|4.2.1|1.3.1;1.14.13|4.2.1;1.14.13|2.1.1|4.2.1;1.14.-|4.2.1;1.14.15|4.2.1|2.1.1;1.14.15|4.2.1;1.14.15|4.2.1;1.14.15|1.14.13;1.14.15|1.14.-;1.14.15|1.14.-;1.14.13|4.1.3;1.14.13|2.1.1;1.14.11|4.2.1;1.14.11|1.14.-|1.3.1;1.14.11|1.14.21;1.14.11|1.3.1|1.14.-;1.14.11|1.3.-;1.14.15|1.14.14;1.14.13|1.14.14;1.14.-|1.-.-;1.14.-;1.14.-;5.3.3;1.3.99;1.14.13;1.14.13;1.14.13;1.14.14;1.14.99;1.14.99;1.14.99;1.14.99;1.14.11;1.14.13;1.14.13;1.14.13;1.14.13;1.14.13;1.14.99;4.2.1;1.14.14;1.14.14;1.14.13;1.14.-;1.14.-;1.14.-;1.14.-;1.14.13;1.14.11
11,3.5.1|6.3.2;6.3.2|3.5.1;2.3.1;2.3.2;6.3.1|3.4.13;3.4.13|6.3.1;6.3.4;3.4.11;3.4.19;2.1.3|3.4.17;3.4.17|2.1.3;3.1.1;6.2.1;2.1.2|3.4.15;3.4.15|3.5.3;6.3.5|2.3.-;3.5.3|3.4.22;2.3.-|3.4.24;3.5.4|4.3.2;4.3.2|2.7.7;3.4.24|6.1.1;3.4.22|3.1.2;1.2.99|1.2.1;1.4.1;4.3.3,3.4.13;3.4.13;3.4.13;6.3.2|2.3.2;2.3.2;6.3.2|2.3.2;6.3.2|2.3.2;6.3.2|2.3.2;6.3.2|2.3.1;3.5.1|6.3.2;3.5.1|6.3.2;3.5.1|6.3.2;3.5.1|6.3.2;3.5.1;3.5.1;3.5.1
110,1.2.1|1.3.1;1.2.3|1.3.99;1.2.99|1.5.1;1.2.-|1.3.8;1.1.1|5.3.3;1.2.7|1.3.3;1.14.13|1.14.11;1.1.3|2.3.1;1.5.1|1.1.1;1.14.99|1.3.5;1.2.2|5.2.1;1.17.1|5.3.2;1.14.11|5.3.1;1.5.99|1.3.7;1.1.-|1.4.3;1.14.14|1.5.99;1.14.21;5.1.3;1.5.3;1.10.3;1.6.5;1.3.-;2.5.1;1.1.3;1.5.-;1.6.99;4.1.1;1.4.1;1.11.1;1.1.-;5.3.99;1.17.99;1.12.98;1.6.3;1.6.1;1.3.2;1.10.9;1.14.99;1.14.13;1.14.14;5.1.1;3.1.3;1.14.12;1.14.-;5.5.1;1.7.1;1.8.5;1.3.98,1.2.1|1.-.-;1.-.-
111,4.1.2;4.1.3;2.2.1;4.2.1;2.5.1;1.14.99;4.1.1;1.13.11;2.1.2;1.11.1;1.14.13,4.1.1;4.1.1;4.1.1;4.1.1;1.14.13
112,2.5.1|3.1.4;1.5.3|6.5.1;4.4.1|4.6.1;4.2.1;1.5.99;2.3.1;1.14.15;1.5.1;3.1.1;3.3.1|2.1.2;2.1.2|3.3.1;4.1.99;4.1.3;3.3.2;3.5.99;1.4.3;4.3.3;3.5.-;1.3.1|1.8.3;3.7.1|1.3.1;1.1.1|3.7.1;1.8.3|1.1.1;1.8.1;4.5.1,2.5.1;2.5.1;2.5.1|4.2.3;2.5.1;2.5.1;2.5.1;2.5.1|4.2.3;2.5.1;2.5.1|1.3.1;2.5.1;2.5.1;2.5.1;2.5.1;4.2.3;4.2.3;4.2.3
113,1.14.13|1.3.1;1.14.14|1.3.99;1.14.11|1.5.1;1.14.15|1.3.8;1.14.16|5.3.3;1.14.99|1.3.3;1.14.-|1.14.11;1.14.18|2.3.1;1.17.1|1.1.1;1.1.1|1.3.5;1.13.11|5.2.1;1.10.99|5.3.2;1.10.3|5.3.1;1.97.1|1.3.7;3.5.3|1.4.3;3.7.1|1.5.99;1.6.6|1.14.21;1.17.99|5.1.3;1.2.1|1.5.3;1.3.99|1.10.3;1.3.7|1.6.5;1.14.20|1.3.-;4.1.99|2.5.1;1.-.-|1.1.3;1.14.12|1.6.99;1.17.3|1.5.-;1.7.3|4.1.1;1.14.17|1.4.1;1.17.7|1.11.1;1.1.-;5.3.99;1.17.99;1.12.98;1.6.3;1.3.2;1.10.9;1.6.1;1.14.99;1.14.13;1.14.14;5.1.1;3.1.3;1.14.12;1.14.-;5.5.1;1.7.1;1.8.5;1.3.98,1.14.13|4.4.1|2.3.1|1.-.-;1.14.13|4.2.3|4.4.1|1.-.-;1.14.13|4.2.3;4.2.3;4.2.3;4.2.3;4.2.3;4.2.3;4.2.3;4.2.3;4.2.3;4.2.3
114,1.1.1|1.3.1;1.1.99|1.3.99;1.1.3|1.5.1;2.3.1|1.3.8;1.14.13|5.3.3;1.1.5|1.3.3;1.1.-|1.14.11;1.1.2|2.3.1;5.3.3|1.1.1;1.14.11|1.3.5;1.14.-|5.2.1;1.1.98|5.3.2;1.4.3|5.3.1;1.-.-|1.3.7;1.6.5|1.4.3;1.6.99|1.5.99;1.2.1|1.14.21;5.1.3;4.2.1|1.5.3;1.14.15|1.10.3;1.1.9|1.6.5;1.3.1|1.3.-;1.6.3|2.5.1;1.6.1|1.1.3;1.14.12|1.6.99;6.4.1|1.5.-;5.4.99|4.1.1;1.11.1|1.4.1;4.1.1|1.11.1;1.1.-;5.3.99;1.17.99;1.12.98;1.6.3;1.3.2;1.6.1;1.10.9;1.14.99;1.14.13;1.14.14;5.1.1;3.1.3;1.14.12;1.14.-;5.5.1;1.7.1;1.8.5;1.3.98,1.1.1|2.7.7|1.-.-;1.1.1|5.3.1|1.-.-;1.1.1|5.3.1;1.1.1|2.2.1|5.3.1;1.1.1|5.3.1;1.1.1|5.3.1;1.1.1|3.5.4;1.1.1|3.5.-;1.1.1|4.1.2;1.1.1|4.1.2;4.2.2|4.1.2;1.1.99|2.2.1;1.1.1|2.2.1;1.1.1|5.3.1;1.1.1|5.3.1;1.1.1|5.3.1;1.1.1|5.3.1;1.1.1|5.3.1;1.1.1|5.3.1;1.1.1;3.5.-|1.1.1;5.3.1|1.1.1;5.3.1;5.3.1;5.3.1;5.3.1;5.3.1;5.3.1;5.3.1;3.5.4
115,6.2.1|2.3.1|5.4.2|3.1.4;3.1.2|6.2.1|6.5.1;2.8.3|3.1.1|4.6.1;2.3.1|3.1.2;3.2.1|1.2.1;3.6.1|6.1.1;6.3.4|2.3.3;2.3.2;3.5.1;1.2.7;3.7.1;3.2.1;1.2.4;1.8.1;2.1.3;1.1.1;4.1.3;2.3.-;2.8.3;2.5.1;4.4.1;2.1.1;1.-.-;1.2.3;2.6.1;6.1.2;3.5.3;6.3.1;6.3.4;2.1.2;2.2.1;6.3.2;3.4.11,6.2.1|1.11.1|1.18.6|2.3.1|2.7.1|2.5.1;6.2.1|4.2.3|2.7.1|2.5.1;6.2.1|4.2.3|2.7.1|2.3.1;3.1.2|4.2.3|3.6.1|6.2.1|3.1.3|4.1.2;6.2.1|4.2.3|2.7.1|3.6.1|1.3.1;3.1.2|4.2.3|2.7.1|3.1.3|2.5.1;6.2.1|4.2.3|2.7.1|2.3.1|2.7.8|2.9.1;3.5.1|4.2.3|2.7.4|3.1.2|3.1.3|2.5.1;3.5.1|4.2.3|3.6.1|6.2.1|3.1.3|2.5.1;1.13.11|4.2.3|3.6.1|3.1.7|2.6.99;3.5.1|4.2.3|2.7.7|2.7.6;3.7.1|4.2.3|3.6.1|2.7.7;4.2.3|2.7.1;4.3.3|3.6.1|4.6.1;4.2.3|3.6.1|2.7.1;4.2.3|2.7.4|2.7.1;4.2.3|3.6.1|2.7.1;4.2.3|3.6.1;4.2.3|3.6.1|2.7.1;1.14.12|2.7.8|2.7.1;1.14.12|2.7.6|2.7.1;1.14.12|3.6.1|3.1.3;4.2.3|3.6.1|2.7.1;1.14.12|3.6.1|2.7.1;1.14.12|3.6.1;1.14.12|2.7.4|3.6.1;4.2.3|3.6.1|2.7.1;4.2.3|2.7.8|3.1.3;4.2.3|3.-.-|2.7.1;4.2.3|2.7.7|2.7.1;4.2.3|2.7.7|2.7.4;4.2.3|3.6.1|3.1.3;1.14.12|2.7.7|2.7.1;1.14.12|3.6.1|3.1.3;4.1.99|3.6.1|3.1.3;1.14.12|3.6.1|3.1.3;4.2.3|3.6.1|2.7.1;4.2.3|3.6.1|2.7.4;4.2.3|2.7.4|3.1.3;4.2.3|2.7.7|2.7.1;4.2.3|2.7.7|2.7.1;4.1.99|2.7.7;4.2.3|2.7.7|2.7.8;1.14.12|2.7.7|3.6.1;4.2.3|2.7.7|2.7.8;4.2.3|2.7.7|2.7.4;4.2.3|1.2.1|3.1.3;4.2.3|4.6.1|2.7.1;4.2.3|2.7.8|3.1.3;4.2.1|2.7.8|2.7.1;1.14.12|4.1.2|2.7.1;1.14.12|3.6.1|2.7.8;1.14.12|3.6.1|2.7.1;1.14.12|2.7.8|3.1.3;1.14.12|2.7.8|3.6.1;1.14.12|2.7.1|2.7.4;1.14.12|2.7.8|2.7.6;1.14.12|3.6.1|2.7.4;4.2.3|2.7.8|3.6.1;1.14.12|2.7.8|3.6.1;1.14.12|2.7.8|2.7.1;4.2.3|3.6.1|2.7.7;4.2.1|2.7.8|3.6.1;4.2.1|3.1.4|3.6.1;4.2.1|3.6.1;4.2.1|3.6.1;4.2.3|2.7.1;1.14.12|3.6.1;1.14.12|2.7.4;1.14.12|2.7.8;1.14.12|3.-.-;1.14.12|2.7.4;4.2.3|2.7.8;4.2.3|3.6.1;4.1.3|2.7.4;4.2.3|3.6.1;4.2.3|2.7.1;4.2.1|3.1.3;4.2.1|2.7.1;4.2.1|2.7.1;1.14.12|3.6.1;4.2.3|3.6.1;1.13.11|1.18.6;4.2.3|2.7.1;3.6.1;2.7.1;3.6.1;3.6.1;3.6.1;3.6.1;2.7.1;2.7.8;2.4.1;3.6.1;3.6.1;3.6.1;3.6.1;3.6.1;2.7.7;2.7.7;3.6.1;2.7.1;2.7.7;2.7.8;2.7.8;2.7.8;3.6.1;2.7.8;2.7.8;2.7.8
116,,2.7.1;2.7.4|2.7.1;2.7.4|2.7.1;2.7.4|2.7.1;2.7.4|2.7.1;2.7.4|2.7.1;2.7.4|2.7.1;2.7.1|1.18.6;2.7.1;2.7.1;2.7.4;2.7.1;2.7.4|3.6.1;2.7.4;3.6.1|2.7.4;2.7.4;2.7.1|2.7.4;2.7.4|3.6.1;2.7.1;2.7.4|3.6.1;2.7.1|2.7.4;2.7.1|3.6.1;3.6.1;2.7.1|2.7.8;2.7.4|3.6.1;2.7.4;2.7.1|3.6.1;1.18.6|2.7.8;2.7.1|2.7.7;3.6.1;2.7.8|3.6.1;3.6.1;2.7.7|4.6.1;2.7.8|3.6.1;2.7.7|2.7.8;2.7.7|3.6.1;3.6.1|2.7.8;3.6.1|2.7.1;3.6.1|2.7.8;3.6.1|2.7.7;4.6.1|2.7.7;3.6.1;3.6.1;2.7.8;2.7.7;2.7.7;2.7.7;2.7.7;3.6.1;2.7.6;3.6.1;3.6.1;2.7.7;1.2.1;3.6.1
117,1.14.13;1.14.14;1.14.11;1.14.99;1.14.15;1.14.-;1.17.4;1.14.18;1.17.1;1.14.16;1.14.12;1.7.1;1.11.1;1.17.99;1.7.2;1.5.99;1.1.4;1.10.99;1.13.11;1.3.99;1.10.3;1.97.1;1.16.1;1.14.17;1.17.2;2.6.3;1.1.99;1.1.1;1.-.-;1.7.3;1.7.99;1.17.3;1.1.-;1.3.7;1.17.7;1.14.20;1.17.-;1.8.99;1.4.-;4.2.1;1.13.12;3.7.1;3.13.1,1.14.14;1.14.14;1.14.15;1.14.-;1.14.-;1.14.13;1.14.13;1.14.13;1.14.-;1.14.-;1.14.-;1.14.14;1.14.14;1.14.-;1.14.14;1.14.11;4.2.1;1.14.13;1.14.11;1.14.13;1.14.13;1.14.99;4.2.1;1.14.13
118,2.7.1;3.1.3;3.6.1;2.7.8;2.7.4;2.7.7;3.6.3;2.7.11;3.1.4;2.7.2;2.7.6;2.7.3;3.6.4;3.1.7;4.6.1;2.7.9;3.6.5;3.2.1;2.7.12;2.7.13;2.6.-;2.7.-;4.1.1;2.7.10;1.3.7;1.18.6;4.2.3;2.7.99;3.1.5;2.4.1;5.1.3;1.19.6;3.-.-,2.7.1|4.1.2|2.2.1;2.7.1|4.1.2;2.7.1|2.2.1;2.7.1|2.2.1|4.1.2;2.7.1|4.1.2;2.7.1|2.2.1;2.7.1|2.2.1|1.1.1;2.7.1|2.2.1|1.1.1;2.7.1|1.1.1|4.1.2;2.7.1|1.1.1;2.7.1|1.1.1;2.7.1|2.2.1|1.1.1;4.2.3|4.1.2|1.1.1;3.1.3|1.1.1;2.7.1|1.1.1;2.7.1;3.1.3;2.7.1;3.1.3;3.1.3;2.7.1;2.7.1;2.7.1;2.7.1;2.7.1;2.7.1;2.7.1;3.1.3;3.1.4;3.1.3;2.7.1;2.7.1;2.7.8;2.7.1;3.1.3;2.7.1;2.7.1;2.7.1;2.7.1;2.7.1
119,3.1.2|2.3.1|2.4.1;6.2.1|3.2.1;2.8.3|3.1.1|2.4.2;2.3.1|3.1.2|3.1.4;3.2.1|1.2.1|6.1.1;6.1.1|4.2.2;2.3.3|5.1.3;2.3.2|6.5.1;3.5.1|3.1.1;1.2.7|2.4.99;3.7.1|4.2.1;3.2.1|3.1.3;1.2.4|3.6.1;1.8.1|2.7.8;2.1.3|4.3.3;1.1.1;4.1.3;2.3.-;2.8.3;2.5.1;4.4.1;2.1.1;1.-.-;1.2.3;2.6.1;6.1.2;3.5.3;6.3.1;6.3.4;2.1.2;2.2.1;6.3.2;3.4.11,2.8.3|2.7.1|6.2.1|1.1.3|2.7.8;2.8.3|2.7.1|1.2.1|3.1.1|2.4.2;6.2.1|2.7.1|3.1.1|2.4.2;3.1.2|3.1.3|2.3.1|3.1.1|2.4.2;2.8.3|3.1.3|3.1.2|3.1.1|2.4.2;3.1.2|3.1.3|3.1.1|2.4.1;2.8.3|3.1.3|1.2.1|2.4.1;2.8.3|3.1.7|1.2.1|2.4.2;6.2.1|2.7.6|1.2.1|4.2.3;2.8.3|2.7.1|1.2.7|2.4.1;6.2.1|1.18.6|1.2.7|2.7.7|2.4.1;2.8.3|2.7.1|6.2.1|2.4.1;3.5.1|2.7.1|1.2.1|2.4.1;6.2.1|2.7.7|1.2.4|2.7.1|2.4.1;3.6.1|1.2.7|2.7.1|2.4.2;3.1.3|2.3.1|2.4.2;2.7.1|1.1.1|2.4.1;3.1.3|2.3.1|2.4.1;2.7.1|2.3.1|2.4.1;2.7.7|1.1.1|2.7.1|2.4.1;3.1.3|2.3.1|2.4.1;2.7.1|2.3.1|3.1.3|2.4.2;2.7.1|2.3.1|2.4.1;3.1.3|6.2.1|2.7.1|2.4.1;2.7.1|1.2.1|2.4.1;3.1.3|6.2.1|2.7.1|2.4.1;3.1.3|6.2.1|2.7.1|2.4.1;3.1.3|2.3.1|2.7.7|2.4.1;3.1.3|3.6.1;3.1.3|2.4.1;2.7.1|3.1.3|2.4.99;2.7.1|2.4.99;3.1.3|2.4.1;2.7.1|2.5.1;2.7.4|3.1.3|2.9.1;2.7.1|2.5.1;2.7.7|2.7.1|2.4.2;2.7.8|2.7.1;2.7.1|3.1.3;3.1.3|2.7.1;2.7.1;2.7.1;3.6.1|2.7.1;3.6.1|2.7.1;2.7.7|3.1.3;2.7.6|2.7.1;3.6.1|2.7.7;2.7.1|2.7.6;3.6.1|2.7.1;3.6.1|2.7.1;2.7.8;2.7.4|2.7.1;3.6.1|2.7.8;3.6.1|2.4.1;3.6.1|2.7.1;2.4.1;2.7.8;3.6.1;2.7.6
12,4.4.1;2.5.1;1.8.3;4.2.1;1.1.1;1.8.1;2.1.2;4.5.1;3.3.1,4.4.1|2.3.1;2.5.1;1.1.99;2.-.-
120,2.3.3|2.3.1;4.1.3|6.2.1;1.14.15|3.1.1;2.3.1|3.1.2;1.13.-|1.2.1;4.4.1|6.1.1;2.3.3;2.3.2;3.5.1;1.2.7;3.7.1;3.2.1;1.2.4;1.8.1;2.1.3;1.1.1;4.1.3;2.3.-;2.8.3;2.5.1;4.4.1;2.1.1;1.-.-;1.2.3;2.6.1;6.1.2;3.5.3;6.3.1;6.3.4;2.1.2;2.2.1;6.3.2;3.4.11,2.3.3|2.3.1|4.2.3;3.1.2|2.3.1|2.3.3|4.2.3;3.1.2|2.3.1|2.3.3|4.2.3;3.1.2|2.3.3|4.2.3;3.1.2|2.3.-|2.3.3|4.2.3;2.3.1|4.1.3|4.2.3;3.1.2|2.3.1|2.3.3|4.2.3;3.1.2|2.3.3|4.2.3;3.1.2|2.3.1|2.3.3|4.2.3;3.1.2|2.3.3|4.2.3;3.1.2|2.3.3|4.2.3;3.1.2|2.3.1|2.3.3|4.2.3;6.2.1|3.1.2|2.3.3|4.2.3;3.1.2|2.3.1|4.2.3;3.1.2|2.3.1|1.1.99|4.2.3;3.1.2|1.1.1|4.2.3;2.3.3|3.1.2|1.1.1|4.2.3;2.3.3|3.1.2|4.2.3;2.3.3|2.3.1|4.1.99;2.3.3|2.3.1|4.2.3;2.3.3|3.1.2|4.2.3;6.2.1|2.3.1|4.2.3;2.3.3|2.3.1|4.2.3;3.1.2|1.11.1;2.3.3|2.3.1|4.2.3;2.3.3|2.3.1|4.2.3;3.1.2|6.2.1|4.2.3;2.3.3|3.1.2|4.3.3;2.3.3|1.2.4|4.2.3;2.3.3|2.3.1|4.2.3;2.3.1|1.2.1|4.2.3;2.3.3|2.3.1|4.1.2;3.1.2|4.1.2;6.2.1|4.1.2;6.2.1|2.2.1;2.8.3|4.2.3;6.2.1|2.2.1;6.2.1|4.2.3
121,6.3.2|2.3.1;3.5.1|6.2.1;2.3.1|3.1.1;2.3.2|3.1.2;3.4.13|1.2.1;6.3.1|6.1.1;6.3.4|2.3.3;3.4.11|2.3.2;3.4.19|3.5.1;3.4.17|1.2.7;2.1.3|3.7.1;3.1.1|3.2.1;6.2.1|1.2.4;3.4.15|1.8.1;3.5.3|2.1.3;2.3.-|1.1.1;3.4.24|4.1.3;3.4.22|2.3.-;4.3.2|2.8.3;2.7.7|2.5.1;6.1.1|4.4.1;3.1.2|2.1.1;1.2.1|1.-.-;1.2.3;2.6.1;6.1.2;3.5.3;6.3.1;6.3.4;2.1.2;2.2.1;6.3.2;3.4.11,2.3.2|4.2.3|1.1.1;2.3.2|4.2.3|2.3.1;2.3.2|4.2.3|2.3.1;3.5.1|4.2.3|1.2.1;3.5.1|4.2.3|1.2.1;2.3.1|4.2.3|1.2.1;2.3.1|4.2.3|3.1.2;2.1.1|4.2.3|6.2.1;6.3.4|4.2.3|2.3.1;2.3.1|4.2.3|6.2.1;2.3.1|4.2.3;3.5.1|4.2.3|1.2.7;2.3.1|4.2.3;3.5.1|4.2.3|3.1.2;2.3.2|4.2.3|1.2.7;3.5.1|4.2.3|1.2.7;2.3.1|4.2.3|1.2.1;4.2.3|1.2.1;4.1.99|4.2.3|2.3.1;4.2.3|1.2.4;4.2.3|1.2.1;4.2.3|4.1.99|6.2.1;4.2.3|6.2.1;4.2.3|2.3.1;4.2.3|2.3.1;4.2.3|2.3.1;4.2.3|2.3.1;4.2.3|1.3.1|6.2.1;4.2.3|2.3.1;4.2.3;4.2.3;4.2.3;1.3.1|4.2.3;4.3.3|4.2.3;2.5.1|4.2.3;4.2.3;2.5.1;2.5.1|4.3.3;4.2.3|2.5.1;4.2.3|2.5.1;4.2.3;4.2.3;4.2.3;2.3.1|4.2.3;4.2.3;4.2.3;4.2.3;4.2.3;4.2.3;3.1.7
122,1.14.12|1.2.1|2.3.1;1.14.14|4.2.1|6.2.1;1.14.-|1.2.3|3.1.1;1.14.99|1.1.1|3.1.2;1.14.13|3.5.1|1.2.1;1.13.11|1.2.2|6.1.1;2.3.1|2.3.3;1.2.-|2.3.2;1.14.13|3.5.1;1.14.99|1.2.7;1.2.7|3.7.1;1.1.3|3.2.1;1.5.1|1.2.4;1.2.99|1.8.1;1.14.11|2.1.3;1.1.1;4.1.3;2.3.-;2.8.3;2.5.1;4.4.1;2.1.1;1.-.-;1.2.3;2.6.1;6.1.2;3.5.3;6.3.1;6.3.4;2.1.2;2.2.1;6.3.2;3.4.11,1.11.1|4.1.1|4.2.3|4.1.99|2.3.1;1.14.13|4.1.1|4.2.3|4.1.99|2.3.1;2.5.1|4.1.1|4.2.3|2.3.1;1.14.12|1.11.1|4.2.3|1.3.1|2.3.1;1.14.12|2.3.1|4.2.3|1.3.1;4.1.99|1.3.1|4.2.3|4.2.1|2.3.1;2.1.1|1.14.13|4.2.3|4.2.1|2.3.1;4.1.1|1.14.13|4.2.3|2.3.1;4.1.1|1.14.13|4.2.3|3.1.2;4.1.2|4.1.1|4.2.3|2.3.1;2.5.1|1.1.1|4.2.3|2.3.1;4.1.99|4.1.1|4.2.3|6.2.1;4.1.1|1.13.12|4.2.3|3.1.2;4.1.1|1.1.1|4.2.3|2.3.-;1.13.11|1.14.13|4.2.3|1.2.1;2.5.1|1.1.1|4.2.3|2.3.1;4.1.1|2.3.1|4.2.3|3.1.2;4.2.1|1.13.12|4.2.3|3.1.2;2.5.1|4.1.1|4.2.3|3.1.2;1.14.21|4.1.1|4.2.3|2.3.1;2.5.1|2.3.1|4.2.3;1.14.12|1.2.1|4.2.3|2.3.1;4.1.1|4.2.3|1.2.4;2.1.1|4.1.1|4.2.3|3.1.2;2.1.1|1.14.13|4.1.99|3.1.2;2.1.1|1.14.13|4.2.3|3.1.2;2.5.1|4.2.1|4.2.3|2.3.1;2.1.1|1.14.13|4.2.3|3.1.2;2.5.1|4.1.1|4.2.3|6.2.1;2.1.1|4.1.1|4.2.3|1.2.7;2.5.1|4.1.1|4.2.3|1.2.7;2.4.1|1.14.13|4.2.3|1.2.1;2.1.1|4.1.1|4.2.3|2.3.1;4.1.1|4.2.3|3.1.2;2.1.1|4.1.1|4.2.3|1.2.1;4.3.99|4.1.1|4.2.3|3.1.2;3.2.-|4.1.1|4.2.3|2.3.1;1.2.1|4.2.3|1.2.7;4.1.1|1.3.1|1.2.1;1.14.13|2.5.1|2.3.1;4.1.1|4.2.3|3.1.2;1.1.1|2.5.1|2.3.1;1.14.13|2.5.1|1.1.1;4.1.1|4.2.3|3.1.2;4.1.1|4.3.3|2.3.1;1.14.13|4.2.3|1.1.1;1.14.13|4.2.3|2.3.1;1.14.13|4.2.3|6.2.1;4.1.1|4.2.3|2.3.1;4.1.1|4.2.3|6.2.1;4.1.1|1.11.1|1.2.1;4.1.1|4.2.3|2.3.1;4.1.1|4.2.3;1.14.13|4.2.3;4.1.1|4.2.3;1.1.1|4.2.3;4.1.1|4.2.3;1.1.1|4.2.3;4.1.1|4.2.3;4.2.3;2.2.1;2.2.1;4.2.3;4.2.3;3.1.7;4.2.3;4.2.3;4.2.3;4.1.99
123,2.7.1|2.4.1;3.1.3|3.2.1;2.7.8|2.8.2;3.1.4|2.4.99;2.7.11|2.4.2;3.6.1|3.1.4;2.7.7|2.1.1;3.1.7|3.1.6;2.7.6|2.5.1;2.7.4|1.8.4;4.6.1|1.8.99;3.2.1|3.3.2;3.6.3|4.4.1;2.6.-|1.11.1;2.7.-|4.2.2;2.7.2|3.6.1;2.7.3|5.1.3;2.7.9|6.5.1;2.4.1|3.1.8;5.1.3|3.6.2;4.2.3|4.2.1;2.7.99|1.14.99;3.1.5|3.1.3;2.7.13|2.7.8;3.6.4|4.6.1;3.6.5|4.2.99;2.7.12|1.14.11;1.14.21;1.14.13,2.7.1|2.5.1;2.7.1|2.5.1;2.7.1|2.5.1;3.1.3|2.6.99;2.7.1|3.1.4;2.7.1|3.1.4;2.7.1|2.5.1;3.1.3|4.2.3;2.7.1|3.1.4;2.7.1|3.1.4;2.7.1|4.2.3;2.7.1|3.1.4;2.7.1|4.2.3;2.7.1|3.1.4;3.1.3|2.5.1;2.7.1|2.5.1;4.2.3|3.1.4;2.7.1|3.1.4;2.7.1;2.7.1;2.7.1;2.7.1;2.7.1;2.7.1;2.7.1;2.7.1;3.1.4;2.7.1;2.7.1;3.1.3;3.1.3;3.1.4;3.1.3;3.1.3;3.1.4;2.7.1;2.7.1;2.7.1;2.7.1;2.7.1;2.7.1;2.7.1;2.7.8;2.7.1;3.1.3;3.1.4;3.1.3;2.7.1;2.7.2;2.7.8;2.7.1;3.1.4;3.1.3;2.7.1;2.7.1;3.1.3;3.1.3;3.1.3;2.7.1;2.7.8;2.7.8;2.7.1;2.7.8;2.7.8;2.7.-;2.7.8;2.7.1;2.7.8;2.7.1;2.7.1;3.1.4;2.7.8;2.7.6;2.7.1
124,3.2.2|2.4.2;2.4.2|3.2.2;3.5.1|2.4.1;2.4.1|1.14.14;4.3.3|1.14.11;6.3.4|2.7.8;3.5.1;6.3.4;4.3.3;4.1.3;2.6.1,3.2.2|2.4.2;3.2.2|2.4.2;3.2.-|2.4.2;3.2.2|2.4.2;3.2.2|2.4.2;2.4.2;2.4.2;2.4.2;3.2.2|2.4.2;3.2.2|2.4.2;3.2.2|2.4.2;2.4.2;2.4.2|1.14.14;3.2.2|2.4.2;3.2.2|2.4.2;3.2.2|2.4.2;2.4.2;3.2.2|2.4.2;3.2.2|2.4.2;3.2.2|2.4.2;2.4.2;2.4.2|3.2.2;2.4.2;3.2.2;2.4.2;2.4.2;2.4.2;2.4.2;2.4.2;2.4.2;2.4.2;2.7.8|3.2.2;2.4.2|3.2.2;2.4.2;2.4.2|2.4.1;2.4.1|2.4.2;2.4.2|2.4.1;2.4.2;2.4.2;2.4.2;2.4.2;2.4.2;2.4.2
125,1.10.3|1.14.13;1.6.5|1.14.14;1.10.2|1.14.11;1.14.18|1.14.99;1.1.3|1.14.15;1.12.5|1.14.-;1.17.4;1.14.18;1.17.1;1.14.16;1.14.12;1.7.1;1.17.99;1.5.99;1.1.1;1.1.4;1.10.99;1.3.99;1.97.1;1.10.3;1.13.11;1.17.2;2.6.3;1.6.6;1.14.17;1.7.2;1.17.3;1.7.3;3.7.1;1.3.7;1.14.20;1.8.99;1.4.-;1.1.-;4.1.99;1.-.-;1.17.7;1.1.99;1.17.-;1.13.12;3.8.1;2.1.1;1.5.1;3.5.99,1.10.9|1.8.-;1.8.5|2.3.3;1.1.5|1.14.11;1.10.3;1.10.9;1.14.13;1.14.18;1.3.1;2.1.1;1.14.13;1.14.18;1.3.1;4.2.1;4.2.1;1.3.1;1.14.18;1.3.1;1.3.1;5.3.3
126,2.4.1;3.2.1;2.4.2;3.1.4;6.1.1;4.2.2;5.1.3;6.5.1;3.1.1;2.4.99;4.2.1;3.1.3;3.6.1;2.7.8;4.3.3,2.4.1|4.2.2|5.3.1;2.4.1|5.3.1;2.4.1|5.3.1;2.4.1|5.3.1;2.4.1|5.3.1;2.4.1|5.3.1|2.4.2;2.4.1|5.3.1;2.4.1|5.3.1;2.4.1|5.3.1;2.4.1|5.3.1;2.4.1|5.3.1|5.1.3;3.2.1|5.1.3|4.2.2|2.4.1;2.4.1|1.1.1|4.2.3;2.4.1|4.2.3|1.1.1;2.4.1|1.1.1|5.3.99|2.4.2;2.4.1|5.3.99|1.1.1;2.4.1|5.1.3;2.4.1|1.1.1;2.4.1|5.3.99|1.1.1;2.4.1|1.1.1|5.3.99;2.4.1|5.3.3|2.4.2;2.4.1|5.5.1;2.4.1|4.2.1|1.1.3|3.6.1;2.4.1|1.3.2|2.4.2;2.4.1|1.1.3|4.2.1|2.4.2;2.4.1|1.21.-|2.4.2;2.4.1|4.2.3|2.4.99;2.4.1|2.1.1|2.4.2;2.4.1|4.2.3|1.1.3|2.4.99;2.4.1|4.2.3|2.4.2;2.4.1|1.1.3|4.2.3;2.4.1|4.2.3;2.4.1|5.4.99|4.2.3|2.7.8;2.4.1|1.14.13;2.4.1|4.2.3|5.4.99;2.4.1|5.3.1;3.2.1|1.13.99;2.4.1|4.1.1;2.4.1|1.14.13;3.2.1|1.1.1;2.4.1|1.10.3;3.2.1|1.14.13;2.4.1;2.4.1;2.4.1;2.4.1;2.4.1;2.4.1;2.4.1;2.4.1;2.4.1;3.2.1;2.4.1;2.4.1;2.4.1;2.4.2;2.4.2;2.4.2;2.4.1;2.4.1;2.4.1;2.4.1;2.4.1;3.2.1;3.2.1;2.4.1;2.4.1;3.2.1;3.2.1;3.2.1;2.4.1;3.2.1;2.4.1;3.2.1;2.4.1
127,4.1.2|2.3.1|1.3.1;4.1.3|6.2.1|1.3.99;2.2.1|3.1.1|1.5.1;2.3.3|3.1.2|1.3.8;4.1.99|1.2.1|5.3.3;4.2.1|6.1.1|1.3.3;4.1.1|2.3.3|1.14.11;2.5.1|2.3.2|2.3.1;1.14.99|3.5.1|1.1.1;2.1.2|1.2.7|1.3.5;1.11.1|3.7.1|5.2.1;1.1.3|3.2.1|5.3.2;1.14.13|1.2.4|5.3.1;1.8.1|1.3.7;2.1.3|1.4.3;1.1.1|1.5.99;4.1.3|1.14.21;2.3.-|5.1.3;2.8.3|1.5.3;2.5.1|1.10.3;4.4.1|1.6.5;2.1.1|1.3.-;1.-.-|2.5.1;1.2.3|1.1.3;2.6.1|1.6.99;6.1.2|1.5.-;3.5.3|4.1.1;6.3.1|1.4.1;6.3.4|1.11.1;2.1.2|1.1.-;2.2.1|5.3.99;6.3.2|1.17.99;3.4.11|1.12.98;1.6.3;1.10.9;1.6.1;1.3.2;1.14.99;1.14.13;1.14.14;5.1.1;3.1.3;1.14.12;1.14.-;5.5.1;1.7.1;1.8.5;1.3.98,4.1.1|2.5.1|2.3.1|1.-.-;4.1.1|3.1.2|4.1.99|4.4.1|1.-.-;4.1.1|2.3.1|4.3.3|4.2.3;4.1.1|2.3.1|4.2.3;1.14.13|1.1.1|4.2.3;4.1.1|1.2.1|4.2.3;4.1.1|1.2.1|4.2.3;4.1.1|1.2.1|4.2.3;3.1.2|4.2.3;2.5.1|4.2.3;6.2.1|4.2.3;2.3.1|4.2.3;6.2.1|4.2.3;2.3.1|4.2.3;2.5.1|4.2.3;1.2.7|4.2.3;2.3.1|4.2.3;1.2.7|4.2.3;3.1.2|4.2.3;1.2.7|4.2.3;1.2.1;1.2.1;4.4.1;3.1.2;2.3.1;1.2.4;2.5.1;1.2.1;6.2.1;6.2.1;2.5.1;2.3.1;2.3.1;6.2.1;2.5.1;1.1.1;2.3.1;2.3.1;2.3.1;2.3.1;2.3.1;2.5.1;2.5.1;6.2.1;6.2.1;2.3.1;2.3.1;6.2.1;2.3.1;6.2.1;2.3.1;2.1.2;3.1.2;2.3.1;3.1.2
128,4.2.1|2.8.3|6.2.1;2.3.1|6.2.1|2.8.3;1.14.11|3.1.2|4.1.2;1.17.1|2.3.1|4.3.3;4.1.2|3.2.1|3.5.5;3.5.5|3.2.-;4.3.1|2.5.1;4.1.1|3.5.1;3.2.-|3.5.2;5.4.4|2.8.1;3.5.1|2.9.1;3.5.4|5.4.4;2.8.1;4.3.3,1.3.8|2.8.3|6.2.1|1.3.1;4.2.1|2.8.3|4.3.1;1.14.12|2.8.3|6.2.1|4.3.1;1.3.99|2.8.3|6.2.1;4.2.1|3.1.2|6.2.1|4.3.1;1.3.1|2.8.3|6.2.1|1.14.12;4.3.1|6.2.1;4.3.1|2.8.3;5.3.2;1.1.1
129,4.1.1|1.2.1;6.4.1|4.2.1;2.1.3|1.2.3;1.3.8|1.1.1;1.1.1|3.5.1;1.2.2;2.3.1;1.2.-;1.14.13;1.14.99;1.2.7;1.1.3;1.5.1;1.2.99;1.14.11,4.1.1|1.13.12;4.1.1;1.1.1;1.1.1;1.1.1;1.1.1;1.1.1;1.1.1;4.1.1;4.1.1;4.1.1;1.11.1;1.14.13;1.14.13;1.14.13;1.14.13;4.1.1;4.1.1;4.1.1
13,4.2.3|3.1.4;4.1.99|6.5.1;3.1.7|4.6.1,4.2.3;4.2.3|2.5.1;4.2.3|2.5.1;4.2.3|2.5.1;4.2.3|2.5.1;4.2.3|2.5.1;4.2.3|2.5.1;4.2.3;4.2.3|2.5.1;4.2.3;4.2.3;4.1.99|4.2.3;4.2.3|2.5.1;4.2.3|2.5.1;4.2.3|1.3.1;4.2.3|2.5.1;4.2.3|2.5.1;4.2.3;4.2.3;4.2.3;4.2.3;4.2.3;4.2.3;4.2.3;4.2.3;4.2.3;4.2.3;4.2.3;4.2.3;4.2.3;4.2.3;4.2.3;4.2.3;4.2.3;4.2.3;4.2.3;4.2.3
130,2.1.1;1.14.14;3.1.1;2.3.1;1.5.3;1.14.11;1.5.8;2.-.-;1.16.1;1.14.99;1.14.13;1.5.99|1.2.7;1.2.7|1.5.99;3.7.1,2.1.1|4.1.99|1.14.12|2.-.-;2.1.1|1.14.12|2.5.1;2.1.1|1.14.12|2.3.1;2.1.1|1.14.12;2.1.1|4.2.1|1.14.12;2.1.1|1.14.12;1.14.12|4.1.99;1.14.12;1.14.12;1.14.12;1.14.12|4.2.1;1.14.12;1.14.12;1.14.12;1.14.12;1.14.12;1.14.12;4.2.1|1.14.12;1.14.12;1.14.12|4.3.3;4.2.1|1.14.12;1.14.12;4.2.1;4.2.1;1.14.12;1.14.12|4.1.3;4.2.1;4.2.1;1.14.12|4.2.1;4.1.3|4.2.1;4.2.1|1.14.12;1.14.12;1.14.12;1.14.12;1.14.12;1.-.-|1.14.14;1.14.12|1.14.14;1.13.11|1.14.14;2.5.1|1.-.-;4.2.1|1.14.12;4.2.99|1.13.11;4.3.3|4.2.1;4.1.3|1.14.13;4.1.3|2.5.1;1.14.-|1.14.12;1.14.12|1.14.14;1.14.13|1.14.14;1.14.-|4.2.1;1.14.13|1.14.14;4.2.1|1.14.14;4.2.1|1.14.-;4.2.1|1.14.13;1.14.11|1.14.-;1.14.11|4.2.99;1.14.13|4.1.3;1.14.11|4.1.3;1.14.14;1.14.13;1.14.13;1.14.14
131,2.1.1;1.14.14;3.1.1;2.3.1;1.5.3;1.14.11;1.5.8;2.-.-;1.16.1;1.14.99;1.14.13;1.5.99|1.2.7;1.2.7|1.5.99;3.7.1,2.1.1|1.11.1|1.14.14|2.-.-;2.1.1|4.2.1|1.11.1|2.5.1;2.1.1|1.3.1|1.14.14|2.3.1;2.3.1|1.3.1|1.14.14;1.14.12|1.3.1;1.14.12|1.3.1;1.3.1;1.14.12|1.3.1;1.3.1;1.14.12|1.3.1;1.14.12|1.3.1;1.3.1;1.3.1|1.14.13;4.2.1|1.3.1;1.3.1;1.3.1;1.14.12|1.3.1;1.3.1;4.2.1|1.3.1;1.3.1;1.3.1;1.3.1;1.3.1;1.3.1|4.2.1;1.3.1;4.1.3|1.3.1;1.3.1|4.2.99;1.14.12|4.1.3;1.3.1|1.3.-;1.14.12|1.3.1;1.3.1;1.14.12|1.3.1;1.3.1;4.2.1|1.14.14;4.2.1|1.14.14;1.3.1|1.14.14;4.2.1|1.14.14;4.2.1|4.1.99;1.14.12|4.2.1;1.14.12|1.3.1;1.14.12|1.14.13;1.14.12|4.2.1;1.14.12|4.2.1;1.14.12|1.14.18;1.14.12|4.1.3;1.14.12|4.2.1;1.14.12|1.14.13;4.2.99|4.1.3;4.1.3|4.2.1;1.14.12|1.14.13;1.14.12|4.2.1;4.1.99|1.10.9;1.14.13|1.14.14;1.14.13;4.2.1;1.14.18;4.4.1;1.14.12;1.3.-;1.14.13;4.1.3;1.14.14;1.10.9;1.14.12;1.3.1;1.3.1;1.14.12;1.3.1;1.14.12;1.14.12;1.3.1;1.14.13;5.3.3;1.8.5;1.3.1;1.14.14;1.3.7;1.14.14;1.1.5;1.3.1;4.2.1;1.14.-
132,2.3.1|3.5.1;3.1.1|2.3.1;6.2.1|6.3.2;3.1.2|6.3.1;3.5.1|6.3.4;1.2.1|2.3.2;2.3.2|6.3.5;6.1.1|2.1.2;2.3.3|3.4.13;1.2.7|2.1.3;6.3.1|3.4.11;3.7.1|3.5.4;2.1.3|3.4.19;6.3.4|1.4.1;6.3.2|4.3.3;3.4.11|6.2.1;3.2.1|1.4.7;1.2.4|1.2.99;1.8.1|3.5.5;1.1.1|3.1.1;4.1.3|4.3.2;2.3.-|3.5.3;2.5.1|4.2.1;2.8.3|4.3.1;4.4.1|2.6.1;2.1.1|2.4.2;1.-.-|4.1.3;3.4.13;3.5.3;6.1.2;1.2.3;2.6.1;4.3.2;2.7.7,2.3.1|3.5.1;2.1.1|3.5.1;3.5.1;3.5.1;3.5.1|6.3.5;2.-.-|3.5.1;6.3.2;3.4.11;3.5.1;3.5.1;3.5.1;3.4.11;1.4.1;3.5.1;3.5.1;3.5.1;2.3.2;2.3.1;3.5.1;6.3.1;6.3.2;3.4.13;6.3.2;6.2.1;3.4.13;3.5.1;3.5.1;3.4.13;6.2.1;3.5.1;3.5.1;3.5.1;1.2.5;6.3.2;2.8.3;2.3.2;6.3.2;2.3.2;2.3.2;6.3.2;3.5.1;3.5.1;3.1.2;2.8.3;1.13.11;6.3.2;3.5.1;6.3.2;3.7.1;3.5.1;6.3.2;6.2.1;2.8.3;3.5.1;3.5.1;3.5.1;6.2.1;3.7.1;6.3.1;3.5.1;3.1.2;3.1.2;6.3.4;2.8.3;1.14.11;6.3.2;2.8.3
133,1.3.1;1.3.99;1.5.1;1.3.8;5.3.3;1.3.3;1.14.11;2.3.1;1.1.1;1.3.5;5.2.1;5.3.2;5.3.1;1.3.7;1.4.3;1.5.99;1.14.21;5.1.3;1.5.3;1.10.3;1.6.5;1.3.-;2.5.1;1.1.3;1.5.-;1.6.99;4.1.1;1.4.1;1.11.1;1.1.-;5.3.99;1.17.99;1.12.98;1.6.1;1.6.3;1.3.2;1.10.9;1.14.99;1.14.13;1.14.14;5.1.1;3.1.3;1.14.12;1.14.-;5.5.1;1.7.1;1.8.5;1.3.98,1.-.-;1.-.-
134,2.1.2;2.1.1;6.3.4;1.8.1|3.5.1;1.4.4|1.2.99;3.5.1|4.1.2;4.1.2|2.3.1;1.2.99|1.8.1;2.3.1|1.4.4;1.5.1;3.5.4;3.5.3;6.3.3;4.3.-,1.4.4|6.3.2|2.1.2;2.1.2|3.5.1|4.1.2;2.1.1|6.3.2|4.1.2;2.1.2|3.4.19|2.3.1;4.3.1|6.3.2;2.1.2|6.3.2;1.5.1|6.3.2;3.5.4|6.3.2;6.3.2
135,2.1.1;1.14.14;3.1.1;2.3.1;1.5.3;1.14.11;1.5.8;2.-.-;1.16.1;1.14.99;1.14.13;1.2.7;1.5.99;3.7.1,2.1.1|2.5.1|2.-.-;2.1.1|2.5.1;2.1.1|2.5.1|2.3.1;2.1.1;2.1.1;2.1.1;2.1.1;2.1.1;2.5.1;2.1.1
136,2.1.1;1.14.14;3.1.1;2.3.1;1.5.3;1.14.11;1.5.8;2.-.-;1.16.1;1.14.99;1.14.13;1.2.7;1.5.99;3.7.1,2.1.1|2.5.1|4.4.1|2.-.-;2.1.1|4.1.99|2.5.1;2.1.1|4.1.99;2.3.1
137,1.14.99;1.14.13;1.14.18;1.14.12;2.1.1;4.1.2;1.14.-;1.14.15;1.13.12;1.1.-,1.14.99;1.14.19;1.14.19;1.3.3;1.14.19;1.13.11;4.2.1;1.13.11;1.13.11;1.13.11;1.3.1;1.14.19;1.13.11;1.3.1;1.13.11;1.13.11;1.3.1;1.3.1;2.3.1;1.3.1;1.13.11;1.3.1;2.3.1;1.13.11;4.2.1;4.2.1;1.3.1;4.2.1;1.14.19;1.14.19;1.14.19;4.2.1;1.14.-;1.3.1;2.3.1;4.2.1;1.3.3;4.2.1;1.3.3;1.3.1;5.3.3;1.3.1;4.2.1;2.3.1;4.2.1
138,,1.13.11;1.13.11;1.13.11;1.13.11;1.13.11
139,4.1.2|1.13.11;4.2.1|1.14.99;4.1.3|4.1.2;2.2.1|4.2.1;2.5.1|1.13.-;1.13.11|4.2.99;1.14.99|2.8.1;2.3.1|1.8.1;4.1.1|1.8.99;1.8.7,4.1.2|2.5.1;4.1.2|2.5.1;4.1.2|2.5.1;2.5.1;1.13.12;2.5.1;4.2.1;2.5.1;2.5.1;2.5.1;2.5.1;2.5.1;2.5.1
14,1.3.3|1.14.13|1.2.1;1.3.1|1.2.4|4.2.1;1.14.11|1.2.3;1.3.7|1.14.14|1.1.1;1.5.1|1.14.11|3.5.1;1.3.99|1.14.18|1.2.2;1.3.-|1.14.16|2.3.1;1.14.15|1.2.-;1.14.99|1.14.13;1.14.-|1.14.99;1.17.1|1.2.7;1.1.3;1.5.1;1.2.99;1.14.11,4.2.1|4.3.3|1.13.11|1.14.11|2.3.1;1.5.1|1.13.11|1.2.5|1.13.12;1.5.1|4.2.1|1.13.11|1.1.1;1.3.99|2.6.99|1.13.11|4.2.1;1.14.11|1.13.11|1.1.1;4.2.1|1.13.11|4.1.1;1.14.11|1.11.1|1.13.11|1.1.1;1.-.-|1.13.11|2.3.1;5.3.2|3.5.2|1.13.11|1.2.1;1.3.3|4.2.1|1.13.11|4.1.1;1.3.1|4.2.1|1.13.11|4.1.1;5.3.2|4.1.3|4.1.1;3.1.2|4.1.1;3.7.1|4.1.1;1.13.11|4.1.1;1.13.11|4.1.1;1.4.3|1.14.13;1.4.3|4.1.1;1.13.11|4.1.1;2.3.1;1.14.13;4.1.1;4.1.1;1.14.13;4.1.1;4.1.1;4.1.1;4.1.1;1.14.13;1.3.1;1.14.13;1.1.1;1.14.13;4.1.1;1.1.1;1.14.13;1.1.1;1.1.1;1.14.13;4.1.1;4.1.1;1.2.1;1.1.1;1.14.13;4.1.1;4.1.1;1.14.13;4.1.1;4.1.1;4.1.1;1.1.1;4.1.1;1.11.1;1.1.1;1.1.1;1.14.13;4.1.1;4.1.1;1.14.13;4.1.1;1.14.13
140,3.1.4;6.5.1;4.6.1,4.2.3|2.5.1;4.2.3|2.5.1;4.2.3;4.2.3|2.5.1;4.2.3|2.5.1;4.2.3|2.5.1;5.4.99|4.2.3;5.4.99|2.5.1;5.4.99|2.5.1;5.4.99|2.5.1;4.2.1|4.2.3;4.2.3;5.4.99|4.2.3;4.2.1|2.5.1;4.2.3|2.5.1;4.2.3|1.3.1;4.2.3|2.5.1;4.1.99;4.2.3;4.2.3;4.2.3;4.2.3;5.4.99;3.1.7;4.2.3;5.4.99;5.4.99;5.5.1;5.5.1;5.5.1;5.4.99;4.2.1;4.2.3;5.4.99;5.4.99;5.4.99;5.4.99;5.4.99;4.2.3;5.4.99;5.4.99;4.2.3;4.2.3;4.2.3;4.2.3;5.4.99;4.2.3;4.2.1;4.2.3;4.2.3;4.2.3;4.2.3;5.5.1;4.2.3;4.2.3
141,1.1.1;1.1.99;1.1.3;2.3.1;1.1.5;1.14.13;1.1.2;1.1.-;1.14.11;1.14.-;1.4.3;1.1.98;1.-.-;5.3.3;1.2.1;1.1.9;1.14.15;4.2.1;1.3.1;1.14.12;1.6.5;1.6.99;5.1.3,1.1.1;1.1.1;1.1.1;1.1.1;1.1.1;5.3.1;1.1.1;1.1.99;1.1.1;1.1.1;1.1.1;1.1.1;4.2.1;1.1.1;4.2.1;1.1.1;4.2.1;1.1.1;2.2.1;2.2.1;4.2.1;1.1.1;1.1.1;1.1.1;2.2.1;4.2.1;4.2.1;4.2.1;4.2.1
142,1.17.2,1.14.11;1.14.13;1.14.15;1.14.13;1.14.11;1.14.13;1.14.15;1.14.15;1.14.11;1.14.13;1.14.13;1.14.13;1.14.13;1.14.13;1.14.15;1.14.15;1.14.11;1.14.13;1.14.15;1.14.11;1.14.-;1.14.15;1.14.13;1.14.13;1.14.13;1.14.14;1.14.11;1.14.13;1.14.13;1.14.13;1.14.13;1.14.13;1.14.13;4.2.1;1.14.99;1.14.14;1.14.14;1.14.13
143,2.6.1|1.3.1;1.4.1|1.3.99;1.4.3|1.5.1;4.3.1|1.3.8;1.4.99|5.3.3;1.4.7|1.3.3;1.4.2|1.14.11;1.13.12|2.3.1;4.1.1|1.1.1;1.14.11|1.3.5;2.-.-|5.2.1;1.4.5|5.3.2;1.4.9|5.3.1;2.4.2|1.3.7;1.4.3;1.5.99;1.14.21;5.1.3;1.5.3;1.10.3;1.6.5;1.3.-;2.5.1;1.1.3;1.5.-;1.6.99;4.1.1;1.4.1;1.11.1;1.1.-;5.3.99;1.17.99;1.12.98;1.6.3;1.10.9;1.6.1;1.3.2;1.14.99;1.14.13;1.14.14;5.1.1;3.1.3;1.14.12;1.14.-;5.5.1;1.7.1;1.8.5;1.3.98,2.6.1|4.4.1|1.3.1|1.-.-;4.3.1|4.2.3|1.3.1|1.-.-;1.21.4|4.2.3|1.3.1;1.4.3|4.2.3|1.3.1;4.2.3|4.1.99;4.2.3|1.3.1;4.2.3|1.3.1;4.2.3|4.2.1;4.2.3|1.3.1;4.2.3|4.2.1;4.2.3|1.3.1;4.2.3|1.3.1;4.2.3|1.14.13;4.2.3|5.3.3;1.-.-|1.14.13;4.2.3|1.14.18;4.2.3|4.2.1;4.2.3|4.2.1;4.2.3|1.3.1;4.2.3|1.14.18;4.2.3|1.3.1;4.2.3|1.14.13;4.2.3|1.3.7;1.3.1;2.5.1|1.3.1;4.2.3|1.14.12;2.5.1|1.3.1;2.5.1|1.3.1;4.2.3|1.14.12;4.2.3|4.1.3;4.2.3|1.14.18;4.2.3|1.14.12;4.2.3|1.3.1;1.14.14;1.14.14;1.3.1;1.3.1;1.14.12;1.14.12;1.3.1;1.14.12;1.3.1;1.14.14;1.10.9;4.2.1;1.10.3;1.3.5;1.14.12;4.2.99;1.14.12;1.14.12;1.14.12;1.14.12;1.14.12;4.1.3;4.1.3;1.14.12;1.14.12;4.2.1;1.14.12;1.14.13;1.14.12;1.3.1;1.14.12;1.3.1;1.3.1;1.14.12;1.14.13;4.2.1;1.8.5;1.1.5;4.2.1;1.14.12;1.-.-;1.3.1;1.-.-;1.3.-;2.1.1;4.2.1;1.10.9;4.2.3;1.7.3
144,2.4.1;3.2.1;2.4.2;3.1.4;4.2.2|6.1.1;5.1.3|4.2.2;6.5.1|5.1.3;2.4.99|6.5.1;6.1.1|3.1.1;4.2.1|2.4.99;3.1.3|4.2.1;3.6.1|3.1.3;2.7.8|3.6.1;3.1.1|2.7.8;4.3.3,3.2.1|4.2.3|2.4.1;2.4.1|3.2.1|5.3.1;3.2.1|2.4.1|5.3.1;2.4.1|5.3.1;2.4.1|5.3.1;3.2.1|2.4.1|5.3.1;3.2.1|2.6.1|2.4.1;2.4.1|3.2.1|5.3.1|3.6.1;3.2.1|5.3.1|2.4.2;2.4.1|5.3.1;2.4.1|5.3.1;2.4.1|5.3.1;3.2.1|2.4.1|5.3.1;3.2.1|4.2.3|2.4.1;2.4.1|3.2.1|4.2.3|2.4.2;3.2.1|4.3.1|2.4.1;3.2.1|2.6.1|2.4.1;2.4.1|3.2.1|1.1.1;2.4.1|5.5.1;3.2.1|2.4.1|1.1.1|2.4.2;3.2.1|5.1.3|2.4.1;2.4.1|1.1.1;2.4.1|4.2.3;3.2.1|2.4.1|5.1.3|2.4.99;3.2.1|4.2.1|2.4.2;2.4.1|3.2.1|2.4.2;2.4.1;2.4.1|2.4.99;3.2.1|2.4.2;3.2.1|2.4.2;3.2.1|2.4.2;2.4.1|3.2.1|4.2.3;3.2.1|2.4.1;2.4.1;2.4.1;2.4.1;3.2.1;2.4.1;3.2.1;2.4.1;2.4.1;2.4.1;2.4.1;2.4.1;2.4.1;2.4.1;2.4.1;2.4.1;2.4.1;2.4.1;2.4.1;2.4.1;2.4.2|2.4.1;2.4.1;2.4.1|3.2.1;2.4.1;2.4.1|2.4.2;2.4.1;2.4.1;2.4.1;2.4.1;2.4.1;2.4.1;2.4.1;2.4.1;2.4.1;2.4.1|2.4.2;3.2.1|2.4.1;2.4.2|2.4.1;2.4.1;2.4.2;2.4.1|2.4.2;2.4.1;2.4.2|4.2.2;3.2.1|2.4.1;2.4.1|3.2.1;2.4.2|3.2.1;3.2.1|2.4.1;2.4.1|2.4.2;2.4.1;2.4.1;2.4.1;2.4.1;2.4.1;2.4.1;2.4.1;2.4.1;3.2.1|2.4.1;2.4.1|3.2.1;2.4.1;3.2.1;4.2.2|2.4.1;2.4.2;3.2.1;3.2.1;3.2.1|2.4.1;3.2.1|2.4.1;3.2.1|2.4.1;3.2.1|2.4.1;3.2.1;2.4.1|3.2.1;2.4.1|3.2.1;3.2.1;3.2.1;2.4.1|3.2.1;2.4.1;2.4.1|3.2.1;2.4.1;2.4.1;2.4.1;2.4.1;2.4.1;3.2.1;3.2.1;2.4.1;2.4.1;2.4.1
145,4.4.1|2.8.1|1.8.1;1.1.1|1.13.11|1.8.4;4.3.1|4.2.1|1.11.1;4.1.99|1.8.98;2.5.1|1.17.4;4.5.1|1.8.3;3.3.2|2.8.1;1.8.5;2.8.4;1.5.4,1.4.1|4.4.1|2.8.1|1.11.1;2.6.1|4.4.1|1.8.1;2.6.1|4.4.1;2.6.1|4.4.1;2.6.1|1.4.1;1.5.1|1.4.1|2.6.1;1.5.1|1.4.99;4.4.1|1.4.1;1.4.3|2.6.1;1.4.3|2.6.1;4.4.1;4.4.1|2.6.1;2.6.1|1.4.3;2.6.1|1.4.3;2.6.1|4.4.1;1.4.1|4.4.1;4.4.1;2.6.1|4.4.1;2.6.1|4.4.1;1.4.1|4.4.1;1.4.99|2.6.1|1.4.1;4.4.1|1.4.1|2.6.1;4.4.1|1.4.1;1.4.3|2.6.1;1.4.3|1.4.1;2.6.1;4.4.1;4.4.1;1.4.1;2.6.1;4.4.1;1.4.1;2.5.1;2.6.1;1.4.1;4.4.1;4.4.1;1.4.1;1.4.3;4.4.1;1.4.99;1.4.1;4.4.1;1.4.1;4.4.1;4.4.1;4.3.1;4.3.1;4.3.1;4.4.1
146,3.1.4;6.5.1;4.6.1,4.2.3|2.5.1;4.2.3;4.2.3|2.5.1;4.2.3|2.5.1;4.2.3|2.5.1;4.2.3|2.5.1;4.2.3|2.5.1;4.2.3;4.2.3|2.5.1;4.2.3;4.2.3;4.2.3;4.1.99|2.5.1;4.2.3|2.5.1;4.2.3|1.3.1;4.2.3|2.5.1;4.2.3|2.5.1;4.2.3;4.2.3;4.2.3;4.2.3;4.2.3;4.2.3;4.2.3;4.2.3;4.2.3;4.2.3;4.2.3;4.2.3;4.2.3;5.4.99;4.2.3;4.2.3;4.2.3;4.2.1;5.4.99;5.4.99;5.4.99;5.4.99
147,5.4.99;1.1.1,5.4.99;4.2.1;5.4.99;5.4.99;5.4.99;5.4.99;5.4.99;5.4.99;5.4.99;4.2.1;5.4.99;5.4.99;5.4.99;5.4.99;5.4.99;5.4.99;4.2.1;5.4.99;4.2.1;5.4.99;5.4.99;4.2.3;4.2.3;4.2.3;4.2.3;4.2.3;5.5.1;5.5.1;5.5.1;3.1.7;4.2.3;4.2.3;4.2.3
148,2.7.1|2.4.1;3.1.3|3.2.1;2.7.8|2.4.2;3.6.1|3.1.4;3.1.4|6.1.1;2.7.4|4.2.2;2.7.11|5.1.3;2.7.7|6.5.1;3.6.3|3.1.1;3.1.7|2.4.99;2.7.6|4.2.1;4.6.1|3.1.3;2.7.2|3.6.1;2.7.3|2.7.8;3.2.1|4.3.3;3.6.4;2.7.9;2.6.-;2.7.-;2.7.13;3.6.5;2.4.1;5.1.3;4.2.3;2.7.99;3.1.5;2.7.12;4.1.1;2.7.10;1.3.7;1.18.6;1.19.6;3.-.-,3.1.3|2.4.1;3.1.3|2.4.1;3.1.3|2.4.1;3.1.3|2.4.2;2.7.1|2.4.1;2.7.1|2.4.1;2.7.1|2.4.2;2.7.1|2.4.1;3.1.3|2.4.1;2.7.1|2.4.2;2.7.1|2.4.2;3.1.3|2.4.1;2.7.1|2.4.1;2.7.1|2.4.1;3.1.3|2.4.1;2.7.1|2.4.1;2.7.1|2.4.1;2.7.8|2.4.1;2.7.1|2.4.2;2.7.1|2.4.2;3.1.3|2.4.1;2.7.1|4.2.3;3.1.3|2.4.2;2.7.1|2.7.8;2.7.1|2.4.99;2.7.1|2.4.1;2.7.1|2.4.1;2.7.1|2.4.1;3.1.3|2.4.1;2.7.1|2.4.2;3.1.3|3.6.1;3.1.3|2.4.99;2.4.1;3.1.3;3.1.3;2.7.6;2.7.1;2.7.1;2.7.1;2.7.1;2.7.1;2.7.1;3.1.3;2.7.1;2.7.1;2.7.1;2.7.1;2.7.7;2.7.1;2.7.1;2.7.7
149,4.1.1|1.1.1;6.4.1|1.1.99;2.1.3|1.1.3;1.3.8|2.3.1;1.1.1|1.14.13;1.1.5;1.1.-;1.1.2;5.3.3;1.14.11;1.14.-;1.1.98;1.4.3;1.-.-;1.6.5;1.6.99;1.2.1;5.1.3;4.2.1;1.14.15;1.1.9;1.3.1;1.6.3;1.6.1;1.14.12;6.4.1;5.4.99;1.11.1;4.1.1,4.1.1;4.1.1|1.14.13;4.1.1;4.1.1|1.14.13;4.1.1|1.14.13;4.1.1|1.14.13;4.1.1|2.3.1;4.1.1|2.3.1;4.1.1;4.1.1|1.14.13;4.1.1;4.1.1;4.1.1;2.1.3|1.14.13;4.1.1;4.1.1;4.1.1;1.14.13;4.1.1;4.1.1;1.14.13;1.13.12;1.14.13;1.14.13;1.2.1;1.3.1;1.1.1;4.1.1;4.1.1;1.1.1;1.1.1;2.3.1;4.1.1;4.2.1;4.1.1;4.1.1
15,2.7.1|3.1.4;3.1.3|6.5.1;3.6.1|4.6.1;2.7.8;2.7.4;2.7.7;3.6.3;2.7.11;3.1.4;2.7.2;2.7.6;2.7.3;3.6.4;3.1.7;4.6.1;2.7.9;3.6.5;3.2.1;2.7.12;2.7.13;2.6.-;2.7.-;4.1.1;2.7.10;1.3.7;1.18.6;4.2.3;3.1.5;2.7.99;2.4.1;5.1.3;1.19.6;3.-.-,2.7.1|4.2.3;2.7.1|2.5.1;2.7.1;2.7.1;2.7.1;2.7.1;2.7.1;2.7.1;2.7.1;2.7.1;2.7.1;2.7.1;2.7.1;2.7.1;2.7.1;2.7.1;2.7.1;2.7.1;2.7.1;2.7.1;2.7.1;2.7.1;2.7.1;2.7.1;2.7.1;2.7.1;2.7.1;2.7.1;2.7.1;2.7.1;2.7.1;2.7.1;2.7.1;2.7.1;2.7.1;2.7.1;2.7.1;3.1.3;2.7.1;2.7.1;2.7.1;3.1.3;3.1.3;2.7.1;2.7.1;2.7.1;2.7.1;2.7.1;3.1.3;2.7.8;3.1.5
150,1.13.11;1.14.99;4.1.2;4.2.1;1.13.-;2.8.1;4.2.99;1.8.1;1.8.99;1.8.7;3.7.1;1.3.-,1.14.-;1.14.-;1.14.15;1.14.-;1.14.-;1.14.14;1.13.11;4.2.1;1.14.14;2.3.1;1.13.11;1.14.13;1.14.-;4.2.1;4.2.1;1.13.11;1.14.14;1.14.13;1.14.14;2.3.1;1.13.11;1.13.11;1.13.11;1.13.11;1.13.11;1.14.-;4.2.1;1.13.11;1.14.13;1.14.14;4.2.1;2.3.1;1.14.14;4.2.1;1.14.14;1.14.14;4.2.1;1.13.11;2.3.1;3.3.2;4.2.1;4.2.1;4.2.1;5.3.3;4.2.1;5.1.1
151,1.2.1|1.13.11|1.3.1;1.2.3|1.14.99|1.3.99;1.2.99|4.1.2|1.5.1;1.2.-|4.2.1|1.3.8;1.1.1|3.5.3|5.3.3;1.2.7|1.7.3|1.3.3;1.14.13|3.5.2|1.14.11;1.1.3|1.14.12|2.3.1;1.5.1|1.13.-|1.1.1;1.14.99|2.3.3|1.3.5;1.17.1|1.4.3|5.2.1;1.14.11|1.13.12|5.3.2;1.5.99|1.3.-|5.3.1;1.2.2|1.14.13|1.3.7;1.1.-|1.8.1|1.4.3;1.14.14|1.8.99|1.5.99;1.8.7|1.14.21;5.1.3;1.5.3;1.10.3;1.6.5;1.3.-;2.5.1;1.1.3;1.6.99;1.5.-;4.1.1;1.4.1;1.11.1;1.1.-;5.3.99;1.17.99;1.12.98;1.10.9;1.6.1;1.3.2;1.6.3;1.14.99;1.14.13;1.14.14;5.1.1;3.1.3;1.14.12;1.14.-;5.5.1;1.7.1;1.8.5;1.3.98,1.2.1|4.1.2|3.5.4|1.-.-;2.2.1|1.-.-;2.2.1;4.1.2;4.1.2;2.2.1
152,2.7.1;3.1.3;2.7.8;3.1.4;2.7.11;3.6.1;2.7.7;3.1.7;2.7.6;2.7.4;4.6.1;3.2.1;3.6.3;2.6.-;2.7.-;2.7.2;2.7.3;2.7.9;2.4.1;5.1.3;4.2.3;3.1.5;2.7.99;2.7.13;3.6.4;3.6.5;2.7.12,2.7.1|3.5.-|4.1.2;2.7.1|4.1.2;2.7.1|4.1.2;2.7.1|2.2.1;2.7.1|3.1.3|4.2.3;2.7.1|4.1.2;2.7.1|4.1.2;2.7.1|2.2.1;2.7.1|3.5.-;2.7.1|2.7.7|3.1.3;2.7.1|2.2.1;2.7.1|4.1.2|2.2.1;2.7.1|4.1.2;2.7.1|4.1.2;3.1.3|2.2.1|4.1.1;2.7.1|4.2.3|5.3.1;4.2.3|5.3.1|4.3.3;2.7.1|5.3.1|4.2.3;2.7.1|5.3.1|4.2.3;2.7.1|5.3.1;3.1.3|5.3.1;2.7.1|5.3.1;3.1.3;2.7.1;2.7.1;2.7.1;2.7.1;3.1.3;2.7.1;2.7.1;3.1.3;2.7.1;2.7.1;3.1.3;2.7.1;2.7.1;3.1.3;2.7.1;2.7.1;2.7.1;3.1.3;2.7.1;2.7.1;2.7.1;2.7.1;3.1.4;3.1.3;3.1.3;3.1.3;2.7.1;3.1.3;2.7.1;2.7.1;3.1.4;2.7.8;2.7.2;2.7.8;3.1.3;3.1.4;2.7.8;3.1.4;2.7.8;2.7.1;2.7.1;2.7.8;2.7.1;2.7.8;2.7.8;2.7.-;2.7.8;2.7.1;2.7.1;2.7.1;2.7.1;2.7.6;2.7.1;2.7.1;2.7.1;2.7.1;3.1.4;2.7.8;3.1.3
153,1.1.3|1.3.1;1.1.1|1.3.99;1.1.99|1.5.1;1.14.13|1.3.8;1.3.3|5.3.3;1.3.2|1.3.3;1.10.3|1.14.11;2.3.1;1.1.1;1.3.5;5.2.1;5.3.2;5.3.1;1.3.7;1.4.3;1.5.99;1.14.21;5.1.3;1.5.3;1.10.3;1.6.5;1.3.-;2.5.1;1.1.3;1.5.-;1.6.99;4.1.1;1.4.1;1.11.1;1.1.-;5.3.99;1.17.99;1.12.98;1.10.9;1.6.3;1.6.1;1.3.2;1.14.99;1.14.13;1.14.14;5.1.1;3.1.3;1.14.12;1.14.-;5.5.1;1.7.1;1.8.5;1.3.98,1.1.3|5.3.1|5.1.3|1.-.-;1.1.3|5.3.1|1.1.1|1.-.-;1.1.3|5.3.1|1.1.1;1.14.15|5.3.1;5.3.1|5.3.99;5.3.1|5.1.3;5.3.1|1.1.1;5.3.1|4.2.1;5.3.1;5.3.1;4.2.3|5.3.1;5.1.3|5.3.1;5.3.99|5.3.1;1.1.1|5.3.1;1.1.1|5.3.1;4.2.1|5.3.1;5.1.3|5.3.1;1.1.1|1.3.2;1.1.1|1.1.3;1.1.3|4.2.3;1.3.2|1.1.1;5.5.1|4.2.1;4.2.1|1.14.13;5.3.3;4.2.3|1.1.3;4.2.3|5.3.99;4.1.99|1.14.13;1.21.-|4.1.1;1.1.3|1.13.99;5.3.99;4.2.3|5.5.1;2.1.1;1.14.13;5.4.99;5.3.1;1.13.99;1.14.13;4.1.1;1.10.3;1.1.1
154,2.1.1;1.14.14;3.1.1;2.3.1;1.5.3;1.14.11;1.5.8;2.-.-;1.16.1;1.14.99;1.14.13;1.2.7;1.5.99;3.7.1,2.-.-|2.1.1;4.4.1|4.2.1
155,2.7.1|5.4.2;3.1.3;2.7.8;3.1.4;2.7.11;3.6.1;2.7.7;3.1.7;2.7.6;2.7.4;4.6.1;3.2.1;3.6.3;2.6.-;2.7.-;2.7.2;2.7.3;2.7.9;2.4.1;5.1.3;4.2.3;3.1.5;2.7.99;2.7.13;3.6.4;3.6.5;2.7.12,2.7.1|4.2.3|2.7.7|5.4.2;2.7.1|4.3.3|2.7.4|4.2.3|2.7.7|3.1.4;2.7.1|4.2.3|2.7.4|2.7.7|5.4.2;3.1.3|4.2.3|2.7.4|2.7.7|4.6.1;2.7.1|4.2.3|2.7.4|2.7.7|4.7.1;2.7.1|4.2.3|2.7.4|2.7.7|5.4.2;2.7.1|4.2.3|2.7.4|4.3.3|2.7.8|5.4.2;3.1.3|4.2.3|2.7.1|2.7.8|5.4.2;2.7.1|4.2.3|1.14.11|2.7.8|3.1.4;2.7.1|4.2.3|2.7.7|5.4.2;2.7.1|4.2.3|2.7.8|5.4.2;2.7.1|4.2.3|2.7.4|2.7.7|5.4.2;2.7.1|2.7.4|4.2.3|2.7.7|5.4.2;2.7.1|2.7.4|4.2.1|2.7.7|3.1.4;3.1.3|3.6.1|1.14.11|2.7.7|5.4.2;2.7.1|2.7.4|4.2.3|2.7.7|3.1.4;4.2.3|2.7.1|2.7.7|3.1.4;2.7.1|4.2.1|2.7.7|4.6.1;2.7.1|2.7.4|4.2.1|2.7.7|2.7.8;2.7.1|2.7.4|4.1.99|2.7.7|3.1.4;2.7.1|2.5.1|2.7.7|3.1.4;2.7.1|2.5.1|1.14.11|2.7.7|2.7.8;2.7.1|4.2.1|2.7.7|3.1.4;2.7.1|3.6.1|1.14.14|2.7.7|2.7.8;2.7.1|1.14.14|2.7.8;2.7.1|2.7.4|2.7.7|2.7.8;3.1.4|2.7.4|4.6.1|2.7.8;2.7.1|2.7.7|2.7.8;2.7.1|1.18.6|4.6.1|2.7.8;3.1.3|2.7.1|2.7.7|2.7.8;3.1.3|3.6.1|2.7.8;3.1.4|3.6.1|2.7.8;3.1.3|2.7.7|2.7.8;3.1.3|2.7.8|2.7.7;3.1.4|2.7.8|2.7.7;2.7.1|2.7.7;2.7.1|2.7.7;2.7.1|3.6.1|2.7.7;2.7.1|3.6.1|2.7.7;2.7.1|3.6.1|2.7.7;2.7.1|3.6.1|2.7.8;2.7.1|4.6.1|2.7.7;2.7.8|3.6.1|2.7.7;2.7.1|3.6.1|2.7.8;3.1.3|3.6.1|2.7.7;3.1.4|3.-.-|2.7.8;3.1.3|2.5.1|2.7.7;2.7.1|3.6.1|2.7.7;2.7.2|3.1.4|2.7.8;2.7.8|2.6.99;2.7.1|3.6.1|2.7.7;3.1.4|3.6.1|2.7.7;3.1.3|2.7.6|2.7.7;2.7.1|2.7.7;2.7.1|3.6.1|2.7.7;3.1.3|2.7.7|4.6.1;3.1.3|2.7.8|2.7.7;3.1.3|3.6.1|2.7.7;2.7.1|2.5.1|2.7.7;2.7.8|2.7.7;2.7.8|2.7.7;2.7.1|2.7.7;2.7.8|2.7.7;2.7.8|3.1.4;2.7.8|2.7.7;2.7.-|2.7.7;2.7.1|2.7.8;2.7.8|5.4.2;2.7.1|5.4.2;2.7.1|5.4.2;2.7.8;3.1.4|2.7.8;2.7.6;2.7.1
156,2.3.1|3.5.1;3.1.1|2.3.1;6.2.1|6.3.2;3.1.2|6.3.1;3.5.1|6.3.4;1.2.1|2.3.2;2.3.2|6.3.5;6.1.1|2.1.2;2.3.3|3.4.13;1.2.7|2.1.3;6.3.1|3.4.11;3.7.1|3.5.4;2.1.3|3.4.19;6.3.4|1.4.1;6.3.2|4.3.3;3.4.11|6.2.1;3.2.1|1.4.7;1.2.4|1.2.99;1.8.1|3.5.5;1.1.1|3.1.1;4.1.3|4.3.2;2.3.-|3.5.3;2.5.1|4.2.1;2.8.3|4.3.1;4.4.1|2.6.1;2.1.1|2.4.2;1.-.-|4.1.3;3.4.13;3.5.3;6.1.2;1.2.3;2.6.1;4.3.2;2.7.7,2.3.1|3.5.1;2.1.1|3.5.1;2.-.-|3.5.1;3.5.1;2.3.1;3.5.1;3.5.1;1.2.5;3.5.1;3.4.13;2.8.3;3.4.13;6.3.5;3.5.1;6.3.2;3.4.11;3.5.1;3.5.1;3.5.1;1.4.1;3.5.1;3.4.11;2.3.2;3.7.1;3.5.1;6.3.1;6.3.2;6.3.2;3.5.1;6.2.1;6.2.1;3.5.1;3.5.1;3.5.1;3.5.1;6.3.2;3.4.13;2.3.2;6.3.2;2.3.2;2.3.2;3.1.2;2.8.3;3.5.1;3.5.1;3.5.1;1.13.11;6.3.2;3.5.1;6.3.2;2.8.3;6.2.1;3.5.1;3.5.1;6.3.2;6.3.2;3.5.1;6.2.1;3.5.1;3.7.1;6.3.1;3.1.2;3.1.2;2.8.3;6.3.4;1.14.11;2.8.3;6.3.2;6.2.1;6.3.2;3.7.1;6.3.1;3.5.1;3.5.1;6.2.1;3.7.1;3.4.15;3.1.2;3.5.1;6.3.2
157,1.3.1;1.3.99;1.5.1;1.3.8;5.3.3;1.3.3;1.14.11;2.3.1;1.1.1;1.3.5;5.2.1;5.3.2;5.3.1;1.3.7;1.4.3;1.5.99;1.14.21;5.1.3;1.5.3;1.10.3;1.6.5;1.3.-;2.5.1;1.1.3;1.5.-|1.6.99;1.6.99|1.5.-;4.1.1;1.4.1;1.11.1;1.1.-;5.3.99;1.17.99;1.12.98;1.6.3;1.3.2|1.6.1;1.10.9|1.3.2;1.6.1|1.10.9;1.14.99;1.14.13;1.14.14;5.1.1;3.1.3;1.14.12;1.14.-;5.5.1;1.7.1;1.8.5;1.3.98,1.5.1|4.2.3|1.-.-;1.5.1|4.2.3|1.-.-;1.5.1|4.2.3;1.12.98|4.2.3;2.1.1|4.2.3;4.1.2|4.2.3;4.2.3;4.2.3;4.2.3;4.2.3;4.2.3;4.2.3;4.2.3;4.2.3;4.2.3;4.2.3;4.2.3;4.2.3|3.1.7;4.1.99;4.2.3;4.2.3;4.2.3;4.2.3;4.2.3;4.2.3;4.2.3;4.2.3;4.2.3;4.2.3;4.2.3;4.2.3;4.2.3|4.1.99;4.2.3|1.14.12;1.3.1|1.14.12;2.5.1|4.3.3;4.2.3|1.14.12;4.3.3|1.14.12;4.2.3|1.14.12;2.5.1|1.14.12;2.5.1|4.2.3;4.2.3;4.2.3;4.2.3|1.14.12;4.2.3|1.14.12;4.2.3|1.14.12;4.2.3;4.2.3;4.2.3;4.2.3;4.1.99|4.2.3;4.2.3|1.14.12;4.2.3|4.2.1;4.2.3|1.14.12;4.2.3|1.14.12;4.2.3|1.14.12;4.2.3|1.14.12;4.2.3|1.14.12;4.2.3|1.14.12;4.2.3|4.2.1;3.1.7|4.2.1;1.14.-|1.14.12;1.14.12;1.14.12;1.14.12;4.2.1;4.2.1;4.2.3;4.2.3;4.1.3;1.14.12;4.2.3;1.14.12;1.14.12;4.2.3;1.14.12;4.2.1;4.2.1;1.14.12;4.2.1;4.2.3
158,2.3.1;6.2.1;3.1.1;3.1.2;1.2.1;6.1.1;2.3.2;2.3.3;1.2.7;3.5.1;3.7.1;3.2.1;2.1.3;1.2.4;1.8.1;1.1.1;1.-.-;4.1.3;2.3.-;2.5.1;2.8.3;4.4.1;2.1.1;6.1.2;1.2.3;2.6.1;3.5.3;6.3.2;6.3.1;6.3.4,6.3.3|6.1.1|1.14.14;6.1.1|1.14.14;6.1.1|1.14.14;6.1.1|1.14.13;6.1.1|1.14.12;6.1.1|1.14.12;2.3.2|1.14.12|6.1.1;6.1.1|1.14.12;6.1.1|1.14.12;6.1.1|1.14.12;6.1.1|1.14.12|2.3.2;6.1.1|1.14.12;6.1.1|1.14.14;6.1.1|1.14.14;6.1.1|1.14.12;6.1.1|4.2.1;6.1.1|1.14.14;6.1.1|1.14.14|1.2.1;6.1.1|1.14.12;6.1.1|4.2.1;6.1.1|4.2.1|2.3.2;6.1.1|4.2.1;1.2.1|1.14.12|6.1.1;2.3.2|4.2.1|6.1.1;6.1.1|4.1.3|2.3.1;2.3.1|1.14.12|6.1.1;1.-.-|1.14.12|6.1.1;6.1.1|1.14.12|2.3.1;2.3.1|1.14.12|2.1.3;2.1.3|1.14.12|2.3.1;2.3.1|1.14.12|3.2.1;2.3.1|1.14.12;3.2.1|1.14.12|2.3.1;2.3.1|1.14.12;2.3.1|4.2.1;2.3.1|4.2.1;4.1.99|2.3.1;1.14.13|1.-.-;2.5.1|2.3.1;1.14.13;1.14.14;4.3.3;1.14.12;1.14.12;1.14.12;1.14.12;1.14.12;4.2.1;1.14.13;1.3.1;1.3.1;1.14.14;1.14.14;5.3.3;1.14.12;1.13.11;1.14.13;4.1.1;4.2.3;4.2.3;4.1.1;1.-.-;4.2.3;4.2.3;4.2.3;4.2.3;1.14.-;4.2.3;4.2.3;4.2.3;4.2.3;4.2.3;4.2.3;4.2.1
159,1.1.1|1.3.1;1.1.99|1.3.99;1.1.3|1.5.1;2.3.1|1.3.8;1.14.13|5.3.3;1.1.5|1.3.3;1.1.-|1.14.11;1.1.2|2.3.1;5.3.3|1.1.1;1.14.11|1.3.5;1.14.-|5.2.1;1.1.98|5.3.2;1.4.3|5.3.1;1.-.-|1.3.7;1.6.5|1.4.3;1.6.99|1.5.99;1.2.1|1.14.21;4.2.1|5.1.3;1.14.15|1.5.3;1.1.9|1.10.3;1.3.1|1.6.5;5.1.3|1.3.-;1.14.12|2.5.1;1.6.1|1.1.3;1.6.3|1.6.99;6.4.1|1.5.-;5.4.99|4.1.1;1.11.1|1.4.1;4.1.1|1.11.1;1.1.-;5.3.99;1.17.99;1.12.98;1.6.1;1.3.2;1.6.3;1.10.9;1.14.99;1.14.13;1.14.14;5.1.1;3.1.3;1.14.12;1.14.-;5.5.1;1.7.1;1.8.5;1.3.98,1.1.1|5.5.1|1.-.-;1.1.1|2.2.1|1.-.-;1.1.1|2.2.1;1.1.1|1.14.13;1.1.1|4.2.3;1.1.1;1.1.1;1.1.1;1.1.1;1.1.1;1.1.1;1.1.1;1.1.1;1.1.1;1.1.1;1.1.1;1.1.1
16,,4.2.3;4.2.3;4.2.3;1.14.-|4.2.3;1.14.-|4.2.3;4.2.3;4.2.3|4.1.99;4.2.3;4.2.3;4.1.99|4.2.3;4.2.3;4.2.3;4.2.3;4.2.3;4.2.3;4.2.3;4.2.3;4.2.3;4.2.3;4.2.3;4.2.3;4.2.3;4.2.3;4.2.3;4.2.3;4.2.3;4.2.3;4.2.1|4.2.3;1.14.13|4.2.3;4.2.1|4.2.3;4.1.99|4.2.3;4.2.1|1.14.-;4.1.1|1.14.-;4.1.1|4.3.3;1.14.12|4.1.99;1.14.12;4.3.3|1.14.12;1.14.12;1.-.-;1.14.12;1.14.14;1.14.14;1.14.14;1.14.14;1.14.14|4.2.1;1.14.14|4.2.1;1.14.14|4.2.1;1.14.14;1.14.14;1.14.14;1.14.12|1.14.14;1.14.12|1.14.13;1.14.12|1.14.14;1.14.12|1.14.14;1.14.12;1.14.12;1.14.12;1.14.12;1.14.12;1.14.12|1.13.11;1.14.12|4.1.1;1.13.11|4.1.1;1.14.12;1.14.12;1.14.12;1.14.12;1.14.12;1.14.12;1.14.12;1.14.12;1.14.12;1.14.12;4.2.1|1.14.12;4.2.1|1.14.12;1.14.12;4.2.1|1.14.12;4.2.1|1.14.12;1.14.12|4.2.1;4.1.3|4.2.1;4.2.1|1.14.12;1.14.13|1.14.12;1.14.12;4.1.3
160,6.3.2|2.3.1;3.5.1|6.2.1;2.3.1|3.1.1;2.3.2|3.1.2;3.4.13|1.2.1;6.3.1|6.1.1;6.3.4|2.3.3;3.4.11|2.3.2;3.4.19|3.5.1;3.4.17|1.2.7;2.1.3|3.7.1;3.1.1|3.2.1;6.2.1|1.2.4;3.4.15|1.8.1;3.5.3|2.1.3;2.3.-|1.1.1;3.4.24|4.1.3;3.4.22|2.3.-;4.3.2|2.8.3;2.7.7|2.5.1;6.1.1|4.4.1;3.1.2|2.1.1;1.2.1|1.-.-;1.2.3;2.6.1;6.1.2;3.5.3;6.3.1;6.3.4;2.1.2;2.2.1;6.3.2;3.4.11,2.3.1|4.2.3|1.1.1;2.1.1|4.2.3|2.3.1;2.3.1|4.2.3;3.5.1|4.2.3|1.2.1;2.3.1|4.2.3|1.2.1;2.3.1|4.2.3|1.2.1;2.3.1|4.2.3|3.1.2;3.5.1|4.2.3|6.2.1;3.5.1|4.2.3|6.2.1;6.3.4|4.2.3|2.3.1;2.3.1|4.2.3;6.3.2|4.2.3|1.2.7;6.3.1|4.2.3|2.3.1;3.5.1|4.2.3|1.2.7;2.3.2|4.2.3|3.1.2;3.5.1|4.2.3|1.2.1;2.3.2|4.2.3|1.2.7;2.3.2|4.2.3|1.2.1;2.3.2|4.1.99|2.3.1;3.5.1|4.2.3|1.2.4;6.3.1|4.2.3|1.2.1;2.1.3|4.2.3|6.2.1;2.1.3|4.2.3|6.2.1;6.3.1|4.2.3|2.3.1;3.5.1|4.2.3|2.3.1;6.3.1|4.2.3|2.3.1;2.3.1|4.2.3;2.3.1|4.2.3|6.2.1;6.3.2|4.2.3|2.3.1;2.3.1|4.2.3;2.1.3|4.2.3;1.5.3|4.2.3;1.5.3|1.3.1;2.3.1|4.3.3|2.5.1;6.2.1|2.5.1|4.3.3;2.5.1|4.2.3;3.5.1|2.5.1;3.5.1|2.5.1;2.1.1|4.2.3;6.3.2|4.2.3;3.5.1|4.2.3;4.2.3;4.2.3;2.3.1;4.2.3;4.2.3;4.2.3;4.2.3;4.2.3;3.1.7
161,5.2.1,5.2.1
162,1.97.1|1.5.1;1.11.1|1.5.99;1.22.1|1.4.3;2.5.1|1.5.-;1.14.14|1.12.98;1.3.1|1.4.1;1.5.7;1.5.3;2.5.1,1.14.14|5.3.3|4.2.3|1.1.5;2.5.1|1.14.14|4.2.3|1.1.99;2.5.1|1.14.14|4.2.3|1.5.1;2.5.1|1.14.14|4.2.3|1.12.98;1.14.13|4.2.3|1.12.2;1.14.13|4.2.1|4.2.3;1.14.13|4.2.1|4.2.3;2.5.1|1.14.12|4.2.3;1.11.1|1.14.12|4.2.3;1.11.1|1.14.12|4.2.3;3.8.1|1.14.12|4.2.3;3.8.1|4.2.1|4.2.3;1.14.13|1.14.12|4.2.3;1.14.12|4.2.3;1.14.12|4.2.3;1.14.12|4.2.3;1.14.12|4.2.3;1.14.12|4.2.3;1.14.12|4.1.99;1.14.12|4.2.3;1.14.12|4.2.3;1.14.12|4.2.3;1.14.12|4.2.3;1.14.12|4.2.3;1.14.12|4.2.3;1.14.12|4.2.3;1.14.12|4.2.3;1.14.12|4.2.3;4.2.1|4.2.3;4.2.1|4.2.3;1.14.12|4.2.3;1.14.-|4.2.3;4.2.1|4.2.3;4.2.1|4.2.3;1.-.-|4.2.3;1.14.-|4.2.3;4.1.3|1.10.99;4.2.1|4.2.3;1.14.13|4.2.3;1.3.1|4.2.3;1.3.1|4.2.3;2.1.1|4.2.3;1.3.1|4.2.3;1.14.21|1.3.1;1.3.-|4.2.3;1.14.14|2.5.1;1.14.14|4.2.3;2.1.1|4.2.3;4.2.1|1.14.13;1.14.13;4.2.3;4.2.3;4.2.3;2.5.1;2.5.1;4.2.3
163,1.10.3|1.3.1;1.6.5|1.3.99;1.10.2|1.5.1;1.14.18|1.3.8;1.1.3|5.3.3;1.12.5|1.3.3;1.14.11;2.3.1;1.1.1;1.3.5;5.2.1;5.3.2;5.3.1;1.3.7;1.4.3;1.5.99;1.14.21;5.1.3;1.5.3;1.10.3;1.6.5;1.3.-;2.5.1;1.1.3;1.6.99;1.5.-;4.1.1;1.4.1;1.11.1;1.1.-;5.3.99;1.17.99;1.12.98;1.10.9;1.6.1;1.6.3;1.3.2;1.14.99;1.14.13;1.14.14;5.1.1;3.1.3;1.14.12;1.14.-;5.5.1;1.7.1;1.8.5;1.3.98,1.10.9|4.2.3|1.14.14|1.-.-;1.8.5|4.1.2|4.2.3|1.-.-;1.1.5|4.2.3;1.10.3|4.2.3;1.10.9|4.2.3|1.14.14;1.14.13|4.2.3|1.14.14;1.14.18|4.2.3;1.3.1|4.2.3;2.1.1|4.2.3;1.14.13|4.2.3;1.14.18|4.2.3;1.3.1|4.2.3;4.2.1|4.2.3;4.2.1|4.2.3;1.3.1|4.2.3|1.14.13;1.14.18|4.2.3|4.1.99;1.3.1|4.2.3;1.3.1|4.2.3;5.3.3|4.2.3;1.14.13|4.2.3;1.14.13|4.2.3;4.2.3;4.2.3;4.2.3;4.2.3;4.2.3|1.3.1;4.2.2|1.3.1;4.2.3|1.3.1;4.2.3|1.3.1;4.2.3|1.3.1;4.2.3|4.2.1;1.14.13|1.3.1;1.14.13|1.3.1;4.2.3|1.3.1;1.14.14|1.3.1;1.14.14|1.3.1;1.14.14|1.3.1;1.10.3|4.2.3;5.3.3|4.2.3;4.2.1|1.14.14;2.1.3|1.14.14;4.2.3;5.3.1|4.2.3;5.3.1|4.3.3;5.3.1|1.14.14;1.14.20|1.14.14;4.2.3;4.2.3;4.2.3;4.2.3;4.2.3;4.2.99;4.1.3;4.2.3;1.3.-
164,2.7.1;3.1.3;3.6.1;2.7.8;2.7.4;2.7.7;3.6.3;2.7.11;3.1.4;2.7.2;2.7.6;2.7.3;3.6.4;3.1.7;4.6.1;2.7.9;3.6.5;3.2.1;2.7.12;2.7.13;2.6.-;2.7.-;4.1.1;2.7.10;1.3.7;1.18.6;4.2.3;3.1.5;2.7.99;2.4.1;5.1.3;1.19.6;3.-.-,4.2.3|2.7.1|3.1.1;2.7.1|4.1.2;2.7.1|1.1.3;2.7.1|1.1.3|3.1.1;2.7.1|3.1.1;2.7.1|3.1.1;2.7.1|3.1.1;2.7.1|3.1.1|1.2.1;2.7.1|3.1.1;2.7.1|1.2.1;2.7.1;3.1.3;2.7.1;2.7.1;2.7.1;2.7.1;2.7.1;3.1.3;2.7.1;2.7.1;2.7.1;2.7.1;2.7.1;2.7.1;3.1.3;3.1.3;2.7.1;3.1.3;2.7.1;2.7.1;3.1.3;2.7.1;3.1.3;2.7.1;3.1.4;2.7.1;2.7.1;2.7.1;2.7.1;2.7.1;3.1.3;2.7.8
165,2.1.1|2.5.1|3.3.1|4.2.3;1.14.14|1.5.3|3.13.1|4.2.3|3.1.7;3.1.1|4.4.1|4.2.1|4.1.99;2.3.1|4.2.1|1.1.1;1.14.11|1.5.99|1.5.3|4.4.1;1.5.3|2.3.1|1.14.11|1.17.1;2.-.-|1.14.15|1.5.8|2.3.1;1.5.8|1.5.1|2.-.-|5.4.99;1.14.13|3.1.1|1.16.1;1.16.1|3.3.1|1.14.99|1.3.99;1.14.99|2.1.2|1.14.13|4.3.1;1.2.7|4.1.99|1.3.3;1.5.99|4.1.3;3.7.1|3.3.2|5.-.-;3.5.99|3.3.2;1.4.3|2.8.1;4.3.3|1.3.1;3.5.-|2.1.2;1.8.3|2.1.4;1.3.1|3.8.1;3.7.1|1.14.14;1.1.1;1.8.1;4.5.1,1.7.1|4.1.99|1.1.99|3.3.1|2.-.-|2.1.1|1.14.18;2.1.1|1.11.1|2.5.1|4.2.3;1.1.1|4.2.3|2.3.1|2.1.1|1.14.13;1.13.12|4.2.3|4.1.99|1.14.13;1.13.12|4.2.3|4.1.2;1.13.12|4.2.3|2.5.1;1.17.1|4.2.3|2.1.1;2.1.1|4.2.3;1.13.12|4.2.3|2.1.1;1.17.1|4.2.3|2.1.1;2.1.1|4.2.3;1.17.3|4.2.3|2.1.1;1.17.3|4.2.3|4.1.99;4.1.99|4.2.3;1.17.3|4.2.3;1.14.14|4.2.3;4.1.2|4.2.3;2.1.1|4.2.3;2.5.1|4.2.3;2.1.1|4.3.3;2.1.1|4.2.3;2.1.1|4.2.3;2.1.1|4.1.2;2.1.1|4.1.2;2.1.1|4.1.2;4.1.1|4.2.3;2.2.1;2.2.1;4.2.3;4.2.3;4.2.3;4.2.3;4.2.3;4.2.3
166,2.1.1;1.14.14;3.1.1;2.3.1;1.5.3;1.14.11;1.5.8;2.-.-;1.16.1;1.14.99;1.14.13;1.2.7;1.5.99;3.7.1,2.1.1|2.5.1|2.-.-;2.1.1|2.5.1;2.1.1|4.4.1|2.3.1;2.1.1|2.3.1;2.1.1;2.1.1;2.1.1;2.1.1;2.1.1;2.1.1;2.5.1
167,1.1.1|1.3.1;1.1.99|1.3.99;1.1.3|1.5.1;2.3.1|1.3.8;1.14.13|5.3.3;1.1.5|1.3.3;1.1.-|1.14.11;1.1.2|2.3.1;5.3.3|1.1.1;1.14.11|1.3.5;1.14.-|5.2.1;1.1.98|5.3.2;1.4.3|5.3.1;1.-.-|1.3.7;1.6.5|1.4.3;1.6.99|1.5.99;1.2.1|1.14.21;5.1.3;4.2.1|1.5.3;1.14.15|1.10.3;1.1.9|1.6.5;1.3.1|1.3.-;1.6.1|2.5.1;1.6.3|1.1.3;1.14.12|1.5.-;6.4.1|1.6.99;5.4.99|4.1.1;1.11.1|1.4.1;4.1.1|1.11.1;1.1.-;5.3.99;1.17.99;1.12.98;1.6.1;1.10.9;1.3.2;1.6.3;1.14.99;1.14.13;1.14.14;5.1.1;3.1.3;1.14.12;1.14.-;5.5.1;1.7.1;1.8.5;1.3.98,1.14.18|4.2.2|1.14.14|1.-.-;1.14.18|4.2.3|1.-.-;5.3.3|1.-.-|4.2.1;4.2.3|1.14.14;4.2.3|1.14.14;4.2.3|4.1.99;4.2.3|1.14.13;4.2.3|1.3.1;4.2.3;4.2.3|4.2.1;4.2.3|1.3.1;4.2.3|1.3.1;4.2.3|1.14.-;4.2.3|1.3.1;4.2.3|1.3.1;4.2.3|1.3.1;4.2.3|1.3.1;4.2.3|1.3.1;4.2.3|4.2.1;4.2.3|1.14.12;4.2.2|1.14.12;4.2.3|1.14.12;4.2.3|1.14.12;4.2.3|1.14.12;4.2.3|1.14.12;4.2.3|1.3.1;4.2.3;4.2.3|1.3.1;4.2.3|1.3.1;4.2.3|1.14.13;5.3.1|1.14.12;5.3.1|1.3.1;4.2.3|4.2.1;5.3.1|1.14.12;4.2.3|1.14.12;2.6.1|1.14.12;5.3.1|1.14.12;5.3.1|1.14.12;5.3.1|1.3.1;4.2.3|1.3.1;4.2.3|1.3.1;5.3.1|1.14.12;5.3.1|1.3.1;5.3.1|1.14.12;5.3.1|1.14.12;5.3.1|1.14.12;1.3.2|1.3.1;1.1.3|1.3.1;5.4.4|1.14.12;4.2.1;1.14.13;1.14.12;1.3.1;4.2.1;4.2.1;1.3.1;4.2.3;4.1.3;1.14.12;1.14.18;4.2.1;1.14.12;4.2.99;4.1.3;1.14.13;1.14.12;5.3.3;1.3.-;1.10.9;1.3.1;1.14.13;4.2.1;1.8.5;1.1.5;1.10.3;1.3.5;4.1.3;4.3.3;1.14.13;1.14.-;2.1.1;1.3.1;1.14.-;1.3.1;1.3.1;1.3.1;1.14.18;1.3.1;1.10.9;1.-.-;1.14.14;1.14.14;1.14.18;1.14.14;1.14.14;1.14.21;1.14.12;1.14.12;1.14.12;1.14.12;1.14.12;1.3.1
168,,
169,1.97.1|1.5.1;2.5.1|1.5.99;1.11.1|1.4.3;1.22.1|1.5.-;1.3.1|1.12.98;1.14.14|1.4.1;1.5.7;1.5.3;2.5.1,1.14.14|2.5.1|1.11.1|1.1.5;1.11.1|1.14.13|1.1.99;1.11.1|1.14.21|1.5.1;2.5.1|1.13.11|1.12.98;2.5.1|1.12.2;1.14.13;1.14.13;1.14.13;2.5.1;3.8.1;3.8.1;2.5.1;1.14.13
17,5.1.3|2.4.1;1.1.1|3.2.1;3.2.2|2.4.2;2.4.1|3.1.4;2.6.1|6.1.1|4.2.2;5.1.99|4.2.2|5.1.3;2.1.1|5.1.3|6.5.1;3.8.1|6.5.1|2.4.99;2.4.2|3.1.1|6.1.1;2.6.99|2.4.99|4.2.1;4.2.1|3.1.3;3.1.3|3.6.1;3.6.1|2.7.8;2.7.8|3.1.1;4.3.3,1.10.99|2.4.1|4.1.99;1.10.99|2.4.1|5.3.3;1.14.14|2.4.1|5.1.3;1.14.13|2.4.1;1.14.13|2.4.1|3.2.1;1.14.13|2.4.1|1.10.99;4.2.3|2.4.1|1.1.1;4.2.3|2.4.1|3.2.1|5.1.3;4.2.3|2.4.1|3.2.1|1.1.1;4.2.3|2.4.1|5.3.1;4.2.3|2.4.1|1.1.1;4.2.3|2.4.2|2.4.1;4.2.3|2.4.1|1.14.14;1.14.13|2.4.2|3.2.1|4.2.3;4.2.3|2.4.1|5.3.99;4.2.3|2.4.1|4.2.1;4.2.3|2.4.1|3.2.1|5.3.99;4.2.3|2.4.1|3.2.1;4.2.3|2.4.1|1.14.13;4.2.3|2.4.2|2.4.1|5.3.1;1.14.14|2.4.1|5.3.1;4.2.3|2.4.1|5.3.1;4.2.3|3.6.1|2.4.1|5.3.1;4.2.3|2.4.2|3.2.1|5.3.1;4.2.3|2.4.2|3.2.1|5.3.1;4.2.3|2.4.2|2.4.1|5.3.1;4.2.3|2.4.2|3.2.1|1.10.99;1.14.14|2.4.2|3.2.1|4.2.3;1.14.14|2.4.99|2.4.1|1.10.99;5.3.99|2.4.99|2.4.1|1.1.3;1.14.-|2.4.1|1.1.1;1.14.-|4.2.3|2.4.1|5.4.4;4.2.3|3.2.1|5.3.1;4.2.3|2.4.1|5.3.1;4.2.3|2.4.1;1.14.-|2.4.1|4.2.3;1.14.-|2.4.1|5.3.3;5.3.1|2.4.1|1.14.20;2.6.1|3.2.1|1.14.13;5.3.99|3.2.1|2.6.1;4.2.3|2.4.1|5.3.1;1.1.4|2.4.1|1.3.1;4.3.3|2.4.1|4.2.2;1.1.4|2.4.1|4.2.1;4.1.99|2.4.1|1.-.-;1.14.13|2.4.1|2.1.1;5.4.99|2.4.1|1.3.1;2.4.1|4.2.3;2.4.1|4.2.1;2.4.1|1.14.13;3.2.1|4.3.1;2.4.1|4.1.1;2.4.1|1.14.13;2.4.1|4.2.3;2.4.1|4.2.99;3.2.1|4.2.3;2.4.1|1.14.14;3.2.1|1.1.1;2.4.1|4.2.3;3.2.1|4.2.3;2.4.1|4.2.3;2.4.2|2.1.1;2.4.1|5.4.99;3.2.1|4.2.1;2.4.1|5.3.1;2.4.1|4.2.1;2.4.1|1.14.14;2.4.1|1.14.14;2.4.1|5.3.99;3.2.1|2.6.1;2.4.1|5.3.99;2.4.1|4.2.3;2.4.1|4.2.3;2.4.2|1.3.-;2.4.2|4.2.1;2.4.1|4.2.3;2.4.1|4.2.3;2.4.2|4.2.3;2.4.2|4.2.3;3.2.1|4.2.3;2.4.1|4.2.3;2.4.1|4.2.3;2.4.1|4.2.3;2.4.1|4.2.3;2.4.1|4.2.3;3.2.1|4.2.3;3.2.1|2.2.1;3.2.1|4.2.3;3.2.1|1.3.3;2.4.1|3.3.2;4.2.3;4.2.3;2.1.1;1.3.1;4.2.3;4.2.3;4.2.3;4.2.3;4.2.3;4.1.99;4.2.3;1.14.13;1.14.13;1.3.7;4.2.3;5.3.99;5.3.99;4.2.3;4.2.3;4.2.3;4.2.3;1.21.-;2.1.1;4.2.3;4.2.3;4.2.3;4.2.3;4.2.3;1.14.13;2.5.1;1.14.11;1.3.99;1.14.11;2.5.1;2.5.1;2.1.1;4.2.3;3.1.1;1.1.1
170,4.1.1|1.2.1;6.4.1|4.2.1;2.1.3|1.2.3;1.3.8|1.1.1;1.1.1|3.5.1;1.2.2;2.3.1;1.2.-;1.14.13;1.14.99;1.2.7;1.1.3;1.5.1;1.2.99;1.14.11,4.1.1;4.1.1;1.14.13;1.14.13;1.14.13;4.1.1;4.1.1;1.14.13;4.1.1;1.14.13;1.2.1;4.1.1;4.1.1;4.1.1;4.2.1;4.2.1;1.14.13;1.3.1;2.3.1;3.5.1;4.1.1;2.3.1;1.13.12;4.1.1;1.2.1;2.3.1;4.1.1;4.1.1;4.2.1;1.1.1;4.1.1;1.14.13;1.14.13;1.1.1;4.1.1;4.1.1;1.1.1;1.1.1;4.1.1;4.1.1;4.1.1;4.1.1;1.1.1;4.1.1;1.14.13;1.1.1
171,2.1.1;1.14.14;3.1.1;2.3.1;1.5.3;1.14.11;1.5.8;2.-.-;1.16.1;1.14.99;1.14.13;1.2.7;1.5.99;3.7.1,3.2.1|1.1.1|2.4.2|2.-.-;4.2.1|3.5.4|2.4.2;3.2.1|3.5.4|1.17.3;2.5.1|3.5.4|1.11.1;2.1.1|3.5.4|1.1.1;2.1.1|3.5.4|1.17.1;3.2.1|3.5.4;2.1.1|3.5.4|1.17.1;2.1.1|3.5.4|1.17.3;2.1.1|3.5.4;3.2.1|3.5.4|1.17.3;3.2.1|3.5.4|1.1.1;3.2.1|3.5.4|1.17.3;3.2.1|6.3.4|1.14.14;3.2.1|3.5.4;2.1.1|1.17.3|3.5.4;3.2.1|1.14.21|1.14.13;2.1.1|3.5.4|6.3.5;2.1.1|3.5.4;2.1.1|1.11.1|2.5.1;2.1.1|3.5.4|6.3.5;2.1.1|2.5.1|1.2.3;3.2.1|1.14.12|6.3.4;2.1.1|3.5.4;2.1.1|3.5.4;2.4.2|3.5.4;3.2.1|3.5.4;3.2.1|3.5.4;3.2.1;3.2.1;3.2.1;3.2.1;3.2.1;3.2.1;3.2.1;3.2.1
172,4.1.2;2.2.1|4.1.3;4.1.3|2.2.1;2.5.1|4.2.1;1.14.99|2.5.1;4.2.1|1.14.99;4.1.1;1.13.11;2.1.2;1.11.1;1.14.13,2.2.1|4.1.2;4.1.2;4.1.2|2.2.1;4.1.2;2.2.1|4.1.2;4.1.2;2.2.1
173,2.4.1|1.11.1;3.2.1|1.10.3;2.4.2|1.1.3;3.1.4|4.2.1;6.1.1|4.4.1;4.2.2|1.14.14;5.1.3|4.99.1;6.5.1|1.11.2;3.1.1|1.8.5;2.4.99|1.3.2;4.2.1|4.3.1;3.1.3|4.5.1;3.6.1|1.97.1;2.7.8;4.3.3,2.4.1|2.5.1|5.3.1;2.4.1|1.11.1|5.3.1;2.4.1|4.2.3|5.3.1;2.4.1|4.2.3|5.3.1;2.4.1|4.2.3|5.3.1;2.4.1|4.2.3|5.3.1|2.4.2;2.4.1|4.2.3|5.3.1;2.4.1|4.2.3|5.3.1;2.4.1|4.2.3|5.3.1;2.4.1|4.2.3|5.3.1;2.4.1|4.2.3;2.4.1|1.3.1|5.1.3;2.4.1|2.5.1|5.5.1;2.4.1|4.2.3|1.1.1;2.4.1|5.1.3|2.4.2;2.4.1|1.1.1;2.4.1|1.14.13;2.4.1|1.21.-;2.4.1|1.13.99;2.4.1;2.4.1|2.4.2;2.4.1;2.4.1|3.6.1;2.4.1|2.4.2;2.4.1|2.4.2;2.4.1|2.4.2;2.4.1|2.4.99;2.4.1|2.4.2;2.4.1|2.4.99;3.2.1|2.4.2;3.2.1|2.4.1;2.4.1|4.2.3;2.4.1|2.7.8;2.4.1;2.4.1;2.4.1;2.4.1;2.4.1;3.2.1;2.4.1;2.4.1;2.4.1;3.2.1;2.4.1;2.4.1;2.4.1;2.4.1;2.4.1;2.4.1;2.4.1;2.4.1;2.4.2;2.4.1;2.4.1;2.4.1;2.4.1;2.4.1;2.4.1;2.1.1;2.1.1;2.4.2;3.2.1;2.4.1;2.4.1;3.2.1;2.4.1;2.4.1;2.4.1;2.4.2;2.4.1;3.2.1;2.1.1;2.4.1;2.4.1;2.4.1;3.2.1;2.4.1;2.4.1;2.4.1;2.4.2;3.2.1;3.2.1;2.4.1
174,1.14.13|1.1.1;1.14.14|1.1.99;1.14.11|1.1.3;1.14.15|2.3.1;1.14.16|1.14.13;1.14.99|1.1.5;1.14.-|1.1.-;1.14.18|1.1.2;1.17.1|5.3.3;1.1.1|1.14.11;1.13.11|1.14.-;1.10.99|1.1.98;1.10.3|1.4.3;1.97.1|1.-.-;3.5.3|1.6.5;3.7.1|1.6.99;1.6.6|1.2.1;1.17.99|5.1.3;1.2.1|4.2.1;1.3.99|1.14.15;1.3.7|1.1.9;1.14.20|1.3.1;4.1.99|1.6.3;1.-.-|1.6.1;1.14.12;1.17.3|6.4.1;1.7.3|5.4.99;1.14.17|1.11.1;1.17.7|4.1.1,1.14.13|4.3.3|3.5.3;1.14.13|4.2.3|3.5.1;1.14.13|4.2.3|3.5.1;1.14.13|4.2.3;1.14.13|4.2.3;1.14.13|4.2.3|4.1.1;1.14.13|4.2.3|4.1.1;4.2.3|1.14.13;4.2.3|4.1.1;4.2.3|4.1.1;4.2.3|4.1.1;4.2.3|4.1.1;4.2.3|4.1.1;4.2.3|1.14.13;4.2.3|1.1.1;4.1.99|4.2.3;4.2.3;4.2.3;4.2.3;4.2.3|4.1.99;4.2.3;4.2.3;4.2.3;4.2.3;4.2.3;1.3.1|4.2.3;2.5.1|4.2.3;4.2.3;2.5.1|4.2.3;2.5.1|4.2.3;4.2.3;4.2.3;4.2.3;4.2.3|1.3.1;2.5.1;4.2.3;2.5.1;2.5.1;4.2.3;4.2.3;4.2.3;4.2.3
175,,
176,2.3.1;6.2.1;3.1.1;3.1.2;1.2.1;6.1.1;2.3.3;2.3.2;3.5.1;1.2.7;3.7.1;3.2.1;1.2.4;1.8.1;2.1.3;1.1.1;4.1.3;2.3.-;2.8.3;2.5.1;4.4.1;2.1.1;1.-.-;1.2.3;2.6.1;6.1.2;3.5.3;6.3.1;6.3.4;2.1.2;2.2.1;6.3.2;3.4.11,2.3.1
177,1.3.7|1.3.1;1.3.1|1.3.99;1.14.11|1.5.1;5.3.3|1.3.8;1.3.3|5.3.3;1.3.3;1.14.11;2.3.1;1.1.1;1.3.5;5.2.1;5.3.2;5.3.1;1.3.7;1.4.3;1.5.99;1.14.21;5.1.3;1.5.3;1.10.3;1.6.5;1.3.-;2.5.1;1.1.3;1.6.99;1.5.-;4.1.1;1.4.1;1.11.1;1.1.-;5.3.99;1.17.99;1.12.98;1.6.1;1.6.3;1.10.9;1.3.2;1.14.99;1.14.13;1.14.14;5.1.1;3.1.3;1.14.12;1.14.-;5.5.1;1.7.1;1.8.5;1.3.98,1.3.2|1.1.1|1.1.3|1.-.-;1.1.3|4.2.3|1.-.-;1.1.3|4.2.3;1.1.3|1.3.2;1.3.1|1.1.3;1.3.1|4.2.3|1.1.1;1.3.1|1.1.1|5.3.3;1.4.3|1.10.3;1.3.1|4.1.99|5.3.99;5.3.3|5.3.99|4.2.1;4.2.1|5.3.3|1.1.1;5.5.1|4.2.1|1.1.1;1.4.3|1.14.13|4.1.99;1.1.1|1.14.13|5.1.3;5.1.1|1.1.1|4.2.3;5.1.3|5.3.1|1.1.1;1.1.1|5.1.3;1.1.1|1.14.14|4.2.3;4.2.1|1.1.1|4.2.3;1.1.1|4.2.3|5.3.3;1.1.5|1.10.99|4.3.1;1.10.3|4.3.1|1.3.1;1.1.1|5.1.3|4.2.1;1.1.1|5.3.1|4.2.3;1.1.1|5.3.1|4.2.3;5.1.1|4.2.1|1.3.1;1.1.1|5.3.1|4.2.1;1.1.1|5.3.1;1.1.1|5.3.1|4.1.1;1.1.1|5.3.1|4.1.1;4.2.1|5.3.1;1.5.1|4.2.3|1.14.20;1.1.1|4.2.3|4.2.1;1.3.-|5.3.3|4.2.1;1.1.1|4.2.1;1.1.1|1.10.99|1.14.13;5.1.3|1.10.99|1.14.13;1.1.1|1.-.-|4.2.3;5.3.99|4.2.1|1.1.1;1.1.1|5.3.1|4.2.3;4.2.1|1.14.14;5.1.3|1.3.1|4.2.99;5.3.3|4.2.3|1.10.99;5.1.3|5.3.1|4.2.3;4.1.1|5.3.1|4.2.3;1.3.7|4.2.1;5.1.3|4.2.3|4.2.2;1.1.1|1.3.1|1.3.-;1.14.11|4.1.1|2.6.1;2.1.1|4.1.1|5.4.99;1.3.7|1.14.20|1.10.99;1.1.1|4.2.1;1.1.1|4.2.1|1.10.99;1.1.1|4.2.3|4.2.1;1.1.1|4.2.3|5.3.99;1.1.1|4.2.99|1.14.11;4.3.1|4.2.2|2.2.1;1.3.7|4.2.1|1.3.3;5.1.3|4.2.3|1.3.7;1.1.1|4.2.3|1.14.14;5.3.1|1.14.14|1.-.-;4.5.1|1.3.-|1.14.14;1.1.1|2.6.1|1.14.14;1.1.1|5.4.99|1.21.-;1.1.1|4.2.1|1.14.13;1.1.1|4.2.1|4.2.3;5.3.99|1.14.14|1.14.11;2.6.1|1.14.14|1.3.99;4.2.1|5.3.99|1.14.11;1.1.1|1.14.11;1.1.1|2.2.1|2.1.1;1.1.1|1.3.3;5.3.99|1.3.7;5.1.3|1.21.-;4.2.1|1.14.13;1.1.1|4.2.3;1.3.7|1.14.11;4.2.1|1.3.99;4.2.1|1.14.11;5.1.3|1.1.1;4.2.99|2.1.1;5.1.3;1.1.1;4.2.1;5.1.3;5.1.3;1.1.1;1.3.3;5.1.3;2.2.1;5.1.3;1.1.1;1.1.1;1.1.1;4.2.3;5.1.3;1.1.1;4.5.1;1.14.13;5.1.3
178,1.3.1;1.3.99;1.5.1;1.3.8;5.3.3;1.3.3;1.14.11;2.3.1;1.1.1;1.3.5;5.2.1;5.3.2;5.3.1;1.3.7;1.4.3;1.5.99;1.14.21;5.1.3;1.5.3;1.10.3;1.6.5;1.3.-;2.5.1;1.1.3;1.6.99;1.5.-;4.1.1;1.4.1;1.11.1;1.1.-;5.3.99;1.17.99;1.12.98;1.10.9|1.6.3;1.3.2;1.6.3|1.10.9;1.6.1;1.14.99;1.14.13;1.14.14;5.1.1;3.1.3;1.14.12;1.14.-;5.5.1;1.7.1;1.8.5;1.3.98,1.5.1|2.5.1|1.14.14|1.-.-;1.12.2|1.11.1|1.14.14|1.-.-;1.1.5|1.14.21|1.14.14;1.5.1|1.14.13|4.1.99;1.1.99|4.2.3;1.5.1|4.2.3;1.3.1|4.2.3;4.2.3;4.2.3;4.2.3;4.2.3;4.2.3;4.2.3;4.2.3;4.2.3;1.14.13;4.2.3;4.2.3;4.2.3;4.2.3;4.2.3;4.1.99;4.2.3;4.2.3;4.2.3;4.2.3;4.2.3;4.2.3;4.2.3;4.2.3;4.2.3;4.2.3;4.2.3;4.2.3;4.2.3;1.14.12;1.14.12;1.14.12;1.14.12;1.14.12;1.14.12;4.2.1;4.3.3;1.14.12;1.14.12;1.14.12;4.2.3;4.2.3;4.2.3;4.2.1;4.2.3;4.2.3;1.14.12;4.2.1;1.14.12;1.14.12;1.14.12;1.14.12;1.14.12;4.2.3;4.2.3;1.14.12;1.14.12;1.14.12;1.14.12;4.2.3;1.14.12;4.2.3;4.2.3;4.2.1;4.2.1;4.2.3;4.2.3;4.2.3;1.14.12;1.14.14;1.14.14;4.2.3;4.2.3;1.14.14;1.14.14;4.1.3;4.2.1;4.2.1;4.2.3;4.2.3;3.1.7;4.2.3;1.-.-;4.2.1;1.14.12;1.14.12;1.14.12;1.14.12;1.14.14;1.14.13;4.1.1;1.14.12;1.13.11;1.14.-;4.1.1;1.14.-;1.14.14;1.14.14;5.3.3;1.14.12
179,,
18,2.7.1;3.1.3;3.6.1;2.7.8;2.7.4;2.7.7;3.6.3;2.7.11;3.1.4;2.7.2;2.7.6;2.7.3;3.6.4;3.1.7;4.6.1;2.7.9;3.6.5;3.2.1;2.7.12;2.7.13;2.6.-;2.7.-;4.1.1;2.7.10;1.3.7;1.18.6;4.2.3;3.1.5;2.7.99;2.4.1;5.1.3;1.19.6;3.-.-,2.7.1|3.5.-|4.1.2;2.7.1|4.3.3|4.1.2;2.7.1|3.5.4|4.1.2;3.1.3|4.3.3|2.2.1;2.7.1|2.6.1|2.2.1;2.7.1|2.6.1|4.2.3;3.1.3|2.6.1|4.4.1;2.7.1|2.6.1|3.5.-;2.7.1|4.3.1;2.7.1|2.6.1;2.7.1|2.6.1;2.7.1|2.6.1;3.1.3|2.6.1;2.7.1|2.6.1;2.7.1|2.6.1;2.7.1|2.6.1;3.1.3|2.-.-;4.2.3;2.7.1;2.7.1;2.7.1;2.7.1;3.1.4;3.1.3;2.7.1;3.1.4;2.7.1;2.7.1;2.7.1;2.7.1;2.7.1;2.7.1;3.1.3;2.7.1;2.7.1;3.1.4;2.7.1;3.1.3;2.7.1;2.7.1;2.7.1;2.7.8;2.7.1;3.1.4;2.7.1;3.1.4;2.7.8;2.7.2;3.1.3;2.7.1;3.1.3;2.7.1;2.7.1;3.1.3;3.1.3;2.7.8;2.7.1;2.7.8;2.7.8;2.7.1;3.1.3;3.1.3;2.7.1;2.7.1;2.7.-;2.7.8;2.7.8;2.7.1;2.7.1;2.7.8;2.7.1;3.1.4;2.7.8;2.7.1
180,1.14.13;1.14.14;1.14.11;1.14.15;1.14.16;1.14.18;1.14.-;1.14.99;1.17.1;1.1.1;1.10.99;1.13.11;1.10.3;1.97.1;3.5.3;1.17.99;1.2.1;1.3.99;1.3.7;1.14.20;4.1.99;1.-.-;3.7.1;1.6.6;1.14.12;1.17.3;1.7.3;1.14.17;1.17.7,1.14.13;1.14.-;1.14.15;1.14.-;1.14.-;1.14.-;1.14.-;1.14.14;1.14.13;1.14.13;1.14.13;1.14.14;1.14.13;1.14.14;1.14.14
181,2.5.1|3.1.4|4.1.99;1.5.3|6.5.1|4.2.3;4.4.1|4.6.1;4.2.1;1.5.99;2.3.1;1.14.15;1.5.1;3.1.1;3.3.1;2.1.2;4.1.99;4.1.3;3.3.2;3.5.99;1.4.3;4.3.3;3.5.-;1.3.1;3.7.1;1.1.1;1.8.3,1.3.99|2.5.1;1.3.99|2.5.1;1.3.5|2.5.1;1.3.5|2.5.1;1.3.99|4.2.3|2.5.1;1.3.99|2.5.1;1.3.8|4.2.3|2.5.1;1.3.5|4.2.3|2.5.1;1.3.5|4.2.3|2.5.1;1.3.8|2.5.1;1.14.99|2.5.1;1.3.5|2.5.1;1.3.8|4.2.3|2.5.1;1.3.5|4.1.2|2.5.1;2.1.1|2.5.1;4.1.1|2.5.1;2.1.1|2.5.1
182,2.3.1|1.2.1;6.2.1|4.2.1;3.1.1|1.2.3;3.1.2|1.1.1;1.2.1|3.5.1;2.5.1|1.2.2|6.1.1;6.1.1|2.3.1|2.3.3;2.3.3|1.2.-|2.3.2;2.1.1|1.14.13|3.5.1;2.3.2|1.14.99|1.2.7;1.2.7|3.7.1;4.4.1|1.1.3|3.2.1;4.1.3|1.5.1|1.2.4;1.2.4|1.2.99|1.8.1;3.5.1|1.14.11|2.1.3;1.8.1|1.1.1;4.1.2|4.1.3;2.1.3|2.3.-;4.1.1|2.8.3;1.1.1|2.5.1;1.14.-|4.4.1;3.2.1|2.1.1;6.4.1|1.-.-;3.7.1|1.2.3;1.14.99|2.6.1;2.8.1|6.1.2;1.8.3|3.5.3;1.2.3|6.3.1;4.2.1|6.3.4;2.3.-|2.1.2;1.13.11|2.2.1;2.8.3|6.3.2;1.-.-|3.4.11;2.1.2;1.14.18;2.6.1;3.3.1;4.5.1;6.1.2;6.3.4;1.4.4;1.14.12;3.11.1;3.10.1;6.3.1;2.1.4;2.8.2;3.5.4;6.3.2,2.3.1|4.2.3|1.2.7|1.2.1;2.3.1|1.3.1|4.2.3|1.2.1;2.3.1|4.1.1|4.2.3|1.2.1;2.3.1|4.1.1|4.2.3|1.2.7|1.2.1;2.3.1|4.2.3|6.2.1|1.1.1;1.2.7|4.2.3|6.2.1|2.3.1|1.1.1;2.3.1|4.2.3|1.1.1;4.2.3|1.2.1;4.2.3|1.2.7|1.2.1;4.2.3|1.2.1|1.2.4;4.2.3|3.1.2|1.2.1;4.2.3|1.2.4|3.1.2|1.2.1;4.2.3|1.1.1|6.2.1;4.2.3|3.1.2|2.3.1|6.2.1;4.2.3|2.3.1|6.2.1;4.2.3|2.3.1;4.2.3|2.3.1|6.2.1|1.1.1;4.2.3|2.3.1|6.2.1|1.1.1;1.3.1|1.1.1|2.3.1;4.2.3|1.2.1|1.2.7;4.2.3|6.2.1|1.1.1;4.2.3|2.3.1|6.2.1;4.2.3|6.2.1|1.2.7|2.3.1;2.5.1|2.3.1|6.2.1;2.5.1|2.3.1|1.2.7|3.1.2;2.5.1|2.3.1|3.1.2|1.2.7;4.2.3|1.2.1;4.2.3|6.2.1;4.2.3|2.3.1;4.2.3|1.2.1;4.2.3|2.3.1;2.3.1;6.2.1
183,3.5.1;6.3.5;2.3.1;6.3.1;6.3.4;6.3.2;2.3.2;2.1.2;1.4.1;4.3.3;3.4.13;2.1.3;1.4.7;3.4.11;2.6.1;3.5.5;2.4.2;4.1.3;3.5.4;1.2.99;3.4.19;6.2.1;3.1.1;4.3.2;3.5.3;4.2.1;4.3.1,3.5.1;3.5.1;3.5.1;1.13.11;6.2.1;6.2.1;3.1.2;6.2.1;6.2.1;3.7.1;3.7.1;3.7.1;3.7.1;3.7.1
184,4.1.1|2.3.1;6.4.1|6.2.1;1.1.1|3.1.1;2.1.3|3.1.2;1.14.13|1.2.1;3.1.1|6.1.1;1.3.8|2.3.3;2.3.2;3.5.1;1.2.7;3.7.1;3.2.1;1.2.4;1.8.1;2.1.3;1.1.1;4.1.3;2.3.-;2.8.3;2.5.1;4.4.1;2.1.1;1.-.-;1.2.3;2.6.1;6.1.2;3.5.3;6.3.1;6.3.4;2.1.2;2.2.1;6.3.2;3.4.11,3.5.1|2.5.1|4.2.3|4.1.99|2.6.99;6.3.1|3.1.2|4.2.3|2.3.1|2.5.1;3.5.1|2.3.1|4.2.3|4.3.3;3.1.2|2.3.1|4.2.3|4.1.1|3.1.4;4.1.1|1.1.1|4.2.3;3.5.1|1.2.1|4.2.3|2.5.1;6.3.1|1.2.1|4.2.3;6.3.1|3.1.2|4.2.3|3.1.4;6.3.4|1.2.1|4.2.3|3.1.4;3.5.1|2.5.1|4.2.3|3.1.4;6.2.1|2.3.1|4.2.3|3.1.4;3.5.1|6.2.1|4.2.3|2.5.1;2.3.2|6.2.1|4.1.99|2.5.1;3.5.1|2.3.1|4.2.3|3.1.4;3.5.1|2.5.1|4.2.3|3.1.4;3.5.1|1.2.7|4.2.3|3.1.4;2.3.2|2.3.1|4.2.3|3.1.4;3.5.1|3.1.2|2.3.1|3.1.4;3.5.1|1.2.7|4.3.3|3.1.4;3.4.15|1.2.1|3.1.4;6.3.2|1.2.7|4.1.2;6.3.1|1.2.1|2.5.1;6.3.2|4.4.1|2.5.1;3.5.1|3.1.2|3.1.4;6.3.2|2.3.1|3.1.4;3.4.22|1.2.4|3.1.4;3.5.1|2.5.1;3.5.1|1.2.1;3.5.1|6.2.1;3.5.1|6.2.1;3.5.1|2.5.1;2.3.2|2.3.1;3.5.1|2.3.1;6.2.1;2.5.1;1.1.1;2.3.1;2.3.1;2.3.1;2.3.1;2.3.1;2.5.1;2.5.1;6.2.1;6.2.1;2.3.1;2.3.1;6.2.1;2.3.1;6.2.1;2.3.1;2.1.2;3.1.2;2.3.1;3.1.2
185,2.3.1;6.2.1;3.1.1;3.1.2;1.2.1;6.1.1;2.3.2|2.3.3;2.3.3|2.3.2;1.2.7|3.5.1;3.5.1|1.2.7;3.7.1;3.2.1;2.1.3|1.2.4;1.2.4|1.8.1;1.8.1|2.1.3;1.1.1;1.-.-|4.1.3;4.1.3|2.3.-;2.3.-|2.8.3;2.5.1;2.8.3|4.4.1;4.4.1|2.1.1;2.1.1|1.-.-;6.1.2|1.2.3;1.2.3|2.6.1;2.6.1|6.1.2;3.5.3;6.3.2|6.3.1;6.3.1|6.3.4;6.3.4|2.1.2;2.2.1;6.3.2;3.4.11,2.3.1|4.2.3|1.1.1;2.3.1|4.2.3;2.3.1|4.2.3;2.3.1|4.2.3|1.2.1;2.3.1|4.2.3|1.2.1;2.3.1|4.2.3|3.1.2;2.3.1|4.2.3|1.2.1;2.3.1|4.2.3|6.2.1;2.3.1|4.2.3;2.3.1|4.2.3|6.2.1;2.3.1|4.2.3;2.3.1|4.2.3|1.2.7;2.3.1|4.2.3;2.3.1|4.2.3|1.2.7;2.3.1|4.2.3|3.1.2;2.3.1|4.2.3|1.2.7;2.3.1|1.2.1;2.3.1|1.2.1;2.3.1;2.3.1|1.2.4;2.3.1|1.2.1;2.1.3|6.2.1;2.3.1|6.2.1;6.1.1|2.3.1;2.3.1;6.1.1|2.3.1;6.1.1|2.3.1;6.1.1|6.2.1;6.1.1|2.3.1;6.1.1;6.1.1;6.1.1;6.1.1;1.2.1;2.3.1;2.3.1;6.1.1;3.1.1;6.1.1;2.3.1;3.1.1;2.3.1;2.3.1
186,2.3.1|1.2.1;1.2.7|4.2.1|6.2.1;1.2.4|1.2.3|3.1.1;1.8.1|1.1.1|3.1.2;1.2.3|3.5.1|1.2.1;6.2.1|1.2.2|6.1.1;3.1.2|2.3.1|2.3.3;1.2.1|1.2.-|2.3.2;3.1.1|1.14.13|3.5.1;2.3.3|1.14.99|1.2.7;1.2.7|3.7.1;1.1.3|3.2.1;1.5.1|1.2.4;1.2.99|1.8.1;1.14.11|2.1.3;1.1.1;4.1.3;2.3.-;2.8.3;2.5.1;4.4.1;2.1.1;1.-.-;1.2.3;2.6.1;6.1.2;3.5.3;6.3.1;6.3.4;2.1.2;2.2.1;6.3.2;3.4.11,2.3.1|1.13.12;1.2.7|4.1.1;1.2.7|4.1.1;1.2.7|1.11.1;1.2.4|4.1.1;1.2.4|1.14.13;1.2.7|1.14.13;1.2.7|1.14.13;1.14.13;4.1.1;4.1.1;4.1.1;4.1.1;2.3.1
187,2.7.1;3.1.3;3.6.1;2.7.8;2.7.4;2.7.7;3.6.3;2.7.11;3.1.4;2.7.2;2.7.6;2.7.3;3.6.4;3.1.7;4.6.1;2.7.9;3.6.5;3.2.1;2.7.12;2.7.13;2.6.-;2.7.-;4.1.1;2.7.10;1.3.7;1.18.6;4.2.3;3.1.5;2.7.99;2.4.1;5.1.3;1.19.6;3.-.-,3.1.3|3.5.4;2.7.1|3.5.2;2.7.1;2.7.1;2.7.2;3.1.3;2.7.8;2.7.1;2.7.1;2.7.1;3.1.3;4.2.3;2.7.1;2.7.1;2.7.1;2.7.1;3.1.3;2.7.1;2.7.1;3.1.3;2.7.1;2.7.1;2.7.1;2.7.1;2.7.1;2.7.1
188,1.97.1|1.5.1;1.11.1|1.5.99;1.22.1|1.4.3;2.5.1|1.5.-;1.14.14|1.12.98;1.3.1|1.4.1;1.5.7;1.5.3;2.5.1,1.14.14|2.5.1|1.11.1|1.1.5;1.11.1|1.14.13|1.1.99;1.11.1|1.14.21|1.5.1;2.5.1|1.12.98;2.5.1|1.12.2;1.14.13;1.14.13;2.5.1;1.14.13;3.8.1;3.8.1;2.5.1;1.14.13
189,,2.7.1|4.2.3;2.7.4|1.14.13;2.7.4|1.1.1;2.7.4|2.2.1;2.7.4|1.1.1;2.7.4|5.5.1;2.7.1|4.2.3;2.7.4|2.2.1;2.7.1;2.7.1;2.7.1;2.7.4;2.7.4;2.7.4;2.7.1;2.7.1;2.7.4;3.6.1;2.7.1;2.7.4;2.5.1;2.7.4;2.7.4;2.7.1;4.2.3;3.6.1;2.7.1;1.18.6;2.7.1;2.7.4;2.7.1;3.6.1;3.6.1;2.7.7;2.7.7;2.7.7;3.6.1;3.6.1;3.6.1;2.7.8;4.6.1;3.6.1;3.6.1;2.7.8;3.6.1;3.-.-;3.6.1;3.6.1;2.7.6;3.6.1;3.6.1;3.6.1;3.6.1;2.5.1;2.7.7;2.7.7;2.7.7;2.7.7;2.7.8;2.7.8;2.7.7;2.7.7;2.7.7;2.7.7;2.7.8;3.6.1;3.6.1;2.7.7;2.7.8;1.2.1;3.6.1;3.6.1;2.7.8;3.6.1;3.6.1;3.6.1;3.6.1;3.6.1;3.6.1;2.7.7;2.7.7;2.7.7;2.7.7;3.6.1;2.7.8;2.7.8;2.7.8;4.1.2
19,2.3.1|3.1.1;3.1.1|2.5.1;6.2.1|1.1.1;3.1.2|2.3.1;1.2.1|3.7.1;6.1.1;2.3.3|6.1.2;2.3.2;1.2.7;3.5.1;3.7.1;3.2.1;2.1.3;1.2.4;1.8.1;1.1.1;4.1.3;2.5.1;2.3.-;2.8.3;4.4.1;2.1.1;1.-.-;6.1.2;3.5.3;1.2.3;2.6.1;6.3.1;6.3.4;2.1.2;2.2.1,3.1.1;2.3.1|3.1.1;2.3.1|3.1.1;2.3.1|3.1.1;2.3.1|1.1.1;2.3.1|3.1.1;2.3.1|1.1.1;2.3.1|3.1.1;2.3.1|3.1.1;2.3.1|3.1.1;3.1.1;3.1.1|2.5.1;2.3.1|3.1.1;2.3.1|3.1.1;2.3.1|3.1.1;3.1.1|2.5.1;2.3.1|3.1.1;2.3.1|3.1.1;2.3.1|3.1.1;2.3.1|3.1.1;2.3.1|3.1.1;3.1.1;2.3.1|3.7.1;2.3.1|3.1.1;2.3.1|3.1.1;2.3.1|3.1.1;2.3.1;2.3.1;3.1.1;2.3.1;2.3.1;3.1.1;3.1.1;2.3.1;2.3.1;2.3.1;3.7.1;2.3.1;2.3.1;2.3.1;2.3.1;2.3.1;3.1.1;2.3.1;2.3.1;6.1.2;2.3.1;2.3.1
190,2.7.1;3.1.3;3.6.1;2.7.8;2.7.4;2.7.7;3.6.3;2.7.11;3.1.4;2.7.2;2.7.6|3.6.4;2.7.3|2.7.6;3.6.4|2.7.3;3.1.7;4.6.1;2.7.9;3.6.5;3.2.1|2.7.12;2.7.12|3.2.1;2.7.13;2.6.-|4.1.1;2.7.-|2.6.-;4.1.1|2.7.-;2.7.10|1.3.7;1.3.7|2.7.10;1.18.6;4.2.3;3.1.5|2.7.99;2.7.99|3.1.5;2.4.1;5.1.3;1.19.6;3.-.-,2.7.1|4.2.2;2.7.1|2.4.2|4.3.3;2.7.1|4.1.99;2.7.1;3.1.3;3.1.3;2.7.1;2.7.1;2.7.1;2.7.1;2.7.1;2.7.1;2.7.1;2.7.1;2.7.1;2.7.1;2.7.8;2.7.1;2.7.1;2.7.1;2.7.1;2.7.1;2.7.1;2.7.1;2.7.1;2.7.1;2.7.1;2.7.1;2.7.1;2.7.1;2.7.1;2.7.1;2.7.1;2.7.1;3.1.3;2.7.1;3.1.3;2.7.1;2.7.1;2.7.1;2.7.1;2.7.1;2.7.1;2.7.1;2.7.1;2.7.1;2.7.1;2.7.1;2.7.1;2.7.1;2.7.1;2.7.1;3.1.3;2.7.1;3.1.3;3.1.3;3.1.3;3.1.3;3.1.3
191,1.1.1|1.3.1;1.1.99|1.3.99;1.1.3|1.5.1;2.3.1|1.3.8;1.14.13|5.3.3;1.1.5|1.3.3;1.1.-|1.14.11;1.1.2|2.3.1;5.3.3|1.1.1;1.14.11|1.3.5;1.14.-|5.2.1;1.1.98|5.3.2;1.4.3|5.3.1;1.-.-|1.3.7;1.6.5|1.4.3;1.6.99|1.5.99;1.2.1|1.14.21;5.1.3;4.2.1|1.5.3;1.14.15|1.10.3;1.1.9|1.6.5;1.3.1|1.3.-;1.6.1|2.5.1;1.6.3|1.1.3;1.14.12|1.5.-;6.4.1|1.6.99;5.4.99|4.1.1;1.11.1|1.4.1;4.1.1|1.11.1;1.1.-;5.3.99;1.17.99;1.12.98;1.3.2;1.10.9;1.6.1;1.6.3;1.14.99;1.14.13;1.14.14;5.1.1;3.1.3;1.14.12;1.14.-;5.5.1;1.7.1;1.8.5;1.3.98,1.1.1|4.2.3|1.-.-;1.1.1|4.2.3|1.-.-;5.3.1|4.2.3|1.1.1;1.1.1|4.2.3;1.1.1|4.2.3|2.2.1;4.2.3|1.1.1;4.2.3|1.1.1;4.2.3|1.1.1;4.2.3|4.2.2;4.2.3|1.1.99;4.2.3|1.1.1;2.7.7|1.1.1;4.2.3|1.1.1;4.2.3|1.1.1;5.3.1|1.1.1;5.3.1|1.1.1;5.3.1|1.1.1;1.1.1;3.3.2;3.3.2;3.3.2;3.3.2
192,1.14.99;1.14.13;1.14.18;1.14.12;2.1.1;4.1.2;1.14.-;1.14.15;1.13.12;1.1.-,1.3.3;4.2.1;1.14.19;1.14.99;1.3.3;4.2.1;1.14.19;1.14.19;1.13.11;1.13.11;1.13.11;1.13.11;1.14.19;1.13.11;1.13.11;1.13.11;1.3.3;5.3.3;4.2.1;1.13.11;1.13.11;1.3.3
193,2.1.4|3.5.3;3.5.3|2.1.4;1.14.13,2.1.4|4.2.3;2.1.2|4.2.3|3.5.3;2.3.1|4.2.3|3.5.3;2.3.1|4.2.3|3.5.3;3.5.1|4.2.3|2.1.4;3.5.1|4.2.3|2.1.3;2.3.1|4.2.3;2.3.1|4.2.3;4.2.3;4.2.3;4.2.3;4.2.3;4.3.3;4.2.3;4.2.3;4.2.3|1.4.1;1.4.1|4.2.3;4.2.3|3.7.1;3.7.1|4.2.3;4.2.3;4.1.99;4.2.3;4.2.3;4.2.3;4.2.3;4.2.3;4.2.3;4.2.3;4.2.3;4.2.3;1.3.1;4.2.3|3.5.2;3.5.2|4.2.3;4.2.3;4.2.3;4.2.3;4.2.3;4.2.3
194,2.3.1|3.1.1;6.2.1|2.5.1;3.1.1|1.1.1;3.1.2|2.3.1;1.2.1|3.7.1;6.1.1;2.3.3|6.1.2;2.3.2;3.5.1;1.2.7;3.7.1;3.2.1;2.1.3;1.2.4;1.8.1;1.1.1;4.1.3;2.5.1;2.3.-;2.8.3;4.4.1;2.1.1;1.-.-;1.2.3;6.1.2;3.5.3;2.6.1;6.3.1;6.3.4;6.3.2;2.1.2;2.2.1;3.4.11,2.3.1|1.1.1;2.3.1|1.1.1;2.3.1|3.1.1;2.3.1|3.7.1;2.3.1|3.1.1;2.3.1|2.1.1;2.3.1;2.3.1;2.3.1;2.3.1;2.3.1;2.3.1;2.3.1;2.3.1;3.1.1;2.3.1;2.3.1;2.3.1;2.3.1;2.3.1;2.3.1;2.3.1;2.3.1;3.1.1;3.7.1;2.3.1;3.1.1;2.3.1;2.3.1;3.1.1;3.1.1;2.3.1
195,1.13.12|1.3.1;2.1.1|1.3.99;1.14.13|1.5.1;1.14.14|1.3.8;1.11.1|5.3.3;1.14.99|1.3.3;1.14.11;2.3.1;1.1.1;1.3.5;5.2.1;5.3.2;5.3.1;1.3.7;1.4.3;1.5.99;1.14.21;5.1.3;1.5.3;1.10.3;1.6.5;1.3.-;2.5.1;1.1.3;1.6.99;1.5.-;4.1.1;1.4.1;1.11.1;1.1.-;5.3.99;1.17.99;1.12.98;1.10.9;1.6.1;1.6.3;1.3.2;1.14.99;1.14.13;1.14.14;5.1.1;3.1.3;1.14.12;1.14.-;5.5.1;1.7.1;1.8.5;1.3.98,1.13.12|1.-.-|1.17.3;1.13.12|1.-.-|1.1.1;1.13.12|3.5.4;1.13.12|1.17.1;2.1.1|6.3.5;2.4.2|6.3.5;2.4.2|1.1.1;2.4.2|1.17.1;2.4.2|1.17.3;2.4.2
196,2.5.1|2.4.1;1.5.3|3.2.1;4.4.1|2.4.2|2.8.2;4.2.1|3.1.4|2.4.99;1.5.99|6.1.1|2.4.2;2.3.1|4.2.2|3.1.4;1.14.15|5.1.3|2.1.1;3.3.2|6.5.1|3.1.6;1.5.1|3.1.1|2.5.1;3.3.1|2.4.99|1.8.4;2.1.2|4.2.1|1.8.99;4.1.99|3.1.3|3.3.2;4.1.3|3.6.1|4.4.1;3.5.99|2.7.8|1.11.1;1.4.3|4.3.3|4.2.2;4.3.3|3.6.1;3.5.-|5.1.3;3.1.1|6.5.1;1.3.1|3.1.8;3.7.1|3.6.2;4.2.1;1.14.99;3.1.3;2.7.8;4.6.1;4.2.99;1.14.11;1.14.21;1.14.13,2.5.1|1.14.17|4.2.3;3.3.2|1.1.1|2.4.1|2.5.1;2.5.1|1.1.1|2.4.1;5.3.1|2.4.1|2.5.1;4.1.2|2.4.1|4.2.3;4.2.1|2.4.2|2.5.1;3.1.3|2.4.2|4.2.3;4.2.1|2.4.2|2.5.1;4.1.2|2.4.2|2.6.99;4.2.1|2.4.2|4.2.3;3.1.1|2.4.1|2.5.1;5.3.1|2.4.1|2.5.1;5.3.1|2.4.1|2.5.1;5.3.1|2.4.1|3.1.4;5.3.1|2.4.99|3.1.4;2.2.1|2.4.1|4.2.3;4.2.1|2.4.1|2.5.1;5.3.1|2.4.2|3.1.4;5.3.1|2.4.1|4.1.2;2.1.1|2.4.1|3.1.4;5.3.1|2.4.1|4.2.3;4.1.2|2.4.1|4.2.3;4.1.2|2.4.1|4.2.3;4.1.2|2.4.1|3.1.4;1.1.1|2.4.1|2.5.1;1.1.1|2.4.1|3.1.4;5.3.1|2.4.1|2.5.1;1.3.1|2.4.2|2.5.1;4.1.1|2.7.8|3.1.4;2.2.1|2.4.2|2.5.1;4.2.1|3.6.1|3.1.4;2.5.1|2.4.99|4.2.3;4.2.1|3.1.4;4.4.1|2.4.2;4.2.1|3.1.4;4.2.1|2.5.1;2.5.1|4.2.3;5.1.3|2.4.2;1.1.1|3.1.4;4.2.1|2.4.2;4.1.3|3.1.4;1.1.1|2.4.2;2.3.3|2.5.1;1.1.1|2.4.2;4.2.2|1.3.1;5.5.1;5.1.3;4.2.99;4.1.3
197,1.1.1|1.3.1;1.1.99|1.3.99;1.1.3|1.5.1;2.3.1|1.3.8;1.14.13|5.3.3;1.1.5|1.3.3;1.1.-|1.14.11;1.1.2|2.3.1;5.3.3|1.1.1;1.14.11|1.3.5;1.14.-|5.2.1;1.1.98|5.3.2;1.4.3|5.3.1;1.-.-|1.3.7;1.6.5|1.4.3;1.6.99|1.5.99;1.2.1|1.14.21;5.1.3;4.2.1|1.5.3;1.14.15|1.10.3;1.1.9|1.6.5;1.3.1|1.3.-;1.6.1|2.5.1;1.6.3|1.1.3;1.14.12|1.5.-;6.4.1|1.6.99;5.4.99|4.1.1;1.11.1|1.4.1;4.1.1|1.11.1;1.1.-;5.3.99;1.17.99;1.12.98;1.6.1;1.6.3;1.3.2;1.10.9;1.14.99;1.14.13;1.14.14;5.1.1;3.1.3;1.14.12;1.14.-;5.5.1;1.7.1;1.8.5;1.3.98,1.1.1|1.-.-;1.1.1|1.10.99|1.-.-;1.1.1|4.2.3;1.1.1|1.14.13;1.1.1|1.14.13;1.1.1|1.14.14;1.1.1|1.10.99;1.1.1|5.3.3;1.1.1|1.10.99;1.1.1|4.2.3;1.1.1|4.2.3;1.1.1|4.2.3;1.1.1|4.1.99;1.1.1|4.2.3;1.1.1|4.2.3;1.14.-|5.3.99;1.1.1|4.2.3;1.1.1|4.2.3;1.14.-|4.2.3;1.1.1|4.2.3;1.1.1|4.2.3;1.1.1|4.2.3;1.1.3|4.2.3;1.14.13|4.2.3;1.14.13|4.2.3;1.1.1|4.2.3;1.3.99|4.2.3;1.14.99|4.2.3;1.14.99|4.2.3;1.14.-|4.2.3;1.1.1|4.2.3;1.1.1;1.1.1;1.1.1;1.1.1;1.1.1;1.14.13;1.1.1;1.1.1;1.1.1;1.1.1;1.1.1;1.1.1;1.1.1;1.1.1;1.1.1;1.1.1;1.1.1;1.1.1;1.1.1;1.1.1;5.3.3;1.1.1;1.1.1;1.1.1;1.1.1;1.1.1;1.1.1;1.14.11
198,4.1.2|2.3.1|1.3.1;4.1.3|6.2.1|3.1.1|1.3.99;2.2.1|3.1.1|6.2.1|1.5.1;2.3.3|3.1.2|1.3.8;4.1.99|1.2.1|5.3.3;4.2.1|6.1.1|1.3.3;4.1.1|2.3.3|1.14.11;2.5.1|2.3.2|2.3.1;1.14.99|3.5.1|3.7.1|1.1.1;2.1.2|1.2.7|3.5.1|1.3.5;1.11.1|3.7.1|1.2.7|5.2.1;1.1.3|3.2.1|5.3.2;1.14.13|1.2.4|2.1.3|5.3.1;1.8.1|6.3.2|1.3.7;2.1.3|1.2.4|1.4.3;1.1.1|1.8.1|1.5.99;4.1.3|1.1.1|1.14.21;2.3.-|4.1.3|5.1.3;2.8.3|2.3.-|1.5.3;2.5.1|1.10.3;4.4.1|2.8.3|1.6.5;2.1.1|4.4.1|1.3.-;1.-.-|2.1.1|2.5.1;1.2.3|1.-.-|1.1.3;2.6.1|1.2.3|1.5.-;6.1.2|2.6.1|1.6.99;3.5.3|6.1.2|4.1.1;6.3.1|1.4.1;6.3.4|3.4.13|1.11.1;2.1.2|6.3.4|1.1.-;2.2.1|1.14.14|5.3.99;6.3.2|2.1.2|1.17.99;3.4.11|1.12.98;3.4.19|1.6.3;3.4.17|1.6.1;3.5.3|1.10.9;1.3.2;1.14.99;1.14.13;1.14.14;5.1.1;3.1.3;1.14.12;1.14.-;5.5.1;1.7.1;1.8.5;1.3.98,4.1.1|1.1.1|1.14.14|2.3.1|4.1.2|1.14.13|1.-.-;4.1.1|2.3.1|1.14.14|1.2.7|4.2.2|4.1.2|4.2.3|1.-.-;4.1.1|2.3.1|2.1.1|1.2.7|4.4.1|4.1.2|4.3.3|2.2.1;4.1.1|1.2.1|2.3.1|4.1.2;1.14.13|1.2.1|2.3.1|4.1.2|4.1.1;3.1.2|2.3.1|4.1.2|2.2.1|4.2.3;1.2.1|2.3.1|2.2.1|4.1.2|4.2.3;6.2.1|2.3.1|4.1.2|2.2.1|4.2.3;2.3.1|1.2.7|2.2.1|4.2.3;6.2.1|1.2.7|4.2.3;2.3.1|1.2.7|4.2.3;1.2.7|1.2.4|4.2.3;2.3.1|1.2.4|4.1.3|4.2.3;1.2.7|2.5.1|4.2.3;3.1.2|2.3.1|4.1.2|4.2.3;1.2.7|2.3.1|2.2.1|4.2.3;1.2.1|2.3.1|4.2.3;1.2.1|2.3.1|4.2.3;2.3.1|4.2.3;1.2.4|2.3.1|4.1.99;1.2.1|2.3.1;6.2.1;6.2.1;2.3.1;2.3.1;2.3.1;2.3.1;6.2.1;2.3.1
199,1.1.1|1.3.1;1.1.99|1.3.99;1.1.3|1.5.1;2.3.1|1.3.8;1.14.13|5.3.3;1.1.5|1.3.3;1.1.-|1.14.11;1.1.2|2.3.1;5.3.3|1.1.1;1.14.11|1.3.5;1.14.-|5.2.1;1.1.98|5.3.2;1.4.3|5.3.1;1.-.-|1.3.7;1.6.5|1.4.3;1.6.99|1.5.99;1.2.1|1.14.21;5.1.3;1.14.15|1.5.3;4.2.1|1.10.3;1.1.9|1.6.5;1.3.1|1.3.-;1.14.12|2.5.1;1.6.3|1.1.3;1.6.1|1.5.-;6.4.1|1.6.99;5.4.99|4.1.1;1.11.1|1.4.1;4.1.1|1.11.1;1.1.-;5.3.99;1.17.99;1.12.98;1.6.3;1.6.1;1.3.2;1.10.9;1.14.99;1.14.13;1.14.14;5.1.1;3.1.3;1.14.12;1.14.-;5.5.1;1.7.1;1.8.5;1.3.98,1.1.1|4.4.1|1.14.14|1.-.-;1.1.1|4.1.2|3.7.1|1.-.-;1.1.1|4.1.2;1.1.1|4.1.2;2.2.1;2.2.1;2.8.1;2.8.1;4.1.2;2.2.1;4.3.3
2,2.4.1;3.2.1;2.4.2;3.1.4;6.1.1;4.2.2;5.1.3;6.5.1;3.1.1;2.4.99;4.2.1;3.1.3;3.6.1;2.7.8;4.3.3,2.4.1|2.5.1|4.1.99;2.4.1|1.11.1|1.14.14;2.4.1|4.2.3|1.14.14;2.4.1|4.2.3|1.14.14;2.4.1|4.2.3|1.14.13;2.4.1|4.2.3|2.4.2;2.4.1|4.2.3;2.4.1|4.2.3;2.4.1|4.2.3;2.4.1|4.2.3;2.4.1|4.2.3;2.4.1|4.2.3;2.4.1|4.2.3;2.4.1|4.2.3;2.4.1|4.2.3|2.4.2;2.4.1|4.2.3;2.4.1|4.2.3;2.4.1|4.2.3;2.4.1|4.2.3;2.4.1|4.2.3;2.4.1|4.2.3|2.4.2;2.4.1|4.1.99;2.4.1|4.2.3|3.6.1;2.4.1|4.2.3|2.4.2;2.4.1|4.2.1|2.4.2;2.4.1|4.2.3|2.4.2;2.4.1|4.2.3|2.4.99;2.4.1|4.2.3|2.4.2;2.4.1|4.2.1|2.4.99;2.4.1|4.2.1|2.4.2;2.4.1|4.2.3;2.4.1|4.2.3;2.4.1|4.2.3|2.7.8;2.4.1|4.2.3;3.2.1|4.1.3;2.4.1|4.2.1;3.2.1|4.2.3;2.4.1|4.2.1;2.4.1|4.3.3;3.2.1|1.14.12;2.4.1|1.14.12;2.4.1|1.14.12;3.2.1|1.14.12;2.4.1|1.14.12;2.4.1|1.14.12;2.4.1|1.14.12;2.4.1|1.14.12;2.4.1|1.14.12;2.4.1|4.2.3;2.4.1|1.14.12;2.4.2|1.14.12;2.4.1|1.14.12;2.4.1|1.14.12;2.4.2|1.14.12;2.4.1|1.14.12;2.4.1|1.14.12;2.4.1|4.2.1;2.4.2|4.2.1;1.14.13;1.14.12;1.14.12;5.3.3;1.14.12;1.14.18;4.2.3;4.2.3;1.14.12;4.2.3;1.3.1;4.2.3;4.2.3;1.14.13;4.2.1;1.14.12;4.2.99;4.2.3;4.2.3;4.1.3;4.1.3;1.3.1;1.3.1;4.2.3;4.2.3;4.2.3;1.14.-;1.10.9;4.2.3;1.14.13;4.2.3;1.3.1;1.8.5;1.3.1;1.3.1;1.1.5;1.3.1;1.3.1;1.3.1;1.3.1;1.14.-;4.2.3;4.2.3;1.14.14;1.14.14;1.3.1;4.2.1;1.14.-;1.3.1;1.14.13;1.3.1;1.14.14;1.14.14;2.1.1;1.10.3;1.3.1;1.3.1;1.3.1;1.3.1;1.3.1;1.3.1;1.3.1;4.2.3;1.-.-;3.1.7;4.2.3;1.3.1;4.2.3;4.2.3;4.2.3;1.14.18;4.2.2;1.10.9;1.14.18;1.14.21
20,4.2.3|1.14.13|1.2.1;4.1.1|1.2.4|4.2.1;3.1.7|1.2.3;4.1.99|1.14.14|1.1.1;4.3.3|1.14.11|3.5.1;1.14.18|1.2.2;1.14.16|2.3.1;1.14.15|1.2.-;1.14.99|1.14.13;1.14.-|1.14.99;1.17.1|1.2.7;1.1.3;1.5.1;1.2.99;1.14.11,4.2.1|1.13.11|4.2.2|1.14.11|2.3.1;1.14.14|1.13.11|4.3.3|1.2.5|1.13.12;1.1.4|1.13.11|1.11.1|1.1.1;1.14.11|1.13.11|1.-.-|4.2.1;1.14.14|1.13.11|4.1.1;1.14.14|1.13.11|4.2.1|1.1.1;1.14.14|1.13.11|1.1.1;1.14.11|1.13.11|2.3.1;1.14.11|1.13.11|2.2.1|1.2.1;1.14.11|1.13.11|4.2.1|4.1.1;1.14.14|1.13.11|2.2.1|4.1.1;1.1.4|1.13.11|4.1.1;1.14.13|2.2.1|4.1.1;1.14.11|4.1.1;3.3.2|4.1.1;1.1.4|4.1.1;1.14.14|1.14.13;1.14.14|4.1.1;1.17.1|4.1.1;1.14.11|2.3.1;3.3.2|1.14.13;3.3.2|4.1.1;1.17.1|4.1.1;1.17.1|1.14.13;2.5.1|4.1.1;2.5.1|4.1.1;1.17.4|4.1.1;1.17.4|4.1.1;2.5.1|1.14.13;2.5.1|1.3.1;1.17.4|1.14.13;1.17.4|1.1.1;1.17.4|1.14.13;1.17.4|4.1.1;1.23.1|1.1.1;1.14.13;1.17.4|1.1.1;1.17.4|1.1.1;1.5.4|1.14.13;1.14.13|4.1.1;5.5.1|4.1.1;4.1.2|1.2.1;4.2.3|1.1.1;1.3.3|1.14.13;5.5.1|4.1.1;1.14.14|1.14.13;5.5.1|4.1.1;5.5.1|4.1.1;1.14.13|4.1.1;4.1.1;1.1.1;4.1.1;1.11.1;1.1.1;1.1.1;1.14.13;4.1.1;4.1.1;1.14.13;4.1.1;1.14.13
200,3.1.1;2.5.1;1.1.1;2.3.1;3.7.1;6.1.1;6.1.2;2.1.1,1.3.3|1.1.1;1.11.1|3.1.1;2.5.1|3.1.1;1.14.13|3.1.1;1.14.21|1.1.1;1.14.13|3.1.1;4.1.1|3.7.1;4.1.1|3.1.1;1.13.11;1.14.13;1.14.12;1.14.21
201,2.3.1;3.1.1|6.2.1;6.2.1|3.1.1;3.1.2;1.2.1;6.1.1;2.3.3;2.3.2;1.2.7|3.5.1;3.5.1|1.2.7;3.7.1;3.2.1;2.1.3;1.2.4;1.8.1;1.1.1;4.1.3;2.5.1;2.3.-;2.8.3;4.4.1;2.1.1;1.-.-;6.1.2|1.2.3;3.5.3|6.1.2;1.2.3|3.5.3;2.6.1;6.3.1;6.3.4;2.1.2|6.3.2;2.2.1|2.1.2;2.2.1;3.4.11,2.3.2|4.4.1|2.3.1;2.3.2|4.2.3|2.3.1;6.1.1|3.1.1;6.1.1|3.1.1;6.1.1|2.3.1;6.1.1|3.1.1;6.1.1|2.3.1;6.1.1|3.1.1;6.1.1|2.3.1;6.1.1|2.3.1;6.1.1|2.3.1;6.1.1|2.3.1;2.3.1;6.1.1|2.3.1;6.1.1|2.3.1;6.1.1|2.3.1;6.1.1|2.3.1;6.1.1|3.1.1;6.1.1|3.1.1;6.1.1;6.1.1;6.1.1;6.1.1;6.1.1;1.2.1;6.1.1;2.3.1;6.1.1;2.3.1;2.3.1;2.3.1;2.3.1;2.3.1;2.3.1;2.3.1;6.1.1;2.3.1;2.3.1;2.3.1;3.1.1;2.3.1;2.3.1;3.1.1;2.3.1;2.3.1;2.3.1;2.3.1;3.1.1;2.3.1;2.3.1;2.1.3;3.1.1;3.1.1;2.3.1;2.3.1;2.3.1;2.3.1;2.3.1;2.3.1;2.3.1;2.3.1;2.3.1;3.2.1;2.3.1
202,2.2.1|5.3.1;4.1.2|3.5.4;1.2.4;2.3.1;4.1.1;4.2.1,1.1.1|2.2.1|5.3.1;1.1.1|2.2.1;5.1.3|4.1.2|1.1.1;4.1.99|4.1.2|1.1.1;1.1.1|5.3.1;1.1.1;1.1.1;5.3.1|1.1.1;1.1.1|4.2.1;1.1.1;1.1.1;4.2.1;1.1.1;4.2.1;1.1.1;5.-.-;5.1.3;1.1.1;1.1.1;3.1.3;4.2.1;4.2.1;5.3.1;5.3.1;5.3.1;5.3.1;3.1.1;4.1.2
203,,1.14.21;1.5.1;4.3.99;1.14.14;1.14.14;1.14.13;1.3.1;1.3.1;1.14.-;2.5.1;1.14.13;1.14.21;1.14.11;5.3.3;1.3.1;4.2.1;4.2.1;1.14.11;4.2.1;1.3.1;1.14.11;1.3.1;1.3.1;1.3.1;1.14.13;1.14.11
204,2.5.1|3.1.4;1.5.3|6.5.1;4.4.1|4.6.1;4.2.1;1.5.99;2.3.1;1.14.15;1.5.1;3.1.1;3.3.1;2.1.2;4.1.99;4.1.3;3.3.2;3.5.99;1.4.3;4.3.3;3.5.-;1.3.1;3.7.1;1.1.1;1.8.3,2.5.1;2.5.1|4.2.3;2.5.1;2.5.1|4.2.3;2.5.1|4.1.2;2.5.1|4.2.3;2.5.1|4.2.3;2.5.1|4.2.3;5.3.3|2.5.1|4.2.3;2.5.1|4.2.3;1.17.1|4.2.3|2.5.1;2.5.1|4.2.3;2.5.1|4.2.3;2.5.1|4.1.2;2.5.1;1.3.1;2.5.1
205,2.1.1;1.14.14;3.1.1;2.3.1;1.5.3;1.14.11;1.5.8;2.-.-;1.16.1;1.14.99;1.14.13;1.2.7;1.5.99;3.7.1,2.1.1|1.14.14|4.4.1|2.-.-;2.1.1|1.14.14;2.1.1|1.14.14;2.1.1|1.14.13;2.1.1|4.2.1;2.1.1|1.3.1;2.1.1|4.2.1;2.1.1|4.2.1;2.1.1|1.3.1;2.1.1|1.3.1;2.1.1|1.3.1;2.1.1|1.3.1;2.1.1|1.3.1;2.1.1|1.3.1;2.1.1|1.3.1;2.1.1|1.14.12;2.1.1|1.3.1;2.1.1|1.14.12;2.1.1|1.3.1;2.1.1|1.14.12;2.1.1|1.3.1;2.1.1|4.2.1;2.1.1|4.2.1;2.1.1|1.3.1;2.1.1|1.3.1;2.1.1|1.14.12;2.1.1|1.3.1;2.1.1|1.3.1;2.1.1|1.14.12;2.1.1|4.2.1;2.1.1|1.3.1;2.1.1|1.3.1;2.1.1|1.14.12;2.1.1|4.2.99;2.1.1|4.1.3;2.1.1|4.1.3;2.1.1|4.2.1;2.1.1|1.3.1;2.1.1|1.14.12;2.1.1|1.14.12;2.1.1|1.14.12;2.1.1|1.3.1;2.1.1|1.14.12;1.14.11|1.14.12;1.14.11|1.14.12;2.1.1|1.3.1;2.1.1|1.14.12;2.1.1|1.14.12;1.14.13|1.14.12;2.1.1|1.14.12;2.1.1|1.14.12;2.1.1|1.14.12;2.4.1|1.14.12;2.4.1|4.1.99;2.4.1|4.2.1;1.14.14;1.14.14;1.14.13;1.14.12;1.14.13;1.14.14;1.14.14;1.14.12;1.14.18;1.3.-;1.14.13;4.1.3;1.10.9;5.3.3;1.14.13;1.8.5;4.1.1;1.14.14;1.1.5;1.14.-;1.3.7;1.3.1;4.1.1;1.3.1;1.14.12;1.3.1;4.2.1;1.3.1;1.14.12;1.14.12;1.14.-;1.3.1;1.14.12;1.-.-;1.14.13;2.1.1;2.5.1;1.10.3;1.3.5
206,1.1.1|1.3.1;1.1.99|1.3.99;1.1.3|1.5.1;2.3.1|1.3.8;1.14.13|5.3.3;1.1.5|1.3.3;1.1.-|1.14.11;1.1.2|2.3.1;1.14.11|1.1.1;5.3.3|1.3.5;1.14.-|5.2.1;1.1.98|5.3.2;1.4.3|5.3.1;1.-.-|1.3.7;1.6.5|1.4.3;1.6.99|1.5.99;1.2.1|1.14.21;4.2.1|5.1.3;1.14.15|1.5.3;1.1.9|1.10.3;1.3.1|1.6.5;1.14.12|1.3.-;5.1.3|2.5.1;1.6.1|1.1.3;1.6.3|1.5.-;6.4.1|1.6.99;5.4.99|4.1.1;1.11.1|1.4.1;4.1.1|1.11.1;1.1.-;5.3.99;1.17.99;1.12.98;1.3.2;1.10.9;1.6.3;1.6.1;1.14.99;1.14.13;1.14.14;5.1.1;3.1.3;1.14.12;1.14.-;5.5.1;1.7.1;1.8.5;1.3.98,1.1.1|2.7.1|2.3.1|1.-.-;1.1.1|2.7.1|1.-.-;1.1.1|2.7.1;1.1.1|3.1.3;1.1.1|3.1.3;1.1.1|3.1.3;1.1.1|3.1.3;1.1.1|3.1.7;1.1.1|2.7.6;1.1.1|2.7.1;1.1.1|2.7.7;1.1.1|2.7.7;1.1.1|2.7.1;1.1.1|2.7.1;1.1.1|3.1.3;1.1.1|2.5.1;1.1.1|2.7.1;1.1.1|3.1.3;1.1.1|2.7.1;1.1.1|2.7.1;1.1.1|2.7.1;1.1.1|3.1.3;1.1.1|2.7.1;1.1.1|3.1.3;1.1.1|2.7.8;1.1.1|2.7.1;1.1.1|2.7.1;1.1.1|2.7.1;1.1.1|2.7.1;5.3.1|3.1.3;2.3.3|3.1.3;1.1.1|3.1.3;2.7.7;2.7.1;3.1.3;3.1.3;2.7.1;2.7.1;2.7.1;2.7.1;3.1.3;2.7.1;2.7.1;2.7.1;2.7.1;2.7.1;2.7.1;3.1.3;2.7.1;2.7.1;2.7.6;2.7.1;2.7.1;2.7.8;4.2.3;2.7.1;2.4.1;3.6.1;3.1.3;3.1.3;2.7.1
207,2.6.1|4.2.3;1.4.1|3.1.7|4.1.1|1.4.3;1.4.3|4.1.99|3.1.7|1.4.1;4.3.1|4.1.99|1.4.9;1.4.99|4.3.3;1.4.7;1.4.9|1.4.2;1.4.2|4.3.1;1.13.12;1.4.5|4.1.1;4.1.1|1.14.11;1.14.11|2.-.-;2.-.-|2.4.2;1.4.5,1.4.99|4.2.1|1.4.1;1.4.1|1.11.1|2.6.1;1.4.1|1.11.1|2.6.1;1.4.3|1.1.1|2.6.1;2.6.1|1.1.1|1.5.1;1.4.1|4.4.1;1.4.3;1.4.3;1.4.1;1.5.1;1.4.1;4.4.1;4.4.1;2.6.1;2.6.1;1.4.3;1.4.3;2.6.1;1.4.1;1.4.1;1.4.99;2.6.1;1.4.1;4.4.1;4.4.1;4.4.1;1.4.3;4.3.1
208,2.7.1;3.1.3;2.7.8;3.6.1;3.1.4;2.7.4;2.7.11;2.7.7;3.6.3;3.1.7;2.7.6;4.6.1;2.7.2;2.7.3;3.2.1;3.6.4;2.7.9;2.6.-;2.7.-;2.7.13;3.6.5;2.4.1;5.1.3;4.2.3;3.1.5;2.7.99;2.7.12;4.1.1;2.7.10;1.3.7;1.18.6;1.19.6;3.-.-,2.7.1|3.2.2|5.3.1;2.7.1|3.2.2|5.3.1;2.7.1|3.2.2|5.3.1;2.7.1|2.4.2|4.2.2;3.1.3|3.2.2|5.3.1;3.1.3|3.2.2|5.3.1;3.1.3|2.4.2|5.3.1;3.1.3|2.4.1|5.3.1;3.1.3|3.2.2|5.3.1;2.7.1|2.4.2|5.3.1;2.7.1|2.4.2|5.3.1;2.7.1|3.2.2|5.3.1;2.7.1|2.4.2|2.6.1;2.7.1|2.4.2|5.1.3;2.7.1|2.7.8|4.2.3;3.1.3|2.4.2|1.1.1;2.7.1|3.2.2|5.3.99;2.7.1|2.4.2|1.1.1;2.7.1|2.4.2|1.14.20;3.1.3|2.4.2|5.5.1;3.1.3|2.4.2|5.3.99;2.7.1|2.4.2|4.1.99;2.7.8|2.4.2|5.1.3;3.1.3|2.4.2|1.1.1;2.7.1|2.4.2|1.1.1;2.7.1|2.4.2|4.2.1;3.1.3|3.2.2|5.3.3;3.1.3|2.4.1|4.2.1;3.1.3|2.4.2|4.2.3;2.7.1|2.4.2|5.4.4;2.7.1|3.2.2|4.2.2;3.1.3|2.4.2|1.3.2;2.7.1|3.2.2|1.1.3;2.7.1|3.2.2|4.3.1;3.1.3|2.4.2|4.2.1;3.1.3|2.4.2|4.2.99;2.7.1|2.4.2|4.2.3;2.7.1|3.2.2|1.1.3;2.7.1|3.2.2|5.4.99;2.7.7|2.4.1|1.14.13;2.7.1|2.4.1|2.6.1;2.7.1|2.4.2|5.3.1;2.7.1|2.4.1|1.14.11;3.1.3|2.4.2|1.14.14;2.7.1|2.4.1|4.2.3;2.7.1|2.4.1|1.14.13;2.7.1|2.4.1|4.2.1;2.7.7|2.4.1|5.3.3;2.7.8|2.4.1|1.1.1;3.6.1|2.4.1|1.10.99;2.4.1|1.10.99;2.7.7|2.4.1|4.2.1;2.7.1|2.4.1|1.14.11;2.7.6|2.4.1|4.1.1;2.7.1|2.4.1|1.14.13;2.7.1|2.4.1|4.2.1;3.1.3|2.4.1|1.14.14;2.7.1|2.4.1|1.14.14;2.7.1|2.4.1|1.14.13;2.7.1|2.4.1|1.14.13;2.4.1|1.10.3;2.4.1|1.14.13;2.4.1;2.4.1;2.4.1;2.4.2;2.4.1;2.4.1;2.4.2;2.4.1;2.4.2;2.4.1;2.4.1;2.4.1;2.4.1;2.4.1;2.4.1;2.4.1;2.4.1;2.4.1;2.4.1;4.2.2
209,1.13.12|2.1.1;2.1.1|1.14.14;1.14.13|3.1.1;1.14.14|2.3.1;1.11.1|1.5.3;1.14.99|1.14.11;1.5.8;2.-.-;1.16.1;1.14.99;1.14.13;1.2.7;1.5.99;3.7.1,1.13.12|1.17.3|2.5.1;1.13.12|1.1.1|2.3.1;1.13.12|3.5.4;1.13.12|1.17.1;2.1.1|6.3.5;2.4.2|6.3.5;2.4.2|1.1.1;2.4.2|1.17.1;2.4.2|1.17.3;2.4.2
21,1.3.1;1.3.3|1.3.99;1.3.8|1.5.1;2.3.1|1.3.8;1.3.99|5.3.3;1.1.-|1.3.3;1.5.1|1.14.11;1.14.12|2.3.1;1.3.7|1.1.1;1.3.5;5.2.1;5.3.2;5.3.1;1.3.7;1.4.3;1.5.99;1.14.21;5.1.3;1.5.3;1.10.3;1.6.5;1.3.-;2.5.1;1.1.3;1.5.-;1.6.99;4.1.1;1.4.1;1.11.1;1.1.-;5.3.99;1.17.99;1.12.98;1.6.1;1.3.2;1.6.3;1.10.9;1.14.99;1.14.13;1.14.14;5.1.1;3.1.3;1.14.12;1.14.-;5.5.1;1.7.1;1.8.5;1.3.98,1.3.1|4.2.3|1.-.-;1.1.1|4.2.3|1.-.-;1.1.1|4.2.3;4.2.3;4.2.3;4.2.3;4.2.3;4.2.3;4.2.3;4.2.3;4.2.3;4.2.3;4.2.3;4.2.3;4.2.3;4.2.3|1.-.-;4.2.3;1.3.1|4.2.3;4.1.99|4.2.3;4.2.3|4.1.99;4.2.3;4.2.3;4.2.3;4.2.3;4.2.3;4.2.3;4.2.3;4.2.3|4.2.2;4.2.3;4.2.3;4.2.3;2.5.1|4.2.3;4.2.3;4.2.3;4.2.3|1.3.1;4.2.3;4.2.3|2.5.1;2.5.1|4.2.3;2.5.1|4.2.3;1.14.13|4.3.3;1.14.13|2.5.1;4.2.3|2.5.1;4.3.3|4.2.3;4.1.99|4.2.3;4.2.3;1.14.14|4.2.3;4.2.3;4.2.3;4.2.3;4.2.3;4.2.3;4.2.3;1.10.99|4.2.3;4.2.3;4.2.3;4.2.3;4.2.3;4.2.3;1.14.13|4.2.3;4.2.3;1.10.99|4.2.3;1.14.13|4.2.3;4.1.99|3.1.7;4.2.3|1.14.-;1.10.99;3.1.7;1.14.14;1.14.14;1.14.13;1.14.14;1.14.-;2.6.1;4.2.1;1.14.13;2.6.1;5.3.1;1.14.13;1.14.13;4.2.1;4.2.1
210,1.3.1;1.3.99;1.3.8;5.3.3;1.3.3;2.3.1;1.14.11;1.3.5;1.3.-;1.14.21;1.17.99;1.1.-;1.1.1;1.14.99;1.14.-;5.2.1;5.5.1;1.14.14;1.14.12;1.3.7;1.3.98,5.3.3;5.3.3;1.3.1;1.3.1;4.2.1;4.2.1;4.2.1;4.2.1;4.2.1
211,2.7.1|3.1.4;3.1.3|6.5.1;3.6.1|4.6.1;2.7.8;2.7.4;2.7.7;3.6.3;2.7.11;3.1.4;2.7.2;2.7.6;2.7.3;3.6.4;3.1.7;4.6.1;2.7.9;3.6.5;3.2.1;2.7.12;2.7.13;2.6.-;2.7.-;4.1.1;2.7.10;1.3.7;1.18.6;4.2.3;3.1.5;2.7.99;2.4.1;5.1.3;1.19.6;3.-.-,2.7.1|4.2.3;2.7.1|2.5.1;2.7.1|2.5.1;2.7.1|1.3.1;2.7.1|2.5.1;2.7.1;2.7.1;2.7.1;2.7.1;2.7.1;2.7.1;2.7.1;2.7.1;2.7.1;2.7.1;2.7.1;2.7.1;2.7.1;2.7.1;2.7.1;2.7.1;2.7.1;2.7.1;2.7.1;2.7.1;2.7.1;2.7.1;2.7.1;2.7.1;2.7.1;2.7.1;2.7.1;2.7.1;2.7.1;2.7.1;2.7.1;2.7.1;2.7.1;2.7.1;3.1.3;2.7.1;2.7.1;3.1.3;3.1.3;2.7.1;2.7.1;2.7.1;2.7.1;3.1.3;3.1.5;2.7.8
212,1.13.11;1.14.99;1.13.-;1.14.13;3.7.1;2.8.1;1.8.1;1.8.99;1.8.7,1.13.11;1.13.11;1.13.11;1.13.11;1.13.11;1.13.11;1.13.11;1.13.11;1.13.11;1.13.11;1.13.11;1.13.11;1.13.11;1.13.11;1.13.11;1.13.11
213,4.3.1|1.3.1;3.5.1|1.3.99;1.5.1;1.3.8;5.3.3;1.3.3;1.14.11;2.3.1;1.1.1;1.3.5;5.2.1;5.3.2;5.3.1;1.3.7;1.4.3;1.5.99;1.14.21;5.1.3;1.5.3;1.10.3;1.6.5;1.3.-;2.5.1;1.1.3;1.6.99;1.5.-;4.1.1;1.4.1;1.11.1;1.1.-;5.3.99;1.17.99;1.12.98;1.6.3;1.10.9;1.3.2;1.6.1;1.14.99;1.14.13;1.14.14;5.1.1;3.1.3;1.14.12;1.14.-;5.5.1;1.7.1;1.8.5;1.3.98,4.3.1|1.14.13|4.2.3|1.-.-;5.4.3|1.14.12|4.2.3|1.-.-;5.1.99|1.14.12|4.2.3;4.3.1|1.14.12|4.2.3;5.1.99|1.14.13|4.2.3;4.2.3;4.2.3;4.2.3;4.2.3;4.2.3;4.2.3|4.1.99;4.2.3;4.2.3;4.2.3;4.2.3;4.2.3|1.11.1;1.11.1|4.2.3;4.2.3;1.14.12|4.2.3;4.2.3|4.1.99;1.13.11|4.2.3;4.1.99|4.2.3;4.2.3;4.2.3;1.13.11|4.2.3;4.2.3;4.2.3;1.14.13|4.2.3;4.2.3;1.14.13|4.2.3;4.2.3;1.14.13|4.2.3;1.14.13|4.2.3;2.5.1|4.2.1;1.14.13|4.2.3;4.2.3;4.2.3;4.2.3;1.14.13|1.3.1;1.14.12|4.2.3;1.14.12|4.2.2;2.5.1|1.3.1;4.2.3|1.14.12;1.1.1|4.3.3;2.5.1|1.14.12;2.5.1|1.3.1;1.21.3|1.14.12;1.21.3|1.3.1;4.3.3|4.2.1;4.2.3|4.2.1;4.2.3|1.3.1;1.14.13|1.14.12;4.2.3|1.14.12;4.2.3|1.3.1;4.2.3|1.3.1;1.14.13|1.14.12;1.14.21|1.3.1;4.1.1|1.14.-;1.13.11|1.3.1;4.2.3|1.14.12;4.2.3|1.14.12;4.2.3|1.3.1;1.14.12;1.3.1;4.2.1;1.-.-;4.2.1;4.2.3;4.2.3;1.14.12;4.2.3;1.14.12;1.3.1;1.14.12;1.14.12;4.2.3;1.14.12;1.14.12;1.3.1;1.3.1;1.3.1;1.14.12;1.3.1;1.14.12;1.14.12;1.3.1;1.3.1;1.14.12;4.1.3;4.2.3;1.14.12;1.3.1;1.3.1;4.2.1;4.2.1;4.2.3;4.2.3;1.14.13;1.14.13;4.2.1;1.14.12;4.2.99;1.14.18;4.1.3;1.3.-;1.14.13
214,,4.1.99|5.3.3|1.-.-;5.5.1|1.14.13;4.2.3|4.2.1;4.2.3|4.2.1;4.2.3|4.2.1;1.14.13|1.3.1;1.14.13|1.3.1;4.2.3|4.2.1;4.2.3|4.2.1;4.2.3|2.1.1;4.2.3|1.14.-;4.2.3|4.2.1;2.1.1|4.2.1;5.4.1|1.14.13;5.4.1|1.14.-;2.1.1|4.1.3;2.1.1;1.10.99|4.2.1;1.14.-;1.3.1;1.14.21;1.3.-;1.14.14;1.14.14;1.-.-
215,1.3.1;1.3.99;1.5.1;1.3.8;5.3.3;1.3.3;1.14.11;2.3.1;1.1.1;1.3.5;5.2.1;5.3.2;5.3.1;1.3.7;1.4.3;1.5.99;1.14.21;5.1.3;1.5.3;1.10.3;1.6.5;1.3.-;2.5.1;1.1.3;1.5.-;1.6.99;4.1.1;1.4.1;1.11.1;1.1.-;5.3.99;1.17.99;1.12.98;1.10.9;1.6.1;1.6.3;1.3.2;1.14.99;1.14.13;1.14.14;5.1.1;3.1.3;1.14.12;1.14.-;5.5.1;1.7.1;1.8.5;1.3.98,4.2.3|1.-.-;4.2.3|1.-.-;4.2.3;4.2.3;4.2.3;4.2.3;4.2.3;4.2.3;4.2.3;4.2.3;4.2.3;4.2.3;4.2.3;4.2.3;4.2.3;4.2.3|1.11.1;4.1.99|4.2.3;4.2.3;4.2.3;4.2.3;4.2.3;4.2.3|1.14.13;4.2.3|2.5.1;4.2.3;4.2.3|1.14.12;4.2.3|1.14.12;4.2.3;4.2.3|1.14.12;4.2.3|1.13.11;4.3.3|1.14.12;4.2.3|1.14.21;4.2.3;4.1.99;1.14.14;4.2.3;1.14.14;1.14.14;4.2.3;4.2.3;1.14.13;4.2.3;4.2.3;4.2.3;1.14.12;1.14.12;1.14.12;4.1.3;1.14.12;1.14.12;1.14.12;1.14.12;4.2.1;1.14.12;1.14.12;1.14.14;1.14.14;1.14.14;1.14.14;1.14.-;1.14.12;4.2.1;4.2.1;4.2.1;4.2.1;1.14.12
216,1.8.4|4.2.1|1.8.1;1.8.1|2.5.1|1.8.4;4.4.1|1.11.1;2.3.1|1.8.98;2.9.1|1.17.4;2.8.1|1.8.3;2.1.1|2.8.1;3.5.1|1.8.5;3.5.99|2.8.4;4.5.1|1.5.4;1.1.1;4.3.1;3.3.1;3.8.1;3.5.5;1.17.1,1.8.4|4.1.3|4.2.1|1.11.1;1.8.2|2.5.1|4.4.1|1.8.1;4.4.1|2.5.1;4.1.3|2.8.1;4.1.3|2.5.1;4.1.2|4.1.3;2.5.1;2.5.1
217,,5.4.99;4.2.1;5.4.99;5.4.99;5.4.99;5.4.99;5.4.99;5.4.99;4.2.1;4.2.1;5.4.99;5.4.99;5.4.99;5.4.99;5.4.99;5.4.99;5.4.99;5.4.99;5.4.99;4.2.3;5.4.99;4.2.1;4.2.3;4.2.3;5.5.1;5.5.1;5.5.1;3.1.7;4.2.3;4.2.3;4.2.3;4.2.3;4.2.3;4.2.3;4.2.3;4.2.3;4.2.3;4.2.3;4.2.3;4.1.99;4.2.3
218,1.1.1|1.3.1;1.1.99|1.3.99;1.1.3|1.5.1;1.14.13|1.3.8;2.3.1|5.3.3;1.1.-|1.3.3;1.1.5|1.14.11;1.1.2|2.3.1;1.14.11|1.1.1;1.14.-|1.3.5;1.4.3|5.2.1;1.1.98|5.3.2;1.-.-|5.3.1;5.3.3|1.3.7;1.2.1|1.4.3;1.14.15|1.5.99;1.3.1|1.14.21;4.2.1|5.1.3;1.1.9|1.5.3;1.14.12|1.10.3;1.6.5;1.6.99|1.3.-;5.1.3|2.5.1;1.6.3|1.1.3;1.6.1|1.6.99;6.4.1|1.5.-;5.4.99|4.1.1;1.4.1;1.11.1;1.1.-;5.3.99;1.17.99;1.12.98;1.10.9;1.6.3;1.6.1;1.3.2;1.14.99;1.14.13;1.14.14;5.1.1;3.1.3;1.14.12;1.14.-;5.5.1;1.7.1;1.8.5;1.3.98,1.1.1|1.-.-|4.2.3;1.1.1|4.1.99|4.2.3|1.-.-;1.1.1|4.2.3;1.1.1|4.2.3;1.1.1|5.3.3|4.2.3;1.1.1|4.2.3;1.10.3|4.2.3;1.14.13|4.2.3;1.1.1|4.2.3;1.1.1|4.2.3|1.14.13;1.1.1|4.2.3;1.1.1|4.2.3;1.1.3|1.14.13|4.2.3;1.1.3|1.14.13|4.2.1;1.1.1|4.2.3|4.2.1;1.1.1|4.2.3;4.2.1|4.2.3;4.2.1|4.2.3;1.1.1|4.2.3;5.3.1|4.2.3;1.1.1|4.2.3|4.2.1;4.3.1|4.2.3|4.1.99;1.1.1|4.1.99|4.2.3;1.1.1|4.2.3|4.2.1;1.1.1|4.2.3|1.3.1;1.1.1|4.2.3|4.2.1;5.3.99|4.2.3|1.3.1;1.1.1|1.14.14|4.2.3;1.1.1|4.1.1|4.2.3;1.1.1|4.2.3;1.1.1|4.2.3;1.1.1|4.2.3;1.1.1|4.2.3;1.1.1|4.2.3|4.1.3;1.14.11|4.2.3;1.1.5|4.2.3;1.1.1|4.2.3;1.1.1|4.2.3;1.1.1|4.2.3;1.1.1|4.2.3|4.2.1;4.2.1|4.2.3;4.2.1|4.2.3;1.3.1|4.2.3;1.3.2|1.3.1|2.5.1;1.1.3|4.2.99|2.1.1;1.1.1|1.14.-|4.2.3;1.1.1|1.3.-|1.3.1;1.1.1|4.2.3|1.14.-;4.2.1|1.3.1;4.2.1|1.3.1;1.1.1|1.3.1;1.1.1|2.5.1|1.3.1;5.1.3|4.2.3|1.3.1;1.1.1|1.3.1;1.1.1|5.4.99|2.5.1;1.1.1|4.2.1|2.5.1;2.1.1|1.1.1|4.2.3;4.2.1|4.2.3|5.3.3;5.1.3|1.10.99|4.2.3;1.1.1|1.10.99|4.2.3;5.1.3|4.2.3;1.1.1|1.10.99|4.2.3;2.1.3|2.5.1|4.2.3;1.1.3|2.5.1|4.2.3;1.14.13|4.2.3;1.14.13|4.2.3|1.3.-;5.3.3|4.2.3;5.1.3|5.3.99|4.2.3;1.1.1|4.2.3;1.1.1|4.2.3|1.14.21;1.1.1|4.3.3|4.2.3;1.1.1|5.3.99|4.2.3;1.1.1|2.2.1|4.2.3;5.1.3|1.14.20|1.14.-;1.1.1|4.2.3|3.1.7;1.1.1|1.3.1|4.2.3;1.1.1|1.3.1|2.5.1;1.1.1|5.3.99|1.14.-;1.1.1|4.2.3|2.1.1;1.1.1|4.2.3;1.1.1|4.2.3;1.1.1|1.14.14;1.1.1|1.14.14;1.1.1|4.2.3;1.1.1|4.2.3;1.1.1|4.2.3;1.1.1;1.1.1;1.1.1;1.14.-;1.1.3;1.14.-;1.3.3;1.1.1;5.1.3
219,1.14.11|1.2.1|2.4.2|3.1.1|1.14.13;1.14.13|4.2.1|3.2.2|6.1.1|1.2.4;1.14.15|1.2.3|2.4.1|2.5.1;1.17.1|1.1.1|1.14.14|2.4.1;1.14.99|3.5.1|1.14.11|2.1.1;1.14.14|1.2.2|2.7.8|2.7.2|1.14.18;1.14.-|2.3.1|3.5.1|3.6.1|1.14.16;2.5.1|1.2.-|6.3.4|2.7.1|1.14.15;1.5.8|1.14.13|4.3.3|1.1.1|1.14.99;1.17.99|1.14.99|4.1.3|6.2.1|1.14.-;2.1.1|1.2.7|2.6.1|6.3.4|1.17.1;4.3.2|1.1.3|2.7.7;1.5.3|1.5.1|2.3.1;1.2.99|3.2.1;1.14.11|1.2.1;3.7.1;6.1.2;2.7.4,3.2.2|4.1.99|2.3.1|3.1.1|2.4.2|1.3.8|1.1.3|1.14.11;3.2.2|1.13.12|3.1.1|2.4.2|1.3.1|3.1.2|1.2.5;3.2.-|1.1.1|3.1.1|2.4.2|3.7.1;2.4.2|4.2.1|4.1.1|3.1.1;3.2.2|4.1.1|2.4.2|3.7.1;2.4.2|1.1.1|1.13.99;3.2.2|1.1.1|2.4.2;2.4.2|1.2.1|1.14.14|1.1.1;3.2.2|2.3.1|2.4.2|1.1.1;2.4.2|4.1.1|1.1.1;3.2.2|4.1.1|2.4.2;3.2.2|4.1.1|2.4.2|4.2.1;2.4.2|4.1.1|1.3.3;2.4.2|4.1.1|2.5.1;3.2.2|4.1.1|2.4.2;3.2.2|4.1.1|2.4.2;2.4.2|1.14.13;2.4.2|4.1.1;3.2.2|4.1.1|2.4.2;2.4.2|2.3.1;2.4.2|1.14.13;3.2.2|4.1.1|2.4.2;3.2.2|4.1.1|2.4.2;3.2.2|1.14.13|2.4.2;2.4.2|4.1.1|3.2.2;2.4.2|4.1.1;3.2.2|4.1.1|2.4.2;2.4.2|4.1.1;2.4.2|1.14.13;2.4.2|1.3.1;2.4.2|1.14.13|3.2.2;2.7.8|1.1.1|3.2.2;2.4.2|1.14.13;2.4.2|4.1.1;2.4.2|1.1.1;2.4.2|1.14.13;2.4.1|1.1.1|3.2.2;2.4.2|1.1.1|2.4.1;2.4.2|1.14.13|2.4.1;4.1.1|2.4.2;4.1.1|2.4.2;1.2.1|2.4.2;1.1.1|2.4.2;1.14.13;4.1.1;1.14.13;4.1.1;4.1.1;4.1.1;4.1.1;1.1.1;4.1.1;1.11.1;1.1.1;1.1.1;1.14.13;4.1.1;4.1.1;1.14.13;4.1.1;1.14.13
22,2.1.1;1.14.14;3.1.1;2.3.1;1.5.3;1.14.11;1.5.8;2.-.-;1.16.1;1.14.99;1.14.13;1.2.7;1.5.99;3.7.1,2.1.1|1.14.12|2.-.-;2.1.1|1.14.12|2.5.1;2.1.1|1.14.12|2.3.1;2.1.1|1.14.12;2.1.1|1.14.12;2.1.1|1.14.12;2.1.1|4.1.99;2.1.1|1.14.12;2.1.1|1.14.12;2.1.1|1.14.12;2.1.1|4.2.1|4.3.3;2.1.1|1.14.12;2.1.1|1.14.12|4.2.1;2.1.1|1.14.12;2.1.1|1.14.12;2.1.1|1.14.12;2.1.1|1.14.12;2.1.1|1.14.12;2.1.1|1.14.12;2.1.1|4.3.3|1.14.12;2.1.1|1.14.12;2.1.1|1.14.12;2.1.1|4.2.1;2.1.1|4.2.1|1.14.12;2.1.1|1.14.12|4.2.1;2.1.1|4.1.3;2.1.1|4.2.1;2.1.1|4.2.1;2.1.1|4.2.1;2.1.1|4.2.1;2.1.1|1.14.12;2.1.1|1.14.12;2.1.1|1.14.12;2.1.1|1.14.12;2.1.1|1.14.12;2.1.1|1.14.14;2.1.1|1.14.14;2.1.1|1.14.14;2.1.1|1.14.12;2.1.1|1.13.11;2.1.1|1.-.-|4.2.1;2.1.1|4.2.1|1.-.-;2.1.1|1.14.13;2.1.1|2.5.1;2.1.1|1.14.14;2.1.1|1.14.14;2.1.1|1.14.12|4.2.1;1.14.11|4.2.1|1.14.12;1.14.11|1.14.14;1.14.11|1.14.14;1.14.11|1.14.13;1.14.-|4.2.99;4.2.99|4.1.3;4.1.3;4.1.3|1.14.-;1.14.-;1.14.13;1.14.14;1.14.13;1.14.14;4.1.1
220,,
221,,1.1.1;1.1.1;1.1.1;1.1.1;1.1.1;1.1.1;1.14.13;1.1.1;1.1.1;1.1.1;1.14.13;1.1.1;1.1.1;1.1.1;1.1.1;1.1.1;1.14.-;1.14.14;1.14.14;5.5.1;1.14.11;1.14.11;3.7.1;1.14.13;1.14.13;1.1.1;2.1.1;4.1.99;5.4.1;5.4.1;2.1.1;2.1.1;5.3.99;2.1.1;4.2.3;4.2.3;2.1.1;4.2.3;2.1.1;4.2.3;4.2.3;4.2.3;4.2.3;4.2.3;4.2.3;4.2.3;1.14.13
222,1.14.13|1.3.1;1.14.14|1.3.99;1.14.11|1.5.1;1.14.15|1.3.8;1.14.16|5.3.3;1.14.99|1.3.3;1.14.-|1.14.11;1.14.18|2.3.1;1.17.1|1.1.1;1.1.1|1.3.5;1.13.11|5.2.1;1.10.99|5.3.2;1.10.3|5.3.1;1.97.1|1.3.7;3.5.3|1.4.3;3.7.1|1.5.99;1.6.6|1.14.21;1.17.99|5.1.3;1.2.1|1.5.3;1.3.99|1.10.3;1.3.7|1.6.5;1.14.20|1.3.-;4.1.99|2.5.1;1.-.-|1.1.3;1.14.12|1.5.-;1.17.3|1.6.99;1.7.3|4.1.1;1.14.17|1.4.1;1.17.7|1.11.1;1.1.-;5.3.99;1.17.99;1.12.98;1.6.3;1.10.9;1.6.1;1.3.2;1.14.99;1.14.13;1.14.14;5.1.1;3.1.3;1.14.12;1.14.-;5.5.1;1.7.1;1.8.5;1.3.98,1.14.13|2.3.1|4.4.1|1.-.-;1.14.13|4.4.1|4.2.3|1.-.-;1.14.13|4.2.3;4.2.3;4.2.3;4.2.3;4.2.3;4.2.3;4.2.3;4.2.3;4.2.3;4.2.3
223,,
224,4.2.1|2.1.1;2.5.1|1.14.14;4.4.1|3.1.1;2.3.1;2.9.1|1.5.3;2.8.1|1.14.11;2.1.1|1.5.8;3.5.1|2.-.-;3.5.99|1.16.1;4.5.1|1.14.99;1.1.1|1.14.13;4.3.1|1.2.7;3.3.1|1.5.99;3.8.1|3.7.1;3.5.5;1.17.1,4.4.1|2.1.1|2.-.-;4.2.1|2.1.1|1.1.99;4.1.3|2.5.1|4.4.1;4.1.3|4.2.1
225,2.1.1;1.14.14;3.1.1;2.3.1;1.5.3;1.14.11;1.5.8;2.-.-;1.16.1;1.14.99;1.14.13;1.2.7;1.5.99;3.7.1,2.1.1|1.4.1|2.-.-;1.5.3|4.3.3|2.5.1;2.1.1|2.3.1;4.3.2;1.5.3;2.5.1;1.5.3;2.1.1;2.5.1;2.5.1;1.5.3
226,2.7.1|3.1.4;3.1.3|6.5.1;3.6.1|4.6.1;2.7.8;2.7.4;2.7.7;3.6.3;2.7.11;3.1.4;2.7.2;2.7.6;2.7.3;3.6.4;3.1.7;4.6.1;2.7.9;3.6.5;3.2.1;2.7.12;2.7.13;2.6.-;2.7.-;4.1.1;2.7.10;1.3.7;1.18.6;4.2.3;3.1.5;2.7.99;2.4.1;5.1.3;1.19.6;3.-.-,2.7.1|4.2.3;2.7.1|2.5.1;2.7.1|2.5.1;2.7.1|2.9.1;3.1.3;3.1.3;2.7.1;2.7.1;2.7.1;2.7.1;2.7.1;2.7.1;2.7.1;2.7.1;2.7.1;2.7.1;2.7.8;2.7.1;2.7.1;2.7.1;2.7.1;2.7.1;2.7.1;2.7.1;2.7.1;2.7.1;2.7.1;2.7.1;2.7.1;2.7.1;2.7.1;2.7.1;2.7.1;2.7.1;3.1.3;2.7.1;3.1.3;2.7.1;2.7.1;2.7.1;2.7.1;2.7.1;2.7.1;2.7.1;2.7.1;2.7.1;2.7.1;2.7.1;2.7.1;2.7.1;2.7.1;2.7.1;3.1.3;2.7.1;3.1.3;3.1.3;3.1.3;3.1.3;3.1.3
227,4.1.1|1.2.1;6.4.1|4.2.1;2.1.3|1.2.3;1.3.8|1.1.1;1.1.1|3.5.1;1.2.2;2.3.1;1.2.-;1.14.13;1.14.99;1.2.7;1.1.3;1.5.1;1.2.99;1.14.11,4.1.1|1.14.13;4.1.1;1.14.13;1.14.13|1.11.1;1.14.13;1.14.13|4.1.1;4.1.1|1.14.13;4.1.1;1.14.13|1.13.12;4.1.1|2.3.1;4.1.1|1.3.1;1.14.13|4.1.1;4.1.1|1.14.13;4.1.99|1.2.1;4.1.1|3.5.1;2.4.2|1.14.13;4.1.1;4.2.1;4.2.1;1.14.13;4.1.1;4.1.1;1.13.12;2.3.1;1.14.13;2.3.1;1.2.1;4.1.1;4.1.1;1.14.13;4.1.1;4.1.1
228,2.7.1|2.4.1;3.1.3|3.2.1;2.7.8|2.4.2;3.6.1|3.1.4;3.1.4|6.1.1;2.7.4|4.2.2;2.7.11|5.1.3;2.7.7|6.5.1;3.6.3|3.1.1;3.1.7|2.4.99;2.7.6|4.2.1;4.6.1|3.1.3;2.7.2|3.6.1;2.7.3|2.7.8;3.2.1|4.3.3;3.6.4;2.7.9;2.6.-;2.7.-;2.7.13;3.6.5;2.4.1;5.1.3;4.2.3;2.7.99;3.1.5;2.7.12;4.1.1;2.7.10;1.3.7;1.18.6;1.19.6;3.-.-,2.7.8|2.4.1;3.1.3|2.4.1;3.1.3|2.4.1;3.1.3|2.4.1;2.7.1|2.4.1;3.1.3|2.4.2;2.7.1|2.4.1;2.7.1|2.4.1;2.7.1|2.4.1;3.1.3|2.4.1;2.7.1|2.4.1;2.7.1|2.4.1;3.1.3|2.4.2;3.1.3|2.4.1;2.7.1|2.4.1;2.7.1|2.4.1;2.7.1|2.4.2;2.7.1|2.4.1;2.7.1|2.4.1;2.7.1|2.4.2;3.1.3|2.4.2;3.1.3|2.4.1;2.7.1|2.4.99;2.7.1|2.4.1;2.7.1|2.4.2;2.4.1;2.7.1|2.7.8;2.7.1|2.4.1;2.7.1|4.2.3;2.7.1|2.4.1;3.1.3|2.4.2;2.7.6|2.4.99;2.7.8|3.6.1;3.1.3|2.4.2;3.1.3|2.4.2;2.7.7|2.4.1;2.7.7;3.1.3;3.1.3;2.7.1;2.7.1;2.7.1;3.1.3;2.7.1;2.7.1;2.7.1;2.7.1;2.7.1;2.7.1;2.7.1;3.6.1;3.1.3;2.7.7;2.7.1;2.7.7;2.7.7;2.7.7
229,3.5.1|2.3.1|2.4.1|3.1.4;6.3.5|6.2.1|6.1.1|6.5.1;6.3.1|3.1.1|4.6.1;1.4.1|3.1.2|3.2.1;4.3.3|1.2.1|2.4.2;6.3.4|6.1.1|3.1.4;2.6.1|2.3.2|5.1.3;1.4.7|2.3.3|6.5.1;2.4.2|1.2.7;4.1.3|3.5.1;3.5.5|3.7.1;2.3.1|3.2.1;2.1.2|2.1.3;6.3.2|1.2.4;3.5.4|1.8.1;1.1.1;1.-.-;4.1.3;2.3.-;2.5.1;2.8.3;4.4.1;2.1.1;6.1.2;1.2.3;2.6.1;3.5.3;6.3.2;6.3.1;6.3.4,6.3.5|6.1.1|4.2.3|2.5.1|1.4.1;6.3.1|6.1.1|4.2.3|1.2.1|3.5.1;6.3.5|6.1.1|4.2.3|2.5.1|2.3.2;6.3.2|6.1.1|4.2.3|2.5.1|6.2.1;6.3.2|6.1.1|4.2.3|2.9.1|6.3.1;6.3.2|6.1.1|4.2.3|6.2.1;6.3.2|6.1.1|4.2.3|3.5.1;6.3.2|6.1.1|4.2.3;6.3.2|6.1.1|4.2.3|2.3.2;6.3.2|6.1.1|4.2.3|2.3.2;3.5.1|6.1.1|4.2.3;1.4.1|6.1.1|4.2.3|2.3.2;6.3.2|6.1.1|4.2.3|3.5.1;6.1.1|4.2.3|2.3.2|6.3.2;2.3.2|4.2.3|6.1.1;6.1.1|4.2.3;1.2.1|4.2.3|6.1.1;6.1.1|4.2.3;6.1.1|4.2.3;6.1.1|4.2.3;2.3.2|4.2.3|6.1.1;6.1.1|4.2.3;6.1.1|4.2.3;6.1.1|4.2.3;6.1.1|4.2.3;2.3.1|4.2.3|6.1.1;6.1.1|4.2.3|2.4.1;2.3.1|4.2.3|2.4.1;2.3.1|4.2.3|2.4.1|2.1.3;2.1.3|2.4.1|2.3.1|4.3.3;3.2.1|2.4.1|2.3.1|4.2.3;2.3.1|4.2.3;2.3.1|3.2.1|4.1.2;2.3.1|4.1.2;2.3.1|4.1.2;2.3.1|2.2.1;2.3.1|1.-.-|4.1.99;1.-.-|2.3.1|1.11.1;2.3.1|2.2.1;2.3.1;2.3.1
23,1.14.13|2.5.1|3.1.4;4.1.1|2.1.1|6.5.1;1.14.14|3.3.2|4.6.1;2.5.1|3.8.1;1.14.11|4.4.1;2.1.1|3.3.1;1.14.99|1.17.1;1.14.15|2.3.1;1.17.4|4.2.1;1.14.-|2.8.1;1.97.1|1.14.13;1.2.4|4.1.3;1.14.16|4.99.1;1.14.18|6.3.4;1.17.1|2.6.1;3.5.99|1.3.1;2.2.1|2.9.1;4.2.1|3.5.99;3.7.1;1.14.12;1.14.21;2.3.1;3.5.4;3.8.1;1.11.1;1.17.99;4.1.3;4.1.2;1.7.2;3.1.1;1.5.99;1.22.1;4.1.99;1.1.1;1.1.4;1.10.99;1.13.11;1.17.2;1.10.3;1.3.99;2.8.1;1.17.3;6.4.1;1.7.3;6.3.4;2.1.2;1.7.1;2.4.1;1.4.-;1.3.1;1.3.7;3.13.1;3.2.-;1.14.20;2.1.3;3.11.1;3.5.3;1.5.1;4.99.1;4.7.1;2.8.4;1.13.12;4.4.1;1.3.8;1.-.-;1.17.7;2.6.3,1.10.9|2.5.1;1.14.13|2.5.1;2.1.1|2.5.1;1.10.9|2.5.1;1.14.13|2.5.1|4.2.3;1.1.5|2.5.1;1.14.13|2.5.1|4.2.3;1.3.1|2.5.1|4.2.3;1.3.1|2.5.1|4.2.3;1.8.5|2.5.1;1.3.1|2.5.1;1.3.1|2.5.1;1.3.1|2.5.1|4.2.3;1.10.3|2.5.1|4.1.2;1.3.1|2.5.1;4.2.1|2.5.1;1.3.1|2.5.1;1.3.1|2.5.1;1.3.1|2.5.1;1.14.18|2.5.1;4.2.1|2.5.1;1.14.18;1.3.1;1.3.1;1.3.1;5.3.3;1.3.1;1.3.1;1.14.13;1.3.1;4.2.1;1.3.1;1.3.1;1.3.1;1.14.18;1.3.1;4.2.1;1.3.1;1.3.1;1.14.13;4.2.1;1.3.7;1.14.12;1.14.12;4.2.1;1.14.12;1.14.13;4.2.1;4.2.1;1.14.14
230,2.3.1|2.1.1;3.1.1|1.14.14;6.2.1|3.1.1;3.1.2|2.3.1;1.2.1|1.5.3;6.1.1|1.14.11;2.3.3|1.5.8;2.3.2|2.-.-;1.2.7|1.16.1;3.5.1|1.14.99;3.7.1|1.14.13;3.2.1|1.2.7;2.1.3|1.5.99;1.2.4|3.7.1;1.8.1;1.1.1;4.1.3;2.5.1;2.3.-;2.8.3;4.4.1;2.1.1;1.-.-;6.1.2;3.5.3;1.2.3;2.6.1;6.3.1;6.3.4;2.1.2;2.2.1,3.1.1|2.1.1|2.3.1;2.3.1|2.1.1;2.3.1|2.1.1|3.1.1;2.3.1;2.3.1;2.3.1|3.1.1;3.1.1|2.3.1;2.3.1;2.3.1;2.3.1;2.3.1;2.3.1|3.1.1;3.1.1|2.3.1;2.3.1;3.1.1;3.1.1|2.3.1;2.3.1;2.3.1;2.3.1;3.1.1;6.1.1;3.1.1
231,1.14.13;1.14.15;1.14.11;1.14.14;1.14.16;1.14.99;1.14.18;1.14.-;1.17.99;1.17.1;1.17.7;1.10.3;1.97.1;1.13.11;1.10.99;1.3.7;1.14.20;1.3.99;1.-.-;1.2.1;1.1.1;4.1.99;4.3.2,1.14.13;1.14.15;1.14.15;1.14.13;1.14.15;1.14.12;1.14.13;1.14.17
232,1.5.1|1.3.1;1.5.99|1.3.99;1.4.3|1.5.1;1.5.-|1.3.8;1.12.98|5.3.3;1.4.1|1.3.3;1.5.7|1.14.11;1.5.3|2.3.1;2.5.1|1.1.1;1.3.5;5.2.1;5.3.2;5.3.1;1.3.7;1.4.3;1.5.99;1.14.21;5.1.3;1.5.3;1.10.3;1.6.5;1.3.-;2.5.1;1.1.3;1.6.99|1.5.-;1.5.-|1.6.99;4.1.1;1.4.1;1.11.1;1.1.-;5.3.99;1.17.99;1.12.98;1.6.3|1.3.2|1.6.1;1.3.2|1.6.3|1.10.9;1.6.1|1.6.3;1.10.9|1.3.2;1.14.99;1.14.13;1.14.14;5.1.1;3.1.3;1.14.12;1.14.-;5.5.1;1.7.1;1.8.5;1.3.98,1.5.1|2.4.2|1.17.3|1.-.-;1.5.1|1.17.3|3.5.4|1.-.-;1.14.13|1.1.1|3.5.4;1.14.-|3.5.4;1.3.1|3.5.4;3.5.4|1.1.1;3.5.4;6.3.5|6.3.4;1.17.1|3.5.4;3.5.4;6.3.5|3.5.4;1.17.1|1.14.13;1.1.1|3.5.4;1.17.3|1.2.3;1.17.3|3.5.4;2.4.2|3.5.4;1.17.3|3.5.4;6.3.4|3.5.4;1.14.14|3.5.4;3.5.4|1.2.3;3.5.4;3.5.4;1.14.12;2.5.1;1.11.1
233,3.2.2|2.4.2;2.4.2|3.2.2;2.4.1;3.5.1|6.3.4;6.3.4|4.3.3;4.3.3|2.7.8;1.14.14;2.7.8|1.14.11;1.14.11|3.5.1;2.4.99;2.6.1;4.1.3,2.4.2|1.4.3|1.14.99|3.2.2;2.4.99|1.4.3|3.2.2;4.2.1|2.4.2;4.3.3|2.4.2;1.13.11|2.4.2;1.13.11|2.4.2;4.2.1|2.4.2;2.6.99|2.4.2;4.1.3|2.4.2;2.4.2;2.4.2;2.4.2;2.4.2;2.4.2;2.4.2;2.4.2;2.4.2;2.4.2;2.4.2;2.4.2;2.4.2;2.4.2;2.4.2;2.4.2;2.4.2;2.4.2;2.4.2;2.4.2;2.4.1;2.4.2;2.4.2;3.2.2;2.4.1;2.4.2;3.2.2;2.4.2;2.4.2;2.4.2;2.4.2;2.4.2;2.4.2;2.4.2;1.14.14
234,2.4.2|3.2.2;3.2.2|2.4.2;2.4.1|3.5.1;1.14.14|2.4.1;1.14.11|4.3.3;2.7.8|6.3.4;3.5.1;6.3.4;4.3.3;4.1.3;2.6.1,2.4.2|3.2.2;2.4.2|3.2.2;2.4.2|3.2.2;2.4.2|3.2.2;2.4.2;2.4.2|3.2.-;2.4.2|3.2.2;2.4.2|3.2.2;2.4.2;2.4.2|3.2.2;2.4.2;2.4.2|3.2.2;2.4.2|3.2.2;2.4.2|3.2.2;2.4.2|3.2.2;2.4.2;1.14.14|3.2.2;2.4.2|3.2.2;2.4.2|3.2.2;3.2.2|2.4.2;2.4.2;2.4.2;2.4.2;2.4.2;3.2.2|2.4.2;2.4.2;2.4.2;2.4.2|2.7.8;2.4.2;2.4.2;2.4.2;3.2.2|2.4.2;3.2.2|2.4.2;2.4.2|2.4.1;2.4.1|2.4.2;2.4.2;2.4.1|2.4.2;2.4.2;2.4.2;2.4.2;2.4.2;2.4.2;2.4.2
235,2.7.1;3.1.3;3.6.1;2.7.8;2.7.4;2.7.7;3.6.3;2.7.11;3.1.4;2.7.2;2.7.6|3.6.4;2.7.3|2.7.6;3.6.4|2.7.3;3.1.7;4.6.1;2.7.9;3.6.5;3.2.1|2.7.12;2.7.12|3.2.1;2.7.13;2.6.-|4.1.1;2.7.-|2.6.-;4.1.1|2.7.-;2.7.10|1.3.7;1.3.7|1.18.6;1.18.6|2.7.10;4.2.3;3.1.5|2.7.99;2.7.99|3.1.5;2.4.1;5.1.3;1.19.6;3.-.-,2.7.1|4.2.2;2.7.1|2.4.2|4.1.99;2.7.1|4.3.3|1.14.12;2.7.1|4.1.99|1.14.12;3.1.3|4.2.3|1.14.12;3.1.3|4.2.3|1.14.12;2.7.1|4.2.3|1.14.12;2.7.1|4.2.3|1.14.12;2.7.1|4.2.3|1.14.12;2.7.1|4.2.3|1.14.12;2.7.1|1.14.12;2.7.1|1.14.12;2.7.1|1.14.12;2.7.1|1.14.12;2.7.1|1.14.12;2.7.1|1.14.12;2.7.8|1.14.12;2.7.1|1.14.12;2.7.1|1.14.12;2.7.1|1.14.12;2.7.1|1.14.12;2.7.1|1.14.12;2.7.1|1.14.12;2.7.1|1.14.12;2.7.1|1.14.12;2.7.1|4.2.1;2.7.1|4.2.1;2.7.1|1.14.12;2.7.1|4.2.1;2.7.1;2.7.1;2.7.1;2.7.1;2.7.1;3.1.3;2.7.1;3.1.3;2.7.1;2.7.1;2.7.1;2.7.1;2.7.1;2.7.1;2.7.1;2.7.1;2.7.1;2.7.1;2.7.1;2.7.1;2.7.1;2.7.1;2.7.1;3.1.3;2.7.1;3.1.3;3.1.3;3.1.3;3.1.3;3.1.3
236,1.1.1|1.3.1;1.1.99|1.3.99;1.1.3|1.5.1;2.3.1|1.3.8;1.14.13|5.3.3;1.1.5|1.3.3;1.1.-|1.14.11;1.1.2|2.3.1;5.3.3|1.1.1;1.14.11|1.3.5;1.14.-|5.2.1;1.1.98|5.3.2;1.4.3|5.3.1;1.-.-|1.3.7;1.6.5|1.4.3;1.6.99|1.5.99;1.2.1|1.14.21;5.1.3;4.2.1|1.5.3;1.14.15|1.10.3;1.1.9|1.6.5;1.3.1|1.3.-;1.6.3|2.5.1;1.6.1|1.1.3;1.14.12|1.5.-;6.4.1|1.6.99;5.4.99|4.1.1;1.11.1|1.4.1;4.1.1|1.11.1;1.1.-;5.3.99;1.17.99;1.12.98;1.6.1;1.6.3;1.3.2;1.10.9;1.14.99;1.14.13;1.14.14;5.1.1;3.1.3;1.14.12;1.14.-;5.5.1;1.7.1;1.8.5;1.3.98,1.14.-|1.10.99|1.-.-;1.1.1|4.2.3|4.1.99|1.-.-;1.1.1|4.2.3|5.3.3;1.1.1|4.2.3;1.1.1|4.2.3;1.1.1|4.2.3;1.1.1|4.2.3;1.1.1|4.2.3|5.3.99;1.1.1|4.2.3;1.1.1|4.2.3;1.1.1|4.2.3;1.1.1|4.2.3;1.1.1|4.2.3;1.1.1|4.2.3;1.1.1|4.2.3;1.1.1|4.2.3;1.1.1|4.2.3;1.1.1|4.2.3;1.1.1|4.1.99|4.2.3;1.1.1|4.2.3;5.3.3|4.2.3;1.1.1|4.2.3|4.1.99;1.1.1|4.2.3;1.1.1|4.2.3;1.3.99|4.2.3;1.14.13|4.2.3;1.14.13|4.2.3;1.1.1|4.2.3;1.1.1|4.2.3;1.1.1|4.2.3;1.14.99|4.2.3;1.1.1|4.2.3;1.14.99|1.3.1|4.2.3;1.1.1|2.5.1|1.3.1;1.1.1|4.2.3|2.5.1;1.1.1|2.5.1|4.2.3;1.1.1|2.5.1;1.1.1|4.2.3|2.5.1;1.1.1|4.2.3;1.1.1|4.2.3|5.3.99;1.1.1|4.2.3;1.1.3|4.2.3;1.1.1|4.2.3;1.1.1|4.2.3;1.1.1|4.2.3;1.1.1|4.2.3;1.14.-|4.2.3;1.1.1|4.2.3;1.14.-|4.2.3;1.1.1|4.2.3;1.1.1|4.1.1;1.1.1|4.2.3;1.1.1|1.14.13;1.1.1|4.1.1;1.14.11|4.2.3;1.1.1|4.2.3;1.14.13|3.1.7;1.1.1|4.2.3;1.1.1|4.2.3;4.2.3;1.3.1;1.3.1;4.2.1;4.2.1;2.5.1;4.2.1;4.2.1;4.1.3;4.2.1;5.3.3;4.2.1;4.2.1;1.14.-;4.2.1;2.1.1
237,2.7.1|2.7.2;3.1.3|2.7.1;3.6.1;2.7.8|6.3.4;2.7.4|6.2.1;2.7.7|2.7.4;3.6.3|2.7.7;2.7.11|3.6.3;3.1.4|2.7.8;2.7.2|1.2.1;2.7.6|2.7.11;2.7.3|3.6.4;3.6.4|2.7.3;3.1.7|2.7.6;4.6.1|3.6.5;2.7.9;3.6.5;3.2.1;2.7.12;2.7.13;2.6.-;2.7.-;4.1.1;2.7.10;1.3.7;1.18.6;4.2.3;2.7.99;3.1.5;2.4.1;5.1.3;1.19.6;3.-.-,4.1.2|2.7.1;4.1.2|2.7.1|2.7.2|2.2.1;4.1.2|2.7.1|2.7.2;2.2.1|2.7.1|2.7.2|4.1.2;2.2.1|2.7.1|2.7.2|4.1.2;3.1.3|2.7.1|2.7.2|4.1.2;2.7.1|2.7.2|5.3.1;2.7.1|2.7.2|3.1.1;2.7.1|2.7.2|2.2.1;2.7.1|3.1.1;4.1.1|2.7.1|1.1.1;4.1.2|2.7.1|1.1.1;2.2.1|2.7.1|1.1.1;2.7.1|1.1.1;2.7.1|5.3.1;2.7.1|5.3.1;2.7.1|5.3.1;2.7.1|5.3.1;2.7.1|4.1.2;2.7.1|1.1.3;2.7.1|5.5.1;3.1.3|4.1.3;2.7.1|2.2.1;2.7.1;2.7.1;2.7.1;2.7.1;2.7.1;2.7.1;2.7.1;2.7.1;2.7.1;2.7.1;2.7.1;2.7.1;2.7.1;2.7.1;2.7.1;2.7.1;3.1.3;2.7.1;3.1.3;3.1.3;2.7.1;2.7.1;2.7.1;2.7.1;2.7.8;2.7.1;2.7.1;2.7.1;3.1.3;3.1.3
238,5.5.1;5.3.3,1.11.1
239,2.4.1;3.2.1;2.4.2;3.1.4;4.2.2|6.1.1;5.1.3|4.2.2;6.5.1|5.1.3;2.4.99|6.5.1;6.1.1|3.1.1;4.2.1|2.4.99;3.1.3|4.2.1;3.6.1|3.1.3;2.7.8|3.6.1;3.1.1|2.7.8;4.3.3,2.4.1|4.2.3|4.1.99;2.4.1|1.1.1|4.2.2;2.4.1|1.1.1|1.14.13;2.4.1|1.14.13|5.5.1;2.4.1|1.13.99|1.11.1;2.4.1|5.3.1|4.1.1|2.4.2;2.4.1|5.5.1|1.14.13;2.4.1|5.3.1|1.14.13;3.2.1|5.3.1|2.4.1;3.2.1|5.3.1|2.6.1|2.4.1;3.2.1|5.3.1|4.3.3|2.4.1;2.4.1|5.3.1|1.21.3;2.4.1|5.3.1|1.21.3;3.2.1|5.3.1|2.4.1;2.4.1|5.3.1|2.4.2;3.2.1|5.3.1|2.4.1;2.4.1|1.3.2;2.1.1|1.1.3|2.4.1;3.2.1|5.3.99|2.4.1;2.4.1|1.14.13;2.4.1|5.3.3|2.4.2;3.2.1|1.14.13|2.4.1;2.1.1|3.6.1;2.4.1|2.4.2;2.4.1|2.4.2;2.4.99;2.4.2;2.4.2;2.4.99;2.4.2;2.4.1;4.2.3;2.7.8
24,2.6.1|1.2.1|2.1.1;1.4.3|1.2.3|1.14.14;1.4.1|4.1.1|3.1.1;1.4.99|1.2.99|2.3.1|1.4.9;1.4.9|1.2.-|1.14.11|1.4.99;4.3.1|1.1.1|1.5.3|1.4.7;1.4.7|1.14.13|2.-.-|1.4.2;1.4.2|1.2.7|1.5.8|4.1.1;1.13.12|1.1.3|1.14.13;4.1.1|1.5.1|1.16.1|1.14.11;1.14.11|1.14.99|2.-.-;2.-.-|1.17.1|1.2.7|2.4.2;1.4.5|1.14.11|1.5.99|4.3.1;2.4.2|1.5.99|3.7.1;4.1.2;3.7.1;1.1.-;1.14.14;4.2.1,1.4.3|4.1.1|2.1.2|2.6.1;2.2.1|4.1.2|1.4.1;2.2.1|4.1.2|1.4.99;2.3.3|2.3.1|2.6.1;4.1.3|5.1.1|4.4.1;2.2.1|5.1.1|4.4.1;2.3.3|2.6.1;2.3.3|4.4.1;2.3.3|4.4.1;2.3.3|1.4.3;4.1.3|1.4.3;4.1.3|4.4.1;4.1.1|4.4.1;2.3.1|4.3.1;4.1.1|4.3.1;4.1.3|2.6.1;2.2.1|1.4.1;4.1.3|1.4.3;4.1.3|1.4.3;4.1.2|1.4.1;4.1.2|2.6.1;4.1.3|2.6.1;4.1.2|1.4.1;4.1.2|1.4.1;2.3.3|4.4.1;2.3.3|4.3.1;2.3.3|2.6.1;4.1.2|1.4.1;2.3.3|4.4.1;2.3.3|4.4.1;4.1.3|4.4.1
240,4.1.2|2.5.1;2.2.1|1.5.3;4.1.3|4.4.1;2.1.1|4.2.1;4.2.1|1.5.99;2.3.3|2.3.1;2.5.1|1.14.15;4.1.1|1.5.1;4.3.2|3.1.1;4.4.1|3.3.1;1.14.99|2.1.2;1.14.13|4.1.99;2.3.1|4.1.3;3.5.3|3.3.2;1.14.15|3.5.99;1.11.1|1.4.3;1.1.3|4.3.3;2.1.2|3.5.-;3.8.1|1.8.3;4.5.1|1.3.1;3.7.1;1.1.1;1.8.1;4.5.1,2.8.1|2.1.1|2.5.1;2.8.1|1.14.11|2.3.1;4.1.99|2.1.1|2.-.-;3.5.-|2.1.1;1.4.1|1.14.14;2.1.1;2.1.1;1.14.14;1.4.3;2.1.1;1.14.14;2.1.1;2.1.1
241,5.4.99;1.1.1,4.2.99;4.2.1;1.5.1;5.4.4;5.4.99;1.4.3;4.2.3;1.17.1;5.1.1;5.1.3;2.2.1;1.4.3;2.6.1;1.14.11;5.1.1;1.14.11;1.14.20;5.3.3;4.2.2;4.2.1;5.3.99;1.14.11;4.2.1;4.1.99;1.3.1;4.2.1;1.3.-;5.1.3;1.1.1;2.1.1;4.2.1;1.1.1;1.14.11;2.1.1
242,6.4.1|2.4.1;4.1.1|3.2.1;1.1.1|2.4.2;2.1.3|3.1.4;6.1.1;4.2.2;5.1.3;6.5.1;3.1.1;2.4.99;4.2.1;3.1.3;3.6.1;2.7.8;4.3.3,6.4.1|5.5.1|2.7.1|2.7.8;1.3.8|6.4.1|5.1.3|2.7.1|2.4.2;6.4.1|1.21.-|2.7.1|2.4.2;1.14.13|3.1.3|2.4.2;1.14.13|3.1.3|2.4.2;1.14.13|3.1.3|2.4.1;1.14.13|3.1.3|2.4.1;4.2.3|3.1.7|2.4.2;5.3.1|2.7.6|4.2.3;5.3.1|2.7.1|2.4.1;5.3.1|2.7.7|2.4.1;5.3.1|2.7.1|2.4.1;5.3.1|2.7.1|2.4.1;5.1.3|2.7.1|2.4.1;1.1.1|3.1.3|2.4.2;5.3.1|2.7.1|2.4.1;1.1.1|2.7.1|2.4.1;5.3.1|2.7.1|2.4.2;5.3.1|3.1.3|2.4.1;5.3.1|2.7.1|2.4.1;5.3.1|3.1.3|2.4.1;2.1.1|3.1.3|2.4.2;2.7.1|2.4.1;2.7.1|2.4.1;2.7.1|2.4.1;2.7.1|2.4.1;2.7.7|2.4.1;2.7.1|2.4.1;3.1.3|3.6.1;3.1.3|2.4.1;3.1.3|2.4.99;3.1.3|2.4.99;2.7.1|2.4.1;2.7.1|2.9.1;3.1.3|2.5.1;2.7.1|2.5.1;2.7.1|2.4.2;2.7.1;2.7.1;3.1.3;2.7.1;2.7.1;2.7.1;2.7.1;3.1.3;2.7.1;2.7.7;2.7.6;2.7.8;2.7.1;2.7.1;2.7.1;2.7.8;2.4.1;2.7.1;2.7.1
243,3.2.1|2.4.99;2.4.99|3.2.1;2.4.1;2.5.1|3.1.4;2.4.2;4.2.1;5.1.3;3.1.4;4.2.2,3.2.1|4.2.2|5.1.3|2.4.99;2.4.1|5.1.3|5.3.99;3.2.1|5.1.3|5.3.1|2.4.1;2.4.1|1.1.1;3.2.1|5.1.3|5.3.1|2.4.1;3.2.1|4.2.2|5.3.1|2.4.1;3.2.1|5.1.3|1.1.1|2.4.1;2.4.1|5.1.3|5.3.1;3.2.1|1.1.1|5.3.1|2.4.2;3.2.1|5.1.3|5.3.1|2.4.1;2.4.1|5.1.3|5.3.1;3.2.1|5.1.3|5.3.1|2.4.1;2.4.1|5.1.3|5.3.1;2.4.1|1.1.1|5.3.1;2.4.1|1.1.1|5.1.3;2.4.1|1.1.1;2.4.1|5.3.99|1.14.13;3.2.1|1.1.1|1.1.3|2.4.1;2.4.1|1.1.1|1.3.2;3.2.1|5.1.3|5.3.3|2.4.2;2.4.1|5.3.1|4.2.3;3.2.1|5.3.1|1.1.1|4.2.3;2.4.1|1.1.1|5.3.99|2.4.2;2.4.1|4.2.99|1.14.14|2.4.2;2.4.99|1.1.5|4.2.1|2.4.2;3.2.1|1.1.1|1.14.13|2.4.2;3.2.1|5.1.3|1.1.3|3.6.1;3.2.1|1.1.1|1.14.14|2.4.2;2.4.1|1.14.11|1.14.14;2.4.2|5.1.3|2.1.1;3.2.1|5.1.3|5.4.99;3.2.1|4.2.1|4.2.3;3.2.1|1.1.1|2.2.1;2.4.1|4.2.1|5.3.1;2.4.1|1.1.1|4.1.1;3.2.1|4.2.1|1.1.1;2.4.1|1.1.1|1.13.99;2.4.1|1.1.1|5.3.99;3.2.1|4.2.1|2.2.1;2.4.1|1.1.1|5.5.1;2.4.1|1.1.1|1.14.-;3.2.1|4.2.1|1.14.14;2.4.1|1.1.1|1.14.14;2.4.1|1.1.1;2.4.1|4.1.3;2.4.1|4.2.1;3.2.1|5.1.3;2.4.1|1.1.1;3.2.1|3.3.2;2.4.1|1.1.1;2.4.1|1.1.1;2.4.1|1.1.1;2.4.1|4.3.1;2.4.1|4.1.3;2.4.2|1.14.13;3.2.1|1.1.1;2.4.1|1.1.1;2.4.1|2.1.1;2.4.1|1.1.1;2.4.1|1.1.1;2.4.1|1.1.1;2.4.1|5.3.1;2.4.1|1.14.13;2.4.1|1.14.13;2.4.1|5.3.1;2.4.1|1.3.2;2.4.1|1.1.3;2.4.2|1.1.3;2.4.1|5.1.3;4.2.2|1.1.1;2.4.1|1.1.1;2.4.1|1.1.1;2.4.2|1.1.1;2.4.1|1.1.1;2.4.1|1.1.1;2.4.1|1.1.1;2.4.1|1.14.11;2.4.1|4.2.1;2.4.1|1.1.1;2.4.1|1.1.1;2.4.1|1.1.1;2.4.1|1.1.3;2.4.1|5.3.1;2.4.2|5.3.1;2.4.1|5.3.1;2.4.1|5.3.1;2.4.1|5.3.1;2.4.1|1.1.1;2.4.1|1.14.11;2.4.1|1.1.1;2.4.1|1.1.1;2.4.2|1.1.3;2.4.1|1.1.1;3.2.1|5.3.1;2.4.99|5.3.1;3.2.1|1.1.1;2.4.1|1.1.1;2.4.1|1.1.1;2.4.1|1.1.1;2.4.99|1.14.-;2.4.1|1.1.1;3.2.1;2.4.1;2.4.1;2.4.1;3.2.1;3.2.1;3.2.1;2.4.1;2.4.1;3.2.1;2.1.1;2.1.1;2.4.1;2.5.1;2.4.1;3.2.1;2.4.1;2.4.1;2.4.1;2.4.1;3.2.1;2.4.1;2.4.1;3.2.1;2.4.1;2.4.1;2.4.1;2.4.1;2.4.1;2.4.1;2.4.1;2.4.1;2.4.1;2.4.1;2.4.1;2.4.1;2.4.1;2.4.1;2.4.1;2.4.1;3.2.1;2.4.1;2.4.1
244,2.3.1|2.4.1|2.7.7|3.1.4;6.2.1|6.1.1|2.7.8|6.5.1;3.1.1|3.1.3|4.6.1;3.1.2|3.2.1|2.6.-;1.2.1|2.4.2|3.6.2;6.1.1|3.1.4|2.7.1;2.3.2|5.1.3|3.1.4;2.3.3|6.5.1;1.2.7;3.5.1;3.7.1;3.2.1;2.1.3;1.2.4;1.8.1;1.1.1;1.-.-;4.1.3;2.3.-;2.5.1;2.8.3;4.4.1;2.1.1;6.1.2;1.2.3;2.6.1;3.5.3;6.3.2;6.3.1;6.3.4,6.1.1|2.7.7|1.11.1|2.5.1;6.1.1|2.7.7|4.2.3;6.1.1|2.7.7|4.2.3|2.5.1;6.1.1|2.7.7|4.2.3;6.1.1|2.7.7|4.2.3;6.1.1|2.7.7|4.2.3;6.1.1|2.7.7|4.2.3;6.1.1|2.7.7|4.2.3;6.1.1|2.7.7|4.2.3;6.1.1|2.7.7|4.2.3;6.1.1|2.7.7|4.2.3;2.3.2|6.1.1|2.7.7|4.2.3;6.1.1|2.7.7|4.2.3;6.1.1|2.3.2|2.7.7|4.2.3;6.1.1|2.7.7|4.2.3;6.1.1|1.2.1|2.7.7|4.3.3;1.2.1|6.1.1|2.7.7|4.2.3;6.1.1|2.7.7|4.1.99;6.1.1|2.7.7|4.2.3;2.3.2|6.1.1|2.7.7|4.2.3;6.1.1|2.3.2|2.7.7|4.2.3;6.1.1|2.7.7|4.2.3;2.3.1|6.1.1|2.7.7|4.2.3;6.1.1|2.7.7|4.2.3;6.1.1|2.7.7;6.1.1|2.7.7;6.1.1|2.4.1|2.7.7;2.3.1|2.4.1|2.7.7;2.1.3|2.4.1|2.3.1|3.1.4;2.3.1|2.4.1|2.1.3|2.7.7;3.2.1|2.4.1|2.7.7;2.3.1|2.7.7;2.3.1|2.7.7;2.3.1|2.7.7;2.3.1|3.1.4;2.3.1|3.1.4;2.3.1|1.-.-|2.7.7;1.-.-|2.3.1|2.7.7;2.3.1|2.7.7;2.3.1|2.7.7;2.3.1|2.7.7;2.7.7;2.7.7;2.7.7;2.7.7;2.7.7;3.1.4;2.7.7;2.7.7;2.7.7;2.7.7;2.7.7;3.1.4;4.6.1;3.1.4;4.7.1;4.6.1
245,1.3.1;1.3.99;1.5.1;1.3.8;5.3.3;1.3.3;1.14.11;2.3.1;1.1.1;1.3.5;5.2.1;5.3.2;5.3.1;1.3.7;1.4.3;1.5.99;1.14.21;5.1.3;1.5.3;1.10.3;1.6.5;1.3.-;2.5.1;1.1.3;1.5.-;1.6.99;4.1.1;1.4.1;1.11.1;1.1.-;5.3.99;1.17.99;1.12.98;1.6.3;1.3.2;1.10.9;1.6.1;1.14.99;1.14.13;1.14.14;5.1.1;3.1.3;1.14.12;1.14.-;5.5.1;1.7.1;1.8.5;1.3.98,1.-.-;1.-.-
246,5.3.1;3.5.4,5.3.1;5.3.1;1.1.1;1.1.1;1.1.1;1.1.1;1.1.1;1.1.1;4.2.1;4.2.1;4.2.1;4.2.1
247,1.14.11;1.14.13;1.14.15;1.14.14;1.14.99;1.14.-;1.17.1;1.17.99;2.5.1,1.14.-|4.3.3;1.14.13|4.2.3;1.14.13|4.2.3;1.14.-|4.2.3;1.14.-|4.2.3;1.14.-|4.2.3;1.14.-|4.2.3;1.14.-|4.2.3;1.14.14|4.2.3;1.14.14|4.2.3;1.14.13|4.2.3;1.14.13|4.2.3;4.2.3;4.2.3;4.2.3;4.1.99|4.2.3;4.2.3|4.1.99;4.2.3;4.2.3;4.2.3;4.2.3;4.2.3;4.2.3;4.2.3;4.2.3;4.2.3;1.3.1;2.5.1;4.2.3;2.5.1;2.5.1;4.2.3
248,2.3.1;6.2.1;3.1.1;3.1.2;1.2.1;6.1.1;2.3.3;2.3.2;3.5.1;1.2.7;3.7.1;3.2.1;2.1.3;1.2.4;1.8.1;1.1.1;4.1.3;2.5.1;2.3.-;2.8.3;4.4.1;2.1.1;1.-.-;1.2.3;6.1.2;3.5.3;2.6.1;6.3.1;6.3.4;6.3.2;2.1.2;2.2.1;3.4.11,4.1.2|2.3.1;2.1.3|2.3.1;2.2.1|2.3.1;4.1.2|2.3.1;4.1.2|2.3.1;4.1.2|2.3.1;2.5.1|2.3.1;2.2.1|2.3.1;4.2.2|2.3.1;2.5.1|2.3.1;2.2.1|2.3.1;2.5.1|2.3.1;5.-.-|2.3.1;1.14.13|2.3.1;4.1.2|2.3.1;1.1.1|2.3.1;1.14.13|2.3.1;1.13.99|2.3.1;1.1.1|2.3.1;1.1.1|2.3.1;1.1.3|2.3.2;1.3.2|6.1.1;3.3.2|6.1.1;5.1.3|2.3.2;5.5.1|6.1.1;5.1.3|3.2.1;5.4.99|6.1.1;3.3.2|2.3.1;2.1.3;6.1.1;2.3.1;6.1.1;6.1.1;6.1.1;6.1.1;2.3.1;6.1.1;6.1.1;6.1.1;2.3.1;6.1.1;6.1.1;6.1.1;6.1.1;6.1.1;6.1.1;6.1.1;6.1.1;6.1.1;1.2.1;2.3.1;2.1.3;6.1.1;6.1.1
249,2.5.1|4.2.1|3.1.1;3.5.99|2.5.1;4.4.1|1.1.1;4.2.1|2.3.1;2.4.1|2.9.1|3.7.1;4.1.99|2.8.1|6.1.1;2.3.1|2.1.1|6.1.2;1.5.3|3.5.1;2.1.2|3.5.99;3.3.1|4.5.1;4.1.3|1.1.1;1.4.3|4.3.1;3.5.1|3.3.1;3.2.1|3.8.1;3.5.4|3.5.5;2.4.2|1.17.1;6.3.4;1.5.1;3.3.2;1.5.99,2.1.1|1.13.11|4.2.1|2.5.1;1.13.12|1.13.11|2.5.1|3.1.1;1.13.12|1.13.11|2.5.1;1.13.12|1.13.11;1.13.12|1.13.11;2.1.1|1.13.11;2.1.1|1.13.11;1.14.14|1.13.11;2.4.2|1.13.11;2.4.2|1.13.11;2.4.2|4.3.3;2.4.2|1.13.11;2.4.2|1.13.11;2.4.2|1.13.11;2.4.2|1.13.11;2.4.2|1.13.11;2.4.2|1.13.11;2.4.2|1.13.11;2.4.2|1.13.11;2.4.2|1.13.11;2.4.2|1.13.11;3.2.2|1.13.11;2.4.2|1.13.11;2.4.2|1.13.11;2.4.2|1.13.11;2.4.2|1.13.11;2.4.2|1.13.11;2.4.2|1.13.11;1.13.11;1.13.11;1.13.11;1.13.11;1.13.11;1.13.11;1.13.11
25,5.3.1;3.5.4,5.3.1
250,2.4.1;3.2.1;2.4.2;3.1.4;6.1.1;4.2.2;5.1.3;6.5.1;3.1.1;2.4.99;4.2.1;3.1.3;3.6.1;2.7.8;4.3.3,2.4.1;2.4.1;2.4.2|2.4.1;2.4.2|2.4.1;2.4.2|2.4.1;2.4.1|2.4.2;2.4.1;2.4.1;2.4.2|2.4.1;2.4.1;2.4.1;2.4.2|2.4.1;2.4.1;2.4.1;2.4.1|2.4.2;2.4.1;2.4.1;2.4.1;2.4.1;2.4.1;2.4.1|2.4.2;2.4.1;2.4.2|3.6.1;4.2.3|2.4.2;2.4.1|2.4.2;2.4.99;2.4.2;2.7.8|2.4.2;2.4.2|2.4.99;2.4.1|2.4.2;3.6.1|2.4.1;2.4.99|4.2.3;2.7.8
251,,
252,1.2.1|4.2.2|1.3.1|2.3.1;1.2.3|3.2.1|1.3.99|6.2.1;1.2.99|1.5.1|3.1.1;1.2.-|1.3.8|3.1.2;1.1.1|5.3.3|1.2.1;1.2.7|1.3.3|6.1.1;1.14.13|1.14.11|2.3.3;1.1.3|2.3.1|2.3.2;1.5.1|1.1.1|3.5.1;1.14.99|1.3.5|1.2.7;1.17.1|5.2.1|3.7.1;1.14.11|5.3.2|3.2.1;1.5.99|5.3.1|1.2.4;1.2.2|1.3.7|1.8.1;1.1.-|1.4.3|2.1.3;1.14.14|1.5.99|1.1.1;1.14.21|4.1.3;5.1.3|2.3.-;1.5.3|2.8.3;1.10.3|2.5.1;1.6.5|4.4.1;1.3.-|2.1.1;2.5.1|1.-.-;1.1.3|1.2.3;1.6.99|2.6.1;1.5.-|6.1.2;4.1.1|3.5.3;1.4.1|6.3.1;1.11.1|6.3.4;1.1.-|2.1.2;5.3.99|2.2.1;1.17.99|6.3.2;1.12.98|3.4.11;1.10.9;1.6.1;1.6.3;1.3.2;1.14.99;1.14.13;1.14.14;5.1.1;3.1.3;1.14.12;1.14.-;5.5.1;1.7.1;1.8.5;1.3.98,1.2.1|4.1.2|4.3.3|1.-.-|5.5.1;1.2.1|4.1.2|2.3.1|1.-.-|2.2.1;1.2.1|4.1.2|4.1.1|1.1.1|2.2.1;1.2.1|4.1.2|4.2.3|2.3.1|1.14.13;1.2.1|4.1.2|4.2.3|2.3.1;1.2.1|2.2.1|4.2.3;1.2.1|2.3.1|4.2.3|3.1.2;1.2.1|4.2.3|6.2.1;1.2.1|4.2.3|2.3.1;1.2.1|4.2.3|2.3.1;1.2.1|4.2.3|6.2.1;1.2.1|4.2.3|2.3.1;1.2.1|4.2.3;4.2.3|1.2.7;4.2.3|1.2.1;4.1.99|2.3.1;4.2.3|1.2.4;4.2.3|1.2.7;4.2.3|6.2.1;6.2.1;3.1.2;1.2.7;2.3.1;1.2.1;2.3.1;6.2.1;2.3.1;1.1.1;2.3.1;2.3.1;2.3.1;6.2.1;6.2.1;2.3.1;6.2.1;2.3.1;2.5.1;2.3.1;2.3.1;2.3.1;6.2.1;3.1.2;3.1.2;2.3.1;3.1.2;2.5.1;3.1.2;3.1.2;1.2.1;3.1.2;1.2.1;1.2.1;1.2.1;2.3.1;2.3.1;2.3.1;1.2.1;6.2.1;6.2.1;2.3.1;3.1.2;1.2.1;2.3.1;3.1.2;2.3.1;6.2.1;3.1.2;6.2.1;2.3.1;2.3.1;2.3.1;2.3.1;2.3.1
253,,
254,1.1.1|1.3.1;1.14.13|1.3.99;1.1.-|1.5.1;1.1.99|1.3.8;1.1.3|5.3.3;1.14.14|1.3.3;1.1.5|1.14.11;2.3.1;1.1.2|1.1.1;1.14.11|1.3.5;1.14.15|5.2.1;1.14.-|5.3.2;1.3.1|5.3.1;1.14.18|1.3.7;1.14.16|1.4.3;1.14.99|1.5.99;1.4.3|1.14.21;1.17.1|5.1.3;1.5.3;1.10.3;1.6.5;1.3.-;2.5.1;1.1.3;1.6.99;1.5.-;4.1.1;1.4.1;1.11.1;1.1.-;5.3.99;1.17.99;1.12.98;1.6.3;1.6.1;1.3.2;1.10.9;1.14.99;1.14.13;1.14.14;5.1.1;3.1.3;1.14.12;1.14.-;5.5.1;1.7.1;1.8.5;1.3.98,1.1.1|4.1.99|4.2.3|1.-.-;1.14.14|4.2.3|1.-.-;1.14.14|4.2.3;1.14.14|4.2.3;1.14.13|4.2.3;4.2.3;4.2.3;4.2.3;4.2.3;4.2.3;4.2.3;4.2.3;4.2.3;4.2.3;4.2.3|1.-.-;4.2.3;4.2.3;1.14.13|4.2.3;4.2.3|4.1.99;4.2.3;4.2.1|4.2.3;4.2.1|1.14.13;1.14.18|1.14.13;4.2.3;4.2.3;4.2.3;4.1.99;4.2.3;1.3.1|4.2.3;4.2.3;4.2.3;4.2.3;4.2.3|1.14.13;1.14.13;1.14.14;4.2.3;4.2.3;4.2.3;4.2.3;4.2.3;4.2.3;4.2.3;4.2.3;1.14.14;1.14.14;4.2.3;4.2.3;1.14.14;1.10.99;4.2.2;1.10.99;4.2.3;4.2.3;4.2.3;4.2.3;1.10.99;4.2.3;4.2.3;4.2.3;2.6.1;5.3.1;4.2.1;4.2.1;1.14.-;1.14.-;1.14.-;1.14.-;4.2.3;4.2.1;2.6.1;4.3.3;4.2.1;1.14.13;5.3.3;1.14.13
255,1.3.1;1.3.99;1.5.1;1.3.8;5.3.3;1.3.3;1.14.11;2.3.1;1.1.1;1.3.5;5.2.1;5.3.2;5.3.1;1.3.7;1.4.3;1.5.99;1.14.21;5.1.3;1.5.3;1.10.3;1.6.5;1.3.-;2.5.1;1.1.3;1.5.-;1.6.99;4.1.1;1.4.1;1.11.1;1.1.-;5.3.99;1.17.99;1.12.98;1.6.3;1.3.2;1.10.9;1.6.1;1.14.99;1.14.13;1.14.14;5.1.1;3.1.3;1.14.12;1.14.-;5.5.1;1.7.1;1.8.5;1.3.98,1.-.-;1.-.-
256,2.1.1;1.14.14;3.1.1;2.3.1;1.5.3;1.14.11;1.5.8;2.-.-;1.16.1;1.14.99;1.14.13;1.2.7;1.5.99;3.7.1,3.2.1|2.4.2|1.1.1|2.-.-;4.2.1|2.4.2|3.5.4|2.5.1;3.2.1|1.17.3|3.5.4|2.3.1;2.5.1|1.11.1|3.5.4;2.1.1|1.1.1|3.5.4;2.1.1|1.17.1|3.5.4;3.2.1|3.5.4;2.1.1|1.17.1|3.5.4;2.1.1|1.17.3|3.5.4;2.1.1|3.5.4;3.2.1|1.17.3|3.5.4;3.2.1|1.1.1|3.5.4;3.2.1|1.17.3|3.5.4;3.2.1|1.14.14|6.3.4;3.2.1|3.5.4;2.1.1|3.5.4|1.17.3;3.2.1|1.14.13|1.14.21;2.1.1|6.3.5|3.5.4;2.1.1|3.5.4;2.1.1|2.5.1|1.11.1;2.1.1|6.3.5|3.5.4;2.1.1|1.2.3|2.5.1;3.2.1|6.3.4|1.14.12;2.1.1|3.5.4;2.1.1|3.5.4;2.4.2|3.5.4;3.2.1|3.5.4;3.2.1|3.5.4;3.2.1;3.2.1;3.2.1;3.2.1;3.2.1;3.2.1;3.2.1;3.2.1
257,3.2.2|2.4.2;2.4.2|3.2.2;2.4.1;3.5.1|6.3.4;6.3.4|4.3.3;4.3.3|2.7.8;1.14.14;2.7.8|1.14.11;1.14.11|3.5.1;2.4.99;2.6.1;4.1.3,2.4.2|1.14.99|1.4.3|3.2.2;2.4.99|1.4.3|3.2.2;4.2.1|2.4.2;4.3.3|2.4.2;1.13.11|2.4.2;1.13.11|2.4.2;4.2.1|2.4.2;2.6.99|2.4.2;4.1.3|2.4.2;2.4.2;2.4.2;2.4.2;2.4.2;2.4.2;2.4.2;2.4.2;2.4.2;2.4.2;2.4.2;2.4.2;2.4.2;2.4.2;2.4.2;2.4.2;2.4.2;2.4.2;2.4.2;2.4.2;2.4.1;2.4.2;2.4.2;3.2.2;2.4.1;2.4.2;3.2.2;2.4.2;2.4.2;2.4.2;2.4.2;2.4.2;2.4.2;2.4.2;1.14.14
258,2.4.1;3.2.1;2.4.2;3.1.4;4.2.2|6.1.1;5.1.3|4.2.2;6.5.1|5.1.3;2.4.99|6.5.1;6.1.1|3.1.1;4.2.1|2.4.99;3.1.3|4.2.1;3.6.1|3.1.3;2.7.8|3.6.1;3.1.1|2.7.8;4.3.3,2.4.1|4.2.3;2.4.1|1.1.1|3.2.1;3.2.1|5.3.1|2.4.1;3.2.1|5.3.1|2.4.1;3.2.1|5.3.1|2.4.1;3.2.1|5.3.1|2.4.1|2.4.2;2.4.1|5.3.1;2.4.1|5.5.1|3.2.1;2.4.1|5.3.1;2.4.1|5.3.1|3.2.1;2.4.1|5.3.1;2.4.1|5.3.1;2.4.1|5.3.1|3.2.1;2.4.1|1.13.99;2.4.1|1.1.1|3.2.1|2.4.2;3.2.1|1.1.1|2.4.1;3.2.1|2.2.1|2.4.1;3.2.1|4.2.3|2.4.1;2.4.1|1.14.13;3.2.1|1.14.13|2.4.1;3.2.1|1.21.-|2.4.1|2.4.2;3.2.1|2.2.1|2.4.1;2.4.2|1.14.13|2.4.1|3.6.1;3.2.1|2.4.2;2.4.1|3.2.1|2.4.2;2.4.1|3.2.1|2.4.2;2.4.1|3.2.1|2.4.99;3.2.1|2.4.1|2.4.2;2.4.1|2.4.99;3.2.1|2.4.1|2.4.2;3.2.1|2.4.1;3.2.1|2.4.1|4.2.3;2.4.1|2.7.8;2.4.1|3.2.1;3.2.1|2.4.1;3.2.1|2.4.1;3.2.1;3.2.1|2.4.1;2.4.1|3.2.1;2.4.1;2.4.1|3.2.1;3.2.1;2.4.1;2.4.1;2.4.1;3.2.1|2.4.1;2.4.1;2.4.1|3.2.1;2.4.2;2.4.1|3.2.1;2.4.2;2.4.1;2.4.1|2.4.2;2.4.2|2.4.1;2.4.1;3.2.1;2.4.2|3.2.1;2.4.1|3.2.1;2.4.1|4.2.2;2.4.1|3.2.1;2.4.1;2.4.1;2.4.1;2.4.1;2.4.1;2.4.1;2.4.1;2.4.1;3.2.1|2.4.1;2.4.1;2.4.1|3.2.1;2.4.1|2.4.2;2.4.1|2.4.2;2.4.1;2.4.1;2.4.1;2.4.1;2.4.1;2.4.1;2.4.1;2.4.1;2.4.1;2.4.1;2.4.1;2.4.1;2.4.1;2.4.1;2.4.1;3.2.1|2.4.1;2.4.1;3.2.1|2.4.1;3.2.1|2.4.1;3.2.1|2.4.1;2.4.1|2.4.2;4.2.2|2.4.1;2.4.1;2.4.1;2.4.1;2.4.1;3.2.1|2.4.1;3.2.1|2.4.1;2.4.2|2.4.1;2.4.1|2.4.99;3.2.1|2.4.1;2.4.1;3.2.1;2.4.1;3.2.1;2.4.1;2.1.1;2.1.1;2.4.1;2.4.1;2.4.1;2.4.1;2.4.1;2.4.1;2.4.1;3.2.1;2.4.1;3.2.1;2.4.1;2.4.1;2.4.1;2.4.1;3.2.1;2.4.1;2.4.1;2.4.1;2.4.1;2.4.1;3.2.1;2.4.1;3.2.1;2.4.1
259,1.1.1|1.3.1;1.1.99|1.3.99;1.1.3|1.5.1;2.3.1|1.3.8;1.14.13|5.3.3;1.1.5|1.3.3;1.1.-|1.14.11;1.1.2|2.3.1;5.3.3|1.1.1;1.14.11|1.3.5;1.14.-|5.2.1;1.1.98|5.3.2;1.4.3|5.3.1;1.-.-|1.3.7;1.6.5|1.4.3;1.6.99|1.5.99;1.2.1|1.14.21;5.1.3;4.2.1|1.5.3;1.14.15|1.10.3;1.1.9|1.6.5;1.3.1|1.3.-;1.6.3|2.5.1;1.6.1|1.1.3;1.14.12|1.6.99;6.4.1|1.5.-;5.4.99|4.1.1;1.11.1|1.4.1;4.1.1|1.11.1;1.1.-;5.3.99;1.17.99;1.12.98;1.6.1;1.3.2;1.6.3;1.10.9;1.14.99;1.14.13;1.14.14;5.1.1;3.1.3;1.14.12;1.14.-;5.5.1;1.7.1;1.8.5;1.3.98,1.1.1|1.13.11|1.13.99|1.-.-;1.1.1|1.13.11|1.14.14|1.-.-;1.1.1|1.13.11|6.3.3;1.13.11|3.7.1;1.13.11;1.13.11;1.13.11;1.13.11;1.13.11;1.13.11;1.13.11;1.13.11;1.13.11;1.13.11;1.13.11;1.13.11;1.13.11;1.13.11;1.13.11;1.13.11;1.13.11;1.13.11
26,2.6.1;1.4.3;1.4.1;1.4.9;1.4.99;1.4.7;1.4.2;4.1.1;1.13.12;1.14.11;2.-.-;4.3.1|2.4.2;2.4.2|4.3.1,1.4.3|1.2.1|4.2.3|2.6.1;1.4.3|1.2.1|4.2.3|1.4.1;1.17.99|1.2.1|4.2.3|1.4.99;2.6.1|1.2.1|4.2.3|4.4.1;1.4.3|1.2.1|4.2.3|4.4.1;1.4.3|1.2.1|4.2.3|2.6.1;1.4.3|1.2.1|4.2.3|2.6.1;1.2.1|4.3.3|4.4.1;1.2.1|4.2.3|4.4.1;1.2.1|4.2.3|1.4.3;1.2.1|4.2.3|1.4.3;1.2.1|4.2.3|4.4.1;1.2.1|4.2.3|4.4.1;1.2.1|4.2.3|4.3.1;1.2.1|4.2.3|4.3.1;1.2.1|4.2.3|1.4.1;1.2.1|4.2.3|2.6.1;1.2.1|4.2.3|1.4.3;1.5.1|4.2.3|1.4.3;1.2.1|4.2.3|1.4.1;1.2.1|4.2.3|2.6.1;1.2.1|2.6.1;1.2.1|1.4.1;1.2.1|1.4.1;1.5.1|4.4.1;1.2.1|4.3.1;1.2.1|2.6.1;1.2.1|1.4.1;1.2.1|4.4.1;1.2.1|4.4.1;1.17.1|4.4.1;1.2.1;1.2.1;1.1.1;1.2.1;1.2.1;1.2.1;1.2.1;1.2.1;1.1.1;1.2.1;1.2.1;1.2.1;1.2.3;1.2.1;1.2.1;1.2.1;1.2.1;1.2.1;1.2.3;1.2.1;1.2.3;1.2.1;1.2.1;1.2.1;1.2.1;1.2.1;1.2.1;1.2.1;1.2.1;1.2.1;1.2.1;1.2.1;1.2.1;1.2.1;1.2.1;1.14.13;1.2.3;1.14.13;1.2.1;1.14.99
260,1.5.3|1.4.3;1.5.1|2.6.1;1.5.99|1.5.3;1.4.3|1.4.9;1.5.8|4.2.1;2.5.1|1.21.4;1.14.14|1.4.1;1.14.11|1.14.14;1.4.99;1.4.2,2.6.1|1.5.1;2.6.1|1.5.1;1.5.1|1.5.3;1.5.1;2.6.1|2.5.1;2.6.1|1.5.3;2.6.1|1.5.1;1.5.3|2.5.1;1.4.3|1.5.3;1.5.1;1.5.3;2.3.1;2.5.1;1.5.3
261,1.14.13|2.5.1|2.1.1;4.1.1|1.5.3|1.14.14;1.14.14|4.4.1|3.1.1;2.5.1|4.2.1|2.3.1;1.14.11|1.5.99|1.5.3;2.1.1|2.3.1|1.14.11;1.14.99|1.14.15|1.5.8;1.14.15|1.5.1|2.-.-;1.14.-|3.1.1|1.16.1;1.17.4|3.3.1|1.14.99;2.3.1|2.1.2|1.14.13;1.97.1|4.1.99|1.2.7;1.2.4|4.1.3|1.5.99;1.14.16|3.3.2|3.7.1;1.14.18|3.5.99;2.2.1|1.4.3;3.7.1|4.3.3;1.17.1|3.5.-;4.1.3|1.8.3;4.1.2|1.3.1;3.5.99|3.7.1;4.2.1|1.1.1;1.14.21|1.8.1;1.14.12|4.5.1;3.8.1;3.5.4;1.11.1;1.1.1;4.1.99;1.5.99;1.22.1;6.4.1;3.1.1;1.17.99;1.7.2;1.13.11;1.10.3;1.3.99;2.8.1;1.17.2;1.1.4;1.10.99;2.1.3;2.1.2;1.17.3;3.11.1;1.7.3;1.7.1;2.4.1;1.3.1;1.4.-;1.3.7;3.13.1;1.14.20;3.2.-;6.3.4;4.4.1;1.3.8;1.-.-;1.17.7;4.99.1;2.8.4;4.7.1;1.14.17;3.5.3;1.13.12;1.5.1,1.1.1|1.14.13|1.1.99|2.3.1|2.5.1|2.-.-|6.3.2|3.3.1;1.17.1|1.14.13|2.3.1|2.5.1|1.14.14;1.17.1|1.14.13|2.3.1|4.2.3;1.17.3|1.14.13|1.14.11;1.17.3|1.13.11|1.14.11;1.17.3|4.2.1;1.14.14|2.5.1;4.2.1;2.5.1;2.5.1;5.4.3;4.2.1;4.2.1;1.14.11;4.2.1;4.2.1;4.2.1;1.14.14;4.2.1;4.2.1;4.2.1;4.2.1;5.1.99;5.4.3;1.14.14
262,,3.5.4;3.5.4;3.5.4;3.5.4;3.5.4;3.5.4;3.5.4;3.5.4;3.5.4;3.5.4;1.1.1;1.1.1;6.3.5;3.5.4;3.5.4;6.3.5;6.3.4|3.5.4;3.5.4|6.3.4;3.5.4;1.17.3
263,1.13.11|1.2.1;1.14.99|4.2.1;4.1.2|1.2.3;4.2.1|1.1.1;1.13.-|3.5.1;2.8.1|1.2.2;4.2.99|2.3.1;1.8.1|1.2.-;1.8.99|1.14.13;1.8.7|1.14.99;3.7.1|1.2.7;1.3.-|1.1.3;1.5.1;1.2.99;1.14.11,1.14.11|4.2.1;1.2.5|4.1.1;1.14.14|4.1.1;1.13.11|4.1.1;3.7.1|1.14.13;1.14.14|1.14.13;1.14.13;1.14.13;1.14.13;4.1.1;1.14.13;1.14.13;4.1.1;1.14.13;1.1.1;4.1.1;4.1.1;4.1.1;4.1.1;1.1.1;1.1.1;1.1.1;4.1.1;1.13.12;2.3.1;4.1.1;1.3.1
264,1.1.1|1.3.1;1.1.99|1.3.99;1.1.3|1.5.1;2.3.1|1.3.8;1.14.13|5.3.3;1.1.5|1.3.3;1.1.-|1.14.11;1.1.2|2.3.1;1.14.11|1.1.1;5.3.3|1.3.5;1.14.-|5.2.1;1.1.98|5.3.2;1.4.3|5.3.1;1.-.-|1.3.7;1.6.5|1.4.3;1.6.99|1.5.99;1.2.1|1.14.21;4.2.1|5.1.3;1.14.15|1.5.3;1.1.9|1.10.3;1.3.1|1.6.5;1.14.12|1.3.-;5.1.3|2.5.1;1.6.3|1.1.3;1.6.1|1.5.-;6.4.1|1.6.99;5.4.99|4.1.1;1.11.1|1.4.1;4.1.1|1.11.1;1.1.-;5.3.99;1.17.99;1.12.98;1.10.9;1.6.1;1.3.2;1.6.3;1.14.99;1.14.13;1.14.14;5.1.1;3.1.3;1.14.12;1.14.-;5.5.1;1.7.1;1.8.5;1.3.98,1.1.1|4.2.3|3.5.1|1.-.-;1.1.1|4.2.3|3.5.1|1.-.-;1.1.1|4.2.3|3.5.1;4.1.3|4.2.3|3.5.1;1.1.1|4.2.3|3.5.1;1.1.1|4.2.3|6.3.4;1.1.1|4.2.3|4.4.1;1.1.1|4.2.3|3.5.1;1.1.1|4.2.3;1.1.1|4.2.3;1.1.1|4.2.3;1.1.1|4.2.3;1.1.99|4.2.3;4.2.1|4.2.3;1.1.1|4.2.3;1.1.1|4.2.3;1.1.1|4.2.3;2.3.3|2.3.1;4.1.3|4.1.2;1.1.1|4.1.2;1.1.1|4.1.2;1.1.1|4.2.3;1.1.1|2.2.1;2.3.3|2.2.1;1.1.1;4.1.3;1.1.1;1.1.1;1.1.1;1.1.1;1.1.1;1.1.1;1.1.1;1.1.1;1.1.1;1.1.1;1.1.1;1.1.1;1.1.1
265,1.14.13;1.14.14;1.14.11;1.14.15;1.14.16;1.14.-;1.14.18;1.14.99;1.17.1;1.1.1;1.10.99;1.13.11;1.10.3;1.97.1;3.5.3;1.17.99;1.2.1;1.3.99;1.3.7;1.14.20;4.1.99;1.-.-;1.17.7;3.7.1;1.6.6;1.14.12;1.17.3;1.7.3;1.14.17,1.14.13;1.14.11;1.14.13;4.2.1;1.14.13;1.14.-;1.14.14;1.14.13;1.14.13;1.14.13;1.14.13;1.14.14;1.14.13;1.14.13;1.14.14;1.14.99;1.14.13;1.14.13;1.14.13;1.14.13;1.14.13;1.14.11;1.14.13;1.14.13;1.14.13;1.14.13;1.14.99;1.14.13;1.14.13;1.14.13;1.14.14;1.14.99;1.14.-;1.14.-;1.14.-;1.14.-;1.14.13;1.14.13;1.14.13;1.14.13;1.14.13;3.3.2;4.2.1;1.14.11;1.14.13;3.3.2;4.2.1;1.17.1;4.2.1;4.2.1;4.2.1;3.2.1;1.14.13;1.14.99;3.2.1;3.2.1;1.3.99;1.14.13;1.14.13;3.8.1;3.3.2;3.8.1;1.14.13;3.3.2;1.14.11;1.14.15;4.2.3;1.14.99;1.14.99;1.14.13;1.14.99;2.6.1;1.14.15;1.14.15;1.14.13;1.14.13;1.14.13;1.14.13;1.14.13;1.14.13;1.14.15;1.14.15;3.2.1;2.6.1;1.14.15;1.14.13;1.17.1;1.14.-;2.6.1;2.6.1;1.14.13;1.3.3;1.17.4;2.6.1;4.2.1;1.14.13;1.3.1;3.8.1;4.2.1;4.2.1;1.14.15;1.14.-;2.6.1;3.2.1;2.6.1;4.2.1;1.14.-;1.14.-;2.6.1;5.4.4;2.6.1;1.14.11;3.8.1
266,2.6.1;1.4.1|1.4.3;1.4.3|1.4.1;4.3.1|1.4.9;1.4.99;1.4.7;1.4.9|1.4.2;1.4.2|4.3.1;1.13.12;1.4.5|4.1.1;4.1.1|1.14.11;1.14.11|2.-.-;2.-.-|2.4.2;1.4.5,2.6.1|5.4.99|2.1.2|1.4.3;1.4.1|5.4.99|1.4.3;1.4.1|4.1.3|2.6.1;1.4.3|4.1.3|2.6.1;1.4.1|2.1.2;2.6.1|1.13.11|1.4.99;4.4.1|2.6.1;1.4.3|1.4.1;1.4.1|2.6.1;2.6.1|4.4.1;4.4.1;4.4.1;2.6.1|1.4.3;2.6.1|1.4.3;2.6.1|4.4.1;1.4.1|4.4.1;2.6.1|4.4.1;2.6.1;1.4.3|2.6.1;1.4.99|1.4.1;1.4.1|2.6.1;4.3.1|2.6.1;2.6.1|1.4.1;4.4.1|1.4.1;4.4.1;4.4.1;4.4.1;2.5.1;4.4.1;1.4.3;1.4.3
267,1.1.1|1.3.1;1.1.99|1.3.99;1.1.3|1.5.1;2.3.1|1.3.8;1.14.13|5.3.3;1.1.5|1.3.3;1.1.-|1.14.11;1.1.2|2.3.1;5.3.3|1.1.1;1.14.11|1.3.5;1.14.-|5.2.1;1.1.98|5.3.2;1.4.3|5.3.1;1.-.-|1.3.7;1.6.5|1.4.3;1.6.99|1.5.99;1.2.1|1.14.21;5.1.3;4.2.1|1.5.3;1.14.15|1.10.3;1.1.9|1.6.5;1.3.1|1.3.-;1.6.3|2.5.1;1.6.1|1.1.3;1.14.12|1.6.99;6.4.1|1.5.-;5.4.99|4.1.1;1.11.1|1.4.1;4.1.1|1.11.1;1.1.-;5.3.99;1.17.99;1.12.98;1.6.3;1.3.2;1.10.9;1.6.1;1.14.99;1.14.13;1.14.14;5.1.1;3.1.3;1.14.12;1.14.-;5.5.1;1.7.1;1.8.5;1.3.98,1.1.1|4.1.99|4.2.3|1.-.-;1.1.1|1.14.14|4.2.3|1.-.-;1.1.1|1.14.14|4.2.3;1.1.1|1.14.14|4.2.3;1.1.1|1.3.1|4.2.3;1.1.1|4.2.1|4.2.3;1.1.1|1.3.1|4.2.3;1.1.1|1.3.1|4.2.3;1.1.1|4.2.1|4.2.3;1.1.1|1.3.1|4.2.3;4.2.1|1.3.1|4.2.3;1.1.1|1.3.1|4.2.3;1.1.1|1.3.1|4.2.3;1.1.1|1.3.1|4.2.3;1.14.11|1.3.1|4.2.3;1.1.1|1.14.13|4.2.3;1.1.1|4.2.3;4.2.1|4.2.3;1.10.3|4.2.3;5.1.3|4.2.3;1.14.13|4.2.3;5.3.1|4.2.3;1.1.1|4.2.3;1.1.1|4.2.3;4.3.1|4.2.3|4.1.99;1.1.3|4.2.3|1.14.13;1.1.3|4.2.3|1.14.13;5.3.99|4.2.3;4.2.3|1.14.13;1.1.1|4.2.3|1.14.13;1.1.1|4.2.3;1.1.1|4.2.1|4.2.3;1.1.1|4.2.1|4.2.3;1.1.5|1.14.18|1.14.13;1.1.1|4.2.3|1.14.14;1.1.1|4.2.3;1.1.1|4.2.3;1.1.1|4.1.99|4.2.3;1.1.1|4.2.3;1.1.1|1.3.1|4.2.2;1.1.1|4.2.3;4.2.1|1.14.14;5.3.3|1.10.99;1.1.1|1.10.99;1.1.1|4.2.3;1.1.1|1.10.99;1.1.1|4.2.3;1.1.1|4.2.3;1.1.1|4.2.3;2.1.1|4.2.3;5.1.3|4.2.3;4.2.1|5.3.1;5.1.3|5.3.1;1.1.1|1.14.14;1.1.3|1.14.14;1.1.1|4.2.3;4.2.1|4.2.3;4.2.3;4.2.3;5.3.1;4.2.1;1.14.-;1.14.-;1.14.-;1.14.-;2.6.1;5.3.1;5.3.1;5.3.1;5.3.1;5.3.1;5.3.1;5.3.1;5.3.1;1.17.4;4.3.3
268,1.8.3|4.4.1;2.5.1;4.2.1;1.8.3;3.3.1;2.1.2;1.1.1;1.8.1;4.5.1;2.3.1;4.1.99,1.8.3;2.5.1
269,1.14.11|1.14.13|1.2.1;1.14.13|1.2.4|4.2.1;1.17.1|1.2.3;1.14.15|1.14.14|1.1.1;1.14.99|1.14.11|3.5.1;1.14.14|1.14.18|1.2.2;1.14.-|1.14.16|2.3.1;2.5.1|1.14.15|1.2.-;1.5.8|1.14.99|1.14.13;1.17.99|1.14.-|1.14.99;2.1.1|1.17.1|1.2.7;4.3.2|1.1.3;1.5.3|1.5.1;1.2.99;1.14.11,1.14.11|1.13.11|4.3.3|1.13.12;1.14.11|1.13.11|3.1.2|1.2.5|2.3.1;1.14.11|1.13.11|3.7.1|1.1.1;1.14.11|1.13.11|3.7.1|4.2.1;1.14.11|1.13.11|1.1.1;1.14.11|1.13.11|4.1.1;1.14.13|1.13.11|1.1.1;1.14.14|1.13.11|1.2.1;2.5.1|1.13.11|2.3.1;3.3.2|1.13.11|4.1.1;1.17.1|1.13.11|4.1.1;1.14.14|1.13.11|4.1.1;1.14.14|1.13.11|4.1.1;1.17.1|1.13.11|4.1.1;1.17.1|1.13.11|4.1.1;3.3.2|1.13.11|4.1.1;1.14.14|1.13.11|1.14.13;1.14.14|1.13.11|4.1.1;1.14.14|1.13.11|4.1.1;1.14.14|1.13.11|2.3.1;4.2.1|1.13.11|1.14.13;3.3.2|1.13.11|4.1.1;3.3.2|1.13.11|4.1.1;1.17.4|1.13.11|1.14.13;1.17.4|1.13.11|4.1.1;1.14.14|4.1.3|4.1.1;1.17.4|4.1.1;1.17.4|4.1.1;1.14.13;3.3.2|1.3.1;3.3.2|1.14.13;1.1.1;1.14.13;4.1.1;1.1.1;1.14.13;1.1.1;1.1.1;1.14.13;4.1.1;4.1.1;1.2.1;1.1.1;1.14.13;4.1.1;4.1.1;1.14.13;4.1.1;4.1.1;4.1.1;1.1.1;4.1.1;1.11.1;1.1.1;1.1.1;1.14.13;4.1.1;4.1.1;1.14.13;4.1.1;1.14.13
27,4.2.1;2.3.1;4.1.2;4.3.3;3.5.5;3.2.-;2.5.1;3.5.1;3.5.2;2.8.1;2.9.1;5.4.4,4.2.1
270,1.14.11|4.1.1|1.2.1|5.4.3|1.14.13;1.14.13|4.2.1|1.2.4;1.14.15|4.1.2|1.2.3;1.17.1|2.3.1|1.1.1|1.14.14;1.14.99|4.1.3|3.5.1|1.14.11;1.14.14|1.2.2|1.14.18;1.14.-|1.14.11|2.3.1|1.14.16;2.5.1|1.14.-|1.2.-|1.14.15;1.5.8|1.14.15|1.14.13|1.14.99;1.17.99|1.1.1|1.14.99|1.14.-;2.1.1|6.4.1|1.2.7|1.17.1;4.3.2|1.14.99|1.1.3;1.5.3|3.7.1|1.5.1;2.1.1|1.2.99;2.1.2|1.14.11;2.1.3;1.13.11;1.97.1;4.1.99;2.5.1;1.17.99;1.14.17;1.14.18;1.14.12;2.8.1;3.11.1;1.17.1;4.2.1;1.2.4;1.1.99;4.3.1;1.17.-;1.14.16;2.2.1;1.2.1;1.14.21;4.4.1;1.3.8;1.-.-;1.17.7;1.11.1;1.5.99;1.22.1;1.3.99;1.10.3;1.13.12,4.2.1|1.4.3|2.3.1|1.1.1|1.14.11;3.8.1|1.4.3|2.3.1|4.2.1|1.2.5|1.13.12;5.1.99|2.6.1|1.13.12|5.1.1|1.1.1;4.2.1|2.6.1|4.1.1;5.1.99|1.4.1|1.2.1|1.1.1;4.2.1|5.4.3|4.1.1|5.1.1;1.14.14|5.1.99|4.1.1|4.1.3|1.1.1;1.14.11|5.4.3|2.3.1|4.2.1;4.2.1|5.1.99|4.1.1|1.2.1;4.2.1|1.5.1|1.3.1|4.1.1;4.2.1|3.5.1|1.14.13|5.1.1|4.1.1;4.2.1|2.6.1|4.1.1;4.2.1|1.5.1|1.1.1|4.1.1;4.2.1|1.4.1|1.14.13|5.4.3|4.1.1;1.14.11|3.5.99|1.14.13|4.1.3|4.1.1;1.14.11|4.3.1|4.1.1|5.1.1;4.2.1|4.4.1|4.1.1|5.1.1|1.14.13;4.2.1|3.5.1|4.1.1|1.14.14;1.14.14|1.4.3|1.14.13|4.2.1|4.1.1;4.2.3|1.4.1|4.1.1|4.2.1|2.3.1;1.14.14|2.6.1|4.1.1|5.1.1|1.14.13;1.14.11|1.4.99|4.1.1|1.14.14;4.2.1|4.4.1|4.1.1;4.2.1|4.4.1|1.14.13|1.1.1;4.2.1|2.6.1|4.1.1|1.1.1;4.2.1|4.4.1|4.1.1|2.3.1;4.2.1|4.4.1|1.2.1|2.1.2|4.1.1;4.2.1|2.6.1|4.1.1|1.14.11;4.2.1|4.4.1|1.14.13|1.14.11;1.14.14|4.3.2|4.1.1|1.3.1;4.2.1|1.4.3|4.1.1|1.14.13;4.2.1|1.4.3|4.1.1|1.14.11|1.1.1;4.2.1|2.6.1|4.2.3|1.14.13;4.2.1|1.4.1|1.1.1|2.1.3|4.1.1;4.2.1|1.4.1|1.14.13|1.1.1;1.4.1|1.14.13|5.2.1;2.6.1|4.1.1|4.2.1|1.1.1;4.4.1|1.14.13|4.2.1|1.1.1;4.4.1|1.1.1|4.2.1|1.14.13;4.4.1|1.1.1|4.1.1;1.21.4|4.1.1|1.1.1;2.5.1|4.1.1|5.3.2|1.2.1;4.1.1|5.2.1|1.1.1;1.14.13|1.1.1;1.1.1|1.3.1|4.1.1;4.1.1|4.1.3|1.14.13;4.1.1|4.2.1;1.1.1|4.2.1|4.1.1;1.1.1|1.3.1|4.1.1;1.1.1|4.2.1|4.1.1;1.11.1|4.1.1|1.1.1;4.1.1|4.2.1;1.14.13|5.3.3|1.11.1;1.14.13|4.3.2|1.1.1;1.1.1|4.4.1;4.1.1|4.4.1|1.14.13;1.1.1|5.3.3|4.1.1;4.1.1;4.1.1|1.14.13;1.1.1|4.1.1;1.14.13
271,2.4.1;3.2.1;2.4.2;3.1.4;4.2.2|6.1.1;5.1.3|4.2.2;6.5.1|5.1.3;6.1.1|6.5.1;2.4.99|3.1.1;4.2.1|2.4.99;3.1.3|4.2.1;3.6.1|3.1.3;2.7.8|3.6.1;3.1.1|2.7.8;4.3.3,2.4.1|5.3.1|2.4.2;2.4.1|5.3.1|2.4.2;2.4.2|5.3.1|1.17.3|2.4.1;2.4.1|5.3.1|3.5.4;3.2.1|5.3.1|3.5.4|2.4.1;3.2.1|5.3.1|1.17.1|2.4.2;2.4.1|5.3.1|3.5.4;2.4.1|5.3.1|3.5.4;2.4.1|5.3.1|6.3.5;3.2.1|5.3.1|3.5.4|2.4.1;2.4.1|4.2.3|1.17.1;2.4.1|5.5.1|1.1.1;3.2.1|5.1.3|1.17.3|2.4.1;3.2.1|1.1.1|1.17.3|2.4.1;2.4.1|5.1.3|6.3.5|2.4.2;2.4.1|1.1.1|6.3.4;3.2.1|1.13.99|1.1.1|2.4.1;3.2.1|3.5.4|2.4.1;2.4.1|1.17.3;3.2.1|1.14.14|2.4.1;3.2.1|3.5.4|2.4.2;3.2.1|1.11.1|2.4.1;2.4.1|1.2.3|3.6.1;3.2.1|3.5.4|2.4.2;2.4.1|3.5.4|2.4.2;2.4.1|3.5.4|2.4.2;3.2.1|3.5.4|2.4.99;2.4.1|2.4.2;2.4.1|2.4.99;3.2.1|2.4.2;2.4.1;2.4.1|4.2.3;2.4.1|2.7.8;2.4.1;3.2.1;4.2.1;2.4.1;3.2.1;2.4.1;2.4.1;3.2.1;2.4.1;3.2.1;3.2.1;3.2.1;2.4.1;2.4.1;2.4.1;2.4.1;2.4.1;3.2.1;3.2.1;2.4.1;3.2.1;2.4.1;3.2.1;3.2.1;3.2.1;2.4.1;3.2.1;2.4.1;2.4.1;2.4.1;2.4.1;2.4.1;2.4.1
272,,4.1.99;2.3.1;5.3.3;4.2.3;4.2.3;1.14.21;4.2.3;1.14.20;4.2.3;4.2.3;4.2.3;4.2.3;4.2.3;4.2.3;4.2.3;1.1.1;2.1.1;2.1.1;1.3.1;1.10.99;1.14.14;1.14.-;4.2.3;2.5.1;1.14.13;1.14.13;1.1.1;4.3.99;3.1.1;1.1.1;2.1.1;4.1.1;1.14.11;1.14.13;1.3.-;1.10.99;4.1.1;1.14.14;4.2.1;1.14.14;1.10.99;1.3.1;1.3.1;4.2.99;4.2.1;5.4.99;1.1.1;2.2.1;4.1.1;1.3.1;5.3.99;5.3.99;1.3.1;1.14.13;1.14.13;1.3.1;1.3.1;1.3.1;1.3.1;1.3.1;1.3.1;1.3.1;1.3.1;1.3.1;1.3.1;1.3.1;1.14.21;1.14.21;1.14.21;1.3.1;1.14.21;1.3.1;1.3.1;1.1.1;1.1.1;1.3.1;1.1.1;1.1.1;1.1.1;1.1.1;1.1.1;1.1.1;1.1.1;1.1.1;1.1.1;1.1.1;1.1.1;5.3.99;1.3.1;1.1.1;1.3.1;1.14.13;1.3.1;5.3.99;3.7.1;1.3.1;1.3.1;1.3.1
273,3.5.3;2.1.4;1.14.13;3.5.1;6.3.4;2.1.2,6.3.4;3.5.3|1.14.13;2.1.4|1.14.13;3.5.3;3.5.3;3.5.3;3.5.3;3.5.3
274,2.3.1|4.1.1;6.2.1|6.4.1;3.1.1|1.1.1;3.1.2|2.1.3;1.2.1|1.14.13;6.1.1|3.1.1;2.3.3|1.3.8;2.3.2;3.5.1;1.2.7;3.7.1;3.2.1;1.2.4;1.8.1;2.1.3;1.1.1;4.1.3;2.3.-;2.8.3;2.5.1;4.4.1;2.1.1;1.-.-;1.2.3;2.6.1;6.1.2;3.5.3;6.3.1;6.3.4;2.1.2;2.2.1;6.3.2;3.4.11,2.5.1|3.5.1|4.2.3|4.1.99;3.1.2|6.3.1|4.2.3|2.3.1;2.3.1|3.5.1|4.2.3|4.3.3;2.3.1|3.1.2|4.2.3|4.1.1;1.1.1|4.1.1|4.2.3;1.2.1|3.5.1|4.2.3;1.2.1|6.3.1|4.2.3;3.1.2|6.3.1|4.2.3;1.2.1|6.3.4|4.2.3;2.5.1|3.5.1|4.2.3;6.2.1|4.2.3;2.3.1|3.5.1|4.2.3;6.2.1|2.3.2|4.1.99;2.3.1|3.5.1|4.2.3;2.5.1|3.5.1|4.2.3;1.2.7|3.5.1|4.2.3;2.3.1|2.3.2|4.2.3;1.2.7|3.5.1|2.3.1;3.1.2|3.5.1|4.3.3;1.2.7|3.4.15;1.2.1|6.3.2;1.2.1|6.3.1;4.4.1|6.3.2;3.1.2|3.5.1;2.3.1|6.3.2;1.2.4|3.4.22;2.5.1|3.5.1;1.2.1|3.5.1;6.2.1|3.5.1;6.2.1|3.5.1;2.5.1|3.5.1;2.3.1|2.3.2;2.3.1|3.5.1;6.2.1;2.5.1;1.1.1;2.3.1;2.3.1;2.3.1;2.3.1;2.3.1;2.5.1;2.5.1;6.2.1;6.2.1;2.3.1;2.3.1;6.2.1;2.3.1;6.2.1;2.3.1;2.1.2;3.1.2;2.3.1;3.1.2
275,2.5.1|3.1.4|1.11.1|1.2.1;1.5.3|6.5.1|1.10.3|4.2.1;4.4.1|4.6.1|1.1.3|1.2.3;4.2.1|1.1.1;1.5.99|4.4.1|3.5.1;2.3.1|1.14.14|1.2.2;1.14.15|4.99.1|2.3.1;1.5.1|1.11.2|1.2.-;3.1.1|1.8.5|1.14.13;3.3.1|1.3.2|1.14.99;2.1.2|4.3.1|1.2.7;4.1.99|4.5.1|1.1.3;4.1.3|1.97.1|1.5.1;3.3.2|1.2.99;3.5.99|1.14.11;1.4.3;4.3.3;3.5.-;1.3.1;3.7.1;1.1.1;1.8.3,2.5.1|4.1.1;2.5.1|1.13.12;2.5.1|4.2.3|4.1.1;2.5.1|1.14.13|4.1.1;2.5.1|1.14.13;2.5.1|1.14.13;2.5.1|2.1.1|1.14.13;2.5.1|4.2.3|2.1.1|1.11.1;2.5.1|1.3.1|1.14.-|1.14.13;4.2.1|2.5.1|2.1.1;2.5.1|1.14.21;1.14.14;1.1.1;1.14.14;2.1.1;1.14.13;1.14.13;4.1.99;1.14.16;1.14.14;4.1.2;1.14.16;1.14.13;1.14.13;1.14.13;2.5.1;4.2.1;2.5.1;1.14.13;1.14.13;2.1.1;1.14.13;2.4.1;1.14.13;1.14.12;1.14.12;1.14.13;2.5.1;1.14.13;4.1.1;1.14.13;4.1.1;1.14.13;1.14.13;1.14.13;1.14.13;4.1.1;1.14.12;1.14.12;4.1.1;1.14.13;4.1.1
276,2.7.1;3.1.3;2.7.8;3.6.1;3.1.4;2.7.4;2.7.11;2.7.7;3.6.3;3.1.7;2.7.6;4.6.1;2.7.2;2.7.3;3.2.1;3.6.4;2.7.9;2.6.-;2.7.-;2.7.13;3.6.5;2.4.1;5.1.3;4.2.3;2.7.99;3.1.5;2.7.12;4.1.1;2.7.10;1.3.7;1.18.6;1.19.6;3.-.-,3.1.3|5.4.99|5.5.1;3.1.3|5.5.1|1.13.99;3.1.3|5.-.-|5.1.3;3.1.3|1.13.99|4.2.3;2.7.1|4.2.3;2.7.1|1.1.1;2.7.1|1.1.1;2.7.1|1.1.1;2.7.1|3.3.2;3.1.3|3.3.2;2.7.1|3.3.2;3.1.3|3.3.2;2.7.1|5.3.1;2.7.1|3.3.2;3.1.3|5.3.1;2.7.1|5.3.1;2.7.1|5.3.1;2.7.8|5.3.1;2.7.1|5.3.1;2.7.1|5.3.1;3.1.3|5.3.1;2.7.1|2.6.1;3.1.3|5.3.1;2.7.1|5.3.1;2.7.1|5.3.1;2.7.1|3.3.2;2.7.1|3.3.2;2.7.1|3.3.2;2.7.1;3.1.3;3.1.3;3.1.3;2.4.1;3.1.3;3.1.3;2.7.6;2.7.1;2.7.1;2.7.1;2.7.1;2.7.1;3.1.3;2.7.1;2.7.1;2.7.1;2.7.1;2.7.1;2.7.7;2.7.1;2.7.1;2.7.7
277,1.14.13|1.3.1;1.14.14|1.3.99;1.14.11|1.5.1;1.14.15|1.3.8;1.14.16|5.3.3;1.14.99|1.3.3;1.14.-|1.14.11;1.14.18|2.3.1;1.17.1|1.1.1;1.1.1|1.3.5;1.13.11|5.2.1;1.10.99|5.3.2;1.10.3|5.3.1;1.97.1|1.3.7;3.5.3|1.4.3;3.7.1|1.5.99;1.6.6|1.14.21;1.17.99|5.1.3;1.2.1|1.5.3;1.3.99|1.10.3;1.3.7|1.6.5;1.14.20|1.3.-;4.1.99|2.5.1;1.-.-|1.1.3;1.14.12|1.5.-;1.17.3|1.6.99;1.7.3|4.1.1;1.14.17|1.4.1;1.17.7|1.11.1;1.1.-;5.3.99;1.17.99;1.12.98;1.3.2;1.6.3;1.10.9;1.6.1;1.14.99;1.14.13;1.14.14;5.1.1;3.1.3;1.14.12;1.14.-;5.5.1;1.7.1;1.8.5;1.3.98,1.14.13|4.2.3|1.-.-;1.14.13|4.2.3|1.14.-|1.-.-;1.3.1|4.2.3|1.14.-;1.14.14|4.2.3|1.14.-;3.3.2|4.2.3|1.14.-;3.3.2|4.2.3;4.2.3|4.1.99;4.2.3|5.3.3;4.2.3|4.2.1;4.2.3|4.2.1;4.2.3|2.6.1;4.2.3|5.3.1;4.2.3|1.14.13;4.2.3|1.14.13;4.2.3|1.-.-;4.2.3|4.2.1;4.2.3|4.2.1;4.1.99|2.6.1;4.2.3|1.14.13;4.2.3|1.14.20;4.2.3|1.14.13;4.1.99|1.14.13;4.2.3|4.2.1;4.2.3;4.2.3;4.2.3|5.3.99;4.2.3;4.2.3;4.2.3;4.2.3|5.3.1;1.14.13|5.3.1;1.14.13|1.14.14;4.2.3;4.2.3|5.3.1;1.14.13|4.2.3;1.14.13|4.2.3;4.2.3|3.3.2;4.2.3|5.3.1;4.2.3|5.3.1;4.2.3|4.2.1;4.2.3;4.2.3|1.10.99;4.2.3|1.14.14;4.2.3|1.14.14;1.14.14;4.2.3|5.3.1;4.2.3|5.3.1;4.2.3|5.3.1;4.2.3|5.3.1;4.2.3|5.3.1;4.2.3|4.2.2;4.2.3;4.3.3|4.2.3;4.2.3;4.2.3;4.2.3;5.3.1|1.3.1;2.6.1|1.3.-;4.2.3|1.1.1;4.2.1|4.2.3;4.2.1|4.1.1;4.2.3|5.4.4;4.2.1|4.2.3;1.10.99|4.2.3;2.6.1|1.10.99;1.10.99|4.2.3;1.14.14|4.2.99;1.14.14|4.2.3;1.14.14|4.2.3;1.10.99|4.2.3;4.2.1|1.10.99;1.14.13|1.1.1;5.3.3|4.2.3;4.1.99|1.14.-;1.14.13|4.2.3;1.1.1;5.4.99;1.14.13;1.14.13;4.2.3;4.2.3;4.2.1;4.2.3;2.2.1;4.1.99;4.2.3;4.2.3;4.2.3;4.2.3;4.2.3;4.2.3;4.2.3;4.2.3;1.14.14;4.2.3;4.2.3;1.14.99;1.14.99;1.14.99;1.14.13;4.2.3;1.14.11;1.14.99;1.14.15;4.2.3;5.3.99;5.3.99
278,1.10.9;1.10.3,1.10.9;2.1.1;1.14.13;1.14.13;1.10.9;1.1.5;1.14.13
279,1.3.1;1.3.99;1.5.1;1.3.8;5.3.3;1.3.3;1.14.11;2.3.1;1.1.1;1.3.5;5.2.1;5.3.2;5.3.1;1.3.7;1.4.3;1.5.99;1.14.21;5.1.3;1.5.3;1.10.3;1.6.5;1.3.-;2.5.1;1.1.3;1.5.-;1.6.99;4.1.1;1.4.1;1.11.1;1.1.-;5.3.99;1.17.99;1.12.98;1.6.1;1.3.2;1.6.3;1.10.9;1.14.99;1.14.13;1.14.14;5.1.1;3.1.3;1.14.12;1.14.-;5.5.1;1.7.1;1.8.5;1.3.98,1.-.-;1.-.-
28,2.4.1;3.2.1;2.4.2;3.1.4;4.2.2|6.1.1;5.1.3|4.2.2;6.5.1|5.1.3;2.4.99|6.5.1;6.1.1|3.1.1;4.2.1|2.4.99;3.1.3|4.2.1;3.6.1|3.1.3;2.7.8|3.6.1;3.1.1|2.7.8;4.3.3,2.5.1|2.4.1;2.5.1|2.4.1;4.1.99|2.4.1;2.5.1|2.4.1;2.4.1|2.3.1;2.4.1;2.4.1;2.1.1|3.6.1;2.1.1|2.4.2;2.1.1|2.4.1;2.4.1;3.2.1|2.4.1;3.2.1|2.4.1;2.4.1;3.2.1|2.4.2;2.4.1;2.4.1;3.2.1|2.4.1;3.2.1|2.4.1;2.4.1|2.4.2;2.4.1;2.4.1;3.2.1|2.4.1;3.2.1|2.4.99;2.4.1|2.4.2;3.2.1|2.4.2;2.4.1;3.2.1|2.4.99;2.4.1|2.4.2;3.2.1|2.4.2;3.2.1|2.4.2;2.4.1|4.2.3;2.4.1;2.4.1;2.4.1;2.4.1;3.2.1;2.4.1;3.2.1
280,1.1.1|1.3.1;1.1.2|1.3.99;1.1.99|1.5.1;1.1.5|1.3.8;1.1.3|5.3.3;1.1.-|1.3.3;2.3.1|1.14.11;2.3.1;1.1.1;1.3.5;5.2.1;5.3.2;5.3.1;1.3.7;1.4.3;1.5.99;1.14.21;5.1.3;1.5.3;1.10.3;1.6.5;1.3.-;2.5.1;1.1.3;1.6.99;1.5.-;4.1.1;1.4.1;1.11.1;1.1.-;5.3.99;1.17.99;1.12.98;1.3.2;1.10.9;1.6.3;1.6.1;1.14.99;1.14.13;1.14.14;5.1.1;3.1.3;1.14.12;1.14.-;5.5.1;1.7.1;1.8.5;1.3.98,1.1.1|4.2.3|4.1.2|1.-.-;1.1.1|4.2.3|1.1.3|1.-.-;1.1.1|4.2.3|3.3.2;1.1.1|4.2.3|3.3.2;1.1.1|3.3.2;5.3.1|3.3.2;1.1.1|3.1.1;1.1.99|1.1.1;1.1.1;1.1.1;1.1.1;1.1.1;1.1.1;4.2.1;4.2.1;1.1.1;4.2.1;1.1.1
281,,5.3.1|4.2.3;5.3.1;5.3.1;5.3.1;5.3.1;5.3.1;5.3.1;5.3.1;5.3.1;5.3.1;4.2.3|5.3.1;4.2.3;5.1.3;5.5.1;1.1.1;1.1.1;5.1.3;1.1.1;1.1.1;4.2.1;1.14.13;5.3.99;1.21.-|4.2.3;2.2.1|1.21.-;5.3.3|2.2.1;4.2.3|5.3.3;1.1.3;1.3.2;2.2.1;5.3.1;1.1.3
282,2.4.1;3.2.1;2.4.2;3.1.4;6.1.1;4.2.2;5.1.3;6.5.1;3.1.1;2.4.99;4.2.1;3.1.3;3.6.1;2.7.8;4.3.3,2.4.2|2.5.1;2.4.2|2.5.1;2.4.2|2.5.1;2.4.1|2.5.1;2.4.1|2.5.1;2.4.99|2.5.1;2.4.1|2.5.1;2.5.1;2.5.1;2.5.1;2.5.1;2.5.1
283,4.2.3|3.1.4;4.1.99|6.5.1;3.1.7|4.6.1,4.2.3|2.5.1;4.2.3|2.5.1;4.2.3|2.5.1;4.2.3;4.2.3|2.5.1;4.2.3|2.5.1;4.2.3|2.5.1;4.2.3;4.2.3;4.2.3;4.2.3|2.5.1;4.2.3;4.2.3|2.5.1;4.1.99|2.5.1;4.2.3|2.5.1;4.2.3;4.2.3;4.2.3;4.2.3;4.2.3;4.2.3;4.2.3;4.2.3;4.2.3;4.2.3;4.2.3;4.2.3;4.2.3;4.2.3;4.2.3;4.2.3;4.2.3;4.2.3;4.2.3;4.2.3;4.2.3;4.2.3;5.5.1;3.1.7
284,4.1.3;2.3.3;4.2.99|2.3.1;2.3.1|4.2.99;2.4.2|4.1.1;4.1.1|3.3.2;3.3.2|2.4.2;4.1.2,4.1.3|2.3.1;4.1.3|2.3.3;4.1.3|2.3.3;4.1.3|2.3.3;4.1.3|2.3.3;4.1.2|2.3.3;4.1.2|2.3.3;4.1.3|2.3.3;4.1.3|2.3.3;2.1.2|2.3.3;4.1.3|2.3.3;4.1.3;2.3.3;2.3.3
285,4.2.1;2.3.1;4.1.2;4.3.3;3.5.5;3.2.-;2.5.1;3.5.1;3.5.2;2.8.1;2.9.1;5.4.4,4.2.1;4.2.1;1.3.1;1.14.12;1.14.12;1.14.12;1.14.12;1.14.12;1.14.12;1.14.12;1.14.12;1.14.12;1.14.12;4.2.1;1.14.12;1.3.1;4.1.3;1.3.1;1.3.5;1.14.18;4.1.3;4.2.99;1.3.1;1.14.12;1.3.1;1.14.12;1.14.12;1.3.1;1.3.1;1.14.12;1.14.12;1.3.1;1.3.1;4.1.3;1.10.3;1.3.1;1.14.12;5.3.3;1.3.1;1.3.7;1.3.1;1.3.1;1.3.1;1.3.1;1.3.1;1.14.13;1.3.1;1.3.1
286,2.7.1|3.1.4;3.1.3|6.5.1;3.6.1|4.6.1;2.7.8;2.7.4;2.7.7;3.6.3;2.7.11;3.1.4;2.7.2;2.7.6;2.7.3;3.6.4;3.1.7;4.6.1;2.7.9;3.6.5;3.2.1;2.7.12;2.7.13;2.6.-;2.7.-;4.1.1;2.7.10;1.3.7;1.18.6;4.2.3;3.1.5;2.7.99;2.4.1;5.1.3;1.19.6;3.-.-,3.1.7|2.5.1;2.7.6|2.5.1;2.7.6|2.5.1;2.7.1|2.5.1;3.1.3|4.2.3;3.1.5|2.5.1;2.7.6|4.2.3;4.2.3;4.2.3;2.5.1;2.5.1;2.5.1;4.2.3;4.1.2;2.5.1
287,3.5.5;6.3.4,3.5.5;6.3.4
288,1.2.1|1.3.1;1.2.99|1.3.99;1.2.3|1.5.1;1.2.-|1.3.8;1.2.7|5.3.3;1.14.13|1.3.3;1.5.1|1.14.11;1.1.3|2.3.1;1.14.14|1.1.1;1.1.1|1.3.5;1.14.99|5.2.1;1.5.99|5.3.2;1.14.11|5.3.1;1.17.1|1.3.7;1.2.2|1.4.3;1.5.99;1.14.21;5.1.3;1.5.3;1.10.3;1.6.5;1.3.-;2.5.1;1.1.3;1.5.-;1.6.99;4.1.1;1.4.1;1.11.1;1.1.-;5.3.99;1.17.99;1.12.98;1.3.2;1.6.1;1.10.9;1.6.3;1.14.99;1.14.13;1.14.14;5.1.1;3.1.3;1.14.12;1.14.-;5.5.1;1.7.1;1.8.5;1.3.98,1.2.1|1.-.-;1.2.1|1.-.-;1.2.1;1.2.1;1.2.1;1.2.1
289,1.3.1;1.3.99;1.5.1;1.3.8;5.3.3;1.3.3;1.14.11;2.3.1;1.1.1;1.3.5;5.2.1;5.3.2;5.3.1;1.3.7;1.4.3;1.5.99;1.14.21;5.1.3;1.5.3;1.10.3;1.6.5;1.3.-;2.5.1;1.1.3;1.5.-;1.6.99;4.1.1;1.4.1;1.11.1;1.1.-;5.3.99;1.17.99;1.12.98;1.10.9;1.3.2;1.6.1;1.6.3;1.14.99;1.14.13;1.14.14;5.1.1;3.1.3;1.14.12;1.14.-;5.5.1;1.7.1;1.8.5;1.3.98,1.14.13|2.5.1|1.14.14|1.-.-;1.14.14|1.11.1|1.-.-;1.14.14|1.10.99;1.14.14|2.1.1;1.14.12|2.1.1;1.13.11|2.1.1;1.14.14|4.2.3;1.14.13|4.2.3;1.14.14|4.2.3;1.14.12|4.2.3;1.14.13|4.2.3;1.1.4|4.2.3;1.14.14|4.2.3;1.1.4|4.2.3;1.14.11|4.2.3;1.14.11|4.2.3;1.1.4|4.2.3;4.2.1|4.2.3;4.2.1|4.2.3;1.14.11|4.2.3;2.3.1|4.2.3;1.14.11|4.2.3;1.14.11|4.2.3;1.3.1|1.14.13;1.3.1|1.14.13;1.3.1|4.2.3;4.2.1|4.2.3;1.14.11|4.2.3;1.3.1|4.1.99;1.3.1|4.2.3;1.14.11|4.2.3;1.14.14|4.2.3;1.14.11|4.2.3;1.14.14|4.2.3;1.14.11|4.2.3;1.3.1|4.2.3;1.3.1|4.2.3;2.1.1|4.2.3;4.2.1|4.2.3;1.14.13|4.1.99;1.14.14;1.14.11|1.10.99;1.14.14|1.10.99;1.14.11|4.2.3;1.5.1|4.2.3;1.3.1|5.3.99;1.3.1|4.3.3;1.14.12|4.2.3;1.14.21|4.2.3;1.14.12|4.2.3;1.14.14|4.2.3;1.14.12|4.2.3;1.14.12|4.2.3;2.5.1|4.2.3;1.14.-|1.-.-;1.14.14|4.2.3;1.14.14|5.3.3;1.14.14|3.1.7;4.1.1
29,1.1.1;1.1.99;1.1.3;2.3.1;1.14.13;1.1.5;1.1.-;1.1.2;5.3.3;1.14.11;1.14.-;1.1.98;1.4.3;1.-.-;1.6.5;1.6.99;1.2.1;5.1.3;4.2.1;1.14.15;1.1.9;1.3.1;1.14.12;1.6.3;1.6.1;6.4.1;5.4.99;1.11.1;4.1.1,1.1.1;1.1.1;1.1.3;1.1.1;1.1.1;4.2.1;1.1.1;1.3.3;1.1.1;1.1.1;1.1.1;1.1.1;1.1.1;1.1.1;1.1.1;1.1.1;5.1.3;1.1.1;1.1.1;1.-.-;1.1.1;1.1.1;5.3.99;1.1.1;1.1.1;1.1.1;1.1.1;4.2.1;1.1.1;5.1.3;1.1.1;1.1.1;1.1.1;4.3.1;4.2.1;1.1.1;1.1.5;4.2.1;4.2.1;1.1.1;5.1.3;4.2.1;5.1.3;5.1.3;5.1.3;5.1.3;1.1.1;5.1.3;5.1.3;1.1.1;1.1.1;1.1.1;1.1.1;1.1.1;4.2.1;1.1.1;5.1.3;5.1.3;1.1.1;1.1.1;1.1.1;1.1.1;1.1.1;5.3.1;5.1.3;1.14.11;5.1.3;2.1.1;2.1.3;1.1.1;1.1.1;1.1.1;1.1.1;1.1.1;1.14.13;1.1.1;1.1.1;5.1.3;1.1.3;1.1.1;1.1.1;1.1.1;5.1.3;1.1.3;1.1.1;1.10.3;1.3.2;1.1.3;4.2.1;1.1.1;1.1.1;1.1.1;1.14.11;1.1.1;4.2.2;1.1.3;4.2.3;1.1.1;1.14.13;1.14.13;1.1.1;1.1.1;1.1.1
290,1.14.13|2.1.1;1.14.14;1.14.11|3.1.1;1.14.15|2.3.1;1.14.16|1.5.3;1.14.99|1.14.11;1.14.-|1.5.8;1.14.18|2.-.-;1.17.1|1.16.1;1.1.1|1.14.99;1.13.11|1.14.13;1.10.99|1.2.7;1.10.3|1.5.99;1.97.1|3.7.1;3.5.3;3.7.1;1.6.6;1.17.99;1.2.1;1.3.99;1.3.7;1.14.20;4.1.99;1.-.-;1.14.12;1.17.3;1.7.3;1.14.17;1.17.7,1.14.13|3.3.1|1.1.99|2.5.1;4.4.1|2.3.1;2.5.1;2.5.1;4.4.1
291,2.1.1;1.14.14;3.1.1;2.3.1;1.5.3;1.14.11;1.5.8;2.-.-;1.16.1;1.14.99;1.14.13;1.5.99|1.2.7;1.2.7|1.5.99;3.7.1,2.1.1|2.7.1|2.5.1|2.-.-;2.1.1|2.7.1|2.5.1;2.1.1|2.7.1|4.2.3|2.3.1;2.1.1|2.7.1|2.5.1;2.1.1|2.5.1;2.1.1|2.5.1;2.5.1;2.5.1;2.5.1;2.5.1;2.5.1;4.1.3;4.1.3;2.5.1;2.5.1;2.5.1
292,2.3.1|6.2.1;3.1.1|6.3.4;6.2.1|3.6.1;3.1.2|2.7.7;3.5.1|1.2.1;1.2.1|2.7.2;2.3.2|2.7.1;6.1.1;2.3.3;1.2.7;6.3.1;3.7.1;2.1.3;6.3.4;6.3.2;3.4.11;3.2.1;1.2.4;1.8.1;1.1.1;4.1.3;2.3.-;2.5.1;2.8.3;4.4.1;2.1.1;1.-.-;3.4.13;3.5.3;6.1.2;1.2.3;2.6.1;4.3.2;2.7.7,2.-.-|6.2.1;2.5.1|6.2.1;4.3.2|1.2.1;1.5.99|2.7.7|2.3.1;2.3.1|6.3.4|1.5.99;3.5.1;2.1.2;3.5.4;2.3.-;3.1.1;6.3.4;2.3.1|4.3.2;2.3.1;2.3.1;4.3.2|2.3.1;3.5.1;2.3.2;3.5.1;2.3.1|3.5.1;3.5.1|2.3.1;2.3.1|3.5.1;2.3.1
293,,4.2.3;4.2.3;4.2.3;4.2.3;4.2.3;4.2.3;4.2.3;4.2.3;4.2.3;4.2.3;4.2.3;4.2.3;4.2.3;5.5.1;4.2.3;4.2.3;4.2.3;4.2.3;4.2.3;4.2.3;4.2.3;5.5.1;5.5.1;5.5.1;4.2.3
294,2.4.1|3.2.1;3.2.1|2.4.1;2.4.2|2.4.99;3.1.4|4.2.1;4.2.2|2.5.1;6.1.1|5.1.3;5.1.3|4.2.2;6.5.1|1.-.-;2.4.99|2.4.2;4.2.1;3.1.3;3.6.1;2.7.8;3.1.1,2.4.1|4.2.1;3.2.1;3.2.1;2.4.1|3.2.1;2.4.1|3.2.1;3.2.1;3.2.1;2.4.1|3.2.1;4.2.1|3.2.1;2.4.1|3.2.1;2.4.1|2.1.1;2.4.1|3.2.1;3.2.1;2.4.1|2.1.1;2.4.1|2.1.1;2.4.1|3.2.1;3.2.1|2.1.1;3.2.1;3.2.1;2.4.1|3.2.1;2.4.1|3.2.1;2.4.1|3.2.1;2.4.2|3.2.1;2.4.1|2.5.1;3.2.1|2.1.1;3.2.1|2.1.1;3.2.1|2.1.1;2.4.1|3.2.1;3.2.1;2.4.1;2.4.1;3.2.1;2.4.1;2.4.1;2.4.1;2.4.1;3.2.1;2.4.1;3.2.1;2.4.1;2.4.1;3.2.1;2.4.1;2.4.1;3.2.1;3.2.1;2.4.1;2.4.1;2.4.1;3.2.1;3.2.1;2.4.1;2.4.1;2.4.1;2.4.1;3.2.1;3.2.1;3.2.1;3.2.1;3.2.1;2.4.1;3.2.1;2.4.1;2.4.1;3.2.1;2.4.1;3.2.1;3.2.1;2.4.1;2.4.1;2.4.1;2.4.1;2.4.1;2.4.1;3.2.1;2.4.1;2.4.1;2.4.1;2.4.1;2.4.1;3.2.1;3.2.1;2.4.1;2.4.1;2.4.1;2.4.1;2.4.1;2.4.1;2.4.1;3.2.1;2.4.1;2.4.1;2.4.1;2.4.1;2.4.1;2.4.1;2.4.1;2.4.1;3.2.1;2.4.1;2.4.1;3.2.1;2.4.1
295,2.4.1;3.2.1;2.4.2;3.2.2;6.1.1;2.5.1;3.1.1;3.1.4;4.2.2;2.4.99;4.2.1;2.7.8;6.3.4;5.1.3;4.3.3;6.5.1;3.5.1;3.6.1;3.1.3;1.14.14;1.14.11;3.2.-,2.4.1;2.4.1;2.4.1;2.4.1;2.4.1|2.4.2;2.4.2|2.4.1;2.4.1;2.4.1;2.4.1|2.4.2;2.4.1|2.4.2;2.4.1|2.4.2;2.4.1;2.4.1;2.4.2|2.4.1;2.4.1;2.4.1;2.4.1|2.4.2;2.4.1;2.4.1;2.4.1;2.4.2|2.4.1;2.4.1;3.6.1|2.4.2;2.4.2|2.4.99;2.4.99|2.4.1;2.7.1|2.7.8;2.7.1|2.4.2;2.4.99|4.2.3;2.7.1|2.4.2;2.4.2|2.4.1;1.18.6|2.4.99;2.7.1|3.6.1;2.7.1|2.4.1;3.6.1|2.7.1;2.7.1;2.7.1;2.4.1;2.4.2;2.7.1;2.7.1;2.4.2;2.7.1;2.7.4;2.7.4;2.4.2;2.7.8;4.2.3;3.6.1
296,3.1.2|2.3.1;6.2.1;2.8.3|3.1.1;2.3.1|3.1.2;3.2.1|1.2.1;6.1.1;2.3.3;2.3.2;3.5.1;1.2.7;3.7.1;3.2.1;1.2.4;1.8.1;2.1.3;1.1.1;4.1.3;2.3.-;2.8.3;2.5.1;4.4.1;2.1.1;1.-.-;1.2.3;2.6.1;6.1.2;3.5.3;6.3.1;6.3.4;2.1.2;2.2.1;6.3.2;3.4.11,6.2.1;2.8.3|2.3.1;6.2.1|2.3.1;2.8.3|2.3.1;6.2.1;6.2.1;2.3.1
297,1.1.1|1.3.1;1.1.99|1.3.99;1.1.3|1.5.1;2.3.1|1.3.8;1.14.13|5.3.3;1.1.5|1.3.3;1.1.-|1.14.11;1.1.2|2.3.1;5.3.3|1.1.1;1.14.11|1.3.5;1.14.-|5.2.1;1.1.98|5.3.2;1.4.3|5.3.1;1.-.-|1.3.7;1.6.5|1.4.3;1.6.99|1.5.99;1.2.1|1.14.21;5.1.3;4.2.1|1.5.3;1.14.15|1.10.3;1.1.9|1.6.5;1.3.1|1.3.-;1.6.3|2.5.1;1.6.1|1.1.3;1.14.12|1.6.99;6.4.1|1.5.-;5.4.99|4.1.1;1.11.1|1.4.1;4.1.1|1.11.1;1.1.-;5.3.99;1.17.99;1.12.98;1.6.3;1.3.2;1.6.1;1.10.9;1.14.99;1.14.13;1.14.14;5.1.1;3.1.3;1.14.12;1.14.-;5.5.1;1.7.1;1.8.5;1.3.98,1.1.1|4.2.3|1.-.-;1.1.1|4.2.3|2.6.1|1.-.-;1.1.1|4.2.3|5.3.1;1.1.1|4.2.3|4.1.99;1.1.1|4.2.3|1.14.13;1.1.1|4.2.3|1.14.20;1.1.1|4.2.3;1.1.1|4.2.3|5.3.3;1.1.1|4.2.3;1.1.1|4.2.3;1.1.1|4.2.3;1.1.1|4.2.3|5.3.99;2.3.3|4.2.3;1.1.1|4.2.3;1.1.1|4.2.3;1.1.1|4.2.3;1.1.1|4.2.3;2.3.3|4.2.3|4.2.1;1.1.1|4.2.3|4.2.1;1.1.1|4.2.3;2.3.3|4.1.99|4.2.3;2.3.3|4.2.3|1.14.13;1.1.1|4.2.3;1.1.1|4.2.3|2.6.1;1.1.99|4.2.3|4.2.1;2.3.3|4.2.3;1.1.1|4.2.3;1.1.1|4.2.3;1.1.1|4.2.3;2.3.3|4.2.3|1.14.13;1.3.1|4.2.3|1.14.13;5.1.3|4.2.3|4.2.1;5.1.3|4.2.3;1.1.1|4.2.3;4.2.3|1.1.1;4.2.3;4.2.3|1.14.13;1.3.1|1.14.13;4.2.3;4.2.3|1.1.1;4.2.2|4.2.3;2.5.1|4.2.3;4.2.3|4.1.99;4.2.3;4.2.3;4.2.3;2.5.1|1.10.99;2.5.1|1.14.14;4.2.3;4.2.3;4.2.3|1.14.14;4.1.99|1.14.14;5.3.1|4.2.3;5.3.1|4.2.3;5.3.1|4.2.3;5.3.1|3.3.2;5.3.1|4.2.3;5.3.1|4.2.3;5.3.1|4.2.3;5.3.1|4.2.99;5.3.1|1.14.14;5.3.1|2.2.1;4.2.3;4.2.3|5.4.4;5.3.1|1.10.99;2.6.1|1.10.99;4.3.3|1.1.1;4.2.3;5.5.1|5.4.99;1.10.99|4.2.3;1.14.13|4.2.3;1.14.13|4.2.3;1.14.13|1.-.-;1.14.20|4.2.3;1.14.14|4.2.3;1.14.14|4.2.3;4.2.3;1.14.13;1.14.11;4.3.3;4.2.3
298,3.5.1;2.3.1;6.3.2;2.3.2;6.3.1;6.3.4;3.4.13;2.1.3;3.4.11;6.2.1;3.1.1;3.4.19;2.1.2;6.3.5;3.1.2;3.4.17;3.5.4;1.2.1;3.5.3;4.3.2;2.7.7;2.3.3;1.2.99;6.1.1;2.3.-;3.4.15;1.2.7;1.4.1;4.3.3;1.4.7;3.5.5;3.7.1,6.3.4;2.3.1;3.5.1;6.3.1;6.3.2;2.3.1;2.3.1;6.2.1;3.5.1;3.5.1;2.3.1;6.3.2;6.3.2;2.3.1;2.3.1;3.5.1;6.3.1;2.1.1;3.5.1;3.5.1;3.5.1;6.3.2;2.3.2;2.3.1;6.3.1;2.3.1;6.3.2;3.5.1;2.3.1;2.5.1;3.5.1;6.3.1
299,,
3,1.14.13|1.3.1;1.14.14|1.3.99;1.14.11|1.5.1;1.14.15|1.3.8;1.14.16|5.3.3;1.14.99|1.3.3;1.14.-|1.14.11;1.14.18|2.3.1;1.17.1|1.1.1;1.1.1|1.3.5;1.13.11|5.2.1;1.10.99|5.3.2;1.10.3|5.3.1;1.97.1|1.3.7;3.5.3|1.4.3;3.7.1|1.5.99;1.6.6|1.14.21;1.17.99|5.1.3;1.2.1|1.5.3;1.3.99|1.10.3;1.3.7|1.6.5;1.14.20|1.3.-;4.1.99|2.5.1;1.-.-|1.1.3;1.14.12|1.5.-;1.17.3|1.6.99;1.7.3|4.1.1;1.14.17|1.4.1;1.17.7|1.11.1;1.1.-;5.3.99;1.17.99;1.12.98;1.10.9;1.3.2;1.6.3;1.6.1;1.14.99;1.14.13;1.14.14;5.1.1;3.1.3;1.14.12;1.14.-;5.5.1;1.7.1;1.8.5;1.3.98,1.14.13|4.2.3|1.-.-;1.14.13|4.2.3|1.14.-|1.-.-;1.3.1|4.2.3|1.14.-;1.14.14|4.2.3|1.14.-;3.3.2|4.2.3|1.14.-;3.3.2|4.2.3;4.2.3|4.1.99;4.2.3|5.3.3;4.2.3|4.2.1;4.2.3|4.2.1;4.2.3|5.3.1;4.2.3|2.6.1;4.2.3|1.14.13;4.2.3|1.14.13;4.2.3|1.-.-;4.2.3|4.2.1;4.2.3|4.2.1;4.1.99|2.6.1;4.2.3|1.14.13;4.2.3|1.14.20;4.2.3|1.14.13;4.1.99|1.14.13;4.2.3|4.2.1;4.2.3;4.2.3;4.2.3|5.3.99;4.2.3;4.2.3;4.2.3;4.2.3|5.3.1;1.14.13|5.3.1;1.14.13|1.14.14;4.2.3;4.2.3|5.3.1;1.14.13|4.2.3;1.14.13|4.2.3;4.2.3|3.3.2;4.2.3|5.3.1;4.2.3|5.3.1;4.2.3|4.2.1;4.2.3;4.2.3|1.10.99;4.2.3|1.14.14;4.2.3|1.14.14;1.14.14;4.2.3|5.3.1;4.2.3|5.3.1;4.2.3|5.3.1;4.2.3|5.3.1;4.2.3|5.3.1;4.2.3|4.2.2;4.2.3;4.3.3|4.2.3;4.2.3;4.2.3;4.2.3;5.3.1|1.3.1;2.6.1|1.3.-;4.2.3|1.1.1;4.2.1|4.2.3;4.2.1|4.1.1;4.2.3|5.4.4;4.2.1|4.2.3;1.10.99|4.2.3;2.6.1|1.10.99;1.10.99|4.2.3;1.14.14|4.2.99;1.14.14|4.2.3;1.14.14|4.2.3;1.10.99|4.2.3;4.2.1|1.10.99;1.14.13|1.1.1;5.3.3|4.2.3;4.1.99|1.14.-;1.14.13|4.2.3;1.1.1;5.4.99;1.14.13;1.14.13;4.2.3;4.2.3;4.2.1;4.2.3;2.2.1;4.1.99;4.2.3;4.2.3;4.2.3;4.2.3;4.2.3;4.2.3;4.2.3;4.2.3;1.14.14;4.2.3;4.2.3;1.14.99;1.14.99;1.14.99;1.14.13;4.2.3;1.14.11;1.14.99;1.14.15;4.2.3;5.3.99;5.3.99
30,2.4.1|3.2.1;3.2.1|2.4.1;2.4.2|2.4.99;3.1.4|2.5.1;4.2.2|4.2.1;5.1.3;6.5.1|4.2.2;6.1.1|1.-.-;2.4.99|2.4.2;4.2.1;3.1.3;3.6.1;2.7.8;3.1.1,2.4.1|3.2.1;2.4.1|3.2.1;2.4.1|3.2.1;3.2.1;3.2.1;3.2.1;2.4.1|3.2.1;2.4.1|3.2.1;2.4.1|3.2.1;3.2.1;2.4.1|3.2.1;2.4.1;2.4.1;3.2.1;3.2.1;3.2.1;2.4.1;2.4.1;2.4.1;2.4.1;3.2.1;2.4.1;3.2.1;2.4.1;2.4.1;3.2.1;3.2.1;3.2.1;2.4.2;2.4.1;3.2.1;2.4.1;4.2.1;2.4.1;3.2.1;2.4.99
300,,
301,2.4.1;3.2.1;2.4.2;3.1.4;6.1.1|4.2.2;4.2.2|5.1.3;5.1.3|6.5.1;6.5.1|2.4.99;3.1.1|6.1.1;2.4.99|4.2.1;4.2.1|3.1.3;3.1.3|3.6.1;3.6.1|2.7.8;2.7.8|3.1.1;4.3.3,2.4.1|4.2.3;2.4.1|4.2.3;2.4.1|4.2.3;2.4.1|4.2.3;2.4.1|4.2.3;2.4.1|3.2.1|4.2.3;2.4.1|4.2.3;2.4.1|4.2.3;2.4.1|4.2.3;2.4.2|2.4.1|4.2.3;2.4.1|4.2.3;2.4.1|4.2.3;2.4.1|4.2.3;2.4.1|4.2.3;2.4.1|2.4.2|4.2.3;2.4.1|4.2.3;2.4.2|4.2.3;2.4.2|2.4.1|4.2.3;2.4.1|2.4.2|4.1.99;2.4.1|4.2.3;3.6.1|4.2.3;2.4.1|4.2.3;2.4.1|4.2.3;2.4.2|4.2.3;2.4.2|4.2.3;2.4.2|4.2.3;2.4.2|4.2.3;2.4.2|4.2.3;2.4.99|4.2.3;2.4.99|4.2.3;2.4.1|4.2.3;4.2.3;1.3.1;2.5.1;4.2.3;1.14.14;2.5.1;2.5.1;4.2.3;1.14.14;1.14.14;4.2.3;4.2.3;4.2.3;1.14.13;4.2.3;4.2.3;4.2.3;4.2.3;4.2.3;4.2.3;4.2.3;4.2.3;4.2.3;4.2.3;3.1.7;4.2.3;4.2.3;1.3.1;4.2.3;4.2.3;4.2.3;4.3.3;4.2.1;1.3.1;1.3.1;1.3.1;4.2.3;1.3.1;1.3.1;4.2.3;1.3.1;1.3.1;1.3.1;1.3.1;1.3.1;1.3.1;1.3.1;1.3.1;1.3.1;1.3.1;1.3.1;1.3.1;1.3.1;1.3.1;1.14.14;1.14.14;4.2.1;1.14.13;1.14.14;1.14.14;4.2.99;4.1.3;4.2.1;1.14.18;1.3.-;4.1.99
302,1.14.13|1.2.1;1.14.14|1.2.4|4.2.1;4.1.1|1.2.3;1.14.11|1.14.14|1.1.1;2.5.1|1.14.11|3.5.1;1.14.15|1.14.18|1.2.2;2.1.1|1.14.16|2.3.1;1.97.1|1.14.15|1.2.-;1.14.16|1.14.99|1.14.13;1.14.-|1.14.99;1.14.18|1.17.1|1.2.7;1.14.99|1.1.3;4.2.1|1.5.1;4.1.99|1.2.99;1.14.21|1.14.11;1.17.1;1.11.1;3.7.1;3.8.1;1.22.1;3.5.3;1.10.99;1.13.11;6.4.1;1.10.3;4.1.2;1.4.-;1.1.1;1.17.99;2.4.1;3.5.99;1.2.1;1.3.1;2.1.2;1.3.99;3.2.-;3.13.1;1.3.7;1.14.20;1.-.-;1.14.17;1.17.7;1.7.3;1.17.3;4.99.1;2.8.4;4.7.1;3.1.6;2.3.1;1.6.6,4.2.1|1.14.11|2.3.1|4.3.3|4.1.99;1.1.1|1.2.5|1.13.12|2.3.1|3.5.2;1.1.1|4.1.99|3.7.1;1.1.1|4.2.1|3.1.2;1.14.11|1.1.1|3.5.2|4.3.3;1.14.11|4.1.1|3.7.1;1.1.1|3.1.2;1.1.1|2.3.1|4.4.1;1.-.-|1.2.1;1.14.14|4.1.1;1.14.14|4.1.1;1.14.11|4.1.1;1.17.4|4.1.1;1.14.13|4.1.1;1.14.13|4.1.1;1.17.4|4.1.1;1.14.13;1.14.13|4.1.1;1.14.11|4.1.1;1.14.13|2.3.1;1.1.1|1.14.13;1.1.1|4.1.1;1.17.4|4.1.1;1.17.4|1.14.13;1.14.14|4.1.1;1.17.4|4.1.1;1.17.4|4.1.1;1.14.13|4.1.1;1.14.13;1.14.13|1.3.1;1.14.13;1.14.13|1.1.1;1.3.1|1.14.13;1.3.3|4.1.1;1.14.99|1.1.1;1.17.4|1.14.13;1.17.4|1.1.1;1.14.99|1.1.1;1.14.13;1.14.13|4.1.1;1.14.99|4.1.1;1.14.13|1.2.1;1.14.13|1.1.1;1.14.13;1.14.13|4.1.1;1.1.3|1.14.13;1.14.13|4.1.1;1.14.13|4.1.1;1.14.13|4.1.1;1.14.13|4.1.1;1.14.13|1.1.1;1.14.13|4.1.1;1.1.1|1.11.1;1.14.13|1.1.1;1.1.1;1.1.1|1.14.13;1.1.1|4.1.1;1.1.1|4.1.1;1.1.1|1.14.13;4.1.1;1.14.13
303,2.1.1|2.1.2;1.14.14|2.1.1;3.1.1|6.3.4;2.3.1|3.5.1;1.5.3|1.2.99;1.14.11|4.1.2;1.5.8|2.3.1;2.-.-|1.8.1;1.16.1|1.4.4;1.14.99|1.5.1;1.14.13|3.5.4;1.2.7|3.5.3;1.5.99|6.3.3;3.7.1|4.3.-,1.5.8|2.-.-|2.1.1|4.1.2;2.1.1|2.5.1|1.5.8|4.1.2;2.3.1|2.1.2;2.3.1;4.1.3;4.1.3;5.1.1;5.1.1;5.1.1;5.1.1;4.1.3;5.1.1;5.1.1;4.1.3
304,1.1.1|1.3.1;1.1.99|1.3.99;1.1.3|1.5.1;2.3.1|1.3.8;1.14.13|5.3.3;1.1.5|1.3.3;1.1.-|1.14.11;1.1.2|2.3.1;5.3.3|1.1.1;1.14.11|1.3.5;1.14.-|5.2.1;1.1.98|5.3.2;1.4.3|5.3.1;1.-.-|1.3.7;1.6.5|1.4.3;1.6.99|1.5.99;1.2.1|1.14.21;5.1.3;4.2.1|1.5.3;1.14.15|1.10.3;1.1.9|1.6.5;1.3.1|1.3.-;1.6.3|2.5.1;1.6.1|1.1.3;1.14.12|1.5.-;6.4.1|1.6.99;5.4.99|4.1.1;1.11.1|1.4.1;4.1.1|1.11.1;1.1.-;5.3.99;1.17.99;1.12.98;1.10.9;1.6.3;1.6.1;1.3.2;1.14.99;1.14.13;1.14.14;5.1.1;3.1.3;1.14.12;1.14.-;5.5.1;1.7.1;1.8.5;1.3.98,1.1.1|1.14.14|4.2.3|1.-.-;1.1.1|1.14.14|4.2.3|1.-.-;1.1.1|1.14.14|4.2.3;1.1.1|1.14.13|4.2.3;1.1.1|4.2.3;1.1.1|4.2.3;1.1.1|4.2.3;1.1.1|4.2.3;1.1.1|4.2.3;1.1.1|4.2.3;1.1.1|4.2.3;1.1.1|4.2.3;1.1.1|4.2.3;1.1.1|4.2.3;1.1.1|4.2.3;1.14.-|4.2.3;1.1.1|4.2.3;1.14.-|4.2.3;1.1.1|4.2.3|4.1.99;1.1.1|4.2.3;1.1.1|4.2.3;1.1.1|4.1.99|4.2.3;1.1.3|4.2.3;1.14.13|4.2.3;1.14.13|4.2.3;1.1.1|4.2.3;1.3.99|4.2.3;1.14.99|4.2.3;1.14.99|4.2.3;1.1.1|4.2.3;1.14.-|4.2.3;1.1.1|4.2.3;1.1.1|4.2.3;1.1.1|4.2.3;1.1.1|4.2.3;1.1.1|1.3.1|4.2.3;1.14.13|2.5.1|4.2.3;1.1.1|4.2.3;1.1.1|2.5.1|4.2.3;1.1.1|2.5.1|4.2.3;1.1.1|4.2.3;1.1.1|1.14.-|4.2.3;1.1.1|4.2.3;1.1.1|4.2.3;1.1.1|4.2.3;1.1.1|4.2.3|1.10.99;1.1.1|4.2.3|1.14.13;1.1.1|4.2.3|1.14.13;1.1.1|4.2.3|4.1.99;1.1.1|4.2.3|1.14.14;1.1.1|4.2.3|1.14.14;5.3.3|4.2.3|1.14.13;1.1.1|4.2.3|4.3.3;1.1.1|4.2.3|1.10.99;1.1.1|5.3.3|1.10.99;1.1.1|4.2.3|1.14.14;1.1.1|4.2.3|1.14.14;1.1.1|4.2.3|4.2.2;1.14.11|4.3.3|1.14.13;4.2.3|1.14.-;4.2.3|1.14.-;3.1.7|1.14.-;4.2.3|1.14.-;4.1.1|5.3.1;4.1.1|5.3.1;4.2.1|2.6.1;1.14.13|5.3.1;4.2.1|5.3.1;4.2.1|4.1.99;4.2.1;4.2.1|5.3.1;1.14.-|5.3.1;1.14.-;4.2.1;1.3.1;4.2.1;1.3.1;4.1.3;2.1.1;2.1.1;1.14.21;1.3.1
305,4.2.3|3.1.4;3.1.7|6.5.1;4.1.99|4.6.1,4.2.3;4.2.3;4.2.3;4.2.3|2.5.1;4.2.3|2.5.1;4.2.3|2.5.1;4.2.3|2.5.1;4.2.3;2.5.1;2.5.1;2.5.1;4.2.3;2.5.1;2.5.1;2.5.1;4.1.2
306,4.4.1;2.5.1;1.8.3;3.3.1;4.2.1;3.5.99;1.1.1;1.8.1;2.1.2;4.5.1;2.3.3,4.4.1
307,4.1.99|1.14.13;4.2.3|1.14.14;1.14.11;1.14.15;1.14.16;1.14.18;1.14.-;1.14.99;1.17.1;1.10.99;1.13.11;1.1.1;1.10.3;1.97.1;4.1.99;1.3.99;1.2.1;1.17.99;1.3.7;1.14.20;1.-.-;3.5.3;3.7.1;1.6.6;1.14.12;1.17.3;1.7.3;1.14.17;1.17.7,4.1.99;1.1.1;1.3.1;1.3.1;1.3.1;1.3.1;1.3.1;1.3.1;1.3.1;1.3.1;1.3.1;1.3.1;1.3.1;1.3.1;1.3.1;1.3.1;1.14.21;1.14.21;1.14.21;1.14.21;1.1.1;1.1.1;1.1.1;1.1.1;1.1.1;1.1.1;1.1.1;1.1.1;1.1.1;1.1.1;1.1.1;1.1.1;1.1.1;1.1.1;1.3.1;5.3.3;1.14.13;1.3.1;1.14.13;1.14.11;4.2.3;4.2.3;4.2.3;4.2.3;4.2.3;4.2.3;4.2.3;1.3.1;1.3.1;1.3.1;4.2.3;1.14.20;1.3.1;1.3.1;1.14.13;4.2.3;4.2.3;3.7.1;5.3.3;5.3.3
308,4.3.1;3.5.1,1.4.99;1.4.1;2.6.1;4.4.1;4.4.1;2.6.1;4.4.1;2.6.1;4.4.1;4.3.1;4.3.1;1.4.3;1.4.3;4.4.1;4.4.1;4.4.1;2.6.1;1.4.1;1.4.3;1.4.3;1.4.1;1.4.1;2.6.1;2.6.1;1.4.1;4.3.1;2.6.1;4.4.1;4.4.1;4.4.1;1.4.1;4.4.1;4.4.1;4.4.1;2.5.1;4.2.1;1.4.3;4.2.1;4.2.1;2.6.1;4.2.1;4.4.1
309,2.1.1|1.2.1|1.14.11|1.14.13;1.14.14|4.2.1|1.14.13|1.2.4;3.1.1|1.2.3|1.14.15;2.3.1|1.1.1|1.14.14;1.5.3|3.5.1|1.14.99|1.14.11;1.14.11|1.2.2|1.14.-|1.14.18;1.5.8|2.3.1|1.17.99|1.14.16;2.-.-|1.2.-|1.17.1|1.14.15;1.16.1|1.14.13|2.5.1|1.14.99;1.14.99|1.14.-;1.14.13|1.2.7|1.17.1;1.2.7|1.1.3;1.5.99|1.5.1;3.7.1|1.2.99;1.14.11,1.14.11|1.13.12|1.13.11|1.14.14;1.14.11|2.3.1|1.13.11|4.3.3|1.2.5;2.1.1|1.1.1|1.13.11|1.5.1;2.1.1|4.2.1|1.13.11|1.5.1;2.1.1|4.1.1|1.13.11|3.5.2;2.1.1|1.1.1|1.13.11|3.7.1;2.1.1|1.1.1|4.1.3|3.1.2;2.1.1|2.3.1|4.2.1|3.7.1;2.1.1|1.2.1|4.2.1;4.1.1|1.13.11;4.1.1|1.13.11;4.1.1|1.13.11;4.1.1|1.13.11;4.1.1|1.13.11;4.1.1|1.13.11;4.1.1|1.13.11;1.14.13|1.13.11;4.1.1|1.13.11;4.1.1|1.13.11;2.3.1|1.13.11;1.14.13|1.13.11;4.1.1|1.13.11;4.1.1;1.14.13;4.1.1;4.1.1;4.1.1;4.1.1;1.14.13;1.3.1;1.14.13;1.1.1;1.14.13;4.1.1;1.1.1;1.14.13;1.1.1;1.1.1;1.14.13;4.1.1;4.1.1;1.2.1;1.1.1;1.14.13;4.1.1;1.14.13;4.1.1;4.1.1;4.1.1;4.1.1;1.1.1;4.1.1;1.11.1;1.1.1;1.1.1;1.14.13;4.1.1;4.1.1;1.14.13;4.1.1;1.14.13
31,1.14.13|2.4.1;1.14.14|4.2.1;1.14.11|3.2.1;1.14.99|2.4.2;1.14.15|3.2.-;1.14.-|2.3.1;1.17.4|3.1.4;1.14.18|5.1.3;1.17.1|6.5.1;1.14.16;1.14.12;1.7.1;1.17.99;1.5.99;1.1.1;1.1.4;1.10.99;1.3.99;1.97.1;1.10.3;1.13.11;1.17.2;2.6.3;1.6.6;1.14.17;1.7.2;1.17.3;1.7.3;3.7.1;1.3.7;1.14.20;1.8.99;1.4.-;1.1.-;4.1.99;1.-.-;1.17.7;1.1.99;1.17.-;1.13.12;3.8.1;2.1.1;1.5.1;3.5.99,3.2.-;3.2.2|2.4.1;3.2.2;3.2.2;3.2.2;2.4.2;2.4.2;3.2.2;2.4.2;3.2.2;2.4.2;2.4.2;3.2.2;2.4.2;3.2.2;3.2.2;3.2.2;3.2.2;2.4.2;2.4.2;2.4.2;3.2.2;2.4.2;3.2.2;3.2.2;2.7.8;2.4.2;2.4.2;2.4.2;2.4.2;2.4.2;2.4.2;2.4.2;2.4.2;2.4.2;2.4.2;2.4.2;2.4.2;2.4.1
310,1.11.1|1.8.1;1.14.21|1.8.4;1.10.3|1.11.1;1.14.99|1.8.98;1.1.1|1.17.4;1.1.3|1.8.3;1.1.99|2.8.1;1.2.99|1.8.5;1.1.2|2.8.4;4.1.2|1.5.4,1.11.1
311,2.7.2;2.7.1;3.6.1;6.3.4;6.2.1;2.7.4;2.7.7;3.6.3;2.7.8;1.2.1;2.7.11;3.6.4;2.7.3;2.7.6;3.6.5,2.7.1|4.1.2;2.7.2|3.1.1;2.7.2;2.7.2;2.7.2;2.7.2;2.7.2;2.7.2;2.7.2
312,2.4.1|2.3.1;6.1.1|6.2.1;3.1.1;3.2.1|3.1.2;2.4.2|1.2.1;3.1.4|6.1.1;5.1.3|2.3.2;6.5.1|2.3.3;1.2.7;3.5.1;3.7.1;3.2.1;2.1.3;1.2.4;1.8.1;1.1.1;1.-.-;4.1.3;2.3.-;2.5.1;2.8.3;4.4.1;2.1.1;6.1.2;1.2.3;2.6.1;3.5.3;6.3.2;6.3.1;6.3.4,6.1.1;6.1.1;6.1.1;6.1.1;6.1.1;6.1.1;6.1.1|2.3.2;6.1.1;6.1.1;6.1.1;6.1.1;6.1.1;6.1.1;6.1.1;6.1.1;6.1.1;6.1.1;6.1.1;6.1.1;6.1.1;6.1.1;6.1.1;6.1.1|1.2.1;6.1.1|2.3.2;6.1.1;6.1.1|2.3.1;2.4.1|1.-.-;2.4.1|6.1.1;2.4.1|2.3.1;2.4.1|2.1.3;2.3.1;2.3.1;3.2.1;2.3.1;2.3.1;2.3.1
313,1.2.1|1.3.1;1.2.3|1.3.99;1.2.99|1.5.1;1.2.-|1.3.8;1.1.1|5.3.3;1.2.7|1.3.3;1.14.13|1.14.11;1.1.3|2.3.1;1.5.1|1.1.1;1.14.99|1.3.5;1.14.11|5.2.1;1.17.1|5.3.2;1.5.99|5.3.1;1.2.2|1.3.7;1.14.14|1.4.3;1.1.-|1.5.99;1.14.21;5.1.3;1.5.3;1.10.3;1.6.5;1.3.-;2.5.1;1.1.3;1.5.-;1.6.99;4.1.1;1.4.1;1.11.1;1.1.-;5.3.99;1.17.99;1.12.98;1.6.3;1.6.1;1.10.9;1.3.2;1.14.99;1.14.13;1.14.14;5.1.1;3.1.3;1.14.12;1.14.-;5.5.1;1.7.1;1.8.5;1.3.98,1.2.1|4.1.1|4.1.99|1.-.-;1.2.1|4.1.1|1.14.14|1.-.-;1.2.1|4.1.1|1.14.14;1.2.1|4.1.1|1.14.14;1.2.1|4.1.1|1.14.13;1.2.3|1.14.13|1.14.-;1.2.1|1.14.12|4.2.3;1.2.1|1.14.12|4.2.3;1.2.1|1.14.13|4.2.3;1.2.3|1.14.13|4.2.3;1.2.1|1.14.13|4.2.3;1.14.13|4.2.3;4.1.1|4.2.3;4.1.1|4.2.3;1.14.13|4.2.3;4.2.3;4.2.3;4.2.3|1.14.13;4.2.3;4.2.3|4.2.1;4.2.3|4.2.1;4.2.3;4.2.3;4.2.3|1.14.13;4.2.3;4.2.3|1.3.7;4.2.3;4.2.3;1.11.1|1.3.1;4.2.3|1.3.1;4.2.3|4.1.3;1.13.11|4.2.3;4.2.3|1.3.1;4.2.3|2.5.1;1.3.1;4.2.3;2.5.1;4.2.1;1.14.13;5.3.3;4.2.1;4.2.99;4.1.3;1.3.5;2.5.1;2.5.1;1.14.14;1.14.14;1.14.13;1.14.14;1.14.14
314,2.7.1;3.1.3;3.6.1;2.7.8;2.7.4;2.7.7;3.6.3;2.7.11;3.1.4;2.7.2;2.7.6;2.7.3;3.6.4;3.1.7;4.6.1;2.7.9;3.6.5;3.2.1;2.7.12;2.7.13;2.6.-;2.7.-;4.1.1;2.7.10;1.3.7;1.18.6;4.2.3;3.1.5;2.7.99;2.4.1;5.1.3;1.19.6;3.-.-,4.2.3|2.7.1|3.1.1;2.7.1|4.1.2;2.7.1|1.1.3;2.7.1|1.1.3|3.1.1;2.7.1|3.1.1;2.7.1|3.1.1;2.7.1|3.1.1;2.7.1|3.1.1|1.2.1;2.7.1|3.1.1;2.7.1|1.2.1;2.7.1;3.1.3;2.7.1;2.7.1;2.7.1;2.7.1;2.7.1;3.1.3;2.7.1;2.7.1;2.7.1;2.7.1;2.7.1;2.7.1;3.1.3;3.1.3;2.7.1;3.1.3;2.7.1;2.7.1;3.1.3;2.7.1;3.1.3;2.7.1;3.1.4;2.7.1;2.7.1;2.7.1;2.7.1;2.7.1;3.1.3;2.7.8
315,2.4.1|3.2.1;3.2.1|2.4.1;2.4.2|2.3.1;3.1.4|2.7.1;4.2.2|3.1.3|6.1.1;5.1.3|6.1.1|4.2.2;6.5.1|2.1.1|5.1.3;2.4.99|3.5.1|6.5.1;6.1.1|2.3.2|3.1.1;4.2.1|2.8.2|2.4.99;3.1.3|2.4.2|4.2.1;3.6.1|2.4.99|3.1.3;2.7.8|3.1.1|3.6.1;3.1.1|2.7.7|2.7.8;3.1.6|4.3.3;1.14.13;3.1.4;2.5.1;4.2.2;2.7.8;2.7.6;2.6.1;1.-.-;3.3.2;5.1.3;3.1.7;3.3.1;3.10.1;1.14.14;3.6.1;6.3.4;4.2.1;1.11.1;1.2.1;2.1.2;3.5.4;6.3.1;2.1.3;2.1.4;3.13.1;1.14.15;1.14.11;1.14.99,2.4.1|4.2.3|3.2.1;3.2.1|1.1.1|2.4.1;3.2.1|5.3.1|2.4.1;3.2.1|5.3.1|2.4.1;2.4.1|5.3.1|4.2.2;3.2.1|5.5.1|2.4.2;2.4.1|5.3.1|3.2.1;3.2.1|5.3.1|2.4.1;2.4.1|5.3.1|3.2.1;3.2.1|5.3.1|2.4.1;2.4.1|5.3.1;2.4.1|5.3.1|3.2.1;2.4.1|5.3.1;2.4.1|1.13.99|3.2.1;3.2.1|1.1.1|2.4.1|2.4.2;2.4.1|2.2.1|3.2.1;3.2.1|4.2.3|2.4.1;2.4.1|1.14.13;3.2.1|1.14.13|2.4.1;3.2.1|2.2.1|2.4.1;3.2.1|1.14.13|2.4.2;2.4.1|5.3.3|3.2.1;2.4.1|3.2.1|3.6.1;3.2.1|2.4.1|2.4.2;2.4.1|2.4.2;3.2.1|2.4.1|2.4.2;2.4.1|2.4.99;3.2.1|2.4.2;3.2.1|2.4.1|2.4.99;3.2.1|2.4.1|2.4.2;3.2.1|2.4.1;3.2.1|4.2.3;2.4.1|3.2.1|2.7.8;2.4.1;2.4.1|3.2.1;2.4.1|3.2.1;3.2.1|2.4.1;2.4.1;3.2.1;3.2.1|2.4.1;2.4.1;2.4.1|3.2.1;2.4.1;2.4.1;2.4.1|3.2.1;2.4.1;2.4.1;2.4.1;2.4.1;2.4.2|2.4.1;3.2.1|2.4.1;2.4.2|2.4.1;2.4.1;2.4.1|2.4.2;2.4.1;2.4.2;2.4.1;2.4.1|2.4.2;2.4.1;2.4.1;2.4.2|2.4.1;3.2.1|2.4.1;2.4.1|2.4.2;2.4.1;2.4.1;2.4.1|3.2.1;2.4.1;2.4.1;2.4.1;2.4.1;2.4.1;2.4.1;2.4.1;2.4.2|2.4.1;2.4.1;2.4.99|2.4.1;2.4.1;3.2.1|2.4.1;2.4.1;2.4.1;2.4.1;2.4.1;2.4.1;2.4.1;2.4.1;2.4.1|2.4.2;2.4.1;2.4.1;2.4.1;2.4.1;2.4.1;2.4.1;2.4.1;2.4.1;4.2.2|2.4.1;2.4.1;2.4.1|3.2.1;3.2.1|2.4.1;2.4.99|2.4.2;3.2.1;3.2.1|2.4.1;3.2.1;2.4.1|3.2.1;2.4.1|3.2.1;2.4.2|2.4.1;2.4.1|3.2.1;3.2.1;2.4.99|3.2.1;2.4.1;2.4.1;2.4.1;2.4.1;2.4.1;3.2.1;3.2.1;2.4.1;2.4.1;2.4.1;3.2.1;2.4.1;3.2.1;2.4.1;2.4.1;2.4.1;2.4.1;2.4.1;2.4.1;3.2.1;2.4.1;2.4.1;3.2.1;2.4.1;2.4.1;2.4.1;3.2.1;2.4.1;2.4.1;3.2.1;2.4.1;2.4.1;2.4.1;2.4.1;2.4.1;2.4.1;2.4.1
316,,
317,,
318,2.7.1;3.1.3;2.7.8;3.6.1;3.1.4;2.7.4;2.7.11;2.7.7;3.6.3;3.1.7;2.7.6;4.6.1;2.7.2;2.7.3;3.2.1;3.6.4;2.7.9;2.6.-;2.7.-;2.7.13;3.6.5;2.4.1;5.1.3;4.2.3;2.7.99;3.1.5;2.7.12;4.1.1;2.7.10;1.3.7;1.18.6;1.19.6;3.-.-,2.7.1|2.3.1;2.7.7|1.21.-;2.7.7|1.14.13;2.7.7|1.14.13;2.7.1|1.14.13;2.7.7|5.1.3;2.7.7|4.2.3;2.7.7|1.14.13;2.7.8|2.2.1;3.1.3|5.3.1;3.1.3|5.3.1;3.1.3|5.3.1;3.1.3|5.3.1;2.7.1|5.3.1;2.7.1|5.3.1;2.7.1|5.3.1;2.7.1|5.3.1;3.1.3|5.3.1;2.7.1|5.3.1;3.1.3|1.1.1;2.7.1|5.1.3;2.7.1|5.5.1;3.1.3|1.1.1;2.7.1|2.1.1;2.7.1;2.4.1;3.6.1;3.1.3;3.1.3;2.7.1;2.7.8;2.7.1;2.7.1;2.7.1;3.1.3;2.7.1;2.7.1;2.7.1;2.7.1;2.7.1;3.1.3;2.7.1;3.1.3;3.1.3;2.7.1;2.7.1;3.1.3;2.7.6;2.7.1;2.7.1;2.7.1;2.7.1;3.1.3;3.1.3;2.7.1;2.7.1;3.1.3;2.7.1;2.7.1;2.7.8;2.7.1;2.7.1;2.7.1;2.7.1;3.1.7
319,3.5.2;4.2.1,3.5.2;1.5.1;3.5.2;3.5.2;3.5.2;1.5.1;3.5.2;6.3.3;3.5.2;3.5.2;3.5.2;1.14.14
32,2.4.1;3.2.1;2.4.2;3.2.2;6.1.1;2.5.1;3.1.1;3.1.4;4.2.2;2.4.99;4.2.1;2.7.8;6.3.4;5.1.3;4.3.3;6.5.1;3.5.1;3.6.1;3.1.3;1.14.14;1.14.11;3.2.-,2.4.1;2.4.1;2.4.1;2.4.1;2.4.1|2.4.2;2.4.2|2.4.1;2.4.1;2.4.1;2.4.1|2.4.2;2.4.1|2.4.2;2.4.1|2.4.2;2.4.1;2.4.1;2.4.1;2.4.2|2.4.1;2.4.1;2.4.1|2.4.2;2.4.1;2.4.2|2.4.1;2.4.1;2.4.1;2.4.1;3.6.1|2.4.2;2.7.1|2.4.99;2.4.2|2.4.1;1.18.6|2.7.8;2.7.1|2.4.2;3.6.1|4.2.3;2.4.99|2.4.2;2.7.1|2.4.1;2.7.1|2.4.99;2.4.99|3.6.1;2.7.4|2.4.1;2.7.1;2.7.1;2.4.2;2.7.1;2.4.1;2.7.1;2.7.1;2.7.1;2.4.2;2.4.2;2.7.4;2.4.2;3.6.1;2.7.4;3.6.1;3.6.1;3.6.1;2.7.8;2.7.7;3.6.1;2.7.1
320,2.3.1;6.2.1;3.1.1;3.1.2;1.2.1;6.1.1|2.5.1;2.3.3|6.1.1;2.3.2|2.3.3;3.5.1|2.1.1;1.2.7|2.3.2;3.7.1|1.2.7;3.2.1|4.4.1;2.1.3|1.2.4;1.2.4|4.1.3|1.8.1;1.8.1|3.5.1|2.1.3;1.1.1|1.8.1;4.1.3|4.1.2;2.3.-|2.1.3;2.5.1|4.1.1|2.8.3;2.8.3|1.14.-|2.5.1;4.4.1|1.1.1;2.1.1|3.2.1;1.-.-|6.4.1;1.2.3|3.7.1;2.6.1|1.8.3;6.1.2|2.8.1;3.5.3|1.14.99;6.3.1|1.2.3;6.3.4|4.2.1;2.1.2|2.3.-;2.2.1|1.13.11;6.3.2|2.8.3;3.4.11|1.-.-;2.1.2;2.6.1;3.3.1;4.5.1;6.1.2;1.14.18;6.3.4;1.4.4;1.14.12;3.11.1;3.10.1;6.3.1;2.1.4;2.8.2;3.5.4,2.1.1|2.3.1|3.2.2|1.1.1;2.1.1|2.3.1|2.4.2;1.13.12|1.2.7|3.2.2|2.3.1;1.13.12|2.3.1|2.4.2|1.2.1;2.3.1|2.4.2|1.2.1;1.2.7|2.4.2|1.2.1;2.3.1|2.4.2|3.1.2;2.3.1|2.4.2|6.2.1;2.3.1|2.4.2;2.3.1|2.4.2|6.2.1;2.3.1|2.4.2;2.3.1|2.4.2|1.2.7;1.2.7|2.4.2|2.3.1;1.2.7|2.4.2|3.1.2;1.2.7|2.4.2;2.3.1|2.4.2|1.2.1;1.2.4|2.4.2|1.2.7;1.2.4|2.4.2|1.2.1;2.5.1|2.4.2|2.3.1;2.3.1|2.4.2|1.2.4;2.3.1|2.4.2|1.2.1;2.3.1|2.4.2|6.2.1;2.3.1|2.4.2|6.2.1;2.3.1|2.4.2;2.3.1|2.4.2;2.3.1|2.4.2;2.3.1|2.4.2;2.5.1|3.2.2|6.2.1;2.3.1|2.4.2;2.3.1|2.4.2;1.2.4|3.2.2;2.3.1|2.4.2;2.3.1|2.4.2;2.3.1|2.4.2;2.3.1|2.4.1;2.3.1|2.4.2;2.4.2;2.4.2;2.4.2;2.4.2;2.4.2;2.4.1;1.14.14;1.11.1
321,2.4.1;3.2.1;2.4.2;3.1.4;4.2.2;5.1.3;6.5.1;2.4.99;6.1.1;4.2.1;3.1.3;3.6.1;2.7.8;3.1.1,2.4.1|3.2.1;3.2.1;2.4.1|3.2.1;3.2.1|2.4.1;3.2.1;3.2.1;2.4.1|3.2.1;2.4.1|3.2.1;3.2.1|2.4.1;2.4.1;3.2.1|2.4.1;2.4.1;2.4.1;2.4.1|3.2.1;2.4.1;2.4.1|3.2.1;3.2.1|2.4.1;3.2.1;2.4.1;3.2.1;2.4.1;3.2.1|2.4.1;3.2.1|2.4.1;3.2.1;3.2.1;3.2.1;2.4.1;3.2.1|2.4.1;2.4.1|2.4.2;3.2.1|2.4.1;2.4.1;2.4.1|3.2.1;2.4.1;3.2.1;2.4.1|3.2.1;3.2.1;3.2.1|2.4.1;2.4.1|3.2.1;2.4.1;2.4.1|3.2.1;3.2.1|2.4.1;2.4.1;2.4.1;2.4.1;2.4.1;3.2.1|2.4.2;2.4.2|3.2.1;2.4.1;2.4.2|2.4.1;2.4.2;2.4.1;2.4.1;2.4.2;2.4.2|2.4.1;2.4.1;2.4.1;2.4.1|2.4.2;2.4.1;3.2.1;2.4.1;2.4.1|2.4.2;2.4.1;2.4.1;2.4.1;2.4.1;2.4.1;2.4.1;2.4.1;2.4.1;2.4.1;2.4.1;2.4.1;2.4.1;2.4.1;2.4.1;2.4.1;3.2.1|2.4.1;2.4.1;2.4.1;2.4.1;2.4.1;2.4.1;2.4.1;2.4.1|3.2.1;2.4.2|2.4.1;2.4.1;2.4.1;2.4.1;2.4.1;2.4.1;4.2.2;3.2.1;3.2.1;3.2.1;3.2.1;3.2.1;3.2.1;2.4.1;3.2.1;2.4.1;3.2.1;2.4.1|3.2.1;2.4.1;2.4.1|3.2.1;2.4.1|4.2.1;2.4.1|3.2.1;2.4.1;3.2.1;3.2.1;2.4.1;2.4.1;2.4.1;3.2.1;2.4.1;2.4.1;2.4.1;2.4.1
322,2.3.1;6.2.1;3.1.1;3.1.2;1.2.1;6.1.1;2.3.3;2.3.2;3.5.1;1.2.7;3.7.1;3.2.1;2.1.3|1.2.4;1.2.4|1.8.1;1.8.1|2.1.3;1.1.1;4.1.3;2.5.1|2.3.-;2.3.-|2.8.3;2.8.3|2.5.1;4.4.1;2.1.1;1.-.-;1.2.3;6.1.2|2.6.1;3.5.3|6.1.2;2.6.1|3.5.3;6.3.1;6.3.4;6.3.2|2.1.2;2.1.2|2.2.1;2.2.1|6.3.2;3.4.11,2.3.1|1.14.19|4.2.3|3.1.2;2.3.1|1.14.19|4.1.2|3.1.2;2.3.1|1.14.19|4.1.2;2.3.1|1.14.-|4.1.2;3.1.1|1.3.1|2.7.7|2.3.-;2.3.1|1.3.1|2.7.1;2.3.1|1.3.1|2.7.1|3.1.2;1.3.1|2.7.1|3.1.2;1.3.1|4.4.1|3.1.2;1.3.1|3.1.2;1.14.19|2.3.1;1.14.19|2.3.1;1.3.1|2.3.1;1.3.1|2.3.1;2.3.1|3.1.2;4.2.1|3.1.2;4.2.1|2.3.1;4.2.1|3.1.2;2.3.1;4.2.1|3.1.2;1.3.1|2.3.1;2.3.1;1.3.1|2.3.1;4.2.1|2.3.1;1.3.1|3.1.2;1.13.11|2.3.1;1.13.11|2.3.1;1.14.99|2.3.1;2.3.1|6.2.1;1.14.19|1.2.4;1.14.19|2.3.1;1.3.1|3.1.2;1.3.1|2.3.1;4.2.1;1.3.3;1.3.1;1.14.14;1.14.14;1.3.1;1.13.11;4.2.1;1.13.11;2.3.1;4.2.1;1.3.1;1.3.1;1.13.11;1.3.3;1.3.1;1.3.1;1.13.11;1.3.1
323,2.7.1;3.1.3;2.7.8;3.1.4;2.7.11;3.6.1;2.7.7;3.1.7;2.7.6;2.7.4;4.6.1;3.2.1;3.6.3;2.6.-;2.7.-;2.7.2;2.7.3;2.7.9;2.4.1;5.1.3;4.2.3;3.1.5;2.7.99;2.7.13;3.6.4;3.6.5;2.7.12,2.7.1|4.1.2|4.4.1;2.7.1|4.1.2|4.3.3;2.7.1|4.1.2|1.4.1;3.1.3|2.2.1;2.7.1|2.2.1;2.7.1|4.1.2;2.7.1|4.1.2;3.1.3|2.2.1;2.7.1|2.3.1;2.7.1|4.3.3;2.7.1|3.5.-;2.7.1|4.1.3;2.7.1|5.3.1;2.7.1|5.3.1;3.1.3|4.3.3;2.7.1;4.2.3;2.7.1;2.7.1;2.7.1;2.7.1;2.7.1;2.7.1;2.7.1;2.7.1;2.7.1;3.1.4;2.7.1;2.7.1;3.1.3;3.1.3;3.1.4;3.1.3;3.1.3;3.1.4;2.7.1;2.7.1;2.7.1;2.7.1;2.7.1;2.7.1;2.7.1;2.7.8;2.7.1;3.1.3;3.1.4;3.1.3;2.7.1;2.7.2;2.7.8;2.7.1;3.1.4;3.1.3;2.7.1;2.7.1;3.1.3;3.1.3;3.1.3;2.7.1;2.7.8;2.7.8;2.7.1;2.7.8;2.7.8;2.7.8;2.7.-;2.7.1;2.7.8;2.7.1;2.7.1;2.7.8;3.1.4;2.7.6;2.7.1
324,2.3.1;3.5.1|6.2.1;6.2.1|3.1.1;2.3.2|3.1.2;3.1.2|1.2.1;3.1.1|6.1.1;6.3.2|2.3.3;6.3.1|2.3.2;1.2.1|3.5.1;6.3.4|1.2.7;2.3.3|3.7.1;2.1.3|3.2.1;3.4.11|1.2.4;3.4.13|1.8.1;1.2.7|2.1.3;6.1.1|1.1.1;2.1.2|4.1.3;3.7.1|2.3.-;3.5.3|2.8.3;3.5.4|2.5.1;6.3.5|4.4.1;4.3.2|2.1.1;1.2.4|1.-.-;1.8.1|1.2.3;1.1.1|2.6.1;2.7.7|6.1.2;2.3.-|3.5.3;4.1.3|6.3.1;1.2.99|6.3.4;2.5.1|2.1.2;2.8.3|2.2.1;4.4.1|6.3.2;3.4.19|3.4.11;3.2.1;2.1.1;3.4.17;2.6.1;1.2.3;1.-.-,2.3.1|5.1.3|4.2.3|1.1.1;2.3.1|5.3.99|2.2.1;3.5.1|4.1.99|4.1.2|2.3.1;6.3.4|1.1.1|4.1.2|1.2.1;3.5.1|5.3.3|4.1.2|1.2.1;3.5.1|1.1.1|4.1.2|1.2.1;2.3.1|5.1.3|2.2.1|3.1.2;2.3.1|1.1.1|2.2.1|6.2.1;2.3.1|4.2.3|5.4.99|6.2.1;3.5.1|4.2.2|4.2.3|2.3.1;2.3.1|4.2.3;2.1.2|1.1.1|4.1.2|1.2.7;2.3.2|1.14.13|2.6.1|2.3.1;3.5.1|1.14.14|2.6.1|3.1.2;3.5.1|4.2.3|2.6.1|1.2.7;4.2.3|2.6.1|1.2.7;1.14.14|4.3.1|1.2.1;1.14.14|2.6.1|1.2.1;4.2.3|2.6.1|2.3.1;4.2.1|2.6.1|1.2.4;1.14.13|2.6.1|1.2.1;4.3.1|4.2.3|6.2.1;1.3.2|1.1.1|6.2.1;1.1.3|4.2.1|2.3.1;2.6.1|2.3.1;1.1.3|5.3.1|2.3.1;5.4.99|1.1.1|2.3.1;1.14.11|5.1.3|6.2.1;1.1.1|2.3.1;4.1.1|1.1.1;1.14.-|5.1.3;1.14.14|5.3.1;1.14.14|5.5.1;1.14.13|5.3.1;5.3.99|5.3.1;1.14.13|5.3.1;1.1.1|5.3.1;1.1.1|5.3.1;1.1.1|4.2.3;1.1.1|4.3.3;1.1.1|4.2.3;1.13.99|2.-.-;1.1.1|3.1.1;1.14.13|5.3.1;1.1.1|5.3.1;1.1.1;1.1.1;1.1.1;1.1.1;1.1.1;1.1.1;1.1.1;1.1.1
325,3.8.1;1.14.13;4.5.1,3.8.1;3.8.1;1.3.7;1.14.13;1.14.13;1.14.13;1.14.13;1.14.13;1.14.13;1.14.12;1.14.13;2.5.1;1.14.13;1.14.13;1.14.13;1.14.13;1.14.13;1.14.13;1.14.13;1.14.14;1.10.3;1.11.1;1.14.13;1.14.13;1.14.13;1.14.13;1.14.13;1.14.13;1.14.16;3.5.99;1.14.13;1.14.13;1.14.13;1.14.12;1.14.13;2.5.1;1.14.13;1.14.13;1.14.14;1.14.14;1.14.13;1.14.13;1.14.13;1.14.13;1.14.13;1.11.1;1.14.13;1.14.13;1.14.13;1.14.13;1.14.13;1.14.14;1.14.16;1.14.14;1.14.13
326,2.4.1;3.2.1;2.4.2;3.1.4;4.2.2;5.1.3;6.5.1;2.4.99;6.1.1;4.2.1;3.1.3;3.6.1;2.7.8;3.1.1,3.2.1;3.2.1;3.2.1;3.2.1|2.4.1;3.2.1;3.2.1;2.4.1|3.2.1;2.4.1;3.2.1|2.4.1;2.4.1|3.2.1;2.4.1;2.4.1;2.4.1;2.4.1|3.2.1;2.4.1|3.2.1;2.4.1;3.2.1;2.4.1;3.2.1;2.4.1;3.2.1;2.4.1|3.2.1;3.2.1|2.4.1;3.2.1|2.4.1;3.2.1|2.4.1;3.2.1;2.4.1|3.2.1;3.2.1|2.4.1;2.4.1;2.4.1|3.2.1;2.4.1;3.2.1|2.4.1;3.2.1|2.4.2;2.4.1|3.2.1;3.2.1|2.4.1;3.2.1|2.4.1;3.2.1;2.4.1;2.4.1|3.2.1;2.4.1;2.4.1|3.2.1;3.2.1|2.4.1;2.4.1;2.4.1;2.4.2|2.4.1;3.2.1|2.4.2;2.4.1|3.2.1;2.4.2|2.4.1;2.4.1;2.4.1|2.4.2;2.4.1;2.4.2|2.4.1;2.4.2;2.4.2|2.4.1;2.4.1;2.4.1;2.4.1;2.4.1;2.4.1;3.2.1|2.4.1;2.4.1;2.4.1;2.4.1;2.4.1;2.4.1;2.4.1;2.4.1;2.4.1|2.4.2;2.4.1;2.4.1;2.4.1;2.4.1;2.4.1;2.4.1;2.4.1|2.4.2;2.4.1|3.2.1;2.4.1;2.4.1;2.4.1;2.4.1;2.4.1;3.2.1|2.4.1;2.4.1;2.4.1;2.4.2|2.4.1;2.4.1;4.2.2|2.4.1;2.4.1;2.4.1|4.2.2;2.4.1|3.2.1;2.4.1;2.4.1|3.2.1;3.2.1;3.2.1;3.2.1;3.2.1;3.2.1;3.2.1|2.4.1;2.4.1|3.2.1;3.2.1;2.4.1|3.2.1;3.2.1;2.4.1;2.4.1|4.2.1;2.4.1;2.4.1;2.4.1|3.2.1;3.2.1;2.4.1;2.4.1;2.4.1
327,1.11.1|3.5.1|1.3.3;1.10.3|6.2.1|1.5.1;4.4.1|3.1.2|1.3.1;4.3.1|2.8.3|1.14.11;1.1.1|6.3.2|1.3.7;1.1.3|6.3.5;1.1.99|3.7.1;1.2.99|6.3.1;1.1.2|6.3.4;1.14.14|3.4.13;4.99.1|2.3.2;1.11.2|2.3.1;3.4.19;1.4.1;4.3.3;2.6.1;1.13.11;1.4.7;3.1.1;2.4.2;4.1.3;1.14.13;3.4.17;4.1.1;3.5.5;1.2.3;3.2.1;1.2.4;1.14.14;3.4.11;1.14.99;2.1.2;1.2.99;3.5.4;4.1.99;2.1.1,4.2.3|4.2.1|4.3.3|6.3.1|2.3.1|1.1.1|4.4.1;4.2.3|2.5.1|1.3.8|1.14.99|6.3.2|4.4.1|1.11.1;4.2.3|2.7.1|1.3.1|3.5.1|2.5.1;4.2.3|2.7.4|1.3.1|3.5.1|1.14.21;4.2.3|2.7.4|1.3.8|1.13.11;4.2.3|2.7.4|4.2.1|6.2.1;4.2.3|2.7.4|1.3.1|3.1.2;4.2.3|2.7.4|4.2.1|6.2.1;2.3.1|2.7.4|4.2.1|6.2.1|4.2.3;2.3.1|2.7.1|1.3.1|3.7.1;4.2.3|2.7.1|4.2.1|3.7.1;4.2.3|2.7.1|4.2.1|6.2.1;4.2.3|2.7.1|4.2.1|3.5.1;4.2.3|2.7.4|4.2.1|3.1.2;4.2.3|2.7.4|2.3.1|3.7.1;4.2.3|2.7.4|1.3.1|3.7.1;4.2.3|2.7.1|1.3.1|3.7.1;2.7.1|1.3.1|3.7.1;2.7.4|1.3.1|3.7.1;3.6.1|4.2.1|3.7.1;2.7.4|1.3.8;2.7.1|1.3.1;2.7.4|4.2.1;2.7.4|1.3.1;2.7.1|2.3.1;2.7.1|1.3.1;3.6.1|1.3.1;2.7.1|1.3.8;1.18.6|4.2.1;2.7.4|1.3.99;2.7.1|4.3.1;3.6.1|1.3.1;3.6.1|4.2.1;2.5.1|1.3.8;2.5.1|4.2.1;2.9.1|1.3.1;2.7.7|4.2.1;2.7.7|4.2.1;2.7.7|1.3.1;3.6.1|4.2.1;3.6.1|1.3.1;3.6.1|4.2.1;2.7.8|1.3.1;2.3.1;5.3.3;1.3.99;4.2.1;1.3.3
328,1.1.1|1.10.3|4.2.1;1.1.99|1.6.5|1.13.11;1.1.3|1.10.2|2.3.1;2.3.1|1.14.18|4.3.1;1.14.13|1.1.3|1.1.1;1.1.5|1.12.5|4.5.1;1.1.-|4.3.2;1.1.2|4.1.99;1.14.11|4.2.99;5.3.3|4.2.2;1.14.-|4.2.3;1.1.98|1.14.11;1.4.3|4.1.3;1.-.-|1.14.13;1.6.5|4.3.3;1.6.99|3.5.1;1.2.1|3.5.5;4.2.1|1.3.1;1.14.15|2.2.1;1.1.9|5.4.4;1.3.1|3.5.4;1.14.12|1.13.99;5.1.3|4.1.2;1.6.1|4.1.1;1.6.3|1.2.1;6.4.1|1.11.1;5.4.99;1.11.1;4.1.1,2.3.1|1.1.1|1.10.9|4.2.3;2.5.1|1.1.1|1.8.5|4.2.3;2.5.1|1.1.1|1.1.5|4.2.3;4.2.3|1.1.1|1.10.3;4.2.3|5.3.1|1.10.9|4.3.3;4.3.3|1.1.1|1.14.13|4.2.3;4.2.3|1.1.1|1.14.18;4.2.3|1.1.1|1.3.1;4.2.3|1.1.1|2.1.1|2.5.1;4.2.3|1.14.13;4.2.3|1.14.18|2.5.1;4.2.3|1.3.1;4.2.3|4.2.1;4.2.3|4.2.1;4.2.3|1.3.1;4.2.3|1.14.18;4.2.3|1.3.1;4.2.3|1.3.1;4.2.3|5.3.3;4.2.3;4.2.3;4.2.3;4.2.3;4.2.3;4.2.3;4.2.3;4.3.3;4.2.3;4.2.3;4.2.3;4.2.3;4.2.3;4.2.3;4.2.3;1.3.1;2.5.1;4.2.3;3.5.99
329,4.1.1|1.1.1;6.4.1|1.1.99;2.1.3|1.1.3;1.3.8|2.3.1;1.1.1|1.14.13;1.1.5;1.1.-;1.1.2;5.3.3;1.14.11;1.14.-;1.1.98;1.4.3;1.-.-;1.6.5;1.6.99;1.2.1;5.1.3;4.2.1;1.14.15;1.1.9;1.3.1;1.6.3;1.6.1;1.14.12;6.4.1;5.4.99;1.11.1;4.1.1,4.1.1;4.1.1|1.11.1;4.1.1|1.14.13;4.1.1;4.1.1|1.13.12;4.1.1|1.14.13;4.1.1;1.14.13;1.14.13
33,2.6.1;1.4.3;1.4.1;1.4.7|1.4.9;1.4.9|1.4.99;1.4.99|1.4.7;1.4.2;4.1.1|4.3.1;1.13.12;1.14.11|4.1.1;2.-.-|1.14.11;2.4.2|2.-.-;4.3.1|2.4.2;1.4.5,2.6.1|4.2.3|3.1.2;2.6.1|3.1.1|1.4.1;2.6.1|3.1.2|3.1.1;2.6.1|3.7.1|3.1.1;4.3.1|3.1.1|4.2.3|1.5.1;2.6.1|1.1.3|3.7.1|4.4.1;2.6.1|3.1.1|1.4.3;2.6.1|3.1.1|1.4.3;1.17.1|3.1.1|1.4.1;2.6.1|3.1.1|1.1.3|1.5.1;3.1.1|1.4.1;3.1.1|3.7.1|4.4.1;3.1.1|4.4.1;3.1.1|2.6.1;3.1.1|2.6.1;1.2.1|1.4.3;3.1.1|1.4.3;3.1.1|2.6.1;1.4.1;1.4.99;1.4.1;2.6.1;1.4.1;4.4.1;4.4.1;4.4.1;1.4.3;4.3.1
330,3.1.4;6.5.1;4.6.1,4.2.3;4.2.3;4.2.3;4.2.3|2.5.1;4.2.3|2.5.1;4.2.3|2.5.1;4.2.3;4.2.3|2.5.1;4.2.3|2.5.1;4.2.3|2.5.1;4.1.99|2.5.1;1.1.1|4.2.3;1.3.1|2.5.1;1.3.1|2.5.1;1.3.1;1.3.1;1.3.1;1.3.1;1.3.1;1.3.1;1.3.1;1.3.1;1.3.1;1.3.1;1.3.1;1.3.1;1.14.21;1.14.21;1.14.21;1.14.21;1.1.1;1.1.1;1.1.1;1.1.1;1.1.1;1.1.1;1.1.1;1.1.1;1.1.1;1.1.1;1.1.1;1.1.1;1.1.1;1.1.1;1.3.1;1.3.1;1.14.13;1.14.13;1.3.1;1.3.1;1.3.1;1.3.1;1.3.1;1.14.11;1.14.20;3.7.1;5.3.3;5.3.3;5.3.3;5.3.3;5.5.1;2.1.1;1.14.13;1.10.99;1.14.13;2.1.1;2.1.1;1.14.14;5.4.1;5.4.1
331,3.5.1|6.3.2;2.3.1|3.5.1;6.3.2|2.3.1;6.3.1|2.3.2;6.3.4|3.4.13;2.3.2|6.3.1;6.3.5|6.3.4;2.1.2|3.4.11;3.4.13|3.4.19;2.1.3|3.4.17;3.4.11|2.1.3;3.5.4|3.1.1;3.4.19|6.2.1;1.4.1|3.4.15;4.3.3|3.5.3;6.2.1|2.3.-;1.4.7|3.4.24;1.2.99|3.4.22;3.5.5|4.3.2;3.1.1|2.7.7;4.3.2|6.1.1;3.5.3|3.1.2;4.2.1|1.2.1;4.3.1;2.6.1;2.4.2;4.1.3,3.5.1;3.5.1|2.1.3;3.5.1;3.5.1|2.3.1;3.5.1;3.5.1;6.3.2|2.3.1;6.3.2|3.5.1;3.5.1|2.3.1;6.3.2;3.4.11|3.5.1;3.5.1;6.3.2|3.5.1;3.4.11|3.5.1;6.3.2;2.3.2|6.3.2;3.4.13|3.5.1;3.4.13|3.5.1;3.4.13|3.4.11;3.4.15|6.3.2;3.4.11;2.3.2;2.3.2;2.3.2;2.3.2;2.3.2;3.5.3;3.5.1;2.3.1;2.1.2;2.1.2;3.4.13;3.4.13;3.4.13
332,1.14.13|1.3.1;1.14.14|1.3.99;1.14.11|1.5.1;1.14.15|1.3.8;1.14.16|5.3.3;1.14.-|1.3.3;1.14.99|1.14.11;1.14.18|2.3.1;1.17.1|1.1.1;1.1.1|1.3.5;1.10.99|5.2.1;1.13.11|5.3.2;1.10.3|5.3.1;1.97.1|1.3.7;3.5.3|1.4.3;1.17.99|1.5.99;1.3.99|1.14.21;1.2.1|5.1.3;1.3.7|1.5.3;1.14.20|1.10.3;4.1.99|1.6.5;3.7.1|1.3.-;1.6.6|2.5.1;1.-.-|1.1.3;1.17.7|1.6.99;1.14.12|1.5.-;1.17.3|4.1.1;1.7.3|1.4.1;1.14.17|1.11.1;1.1.-;5.3.99;1.17.99;1.12.98;1.6.1;1.10.9;1.6.3;1.3.2;1.14.99;1.14.13;1.14.14;5.1.1;3.1.3;1.14.12;1.14.-;5.5.1;1.7.1;1.8.5;1.3.98,2.5.1|4.2.3|1.-.-;4.3.2|4.2.3|1.-.-;4.3.2|4.2.3;2.5.1|4.2.3;4.2.3;4.2.3;4.2.3;4.2.3;4.2.3;4.2.3;4.2.3;4.2.3;4.2.3;4.2.3;4.2.3;4.2.3;4.1.99;4.2.3;2.5.1;4.2.3;4.2.3;4.2.3;4.2.3;4.2.3;4.2.3;4.2.3;4.2.3;1.14.14;1.14.14;1.14.14;4.2.3;4.2.3;1.14.13;4.1.99;1.14.12;1.14.12;4.2.3;4.2.3;1.14.12;1.14.12;1.14.12;4.2.3;1.14.12;4.2.3;1.14.12;1.14.12;4.2.3;1.14.12;4.2.3;4.3.3;1.14.12;4.2.1;1.14.12;1.14.-;1.14.12;1.14.12;1.14.12;1.14.12;1.14.12;1.14.12;4.2.3;4.2.3;1.14.12;1.14.12;4.2.1;4.2.1;4.2.1;4.2.1;1.14.12;4.2.3;4.2.3;4.2.3;4.1.3;1.14.14;1.14.14;1.14.12;1.14.12;1.14.12;1.14.14;1.14.12;1.14.14;1.14.12;4.2.1;4.2.1;1.14.13;4.2.1;1.14.12;1.13.11;1.-.-
333,4.1.1|1.1.1;6.4.1|1.1.99;2.1.3|1.1.3;1.3.8|2.3.1;1.1.1|1.14.13;1.1.5;1.1.-;1.1.2;5.3.3;1.14.11;1.14.-;1.1.98;1.4.3;1.-.-;1.6.5;1.6.99;1.2.1;5.1.3;4.2.1;1.14.15;1.1.9;1.3.1;1.6.1;1.6.3;1.14.12;6.4.1;5.4.99;1.11.1;4.1.1,4.1.1;4.1.1;4.1.1|2.3.1;4.1.1|2.3.1;4.1.1;4.1.1;1.14.13
334,,
335,2.1.1|1.3.1;2.4.1|1.3.99;1.14.13|1.5.1;2.8.2|1.3.8;2.5.1|5.3.3;2.3.1|1.3.3;3.2.1|1.14.11;1.14.14|2.3.1;1.14.21|1.1.1;1.16.1|1.3.5;1.14.11|5.2.1;4.1.1|5.3.2;1.11.1|5.3.1;2.1.2|1.3.7;3.5.1|1.4.3;2.-.-|1.5.99;3.5.3|1.14.21;1.5.8|5.1.3;1.14.99|1.5.3;3.1.6|1.10.3;3.7.1|1.6.5;4.4.1|1.3.-;1.5.3|2.5.1;1.2.7|1.1.3;1.16.8|1.5.-;1.97.1|1.6.99;1.4.3|4.1.1;1.14.-|1.4.1;3.5.99|1.11.1;6.3.4|1.1.-;2.7.13|5.3.99;1.17.99;1.12.98;1.6.3;1.3.2;1.10.9;1.6.1;1.14.99;1.14.13;1.14.14;5.1.1;3.1.3;1.14.12;1.14.-;5.5.1;1.7.1;1.8.5;1.3.98,1.14.13|4.2.3|4.1.99|1.-.-;1.14.13|4.2.3|5.3.99|1.-.-;1.14.13|4.2.3|5.3.3;4.2.1|4.2.3|1.14.11;1.14.14|4.2.3|1.14.20;6.6.1|4.2.3;6.3.4|4.2.3;4.2.3;4.2.3;4.2.3;4.2.3;4.2.3|1.1.1;4.2.3|1.1.1;4.2.3|1.1.1;4.2.3|1.1.1;4.2.3|1.1.1;1.3.1|1.1.1;4.2.3|1.1.1;4.2.3|1.1.1;4.2.3|1.1.1;4.2.3|1.1.1;4.1.99|1.1.1;4.2.3|1.1.1;4.2.3|1.1.1;4.2.3|1.1.1;4.2.3|1.10.99;4.2.3;4.2.3;4.2.3|1.14.13;4.2.3|1.14.13;4.2.3|2.1.1;4.2.3|5.3.99;4.2.3|1.14.14;4.2.3|1.14.13;4.2.3|1.14.13;4.2.3|1.1.1;1.-.-|1.14.13;2.5.1|3.7.1;4.2.3|1.1.1;4.2.3|1.10.99;2.5.1|5.4.99;2.5.1|1.1.1;4.2.3|1.10.99;4.2.3|1.3.1;4.2.3|1.3.1;4.2.3|2.1.1;1.1.1|5.5.1;4.2.3|5.3.99;4.2.3;4.2.3;4.1.99;4.3.3;4.2.3;4.2.3;4.2.3;4.2.3;4.2.3;4.2.3;4.2.3;4.2.3;4.2.3;4.2.3;3.3.2;4.2.3;1.10.99;4.1.99;1.14.13;1.14.13;3.1.7;1.14.14;1.14.13;5.3.99;5.3.99;1.14.13;1.10.99;1.10.99
336,4.1.3|4.1.2;2.3.3|4.1.3;4.2.99|2.2.1;2.3.1|4.2.1;4.1.1|2.5.1;3.3.2|1.14.99;2.4.2|4.1.1;1.13.11;2.1.2;1.11.1,4.1.1|4.1.3;4.1.3|4.1.1;4.1.3;4.1.3;4.1.3;4.1.2|4.1.3;4.1.3
337,3.5.1;2.3.1|6.3.2;6.3.2|2.3.1;2.3.2;6.3.1|3.4.13;6.3.4|6.3.1;3.4.13|6.3.4;2.1.3|3.4.11;3.4.11|3.4.19;6.2.1|3.4.17;3.1.1;3.4.19|2.1.2;2.1.2|2.1.3;6.3.5|3.4.15;3.1.2|6.2.1;3.4.17|3.5.3;3.5.4|2.3.-;1.2.1|3.5.4;3.5.3|3.4.24;4.3.2|3.4.22;2.7.7|6.3.5;2.3.3|1.2.99;1.2.99;6.1.1;2.3.-;3.4.15;1.2.7;1.4.1;4.3.3;1.4.7;3.5.5;3.7.1,3.5.1;6.3.2|3.5.1;2.3.1|3.5.1;2.3.1|6.3.2;2.3.1|6.2.1;6.3.2|1.13.11;2.3.1|3.7.1;3.5.1|6.2.1;2.3.1|6.2.1;2.3.1|3.1.2;2.3.1|6.2.1;2.3.1|3.7.1;6.3.2|3.7.1;6.3.1|3.7.1;3.7.1;3.7.1;3.7.1;3.1.2;3.7.1;6.3.2;6.3.1
338,4.2.3|3.1.4;4.1.99|6.5.1;3.1.7|4.6.1,4.2.3|2.5.1;4.2.3;4.2.3|2.5.1;4.2.3|2.5.1;4.2.3|2.5.1;4.2.3|2.5.1;4.2.3|2.5.1;4.2.3;4.2.3|2.5.1;4.2.3;4.2.3;4.2.3;4.2.3|2.5.1;4.2.3|2.5.1;4.2.3|1.3.1;4.2.3|2.5.1;4.2.3|2.5.1;4.2.3;4.2.3;4.2.3;4.2.3;4.1.99;4.2.3;4.2.3;4.2.3;4.2.3;4.2.3;4.2.3
339,6.3.2;3.5.1;2.3.2|2.3.1;2.3.1|2.3.2;3.4.13;6.3.1;3.4.11|6.3.4;3.4.17|3.4.11;3.4.19;6.3.4|3.4.17;3.4.15|2.1.3;3.1.1;3.4.22|6.2.1;3.4.24|3.4.15;2.1.3|3.5.3;3.5.3|2.3.-;2.3.-|3.4.24;6.2.1|3.4.22;4.3.2;2.7.7;6.1.1;3.1.2;1.2.1,3.5.1|2.3.1;6.3.2|3.5.1;3.4.11|6.3.2;3.5.1;3.5.1|3.4.11;3.4.11|3.5.1;3.5.1;6.3.2;6.3.2;3.5.1|2.3.1;6.3.2|3.4.11;3.5.1|6.3.2;3.5.1;3.5.1|2.3.1;6.3.2|3.5.1;3.4.15|3.5.1;6.3.2|2.3.1;3.5.1|2.1.3;3.4.19|2.3.1;6.3.2|3.4.19;6.3.2;2.3.2|3.4.15;3.4.13|6.3.2;3.4.13|3.5.1;3.4.13|2.3.2;6.3.2|2.3.2;6.3.2|2.3.2;6.3.2|2.3.2;6.3.2|2.3.2;6.3.2|3.4.13;6.3.2|3.4.13;6.3.2|2.1.2;6.3.2|2.1.2;3.5.1|6.3.2;3.1.2|3.4.13;3.5.1|6.3.2;6.3.2;2.3.2|6.3.2;6.3.2|2.1.3;2.3.2|6.3.2;3.5.3;6.3.2;3.5.1;6.3.2;6.3.2;3.5.1;3.5.1;2.3.1;1.5.1
34,1.14.11|3.1.2;1.14.13|6.2.1;1.14.15|2.8.3;1.14.14|2.3.1;1.14.99|3.2.1;1.14.-;1.17.1;1.17.99;2.5.1,1.14.11|2.8.3;1.14.11|6.2.1|3.1.2;1.14.14|6.2.1|2.8.3;1.14.14|3.1.2;1.14.11|2.8.3|6.2.1;6.2.1;2.8.3;6.2.1|2.8.3;3.1.2|2.8.3;2.8.3|6.2.1;2.8.3;2.8.3;3.1.2|6.2.1;2.8.3;3.1.2|6.2.1;3.1.2|6.2.1;2.8.3;3.1.2|2.3.3;3.1.2;6.2.1|3.1.2;3.1.2|6.2.1;3.1.2|6.2.1;6.2.1|2.3.1;3.1.2;6.2.1|2.8.3;3.1.2;2.3.3|3.1.2;6.2.1|3.1.2;3.1.2|6.2.1;3.1.2|2.3.3;2.3.1|3.1.2;2.8.3|6.2.1;3.1.2|6.2.1;3.1.2|2.3.3;2.8.3|2.3.3;3.1.2|2.3.3;3.1.2;6.2.1|2.3.3;3.1.2;3.1.2;2.3.3|6.2.1;3.1.2|2.3.3;2.3.1|6.2.1;2.3.3|6.2.1;6.2.1|2.3.3;6.2.1|2.3.3;2.3.3;2.3.3;2.3.3;3.5.1;6.2.1;2.3.3;6.2.1;6.2.1;3.1.2;2.3.3;2.3.3;3.1.2;2.3.3
340,1.3.1;1.3.99;1.5.1;1.3.8;5.3.3;1.3.3;1.14.11;2.3.1;1.1.1;1.3.5;5.2.1;5.3.2;5.3.1;1.3.7;1.4.3;1.5.99;1.14.21;5.1.3;1.5.3;1.10.3;1.6.5;1.3.-;2.5.1;1.1.3;1.5.-;1.6.99;4.1.1;1.4.1;1.11.1;1.1.-;5.3.99;1.17.99;1.12.98;1.3.2;1.10.9;1.6.1;1.6.3;1.14.99;1.14.13;1.14.14;5.1.1;3.1.3;1.14.12;1.14.-;5.5.1;1.7.1;1.8.5;1.3.98,1.17.3|1.-.-;1.1.1|1.-.-;3.5.4;3.5.4;3.5.4;1.17.1;6.3.5;3.5.4;6.3.5|3.5.4;3.5.4|6.3.5;1.17.1;1.1.1;1.17.3;1.17.3;1.17.3;1.14.14;6.3.4;3.5.4;3.5.4;2.5.1;3.5.4
341,1.1.1|1.3.1;1.1.99|1.3.99;1.1.3|1.5.1;2.3.1|1.3.8;1.14.13|5.3.3;1.1.5|1.3.3;1.1.-|1.14.11;1.1.2|2.3.1;5.3.3|1.1.1;1.14.11|1.3.5;1.14.-|5.2.1;1.1.98|5.3.2;1.4.3|5.3.1;1.-.-|1.3.7;1.6.5|1.4.3;1.6.99|1.5.99;1.2.1|1.14.21;5.1.3;1.14.15|1.5.3;4.2.1|1.10.3;1.1.9|1.6.5;1.3.1|1.3.-;1.14.12|2.5.1;1.6.1|1.1.3;1.6.3|1.5.-;6.4.1|1.6.99;5.4.99|4.1.1;1.11.1|1.4.1;4.1.1|1.11.1;1.1.-;5.3.99;1.17.99;1.12.98;1.6.3;1.10.9;1.6.1;1.3.2;1.14.99;1.14.13;1.14.14;5.1.1;3.1.3;1.14.12;1.14.-;5.5.1;1.7.1;1.8.5;1.3.98,1.1.1|1.14.14|2.3.1|1.-.-;1.1.1|4.2.2|1.-.-;1.1.1|4.4.1;1.1.1;1.1.1;1.1.1;1.1.1;1.1.2;1.1.1;1.1.1;1.1.1;1.1.1;1.1.1
342,1.1.1|4.3.2|1.3.1;1.1.3|3.5.3|1.3.99;1.1.99|3.5.4|1.5.1;1.14.13|1.14.11|1.3.8;2.3.1|5.3.3;1.1.-|1.3.3;1.1.2|1.14.11;1.1.5|2.3.1;5.3.3|1.1.1;1.14.11|1.3.5;1.23.1|5.2.1;1.14.14|5.3.2;1.14.-|5.3.1;1.14.15|1.3.7;1.2.1|1.4.3;1.-.-|1.5.99;1.4.3|1.14.21;1.1.98|5.1.3;1.3.1|1.5.3;4.2.1|1.10.3;1.10.1|1.6.5;1.14.12|1.3.-;1.1.9|2.5.1;1.14.19|1.1.3;1.6.5|1.6.99;1.5.3|1.5.-;1.6.99|4.1.1;5.4.99|1.4.1;1.6.3|1.11.1;1.6.1|1.1.-;1.11.1|5.3.99;1.17.99;1.12.98;1.10.9;1.6.1;1.3.2;1.6.3;1.14.99;1.14.13;1.14.14;5.1.1;3.1.3;1.14.12;1.14.-;5.5.1;1.7.1;1.8.5;1.3.98,3.1.1|2.4.99|4.2.3|1.-.-;1.1.1|3.5.-|5.3.1|1.-.-;1.1.1|5.3.1;1.1.3|5.3.1;3.1.1|5.3.1;1.1.1|5.3.1;1.1.1|5.3.1;3.1.1|2.6.1;1.1.99|5.3.1;3.1.1|5.3.1;1.1.1|5.3.1;1.1.1|5.3.1;2.2.1|5.3.1;3.1.1|4.2.3;1.1.1|4.2.2;1.1.1|4.2.3;1.1.1|2.2.1;1.1.1|2.2.1;1.1.1|2.6.1;1.1.1|5.3.3;5.3.1|5.5.1;5.3.1|4.2.3;2.7.1;2.7.1;1.1.1;1.1.1;1.1.1;5.3.1;5.3.1;5.3.1;2.7.1;1.1.1;1.1.1
343,1.14.19;1.14.99;1.3.1,1.14.19;1.14.19;1.14.19;1.14.19;1.3.3;1.3.3;4.2.1;4.2.1;1.13.11;1.13.11;1.13.11;1.13.11;1.13.11;1.13.11;1.3.3;1.13.11
344,,
345,2.6.1;1.4.3;1.4.1;1.4.9;1.4.99;1.4.7;1.4.2;4.3.1;1.13.12;4.1.1;1.14.11;2.-.-;2.4.2;1.4.5,1.4.3;1.4.3;2.6.1;2.6.1;1.4.99;2.6.1;1.4.1;1.4.1;2.6.1;4.4.1;4.4.1;4.4.1;1.4.3;1.4.3;4.4.1;4.4.1;4.4.1;2.6.1;2.6.1;1.4.1;2.6.1;1.4.1;2.6.1;1.4.1
346,3.2.2|2.4.2|2.4.1;2.4.2|3.2.2|3.2.1;2.4.1|2.4.2;2.1.1|6.3.4|3.1.4;3.5.1|4.3.3|6.1.1;6.3.4|2.7.8|4.2.2;2.5.1|1.14.14|5.1.3;3.2.1|1.14.11|6.5.1;4.2.1|3.5.1|3.1.1;4.3.3|2.4.99;3.2.-|2.6.1|4.2.1;4.1.3|3.1.3;3.6.1;2.7.8,3.2.2|2.4.2|3.2.1|1.14.13;3.2.-|2.4.2|3.2.1|1.14.13;3.2.2|2.4.2|2.4.1|1.14.12;3.2.2|2.4.2|3.2.1|1.14.12;3.2.2|2.4.2|2.4.1|1.14.13;2.4.2|2.4.1|1.14.13;2.4.2|2.4.1|1.14.13;2.4.2|3.2.2|2.4.1|4.1.1;3.2.2|2.4.1|4.1.1;3.2.2|2.4.2|2.4.1|4.1.1;3.2.2|2.4.2|2.4.1|4.1.1;2.7.8|2.4.2|2.4.1|4.1.1;2.4.2|2.4.1|1.14.13;2.4.2|2.4.1|1.14.13;2.4.2|2.4.1|1.14.13;2.4.2|2.4.1|1.14.13;2.4.2|2.4.1|1.14.13;2.4.2|2.4.1|1.14.13;2.4.2|2.4.1|1.14.13;2.4.2|2.4.1|1.14.13;3.2.2|2.4.2|2.4.1|1.14.13;3.2.2|2.4.2|2.4.1|4.1.1;3.2.2|2.4.2|2.4.1|1.14.13;3.2.2|2.4.2|2.4.1|1.14.13;3.2.2|2.4.2|2.4.1|1.14.13;3.2.2|2.4.2|2.4.1|1.14.13;2.4.2|2.4.1|1.3.7;3.2.2|2.4.2|2.4.1|1.14.13;2.4.2|2.4.1|1.14.13;2.4.2|2.4.1|1.14.14;2.4.2|2.4.1|1.10.3;2.4.2|3.2.2|2.4.1|1.13.11;2.4.2|2.4.1|1.14.13;2.4.2|2.4.1|1.14.13;2.4.2|2.4.1|1.14.14;2.4.2|3.2.2|2.4.1|1.14.16;2.4.2|2.4.1|1.14.13;2.4.2|2.4.1|1.14.14;2.4.1|2.4.2|1.14.13;2.4.1|2.4.2|1.14.13;2.4.1|2.4.2|1.14.13;2.4.1|2.4.2|1.14.14;2.4.1|1.14.14|1.14.13;2.4.1|1.14.13;2.4.1|1.14.13;2.4.1|1.14.14;2.4.1|3.2.1|1.14.13;2.4.1|1.14.13;2.4.1|4.2.1|1.14.13;2.4.1|3.2.1|1.14.13;2.4.1|3.2.1|1.14.13;2.4.1|3.2.1|1.14.13;2.4.1|3.2.1|1.14.13;2.4.1|3.2.1|1.14.13;2.4.1|2.4.2|1.14.13;2.4.1|1.14.14;2.4.1|1.14.12;2.4.1|1.14.14;2.4.1|1.13.11;2.4.1|1.14.14;2.4.1|1.14.13;2.4.1;2.4.1;2.4.1;2.4.1;2.4.1;2.4.1;2.4.1;2.4.1;2.4.1;2.4.1;2.4.1;2.4.1;2.4.1;2.4.1;2.4.1;2.4.2
347,3.1.4;6.5.1;4.6.1,4.2.3|2.5.1;4.2.3;4.2.3|2.5.1;4.2.3|2.5.1;4.2.3|2.5.1;4.2.3|2.5.1;4.2.3|2.5.1;4.2.3;4.2.3|2.5.1;4.1.99|4.2.3;4.2.3;4.2.3;4.2.3|2.5.1;4.2.3|2.5.1;4.2.3|1.3.1;4.2.3|2.5.1;4.2.3|2.5.1;4.2.3;4.2.3;4.2.3;4.2.3;4.2.3;4.2.3;4.2.3;4.2.3;4.2.3;4.2.3;4.2.3;4.2.3;4.2.3;4.2.3;4.2.3;4.2.3;4.2.3;4.2.3;4.2.3;4.2.3
348,1.1.1|1.3.1;1.1.99|1.3.99;1.1.3|1.5.1;2.3.1|1.3.8;1.14.13|5.3.3;1.1.5|1.3.3;1.1.-|1.14.11;1.1.2|2.3.1;5.3.3|1.1.1;1.14.11|1.3.5;1.14.-|5.2.1;1.1.98|5.3.2;1.4.3|5.3.1;1.-.-|1.3.7;1.6.5|1.4.3;1.6.99|1.5.99;1.2.1|1.14.21;4.2.1|5.1.3;1.14.15|1.5.3;1.3.1|1.10.3;1.1.9|1.6.5;5.1.3|1.3.-;1.14.12|2.5.1;1.6.3|1.1.3;1.6.1|1.5.-;6.4.1|1.6.99;5.4.99|4.1.1;1.11.1|1.4.1;4.1.1|1.11.1;1.1.-;5.3.99;1.17.99;1.12.98;1.6.1;1.10.9;1.6.3;1.3.2;1.14.99;1.14.13;1.14.14;5.1.1;3.1.3;1.14.12;1.14.-;5.5.1;1.7.1;1.8.5;1.3.98,1.1.1|4.2.3|1.-.-;1.1.1|4.2.3|1.-.-;1.1.1|4.2.3;4.2.1|4.2.3;5.3.99|4.2.3;1.1.1|4.2.3;1.1.1|4.2.3;1.1.1|4.2.3;1.1.1|4.2.3;1.1.5|4.2.3;1.1.1|4.2.3;5.1.3|4.2.3;1.1.1|4.2.3;1.1.1|4.2.3;5.1.3|4.2.3;1.1.1|4.2.3;1.1.1|4.2.3;5.1.3|1.13.99;1.1.1|4.2.3;1.1.1|5.5.1;1.1.1|2.5.1;1.1.1|2.3.1;1.1.1|2.5.1;1.1.1|4.2.3;5.1.3|4.2.3;1.1.1|4.2.3;1.1.1|4.2.3;1.1.1|4.2.2;1.1.1|4.2.3;4.2.3;4.2.3;4.1.99;4.2.3;4.2.3;4.2.3;5.3.1;4.3.3;2.5.1;2.5.1;3.3.2;4.2.3;3.3.2;5.3.1;5.3.1;5.3.1;5.3.1;4.2.3;4.2.3;4.2.3;5.3.1;5.3.1;5.3.1;5.3.1;5.3.1
349,2.3.1;6.2.1;3.1.1|3.1.2;3.1.2|3.1.1;1.2.1;6.1.1|2.3.3;2.3.3|1.2.7;2.3.2|6.1.1;3.5.1|2.3.2;1.2.7|3.7.1;3.7.1|3.5.1;3.2.1|1.2.4;2.1.3|1.8.1|1.2.4;1.2.4|1.1.1|1.8.1;1.8.1|2.8.3|2.1.3;1.1.1|4.1.3;4.1.3|2.3.-;2.5.1|2.3.-;2.3.-|4.4.1|2.8.3;2.8.3|3.2.1|2.5.1;4.4.1|2.1.1;2.1.1|2.1.3;1.-.-|1.2.3;1.2.3|2.6.1;6.1.2|1.-.-|2.6.1;3.5.3|6.1.2;2.6.1|3.5.3;6.3.1;6.3.4;6.3.2|2.1.2;2.1.2|2.2.1;2.2.1|6.3.2;3.4.11,2.3.1|5.1.3;2.3.1|5.3.99;2.3.1|1.1.1;2.3.1|1.1.1;2.3.1|5.1.3;2.3.1|1.1.1;2.3.1|5.3.3;2.3.1|5.3.1;2.3.1|4.2.1|3.1.2;2.3.1|5.3.99;2.3.1|1.1.1;2.3.1|5.3.1|6.2.1;2.3.1|5.3.1|3.1.2;2.3.1|5.3.1|2.3.-;2.3.1|5.3.1|1.2.1;2.3.1|5.3.1;2.3.1|1.14.13|3.1.2;6.1.1|5.3.1|2.3.1|3.1.2;2.3.1|5.3.1|3.1.2;2.3.1|1.3.2;2.3.1|1.1.3;6.1.1|5.3.1|6.2.1|2.3.1;2.3.1|5.3.1|6.2.1|1.2.4;2.3.2|1.14.13|1.2.1|3.1.2;2.3.2|4.2.3|2.7.7|3.1.2;6.1.1|1.1.3|2.3.1|3.1.2;6.1.1|5.3.1|2.3.1;6.1.1|5.3.99|2.3.1|3.1.2;2.3.1|4.1.1|6.2.1;6.1.1|5.4.99|6.3.4|1.2.7;6.1.1|1.14.-|2.3.1|1.2.7;6.1.1|1.21.-|2.3.1|1.2.1;6.1.1|1.14.14|2.3.1;6.1.1|1.14.14|2.3.1|3.1.2;6.1.1|1.14.13|1.2.1;6.1.1|1.13.99|3.1.2;6.1.1|2.3.1;6.1.1|1.2.7;6.1.1|1.2.1;6.1.1|2.3.1;6.1.1|3.1.2;6.1.1|2.3.1;6.1.1|1.1.1;6.1.1|3.1.2;6.1.1|2.3.1;1.2.1|1.1.1;2.3.1;6.1.1|6.2.1;3.2.1|2.3.1;6.1.1|6.2.1;2.3.1|1.2.1;2.1.3|2.3.1;2.3.1;2.3.1;2.3.1;2.3.1;2.3.1;1.-.-;2.3.1;2.1.3;2.3.1;2.3.1
35,1.3.99|1.2.1;1.3.3|4.2.1;1.3.8|1.2.3;1.3.5|1.1.1;1.5.1|3.5.1;1.14.99|1.2.2;1.17.3|2.3.1;1.2.-;1.14.13;1.14.99;1.2.7;1.1.3;1.5.1;1.2.99;1.14.11,1.3.3|1.13.12;4.1.1;4.1.1;4.1.1;1.11.1;1.14.13;1.14.13;1.14.13;1.14.13;1.1.1;1.1.1;1.1.1;1.1.1;1.1.1;1.1.1;4.1.1;4.1.1
350,2.1.1;1.14.14;3.1.1;2.3.1;1.5.3;1.14.11;1.5.8;2.-.-;1.16.1;1.14.99;1.14.13;1.2.7;1.5.99;3.7.1,2.1.1|1.14.14|2.-.-;2.1.1|1.14.14|1.11.1|2.5.1;2.1.1|1.14.14|2.3.1;2.1.1|1.14.13|1.14.14;2.1.1|1.14.14|1.14.13;2.1.1|1.14.14|1.3.1;2.1.1|1.14.14|1.3.1;2.1.1|1.14.14|1.3.1;2.1.1|4.1.99|4.2.1;2.1.1|4.2.1|1.3.1;2.1.1|4.2.1|1.3.1;2.1.1|1.14.13|1.3.1;2.1.1|4.2.1|1.3.1;2.1.1|4.2.1|1.3.1;2.1.1|1.3.1;2.1.1|1.3.1;2.1.1|1.14.18|1.3.1;2.1.1|4.1.3|1.3.1;2.1.1|4.2.1|1.3.1;2.1.1|1.3.1;2.1.1|1.14.13|1.3.1;2.1.1|4.2.99|1.3.1;2.1.1|4.1.3|1.3.1;2.1.1|4.1.3|1.3.1;2.1.1|4.2.1|1.3.1;2.1.1|4.2.1|1.3.1;2.1.1|1.3.1|4.2.99;2.1.1|1.10.9|1.14.14;2.1.1|1.3.1|1.14.14;2.1.1|1.3.1|4.1.3;2.1.1|1.3.1|1.14.14;2.1.1|1.3.1|1.14.14;2.1.1|1.3.1|4.2.1;2.1.1|1.3.1|4.1.99;2.1.1|1.14.14|1.14.13;2.1.1|5.3.3|4.2.1;2.1.1|1.14.13|4.2.1;2.1.1|1.8.5|1.14.18;2.1.1|4.1.1|4.4.1;2.1.1|1.3.1|4.1.3;1.14.11|1.3.1|4.2.1;1.14.11|1.1.5|1.3.-;2.1.1|1.3.1|1.14.13;1.3.7|4.1.3;1.3.1|4.2.1;1.3.1|1.10.9;1.3.1;1.3.1;4.2.1;1.3.1;4.1.1|1.14.13;4.2.1|1.3.1;1.14.12|1.14.14;1.14.12|1.14.13;1.14.12|5.3.3;1.14.12|1.8.5;1.14.12|1.3.1;1.14.12|1.3.7;1.3.1|4.1.1;1.14.13|1.1.5;1.14.14|1.3.1;2.1.1|4.2.1;2.5.1|4.2.1;1.3.1|1.14.12;1.3.1|1.14.12;1.10.3;1.3.5;1.14.12;1.14.12;1.14.12;1.14.12;1.14.12;1.14.14;1.14.12;1.14.12;1.14.12;1.14.12;1.14.12;1.14.12;1.14.12
351,4.3.3|4.2.1;4.2.1|4.3.3;2.3.1;3.5.5;4.1.2,4.2.1;4.2.1
352,1.1.1|1.3.1;1.1.99|1.3.99;1.1.3|1.5.1;2.3.1|1.3.8;1.14.13|5.3.3;1.1.5|1.3.3;1.1.-|1.14.11;1.1.2|2.3.1;5.3.3|1.1.1;1.14.11|1.3.5;1.14.-|5.2.1;1.1.98|5.3.2;1.4.3|5.3.1;1.-.-|1.3.7;1.6.5|1.4.3;1.6.99|1.5.99;1.2.1|1.14.21;5.1.3;4.2.1|1.5.3;1.14.15|1.10.3;1.1.9|1.6.5;1.3.1|1.3.-;1.6.3|2.5.1;1.6.1|1.1.3;1.14.12|1.6.99;6.4.1|1.5.-;5.4.99|4.1.1;1.11.1|1.4.1;4.1.1|1.11.1;1.1.-;5.3.99;1.17.99;1.12.98;1.6.1;1.10.9;1.6.3;1.3.2;1.14.99;1.14.13;1.14.14;5.1.1;3.1.3;1.14.12;1.14.-;5.5.1;1.7.1;1.8.5;1.3.98,1.1.1|1.14.13|2.3.1|1.-.-;1.1.1|4.2.3|2.2.1|1.-.-;1.1.1|4.3.3;1.1.1|2.3.1;1.1.1|4.1.1;1.1.1|4.2.3;1.1.1|4.2.3;1.1.1|4.2.3;1.1.1|4.2.3;1.1.1|4.2.3;1.1.1|4.2.3;1.1.1|4.2.3;1.1.1|4.2.3;1.1.1|4.2.3;1.1.1|4.2.3;1.14.-|4.2.3;1.1.1|4.2.3;1.1.1|4.2.3;1.14.-|4.2.3;1.1.1;1.1.1;1.1.3;1.1.1;1.14.13;1.14.13;1.1.1;1.3.99;1.14.99;1.14.99;1.14.-;1.1.1;1.1.1;1.1.1;1.1.1;1.1.1;1.1.1;1.14.13;1.1.1;1.1.1;1.1.1;1.1.1;1.1.1;1.1.1;1.1.1;1.1.1;1.1.1;1.1.1;1.1.1;1.1.1;1.1.1;1.1.1;1.1.1;1.1.1;1.1.1;1.1.1;1.1.1;5.3.3;1.1.1;1.14.11
353,4.6.1,4.6.1
354,1.5.3|2.5.1;1.5.1|1.5.3;1.5.99|1.5.1;1.4.3|1.5.99;1.5.8|4.2.1;2.5.1|4.4.1;1.14.14|2.3.1;1.14.11|1.14.15;1.4.3;4.3.3;3.5.-;3.3.1;2.1.2;4.1.99;4.1.3;3.3.2;3.5.99;3.1.1,1.5.3;1.5.3|2.5.1;1.5.3;1.5.3|2.5.1;1.4.3|1.5.3;1.5.3;1.5.1|1.5.3;1.4.3|1.5.1;1.5.1
355,3.5.5;6.3.4,6.3.4|2.4.2;3.5.5|2.4.2;1.17.3;3.5.4;3.5.4;1.1.1;1.17.1|3.5.4;3.5.4|1.17.1;6.3.5;3.5.4;3.5.4;6.3.5;1.17.1;1.17.3;1.17.3;1.1.1;1.17.3;1.14.14;6.3.4;3.5.4;3.5.4;1.14.21;1.14.13;3.5.4;3.5.4;3.5.4;1.2.3
356,,
357,4.1.2;4.1.3;2.2.1;4.2.1;2.5.1;1.14.99;4.1.1;1.13.11;2.1.2;1.11.1;1.14.13,4.1.2;4.1.2;4.1.2
358,6.3.2;3.5.1;2.3.2|2.3.1;2.3.1|2.3.2;3.4.13;6.3.1;3.4.11|6.3.4;3.4.17|3.4.11;3.4.19;6.3.4|3.4.17;3.4.15|2.1.3;3.1.1;3.4.22|6.2.1;3.4.24|3.4.15;2.1.3|3.5.3;3.5.3|2.3.-;2.3.-|3.4.22;6.2.1|3.4.24;4.3.2;2.7.7;6.1.1;3.1.2;1.2.1,3.4.13|4.2.3;6.3.2|4.2.3;3.4.13|4.2.3|3.1.7;3.4.13|4.2.3;6.3.2|4.2.3;6.3.2|4.2.3|2.3.1;2.3.2|4.2.3;6.3.2|4.2.3|2.3.2;6.3.2|4.2.3|2.3.2;3.4.15|4.2.3|2.3.2;6.3.2|4.2.3|2.3.2;3.4.19|4.2.3|6.3.2;6.3.2|4.2.3|3.4.15;3.5.1|4.2.3|6.3.2;3.4.22|4.2.3|3.4.19;6.3.2|4.2.3;6.3.2|4.2.3;6.3.2|4.2.3|3.5.1|4.1.99;6.3.1|4.2.3|6.3.2|4.1.99;3.5.1|4.2.3|6.3.2;3.5.1|4.2.3|6.3.2;6.3.2|4.2.3;3.5.1|4.2.3|2.3.-;3.5.1|2.4.2|6.3.1|1.14.14|4.2.3;6.3.2|4.2.3|3.5.1;6.3.2|4.2.3;6.3.2|4.2.3|3.5.1;6.3.1|4.1.99|3.5.1|4.2.3;6.3.2|4.2.3|3.5.1;6.3.1|3.5.-|6.3.2|4.2.3;2.3.2|2.2.1|6.3.2|4.2.3;3.5.1|2.2.1|6.3.1|1.11.1|4.2.3;2.3.2|4.1.2|2.3.1|1.14.14|4.2.3;2.3.2|4.1.2|6.3.2|1.14.14|4.2.3;6.3.1|4.1.2|4.2.3;6.2.1|4.3.3|3.4.11|1.14.13|4.2.3;3.4.11|4.2.3|6.3.2;6.3.2|4.2.3|3.4.11;6.3.2|4.2.3|3.5.1;3.4.11|2.3.2|4.2.3;6.3.2|2.3.2|4.2.1|4.2.3;6.3.2|4.2.3|1.14.14;3.5.1|6.3.2|1.3.1|1.14.14;3.5.1|6.3.1|4.2.3;3.5.1|2.1.1|4.2.3|1.14.14;3.5.1|6.2.1|1.14.12|4.2.3;2.8.3|3.5.1|1.14.12|4.2.3;1.4.1|1.2.99|4.3.3|4.2.3;3.5.1|4.2.1|1.14.13;3.5.1|2.3.1|1.14.12|4.2.3;3.5.1|1.14.14|4.2.1|1.14.12;3.5.1|1.14.12;6.2.1|2.3.2|1.14.12|4.2.3;6.3.2|3.5.1|1.14.12;6.3.2|2.1.1|4.2.3|1.14.12;6.2.1|2.3.1|4.2.3|1.14.12;3.5.1|1.3.1|1.14.12;3.5.1|1.3.1|4.2.1;2.3.1|1.14.12;1.3.1|1.14.12;1.14.12;1.14.14|1.14.12;1.14.14|4.2.1;1.14.12;4.2.3|1.14.12;4.2.3|1.14.12;1.3.1|1.14.12;1.3.1|1.14.12;4.2.1|1.14.12;1.3.1|1.14.12;1.3.1|1.14.12;1.14.14|4.2.1;4.2.3|4.2.1;1.14.14|4.2.1;4.2.1|1.14.12;4.1.99|1.14.12;1.14.12|4.1.99;1.3.1|4.3.3;1.14.12;1.3.1|1.14.13;1.3.1|4.1.3;1.14.12|4.2.1;1.14.12|4.2.1;1.3.1|4.2.3;1.14.12|1.14.14;1.14.12|1.14.14;1.3.1|4.2.1;1.3.1;1.3.1;1.14.12;1.3.1;1.14.12;1.14.12;1.3.1;1.3.1;1.14.12;4.1.3;1.14.12;1.3.1;1.3.1;4.2.1;4.2.1;1.14.13
359,3.1.4;6.5.1;4.6.1,4.2.3;4.2.3|2.5.1;4.2.3|2.5.1;4.2.3|2.5.1;4.2.3|2.5.1;4.2.3|2.5.1;4.2.3|2.5.1;4.2.3;4.1.99|2.5.1;4.2.3;4.2.3;4.2.3;4.2.3|2.5.1;4.2.3|2.5.1;4.2.3|1.3.1;4.2.3|2.5.1;4.2.3|2.5.1;4.2.3;4.2.3;4.2.3;4.2.3;4.2.3;4.2.3;4.2.3;4.2.3;4.2.3;5.5.1;5.5.1;5.5.1;3.1.7;4.2.3;5.4.99;4.2.3;4.2.3;5.4.99;5.5.1;4.2.3;5.4.99;4.2.3;5.4.99;4.2.1;4.2.3;4.2.3;4.2.3;5.4.99;4.2.1;4.2.3;4.2.3;5.4.99;5.4.99;5.4.99;5.4.99;5.4.99
36,,
360,1.3.1;1.3.99;1.3.8;5.3.3;1.3.3;2.3.1;1.14.11;1.3.5;1.3.-;1.14.21;1.17.99;1.1.-;1.1.1;1.14.99;1.14.-;5.2.1;5.5.1;1.14.14;1.14.12;1.3.7;1.3.98,5.3.3;5.3.3;1.3.1;4.2.1;1.3.1;4.2.1;4.2.1;4.2.1
361,6.3.2|2.3.1;3.5.1|6.2.1;2.3.1|3.1.1;2.3.2|3.1.2;3.4.13|1.2.1;6.3.1|6.1.1;6.3.4|2.3.3;3.4.11|2.3.2;3.4.19|3.5.1;3.4.17|1.2.7;2.1.3|3.7.1;3.1.1|3.2.1;6.2.1|1.2.4;3.4.15|1.8.1;3.5.3|2.1.3;2.3.-|1.1.1;3.4.22|4.1.3;3.4.24|2.3.-;4.3.2|2.8.3;2.7.7|2.5.1;6.1.1|4.4.1;3.1.2|2.1.1;1.2.1|1.-.-;1.2.3;2.6.1;6.1.2;3.5.3;6.3.1;6.3.4;2.1.2;2.2.1;6.3.2;3.4.11,3.5.1|2.7.7|4.2.3|1.1.1;2.3.1|2.7.1|4.2.3;2.3.1|2.7.1|4.2.3;3.5.1|2.7.1|4.2.3|1.2.1;3.5.1|4.2.3|1.2.1;2.3.1|4.2.3|3.1.2;2.3.2|4.2.3|1.2.1;2.3.1|4.2.3|6.2.1;2.3.2|4.2.3|2.3.1;3.5.1|2.3.1|6.2.1;2.3.2|2.3.1;2.3.1|1.2.7;6.3.2|2.3.1;3.5.1|1.2.7;2.3.1|3.1.2;6.3.2|1.2.7;6.3.2|1.2.1;3.5.1|1.2.1;2.3.2|2.3.1;2.3.2|1.2.4;3.5.1|1.2.1;3.5.1|6.2.1;3.5.1|6.2.1;3.5.1|2.3.1;2.3.2|2.3.1;6.2.1|2.3.1;2.3.2|2.3.1;2.1.3|6.2.1;2.1.3|2.3.1;2.1.3;6.3.1;6.3.4;2.3.1;3.4.13;2.3.1;3.4.13;2.3.-;3.5.1;3.5.1;2.3.1;2.3.1;3.4.13;3.4.11;6.3.2;3.5.3;2.3.2;3.5.1;3.4.11;6.3.2;2.1.3;2.1.1;2.3.1;3.5.1;3.5.1;6.3.2;3.5.1;3.5.1;2.3.1;3.4.15;2.3.1;6.3.2;3.5.1;6.3.1;6.3.2;3.5.1;6.3.2
362,1.7.2|1.3.1;1.7.3|1.3.99;1.9.3|1.5.1;1.3.8;5.3.3;1.3.3;1.14.11;2.3.1;1.1.1;1.3.5;5.2.1;5.3.2;5.3.1;1.3.7;1.4.3;1.5.99;1.14.21;5.1.3;1.5.3;1.10.3;1.6.5;1.3.-;2.5.1;1.1.3;1.6.99;1.5.-;4.1.1;1.4.1;1.11.1;1.1.-;5.3.99;1.17.99;1.12.98;1.6.1;1.10.9;1.3.2;1.6.3;1.14.99;1.14.13;1.14.14;5.1.1;3.1.3;1.14.12;1.14.-;5.5.1;1.7.1;1.8.5;1.3.98,1.7.2|1.-.-;1.-.-
363,1.1.1|1.3.1;1.1.99|1.3.99;1.1.3|1.5.1;2.3.1|1.3.8;1.14.13|5.3.3;1.1.5|1.3.3;1.1.-|1.14.11;1.1.2|2.3.1;5.3.3|1.1.1;1.14.11|1.3.5;1.14.-|5.2.1;1.1.98|5.3.2;1.4.3|5.3.1;1.-.-|1.3.7;1.6.5|1.4.3;1.6.99|1.5.99;1.2.1|1.14.21;5.1.3;4.2.1|1.5.3;1.14.15|1.10.3;1.1.9|1.6.5;1.3.1|1.3.-;1.14.12|2.5.1;1.6.3|1.1.3;1.6.1|1.6.99;6.4.1|1.5.-;5.4.99|4.1.1;1.11.1|1.4.1;4.1.1|1.11.1;1.1.-;5.3.99;1.17.99;1.12.98;1.10.9;1.6.3;1.6.1;1.3.2;1.14.99;1.14.13;1.14.14;5.1.1;3.1.3;1.14.12;1.14.-;5.5.1;1.7.1;1.8.5;1.3.98,1.1.1|4.2.3|1.-.-;1.1.1|4.2.3|2.7.7|1.-.-;1.1.1|4.2.3|4.1.2;4.2.1|4.2.3|4.1.2;1.1.1|4.2.3|4.1.2;1.1.1|4.2.3|2.2.1;1.1.1|4.2.3|2.2.1;1.1.1|4.2.3|4.2.2;1.1.1|4.2.3|4.3.3;1.1.1|4.2.3;1.1.1|4.2.3;1.1.1|4.2.3|2.7.1;1.1.99|4.2.3|2.7.1;2.3.3|2.7.7|2.7.1;4.1.3|4.2.3;2.3.3;1.1.1;4.1.3
364,3.1.4;6.5.1;4.6.1,4.2.3;4.2.3|2.5.1;4.2.3|2.5.1;4.2.3|2.5.1;4.2.3|2.5.1;4.2.3|2.5.1;4.2.3|2.5.1;4.2.3;4.1.99|2.5.1;4.2.3;4.2.3;4.2.3;4.2.3|2.5.1;4.2.3|2.5.1;4.2.3|1.3.1;4.2.3|2.5.1;4.2.3|2.5.1;4.2.3;4.2.3;4.2.3;4.2.3;4.2.3;4.2.3;4.2.3;4.2.3;4.2.3;4.2.3;4.2.3;4.2.3;4.2.3;4.2.3;4.2.3;4.2.3;4.2.3;4.2.3;4.2.3;4.2.3;5.4.99;4.2.1
365,1.7.1;1.-.-;1.7.2;1.7.7;1.9.6;2.4.2;4.1.3;1.2.7;1.2.99;1.12.99;1.7.99,1.7.1;1.12.99;1.-.-;1.-.-
366,,5.3.1;5.3.1;5.3.1;5.3.1;5.3.1;5.3.1;5.3.1;5.3.1;5.1.3;5.3.1;5.3.1;2.6.1;5.3.1;1.1.1;1.1.1;5.3.99;5.1.3;1.1.1;1.1.3;1.3.2;4.2.1;4.1.99;1.1.1;1.14.20;4.2.1;5.3.3;1.1.3;5.3.99;4.2.3;4.2.2;5.5.1;1.10.99;1.1.1;5.3.99;1.10.3;5.3.1;1.10.99;4.2.1;5.3.99;1.10.99;5.4.99;4.2.3
367,4.3.2;3.5.3;3.5.4;1.14.11,4.3.2
368,6.3.2;3.5.1;2.3.1;2.3.2;3.4.13;6.3.1;6.3.4;3.4.11;3.4.19;3.4.17;2.1.3;3.1.1;6.2.1;3.4.15;3.5.3;2.3.-;3.4.22;3.4.24;4.3.2;2.7.7;6.1.1;3.1.2;1.2.1,6.3.2|4.2.3|4.1.99;3.4.11|4.2.3|4.1.99;3.5.1|4.2.3;3.4.11|4.2.3;3.5.1|4.2.3;2.3.1|4.2.3;6.3.2|4.2.3;3.5.1|4.2.3;6.3.2|4.2.3;2.3.2|4.2.3;2.3.2|4.2.3;2.3.1|4.2.3;3.5.1|4.2.3;2.3.1|4.2.3;3.5.1|4.2.3;2.3.2|4.4.1;2.3.2|4.2.3;2.3.2|4.2.3;6.3.2|4.2.3;3.5.1|4.2.3;3.5.1|4.2.3;2.3.1|4.1.2;3.4.13|4.1.2;3.4.15|4.1.2;2.1.3|2.2.1;3.4.13|4.3.3;6.3.2|2.2.1;3.4.13|4.2.3;6.3.2|4.2.3;3.5.3
369,1.14.13;1.14.14;1.14.11;1.14.15;1.14.16;1.14.99;1.14.-;1.14.18;1.17.1;1.1.1;1.13.11;1.10.99;1.10.3;1.97.1;3.5.3;3.7.1;1.6.6;1.17.99;1.2.1;1.3.99;1.3.7;1.14.20;4.1.99;1.-.-;1.14.12;1.17.3;1.7.3;1.14.17;1.17.7,4.1.99|1.14.13;5.3.99|1.14.14|1.14.13;1.14.14|5.3.3;1.14.20|1.14.14|4.2.1;1.14.-|4.2.1|1.3.1;5.3.3|1.14.13|1.3.1;1.14.-|4.2.1;1.10.99|4.2.1;1.14.-|1.3.1|4.2.1;1.14.-|1.3.1|4.2.1;1.10.99|4.2.1|2.1.1;1.14.13|4.2.1;1.14.13|4.2.1;1.1.1|2.1.1|4.2.1;4.2.3|4.2.1|4.1.3;4.2.3|4.1.99|2.1.1;4.2.3|5.3.3|1.14.-;1.14.13|1.14.12|1.3.1;1.14.14|1.14.12|1.3.-;1.14.14|4.1.3|1.14.-;4.2.1|1.14.12|1.14.21;1.14.13|4.1.1|1.14.14;1.14.-|1.14.14;4.2.3|1.14.14;4.2.3|4.3.3;1.1.1|1.14.12;1.14.13|1.14.12;4.2.3|1.14.14;1.14.13|1.14.14;1.14.13|4.1.1;3.3.2|1.14.12;5.3.99|2.1.1;5.3.99|1.14.12;3.7.1|4.2.1;5.3.99|1.14.12;4.2.1|1.14.12;1.14.14|1.14.12;1.14.14|1.14.12;1.14.12;1.14.12;4.2.1;1.14.12;1.14.12;1.14.12
37,2.7.1;3.1.3;3.6.1;2.7.8;2.7.4;2.7.7;3.6.3;2.7.11;3.1.4;2.7.2;2.7.6;3.6.4;2.7.3;3.1.7;4.6.1;2.7.9;3.6.5;3.2.1;2.7.12;2.7.13;4.1.1;2.6.-;2.7.-;2.7.10;1.3.7;1.18.6;4.2.3;2.7.99;3.1.5;2.4.1;5.1.3;1.19.6;3.-.-,2.7.1|4.2.3;4.1.1|4.2.3;4.2.3;4.2.3;4.1.2;4.1.2;4.1.2;4.3.3;2.2.1;4.2.3;2.7.7;4.2.3;2.2.1;2.7.1;3.1.3
370,2.8.3|1.13.11|2.3.1;6.2.1|1.14.99;3.1.2|4.1.2|3.1.1;2.3.1|4.2.1|3.1.2;3.2.1|3.5.3|1.2.1;1.7.3|6.1.1;3.5.2|2.3.3;1.14.12|2.3.2;1.13.-|3.5.1;2.3.3|1.2.7;1.4.3|3.7.1;1.13.12|3.2.1;1.3.-|1.2.4;1.14.13|1.8.1;1.8.1|2.1.3;1.8.99|1.1.1;1.8.7|4.1.3;2.3.-;2.8.3;2.5.1;4.4.1;2.1.1;1.-.-;1.2.3;2.6.1;6.1.2;3.5.3;6.3.1;6.3.4;2.1.2;2.2.1;6.3.2;3.4.11,3.1.2|3.5.4|3.5.-|2.6.99|4.2.3;3.1.2|3.5.2|2.5.1|4.3.3|4.2.3;2.8.3|1.2.7|3.5.4|4.2.3;2.8.3|3.1.2|4.3.3|3.1.4|4.2.3;2.8.3|1.2.7|2.6.1|4.2.3;3.1.2|1.2.1|2.6.1|2.5.1|4.2.3;6.2.1|1.2.1|4.3.1|4.2.3|4.3.3;2.3.3|1.2.1|2.6.1|3.1.4|4.2.3;2.8.3|3.1.2|2.6.1|3.1.4|4.2.3;2.8.3|2.3.1|2.6.1|3.1.4|4.2.3;2.8.3|6.2.1|2.6.1|3.1.4|4.2.3;3.5.1|1.2.1|2.6.1|2.5.1|4.2.3;2.8.3|2.3.1|2.6.1|2.5.1;3.5.1|2.3.1|2.6.1|3.1.4;6.3.1|2.3.1|2.6.1|3.1.4;6.2.1|1.1.1|2.6.1|3.1.4;2.8.3|2.5.1|2.-.-|3.1.4;6.2.1|1.2.7|3.1.4;2.8.3|1.2.1|3.1.4;2.3.3|2.3.1|3.1.4;6.2.1|1.2.4|4.1.2;2.3.1|6.2.1|2.5.1;6.2.1|2.3.1|2.5.1;6.2.1|2.3.1|3.1.4;2.3.3|6.2.1|3.1.4;3.1.2|2.3.1|3.1.4;3.1.2|6.2.1|2.5.1;2.3.3|2.5.1;2.3.3|1.1.1;2.3.3|1.2.1;6.2.1|2.3.1;2.3.3|4.4.1;3.1.2;3.1.2|2.5.1;2.3.3|2.3.1;6.2.1;6.2.1|2.5.1;6.2.1;3.1.2|6.2.1;3.1.2|2.3.1;2.3.3|2.5.1;2.3.3|2.3.1;2.3.3|2.5.1;2.3.3|2.3.1;6.2.1|2.3.1;6.2.1|2.5.1;6.3.1|3.1.2;2.3.3|2.3.1;2.3.3|6.2.1;3.5.1|3.1.2;6.2.1|2.3.1;2.3.2|2.3.1;3.1.2;2.3.2;3.1.2;6.2.1;3.4.15;6.3.4
371,2.7.1;3.1.3;3.6.1;2.7.8;2.7.4;2.7.7;3.6.3;2.7.11;3.1.4;2.7.2;2.7.6;2.7.3;3.6.4;3.1.7;4.6.1;2.7.9;3.6.5;3.2.1;2.7.12;2.7.13;2.6.-;2.7.-;4.1.1;2.7.10;1.3.7;1.18.6;4.2.3;2.7.99;3.1.5;2.4.1;5.1.3;1.19.6;3.-.-,2.7.1|4.2.3;2.7.1|4.2.3;2.7.1|4.2.3;2.7.1|4.2.3;2.7.1|4.2.3;2.7.1|4.2.3;2.7.1|4.2.3;2.7.1|4.2.3;2.7.1|4.2.3;3.1.3|4.2.3;2.7.1|4.2.3;2.7.1|4.2.3;2.7.1|4.2.3;2.7.1|4.2.3;2.7.1|4.2.3;2.7.1|4.2.3;2.7.1|4.2.3;2.7.1|4.2.3|1.11.1;2.7.1|4.2.3;2.7.1|4.2.3;2.7.1|4.2.3;4.2.3|1.3.1;3.1.3|4.2.3|4.1.99;3.1.3|4.2.3;3.1.3|4.2.3;2.7.1|4.1.99|4.2.3;2.7.1|4.2.3;3.1.3|4.2.3;2.7.1|4.2.3;4.2.3;4.2.3;4.2.3;4.2.3;4.2.3;4.2.3;4.2.3;4.2.3;4.2.3;2.5.1|4.2.3;2.5.1|2.2.1;2.5.1|4.1.2;4.2.3|4.1.2;4.2.3|4.1.2;4.2.3;4.2.3;4.2.3;4.3.3;4.2.3;4.1.99;4.2.3;4.2.3;4.2.3;4.2.3;1.1.1;1.1.1;1.1.1
372,2.5.1;1.5.3|2.1.1;1.5.1|3.3.2;1.5.99|3.8.1;4.2.1|4.4.1;4.4.1|3.3.1;2.3.1|1.17.1;1.14.15|2.3.1;1.4.3|4.2.1;4.3.3|1.14.13;3.5.-|4.99.1;3.3.1|4.1.3;2.1.2|6.3.4;4.1.99|2.8.1;4.1.3|2.6.1;3.3.2|1.3.1;3.5.99|2.9.1;3.1.1,2.5.1|4.1.3|1.5.3;2.5.1|4.1.3;1.5.3|4.1.2;1.5.3|4.1.3|2.5.1;1.5.3|4.1.2;2.1.1|1.5.3;1.5.3;1.5.3|1.5.1;1.14.11|1.5.1;2.1.1;1.5.1;2.1.1;1.5.1;6.3.4;1.5.1
373,1.14.13;1.14.14;1.14.11;1.14.15;1.14.16;1.14.-;1.14.18;1.14.99;1.17.1;1.10.99;1.13.11;1.1.1;1.10.3;1.97.1;1.17.99;1.3.99;1.2.1;1.3.7;1.14.20;4.1.99;3.5.3;1.17.7;1.-.-;3.7.1;1.6.6;2.5.1;1.14.12;1.17.3;1.7.3;1.14.17,1.14.13;1.14.13;1.14.-;1.14.-;1.14.-;1.14.-;1.14.-;1.14.-
374,2.1.1;1.14.14;3.1.1;2.3.1;1.5.3;1.14.11;1.5.8;2.-.-;1.16.1;1.14.99;1.14.13;1.2.7;1.5.99;3.7.1,2.1.1|4.1.99|2.-.-|1.11.1|2.5.1;2.1.1|1.14.13|2.5.1|3.5.4|2.3.1;2.1.1|4.2.3|2.3.1|3.5.4;2.1.1|1.10.99|3.5.4;1.14.13|3.5.4;4.2.1|3.5.4;5.3.99|3.5.4;1.14.14|3.5.4;5.3.3|3.5.4;1.14.13|1.1.1;1.14.13|1.1.1;1.10.99|6.3.5;4.2.1|3.5.4;1.10.99|3.5.4;1.14.20|3.5.4;4.2.3|3.5.4;1.14.13|6.3.4;1.14.13|3.5.4;1.14.13|1.17.3;1.14.13|6.3.5;2.6.1|3.5.4;4.2.3|1.17.3;4.2.3|1.17.1;1.14.14|1.17.3;1.14.14|1.17.3;1.1.1|3.5.4;4.2.1|3.5.4;1.14.14;4.2.3|1.17.1;4.2.1|3.5.4;4.2.3|1.2.3;1.14.-|1.14.21;4.2.3|3.5.4;2.6.1|5.3.1;5.3.1|2.6.1;4.2.1;4.2.3;4.2.3;4.2.1;5.1.3;1.1.1;3.3.2;1.1.1;1.1.1;4.2.3;5.3.3;4.1.1;1.14.99;3.3.2;1.14.-;1.14.-;1.14.-;1.14.-;1.3.1;1.3.1;5.1.3;1.14.13;4.3.1;4.2.1;4.2.3;4.2.3;3.3.2;3.3.2;5.3.1;4.2.99;1.14.99;4.2.3;1.1.3;1.3.3;5.3.99;1.14.99;1.1.3|1.10.3;1.3.2|1.1.3;1.10.3|1.3.2;1.14.99;1.14.99;5.4.4;4.2.2;5.3.1;1.14.11;5.4.99;1.3.-;5.3.1;5.3.1;5.3.1;5.3.1;5.3.1;1.1.1;2.1.1;1.14.14;2.2.1;5.3.99;1.14.15;1.14.11;1.3.99;5.3.1;5.3.1;1.14.14;1.14.14;5.3.1;5.3.1;1.14.-;1.3.7;1.1.1;5.3.99;5.3.99
375,1.14.12|1.3.1;1.14.99|1.3.99;1.14.-|1.5.1;1.13.11|1.3.8;1.14.14|5.3.3;1.14.13|1.3.3;1.14.11;2.3.1;1.1.1;1.3.5;5.2.1;5.3.2;5.3.1;1.3.7;1.4.3;1.5.99;1.14.21;5.1.3;1.5.3;1.10.3;1.6.5;1.3.-;2.5.1;1.1.3;1.6.99;1.5.-;4.1.1;1.4.1;1.11.1;1.1.-;5.3.99;1.17.99;1.12.98;1.6.1;1.3.2;1.10.9;1.6.3;1.14.99;1.14.13;1.14.14;5.1.1;3.1.3;1.14.12;1.14.-;5.5.1;1.7.1;1.8.5;1.3.98,1.14.12|4.2.3|1.14.13|1.-.-;1.14.12|1.11.1|1.14.13|1.-.-;1.14.12|4.1.99|4.2.3;1.14.12|4.2.3;1.14.12|4.2.3;1.14.12|4.2.3;1.14.12|4.2.3;1.14.12|4.2.3;1.14.12|4.2.3;1.14.12|4.2.3;1.14.12|4.2.3;1.14.12|4.2.3;1.14.12|4.2.3;1.14.12|4.2.3;1.14.12|4.2.3|4.1.99;1.14.12|4.2.3|1.14.13;1.14.12|4.2.3|1.14.14;1.14.12|4.2.3;4.2.1|4.2.3;4.2.1|4.2.3|1.10.99;4.2.1|3.1.7|4.2.3;4.2.1|4.2.3;1.14.12|4.2.3|1.10.99;1.3.1|4.2.3;1.3.7|4.2.3;4.2.1|4.2.3|1.14.13;1.3.1|4.1.99|4.2.3;1.14.12|4.2.3;4.1.3|4.2.3;1.14.14|4.2.3;4.2.3;4.2.3;4.2.3;4.2.3|1.14.14;4.2.3|1.14.14;4.2.3|5.3.1;4.2.3;4.2.3|5.3.1;4.2.3|5.3.1;1.3.1|5.3.1;2.5.1|5.3.1;4.2.3|5.3.1;2.5.1|5.3.1;2.5.1|5.3.1;4.2.3|5.3.1;4.2.3|5.3.1;4.2.3|1.14.14;4.2.3|1.1.4;4.2.3;4.2.3|2.6.1;4.2.3|5.3.1;4.3.3|1.13.99;4.2.3|1.14.-;4.2.3|1.14.-;4.2.3|4.3.3;4.2.3;4.2.3;4.2.3;4.2.3|1.1.4;1.14.-;4.2.2|1.14.-;1.14.14;1.1.4;1.1.1;5.5.1;5.3.99
376,2.7.1;3.1.3;3.6.1;2.7.8;2.7.4;2.7.7;3.6.3;2.7.11;3.1.4;2.7.2;2.7.6;2.7.3;3.6.4;3.1.7;4.6.1;2.7.9;3.6.5;3.2.1;2.7.12;2.7.13;2.6.-;2.7.-;4.1.1;2.7.10;1.3.7;1.18.6;4.2.3;3.1.5;2.7.99;2.4.1;5.1.3;1.19.6;3.-.-,3.1.1|2.7.8|4.1.2;2.7.8|2.2.1;3.1.3|4.1.2;2.7.8|4.1.2;2.7.8|2.2.1;3.1.4|2.2.1;2.7.8|2.2.1;3.1.4|1.1.1;2.7.8|1.1.1;2.7.-|1.1.1;2.7.8|2.2.1;3.1.4|1.1.1;2.7.8|1.1.1;2.7.8|1.14.19
377,2.4.1;3.2.1;2.4.2;3.1.4;4.2.2|6.1.1;5.1.3|4.2.2;6.5.1|5.1.3;2.4.99|6.5.1;6.1.1|3.1.1;4.2.1|2.4.99;3.1.3|4.2.1;3.6.1|3.1.3;2.7.8|3.6.1;3.1.1|2.7.8;4.3.3,2.4.1|4.2.3|5.1.3;2.4.1|5.3.1|1.1.1;3.2.1|5.3.1|1.1.1|2.4.1;2.4.1|5.3.1|5.1.3;3.2.1|5.3.1|1.1.1|2.4.1;3.2.1|5.3.1|4.2.1|2.4.2;2.4.1|5.3.1;3.2.1|5.3.1|2.6.1|2.4.1;3.2.1|5.3.1|2.4.1;2.4.1|5.3.1|1.14.13;3.2.1|5.3.1|5.3.3|2.4.1;3.2.1|1.13.99|5.3.1|2.4.1;3.2.1|5.5.1|5.3.1|2.4.1;3.2.1|1.14.13|5.3.1|2.4.1;2.4.1|1.14.13|5.3.1|2.4.2;2.4.1|5.3.3|5.3.1;3.2.1|1.1.3|2.4.1;2.4.1|1.3.2;3.2.1|4.3.1|2.4.1;2.4.1|1.14.13;2.4.1|1.1.1|2.4.2;2.4.1|5.3.1;2.4.1|5.3.1|3.6.1;3.2.1|5.3.1|2.4.2;3.2.1|5.3.1|2.4.2;3.2.1|5.3.99|2.4.2;3.2.1|1.1.3|2.4.99;2.4.1|5.4.4|2.4.2;3.2.1|2.6.1|2.4.99;2.4.1|1.14.14|2.4.2;3.2.1|1.14.14|2.4.1;3.2.1|1.14.14|4.2.3;2.4.1|4.2.3|2.7.8;2.4.1|4.1.1;2.4.1|4.2.3;2.4.1|5.3.99;2.4.1|1.21.-;2.4.1|1.13.99;2.4.1;2.4.1;3.2.1;3.2.1;2.4.1;2.4.1;2.4.1;2.4.1;2.4.2;2.4.2;3.2.1;2.4.1;2.4.2;2.4.1;2.4.1;2.4.1;2.4.1;2.4.1;2.4.1;2.4.1;2.4.1;2.4.1;2.4.1;2.4.1;2.4.2;2.4.1;2.4.2;2.4.1;2.4.1;2.4.1;3.2.1;2.4.1;2.4.1;2.4.1;2.4.1;2.4.1;2.4.1;2.4.1;2.4.1;2.4.1;2.4.1;2.4.1;2.4.1;2.4.1;2.4.1;2.4.1;2.4.1;2.4.1;2.4.1;3.2.1;3.2.1;2.4.1;4.2.2;3.2.1;3.2.1;3.2.1;3.2.1;3.2.1;2.4.2;3.2.1;2.4.1;3.2.1;2.4.1;2.4.1;2.4.1;2.4.1;3.2.1;3.2.1;2.4.1;2.4.1;2.4.1;3.2.1;2.4.1;2.4.1;2.4.1;2.4.1;2.4.1;3.2.1;2.4.1;3.2.1;2.4.1;2.4.1;3.2.1;2.4.1;2.4.1
378,3.5.1;6.3.5;6.3.1;6.3.4;1.4.1;4.3.3;2.6.1;1.4.7;2.3.1;2.4.2;4.1.3;3.5.5;6.3.2;2.1.2;2.3.2;3.4.13;3.5.4;2.1.3;3.4.11;1.2.99,3.5.1;3.5.1;3.1.2;1.14.13
379,1.1.1|1.3.1;1.1.99|1.3.99;1.1.3|1.5.1;2.3.1|1.3.8;1.14.13|5.3.3;1.1.5|1.3.3;1.1.-|1.14.11;1.1.2|2.3.1;5.3.3|1.1.1;1.14.11|1.3.5;1.14.-|5.2.1;1.1.98|5.3.2;1.4.3|5.3.1;1.-.-|1.3.7;1.6.5|1.4.3;1.6.99|1.5.99;1.2.1|1.14.21;5.1.3;4.2.1|1.5.3;1.14.15|1.10.3;1.1.9|1.6.5;1.3.1|1.3.-;1.6.3|2.5.1;1.6.1|1.1.3;1.14.12|1.6.99;6.4.1|1.5.-;5.4.99|4.1.1;1.11.1|1.4.1;4.1.1|1.11.1;1.1.-;5.3.99;1.17.99;1.12.98;1.3.2;1.6.3;1.6.1;1.10.9;1.14.99;1.14.13;1.14.14;5.1.1;3.1.3;1.14.12;1.14.-;5.5.1;1.7.1;1.8.5;1.3.98,1.1.1|2.7.7|1.-.-;1.1.1|5.3.1|1.-.-;1.1.1|5.3.1;1.1.1|5.3.1;1.1.1|5.3.1;1.1.1|5.3.1;1.1.1|3.5.4;3.5.-;5.3.1;5.3.1;5.3.1;5.3.1;4.1.2;4.1.2;4.1.2;2.2.1;5.3.1;5.3.1;2.2.1;1.1.1;1.1.1;1.1.1
38,5.4.3,2.6.1;2.6.1;1.4.1;5.4.3;2.6.1;2.6.1;1.4.1;1.5.1;1.4.3;1.4.3;1.4.3;1.5.1;1.4.3;2.6.1;4.4.1;1.4.1;2.6.1;2.6.1;4.4.1;4.4.1;2.6.1;1.4.1;1.4.1;1.4.3;2.6.1;1.4.1;1.4.99;1.4.1;4.4.1;4.4.1
380,1.5.1|1.3.1;1.5.99|1.3.99;1.4.3|1.5.1;1.5.-|1.3.8;1.5.3|5.3.3;1.12.98|1.3.3;1.4.1|1.14.11;1.5.7|2.3.1;2.5.1|1.1.1;1.3.5;5.2.1;5.3.2;5.3.1;1.3.7;1.4.3;1.5.99;1.14.21;5.1.3;1.5.3;1.10.3;1.6.5;1.3.-;2.5.1;1.1.3;1.5.-;1.6.99;4.1.1;1.4.1;1.11.1;1.1.-;5.3.99;1.17.99;1.12.98;1.6.1;1.3.2;1.10.9;1.6.3;1.14.99;1.14.13;1.14.14;5.1.1;3.1.3;1.14.12;1.14.-;5.5.1;1.7.1;1.8.5;1.3.98,1.5.1|4.1.99|1.14.13|1.-.-;1.5.3|1.14.14|1.14.13|1.-.-;1.4.3|1.14.14|4.1.1;1.4.3|1.14.14|4.1.1;5.1.1|4.2.1|1.14.14;1.5.1|1.3.1|1.14.13;5.1.1|1.3.1|1.14.13;4.2.1|1.14.14;1.5.-|1.14.13|1.14.14;2.6.1|1.14.13|1.14.14;2.2.1|4.2.1|1.10.99;5.4.4|4.2.1|1.10.99;4.2.1|1.14.-|4.2.2;1.3.1|1.7.3|4.2.3;5.1.3|5.3.3;4.2.99|4.1.99;1.3.-|4.2.1;4.2.1|2.6.1;4.2.3|4.2.1;1.14.13;4.2.1;4.2.1;4.2.1;4.2.3;4.2.99;1.1.4;1.14.13;1.4.3;5.3.99;5.4.4;1.4.3;1.5.1;1.1.1;1.1.4;1.1.1;1.1.1;1.1.4;2.2.1;1.14.20;4.2.3
381,2.3.1|3.5.1;3.1.1|6.3.2;6.2.1|2.3.1;3.1.2|2.3.2;3.5.1|3.4.13;1.2.1|6.3.1;2.3.2|6.3.4;6.1.1|3.4.11;2.3.3|3.4.19;1.2.7|3.4.17;6.3.1|3.1.1;3.7.1|2.1.2;2.1.3;6.3.4|3.4.15;6.3.2|6.2.1;3.4.11|3.5.3;3.2.1|2.3.-;1.2.4|3.5.4;1.8.1|3.4.24;1.1.1|3.4.22;4.1.3|6.3.5;2.3.-|1.2.99;2.5.1;2.8.3;4.4.1;2.1.1;1.-.-;3.4.13;3.5.3;6.1.2;1.2.3;2.6.1;4.3.2;2.7.7,1.3.1|1.14.14;4.2.3|1.11.1|1.14.14;4.2.3|1.14.14;4.2.3|1.14.14|1.14.13;4.2.3|1.14.13|1.14.12;4.2.3|4.2.1|1.14.12;4.2.3|1.3.1|1.14.12;4.2.3|1.14.12;4.2.3|4.2.1|1.14.12;4.2.3|1.14.12;4.2.3|1.14.12;4.2.3|4.2.1;4.2.3|1.14.12;4.2.3|1.14.12;4.2.3|1.14.12;4.2.3|1.3.1|1.14.12;4.2.3|1.3.1|1.14.12;4.2.3|1.14.12;4.2.3|1.3.1|1.14.12;4.2.3|1.14.12;4.1.99|1.14.14|1.14.12;4.2.3|1.14.14|1.14.12;4.2.3|1.14.12;4.2.3|4.2.1;4.2.3|1.3.1|4.2.1;4.2.3|1.3.1|4.2.1;2.5.1|1.3.1|1.14.12;4.2.3|1.3.1|4.2.1;4.2.3|4.2.1|1.14.12;4.2.3|1.14.14|1.14.12;4.2.3|1.14.14|4.1.3;4.2.3|1.14.12|4.2.1;4.2.3|1.3.1|4.2.1;4.2.3|1.14.12|2.5.1;2.5.1|1.3.1|1.14.13;2.5.1|1.3.1|1.14.14;4.2.3|1.14.12|1.14.14;4.2.3|1.14.12|4.2.1;4.2.3|1.3.1|1.14.14;4.2.3|1.14.12|1.14.14;4.2.3|1.14.12|4.1.99;4.2.3|1.3.1|1.14.12;4.2.3|1.3.1|1.14.12;4.2.3|1.3.1|1.14.12;4.2.3|1.14.12;4.2.3|1.3.1|1.-.-;4.2.3|1.14.12|1.14.13;4.2.3|1.14.12;3.1.7|1.3.1|1.13.11;4.2.3|1.3.1|3.1.7;4.2.3|1.14.12|1.14.13;4.2.3|4.1.3|1.14.14;4.2.3|1.14.12|4.3.3;4.2.3|1.3.1;4.3.3|1.3.1|4.2.3;4.2.3|4.2.1|1.14.-;4.2.1|4.2.3;4.1.99|4.2.3;1.14.13|4.2.3;1.14.13|4.2.3;4.2.99|4.2.3;4.1.3|4.2.3;4.2.1|4.2.3;1.14.12|4.2.3;1.14.18|4.2.3;4.2.3;1.3.-|1.14.-;1.14.13|5.3.3;1.14.14|1.14.13;4.3.3|4.2.3;4.2.3|4.1.1;4.2.3|1.14.14;1.10.9|4.2.3;4.2.3|1.14.14;4.2.3|4.1.1;4.2.3;4.2.3;4.2.3;4.2.3|4.2.99;4.2.3|4.2.1;4.2.3|4.1.99;1.14.12|4.2.3;1.14.12;1.14.12|4.1.3;4.2.3|4.1.3;4.2.3;1.14.12|1.14.13;5.3.3|4.2.3;1.14.13|4.2.3;4.2.3|2.1.1;4.1.1|4.2.3;1.14.-|4.2.3;1.8.5;1.14.14;1.1.5;4.2.3
382,3.1.4;6.5.1;4.6.1,4.2.3;4.2.3|2.5.1;4.2.3|2.5.1;4.2.3|2.5.1;4.2.3|2.5.1;4.2.3|2.5.1;4.2.3|2.5.1;4.2.3;4.2.3|2.5.1;4.2.3;4.2.3;4.2.3;4.1.99|2.5.1;4.2.3|2.5.1;4.2.3|1.3.1;4.2.3|2.5.1;4.2.3|2.5.1;4.2.3;4.2.3;4.2.3;4.2.3;4.2.3;4.2.3;4.2.3;4.2.3;4.2.3;3.1.7;4.2.3;5.4.99;5.5.1;5.4.99;5.4.99;5.4.99;5.5.1;5.5.1;5.5.1;5.4.99;5.4.99;5.4.99;4.2.1;4.2.1;5.4.99
383,3.5.1;6.3.5;6.3.1;1.4.1;4.3.3;6.3.4;2.6.1;1.4.7;2.4.2;4.1.3;3.5.5;2.3.1;2.1.2;6.3.2;3.5.4,3.5.1;6.3.5;3.5.1
384,6.2.1|2.3.1|5.4.2|3.1.4;3.1.2|6.2.1|6.5.1;2.8.3|3.1.1|4.6.1;2.3.1|3.1.2;3.2.1|1.2.1;3.6.1|6.1.1;6.3.4|2.3.3;2.3.2;3.5.1;1.2.7;3.7.1;3.2.1;1.2.4;1.8.1;2.1.3;1.1.1;4.1.3;2.3.-;2.8.3;2.5.1;4.4.1;2.1.1;1.-.-;1.2.3;2.6.1;6.1.2;3.5.3;6.3.1;6.3.4;2.1.2;2.2.1;6.3.2;3.4.11,3.1.2|1.18.6|1.14.14|2.7.1|2.5.1;6.2.1|2.7.1|1.14.14|2.5.1;6.2.1|2.7.1|1.14.14|4.2.3;6.2.1|3.6.1|2.3.1|1.14.13|3.1.3|4.1.2;6.2.1|2.7.1|1.14.12|3.6.1|1.3.1;3.1.2|2.7.1|2.3.1|1.14.12|3.1.3|2.9.1;1.13.11|2.7.1|2.3.1|1.14.12|2.7.8|2.5.1;6.2.1|2.7.4|3.1.2|1.14.12|3.1.3|2.5.1;3.5.1|3.6.1|6.2.1|1.14.12|3.1.3|2.5.1;3.5.1|3.6.1|1.14.12|3.1.7|2.6.99;2.7.7|1.14.12|2.7.6;3.6.1|1.14.12|2.7.7;2.7.1|4.2.1;3.6.1|1.14.12|4.6.1;3.6.1|1.14.12|2.7.1;2.7.4|1.14.12|2.7.1;3.6.1|1.14.12|2.7.1;3.6.1|1.14.12;3.6.1|1.14.12|2.7.1;2.7.8|1.14.12|2.7.1;2.7.6|1.14.12|3.1.3;3.6.1|1.14.12|2.7.1;3.6.1|1.14.12|2.7.1;3.6.1|4.2.1|2.7.1;3.6.1|4.2.1;2.7.4|1.14.12|3.6.1;3.6.1|4.2.1|2.7.1;2.7.8|4.2.1|3.1.3;2.7.7|1.14.12|2.7.1;3.-.-|1.14.12|2.7.1;2.7.7|4.1.3|2.7.4;2.7.7|4.2.1|3.1.3;3.6.1|4.2.1|2.7.1;3.6.1|2.5.1|3.1.3;3.6.1|1.14.14|3.1.3;3.6.1|1.14.14|3.1.3;3.6.1|4.2.1|2.7.1;3.6.1|1.14.13|2.7.4;2.7.4|1.14.14|3.1.3;2.7.7|1.14.14|2.7.1;2.7.7|4.1.99|2.7.1;2.7.7|1.14.12;2.7.7|1.14.12|2.7.8;2.7.7|1.14.12|3.6.1;2.7.7|1.14.12|2.7.8;2.7.7|1.14.13|2.7.4;1.2.1|1.-.-|3.1.3;4.6.1|1.14.12|2.7.1;2.7.8|1.13.11|3.1.3;2.7.8|3.1.7|2.7.1;4.1.2|1.14.13|2.7.1;3.6.1|1.14.14|2.7.8;3.6.1|4.3.3|3.1.3;2.7.8|4.2.3|2.7.1;2.7.8|4.2.3|3.6.1;2.7.1|4.2.3|2.7.4;2.7.8|4.2.3|2.7.6;3.6.1|4.2.3|2.7.4;2.7.8|4.2.3|3.6.1;2.7.8|4.2.3|3.6.1;2.7.8|4.2.3|2.7.1;3.6.1|4.2.3|2.7.7;2.7.8|4.2.3|3.6.1;3.1.4|1.14.-|3.6.1;2.7.8|4.2.3|3.6.1;4.2.3|3.6.1;1.14.-|2.7.1;5.3.3|3.6.1;1.14.13|2.7.4;4.2.3|2.7.8;4.1.1|3.-.-;4.2.3|2.7.4;1.14.14|2.7.8;4.2.3|3.6.1;4.1.1|2.7.4;1.14.14|3.6.1;4.2.1|2.7.1;4.2.3|3.1.3;4.2.3|2.7.1;4.2.99|2.7.1;4.1.99|3.6.1;4.1.3|3.6.1;4.1.3|1.18.6;4.2.3|2.7.1;1.14.12|3.6.1;4.2.3|2.7.1;4.2.3|3.6.1;4.2.3|3.6.1;1.14.13|3.6.1;4.2.3|3.6.1;2.1.1|2.7.1;4.2.3|2.7.8;2.4.1;3.6.1;3.6.1;3.6.1;3.6.1;3.6.1;2.7.7;2.7.7;3.6.1;2.7.1;2.7.7;2.7.8;2.7.8;2.7.8;3.6.1;2.7.8;2.7.8;2.7.8
385,3.5.1;2.3.1;6.3.2;6.3.1|2.3.2;6.3.4|6.3.1;2.3.2|6.3.4;6.3.5|3.4.13;2.1.2|2.1.3;3.4.13|3.4.11;2.1.3|6.2.1;3.4.11|3.1.1;3.5.4|3.4.19;3.4.19|2.1.2;1.4.1|6.3.5;4.3.3|3.1.2;6.2.1|3.4.17;1.4.7|3.5.4;1.2.99|1.2.1;3.5.5|3.5.3;3.1.1|4.3.2;4.3.2|2.7.7;3.5.3|2.3.3;4.2.1|1.2.99;4.3.1|6.1.1;2.6.1|2.3.-;2.4.2|3.4.15;4.1.3|1.2.7;1.4.1;4.3.3;1.4.7;3.5.5;3.7.1,3.5.1|2.3.1;3.5.1;3.5.1;3.5.1|2.3.1;3.5.1;2.3.2|3.5.1;6.3.1|2.3.1;6.3.2|2.1.3;3.5.1|2.3.2;6.2.1|6.3.1;6.3.2|3.5.1;6.3.2|3.5.1;3.5.1|2.1.3;3.5.1|2.3.1;3.4.11|6.2.1;2.3.1|6.3.2;3.5.1;3.4.11|3.5.1;3.5.1|2.3.1;3.5.1;6.3.1|6.3.2;6.3.1|2.3.1;6.3.5|3.5.1;3.5.1|3.4.11;3.5.1|2.1.3;3.5.1|6.3.2;3.5.1|2.3.1;6.3.2|3.5.1;3.5.1|3.4.11;3.5.1;6.3.2|6.3.1;6.2.1|2.3.1;2.3.2|2.1.1;3.5.1|2.3.1;2.3.2|3.5.1;3.5.1|2.3.1;1.4.1|6.3.2;3.5.1|2.3.2;2.3.2;3.5.1|2.3.2;3.4.13|6.3.1;1.2.5;3.5.1;3.5.1;3.4.13;3.5.1;3.4.13;2.8.3;6.3.2;6.3.1;6.3.2
386,2.5.1|1.5.3;1.5.3|1.4.3;1.4.3|1.5.1;1.5.1|1.5.99;4.2.1|2.5.1;4.4.1|1.14.15;1.5.99|1.5.8;2.4.1|1.14.14;1.14.15|1.14.11;4.1.99;2.3.1;1.14.14;4.1.3;1.14.11;4.3.3;1.21.4;3.5.-;3.5.99;2.1.2;3.3.1;3.5.1;3.2.1;2.4.2;3.3.2;3.1.1,2.1.1|1.4.3;1.5.8|1.4.3;1.5.3;1.5.3;1.5.8|2.6.1;2.5.1|1.4.3;2.5.1|2.6.1;1.5.3|2.6.1;1.5.1|1.5.3;1.5.3|1.4.3;1.5.1;1.5.3|2.6.1;2.6.1;2.6.1;1.5.1;1.5.3;1.4.3;2.6.1;1.4.3;1.5.3;2.6.1;1.4.2;2.6.1;1.4.3;1.4.3;1.4.3;1.4.3
387,4.1.1|1.2.1;6.4.1|4.2.1;2.1.3|1.2.3;1.3.8|1.1.1;1.1.1|3.5.1;1.2.2;2.3.1;1.2.-;1.14.13;1.14.99;1.2.7;1.1.3;1.5.1;1.2.99;1.14.11,4.1.1|1.2.1;4.2.1;4.2.1;2.3.1;1.3.1;2.3.1;1.13.12;1.2.1;2.3.1;4.1.1;1.14.13;4.1.1;4.1.1;4.1.1;4.1.1;1.14.13;4.1.1;1.14.13;1.14.13;1.14.13;4.1.1;1.14.13;4.1.1;4.1.1;4.1.1;4.1.1;4.1.1;4.1.1;4.1.1;1.14.13;4.1.1;1.1.1;4.2.1;4.1.1;1.14.13;4.1.1;1.14.13;4.1.1;1.14.13;4.1.1;1.1.1;4.1.1;4.1.1;4.1.1;1.1.1;4.1.1;4.1.1;1.1.1;4.1.1;1.1.1;1.1.1;4.1.1;1.11.1
388,4.2.3|3.1.4;4.1.99|6.5.1;3.1.7|4.6.1,4.2.3;2.5.1
389,2.4.2|2.4.1;3.2.2|3.2.1;2.4.1|2.4.2;6.3.4|4.1.3|3.1.4;4.3.3|6.1.1;2.7.8|1.14.14|4.2.2;1.14.14|2.7.8|5.1.3;1.14.11|6.5.1;3.5.1|2.6.1|3.1.1;2.4.99|3.5.1;2.6.1|6.3.4|4.2.1;4.1.3|3.1.3;3.6.1;2.7.8;4.3.3,2.4.2|2.4.1|1.14.12;2.4.2|1.14.12|2.4.1;2.4.2|1.14.12|2.4.1;2.4.1|2.4.2|1.14.14;2.4.2|1.14.14|2.4.1;2.4.2|1.14.12;2.4.2|3.2.2|1.14.14|2.4.1;2.4.2|1.14.14|2.4.1;2.4.1|2.4.2|1.14.12;2.4.2|1.14.12|2.4.1;2.4.2|4.2.3|2.4.1;2.4.2|4.2.3|2.4.1;2.4.2|4.2.3|2.4.1;3.2.2|2.4.2|4.2.3|2.4.1;2.4.2|1.14.12;2.4.2|4.2.3|2.4.1;2.4.2|4.2.3|2.4.1;2.4.2|1.14.12|2.4.1;2.4.2|1.13.11|2.4.1;2.4.2|4.2.3|2.4.1;2.4.2|1.14.14;2.4.2|1.14.12|2.4.1;3.2.2|2.4.2|1.14.14|3.6.1;2.4.2|2.4.1|1.14.12;2.4.2|2.4.1|1.14.12;2.4.2|2.4.1|1.14.14;3.2.2|2.4.1|1.14.12|2.4.99;2.4.2|2.4.1|1.14.12;2.4.2|2.4.1|1.14.12|2.4.99;3.2.2|2.4.1|4.2.3|2.4.2;2.4.2|2.4.1|4.2.3;2.4.2|2.4.1|1.14.12|4.2.3;2.4.2|2.4.1|1.14.13|2.7.8;2.4.2|2.4.1|1.14.14;2.4.2|3.2.2|1.14.12;2.4.2|3.2.2|1.14.-;2.4.2|2.4.1|4.2.3;2.4.2|4.2.3;2.4.2|3.2.2|1.14.12;2.4.2|2.4.1|4.2.3;1.14.14|2.4.1|1.14.12;2.4.2|2.4.1|1.14.12;2.4.2|2.7.8|1.14.12;2.4.2|1.14.12;2.4.1|1.14.12;2.4.1|4.2.3;2.4.1|1.14.12;2.4.1|1.14.12;2.4.1|4.1.1;3.2.2|4.2.1;2.4.1|4.2.1;2.4.1|1.14.12;3.2.2|1.14.12;2.4.1|4.2.1;2.4.1|4.1.1;2.4.1|1.14.14;2.4.1|1.14.12;2.4.1|2.5.1;3.2.2|1.14.14;2.4.1|4.1.3;2.4.1|4.2.1;2.4.1|1.14.-;2.4.1|4.2.1;2.4.1|1.14.-;2.4.1|4.2.1;2.4.1|4.2.1;3.2.2|4.2.1;2.4.1|4.3.99;3.2.2|4.2.1;2.4.1|4.2.1;3.2.2|1.14.11;2.4.1|4.2.1;2.4.1|1.14.11;2.4.1|1.14.13;2.4.1|1.14.21;3.2.2|1.14.13;2.4.1|1.14.13;2.4.1|1.14.11;3.2.2|4.2.3;2.4.1;2.4.1;3.2.-;3.2.2;2.4.1;2.4.1;3.2.2;2.4.1;2.4.1;2.4.1;2.4.1;2.4.1;2.4.1;2.4.1;2.4.1;2.4.1;2.4.1;2.4.1;2.4.1;2.4.1;2.4.2;2.4.1;2.4.1;2.4.1;2.4.1;2.4.1;2.4.1;2.4.1;2.4.2;2.4.1;2.4.2;2.4.1;2.4.1;2.4.1;2.4.1;2.4.2;2.4.1;2.4.1;2.4.1;2.4.1;2.4.1;2.4.1;2.4.1;2.4.1;2.4.1;2.4.1;2.4.1;2.4.1;2.4.1;2.4.1;2.4.1;2.4.1;2.4.1;2.4.1;2.4.1;2.4.2;2.4.1;2.4.1;2.4.2;2.4.1;2.4.2;2.4.1
39,2.3.1;6.2.1;3.1.1;3.1.2;1.2.1;6.1.1;2.3.3;2.3.2;3.5.1;1.2.7;3.7.1;3.2.1;2.1.3|1.2.4;1.2.4|1.8.1;1.8.1|2.1.3;1.1.1;4.1.3;2.3.-;2.5.1|2.8.3;2.8.3|2.5.1;4.4.1;2.1.1;1.-.-;1.2.3;2.6.1;6.1.2;3.5.3;6.3.1;6.3.4;2.1.2;2.2.1;6.3.2;3.4.11,2.3.1|4.2.3|1.1.1;2.3.1|4.2.3;4.2.3|4.4.1|2.3.1;4.2.3|4.1.1|1.2.1;4.2.3|1.2.1;4.2.3|1.2.1;4.2.3|3.1.2;4.2.3|4.1.1|6.2.1;4.2.3|4.1.1|2.3.1;4.2.3|4.1.1|6.2.1;4.2.3|2.3.1;4.2.3|4.1.1|1.2.7;4.2.3|4.1.1|2.3.1;4.2.3|4.1.1|1.2.7;4.2.3|4.1.1|3.1.2;4.2.3|4.1.1|1.2.1;4.2.3|4.1.1|1.2.7;4.2.3|4.1.1|1.2.1;4.2.3|4.1.1|2.3.1;4.2.3|2.3.1|1.2.4;4.2.3|4.1.1|1.2.1;4.2.3|4.1.1|6.2.1;4.2.3|4.1.1|6.2.1;4.2.3|4.1.1|2.3.1;4.2.3|4.1.1|2.3.1;4.2.3|4.1.1|2.3.1;4.2.3|2.1.3|2.3.1;4.2.3|4.1.1|6.2.1;4.3.3|4.1.1|2.3.1;4.2.3|4.1.1;1.14.13|4.1.1;1.14.13|1.1.1;1.10.99|1.1.1;1.14.14|1.2.1;1.14.13|1.1.1;1.14.13|1.1.1;1.14.14|4.1.1;1.14.14|4.1.1;4.2.3;1.1.1;1.1.1;1.1.1;1.1.1;1.1.1;4.1.1;4.1.1;1.1.1;2.3.1;2.3.1
390,3.1.2|2.6.1;6.2.1|1.4.1;2.8.3|1.4.3;2.3.1|1.5.1;3.2.1|4.1.3;3.8.1;4.1.1;1.17.4;1.4.7;4.3.1;1.4.99;1.14.11;1.13.12;2.6.3;1.14.13;1.14.14;1.5.3;3.7.1;1.4.2;3.11.1;4.2.3;3.3.2;1.1.1;1.4.5;2.-.-,2.8.3|4.1.3|5.1.99;6.2.1|4.1.3|5.1.99|2.8.3;2.8.3|4.2.1|2.3.1|6.2.1;2.8.3|5.4.99;3.1.2|4.2.1|4.1.3;6.2.1|4.2.1|1.1.1|2.8.3;2.8.3|4.2.1|4.1.3|6.2.1;3.1.2|4.2.1|6.2.1;2.8.3|1.14.14|3.1.2;6.2.1|4.2.1|2.8.3;6.2.1|5.1.99|4.2.1|2.8.3;2.8.3|1.14.11|4.2.1;2.8.3|5.1.99|4.2.1;2.8.3|1.1.1|4.2.1|6.2.1;6.2.1|1.1.1|2.3.1;6.2.1|4.2.1;6.2.1|4.2.1;2.3.3|1.14.14;3.5.1|4.1.3;2.8.3|2.1.2;2.3.1|2.1.3;5.4.99;2.3.1;4.2.1;4.1.1;1.14.11;1.14.14;1.14.11;1.1.1;4.2.1
391,2.1.1|1.13.11;1.14.14|1.14.99;3.1.1|4.1.2;2.3.1|4.2.1;1.14.11|1.5.3|1.13.-;1.5.3|1.14.11|2.8.1;2.-.-|1.5.8|4.2.99;1.5.8|2.-.-|1.8.1;1.14.13|1.16.1|1.8.99;1.16.1|1.14.99|1.8.7;1.14.99|1.14.13|3.7.1;1.5.99|1.2.7|1.3.-;1.2.7|1.5.99;3.7.1,1.14.11|2.-.-|2.3.1|2.5.1;2.1.1|2.5.1|2.3.1;2.1.1|2.3.1|3.7.1;2.1.1|3.7.1;1.5.8|2.1.1|2.3.1;2.1.1|2.3.1;1.14.14|2.1.1|2.3.1;2.1.1|4.1.1;1.5.8|2.1.1|2.1.2;2.1.1|1.5.8|3.7.1;2.1.1;2.1.1|1.14.14;1.5.3|1.5.8;1.5.3;2.1.1|1.5.3;2.1.1;2.5.1|2.1.1;2.5.1;1.5.3|2.5.1;1.5.3;2.1.1|1.5.1;1.5.1|1.14.14;2.1.1|1.5.1;1.5.3;2.1.1;2.1.1;1.5.3;1.14.14;2.5.1;1.14.14;1.5.1|2.1.1;2.1.1|1.5.1;2.1.1;3.5.-;1.14.14;2.1.1
392,1.3.1|1.5.1;1.3.8|1.5.99;1.3.99|1.4.3;1.3.3|1.5.-;2.3.1|1.12.98;1.1.-|1.4.1;1.14.12|1.5.7;1.3.7|1.5.3;1.3.5|2.5.1;1.3.98;2.5.1,1.3.1|1.17.3|1.1.1|1.1.5;1.3.1|1.1.1|1.14.13|1.1.99;1.3.8|3.5.4|4.1.1|1.5.1;1.3.1|3.5.4|1.12.98;4.2.1|6.3.5|1.12.2;4.2.1|6.3.5;4.2.1|3.5.4;4.2.1|3.5.4;1.3.8|1.17.1;1.3.1|3.5.4;4.2.1|1.1.1;4.2.1|1.17.1;1.3.8|1.17.3;1.3.1|3.5.4;4.2.1|3.5.4;4.2.1|1.17.3;1.3.8|6.3.4;1.3.99|1.17.3;1.3.1|1.14.14;1.3.1|2.5.1;1.3.8|3.5.4;4.2.1;4.2.1;1.3.99;4.2.1;1.3.1;4.2.1;4.2.1;1.3.1;5.3.3;1.3.1;2.3.1;1.3.1;1.3.3;1.3.1;1.3.3
393,1.3.1;1.3.99;1.5.1;1.3.8;5.3.3;1.3.3;1.14.11;2.3.1;1.1.1;1.3.5;5.2.1;5.3.2;5.3.1;1.3.7;1.4.3;1.5.99;1.14.21;5.1.3;1.5.3;1.10.3;1.6.5;1.3.-;2.5.1;1.1.3;1.5.-;1.6.99;4.1.1;1.4.1;1.11.1;1.1.-;5.3.99;1.17.99;1.12.98;1.6.3|1.3.2;1.3.2|1.10.9;1.10.9|1.6.1;1.6.1|1.6.3;1.14.99;1.14.13;1.14.14;5.1.1;3.1.3;1.14.12;1.14.-;5.5.1;1.7.1;1.8.5;1.3.98,1.3.99|4.3.2|4.2.3|1.-.-;1.3.1|4.3.2|4.2.3|1.-.-;1.3.1|4.2.2;4.2.3;4.2.3;4.2.3;4.2.3;4.2.1|4.2.3;1.3.99|4.2.3;1.3.5|4.2.3;1.3.8|4.2.3;4.2.3;1.3.5|4.2.3;1.3.5|4.2.3;1.3.8|4.2.3;4.2.1|4.2.3;1.3.5|4.2.3;1.14.19|4.2.3;1.3.99|4.2.3;1.14.19|4.2.3;1.3.5|4.2.3;1.3.5|4.2.3;1.13.11|4.2.3;5.3.3|4.2.3;1.3.8|4.1.99;4.2.1|4.2.3;4.2.3;4.2.1|4.2.3;1.13.11|4.2.3;1.3.99|4.2.3;1.13.11|4.2.3;1.13.11|4.2.3;1.13.11|4.2.3;1.13.11|4.2.3;1.3.1|2.5.1;1.13.11|4.2.3;4.2.1|4.2.3;1.13.11|4.2.3;1.14.19|4.2.3;1.13.11|2.5.1;1.3.5|2.5.1;1.3.5|4.1.99;1.14.19|4.3.3;4.2.1|4.2.3;4.2.1|4.2.3;1.3.3|4.2.3;4.2.1|4.2.3;4.2.1|4.2.3;4.2.1|4.2.3;1.3.99|4.2.3;4.2.1|2.3.1;1.3.8|4.2.3;5.2.1|4.2.3;1.14.13;1.14.13;1.3.8
394,3.3.2;1.14.14,1.14.21;1.14.21;1.14.21;1.14.21;1.3.1;1.3.1;1.1.1;1.1.1;1.1.1;1.1.1;1.1.1;1.3.1;1.3.1;1.3.1;1.3.1;1.3.1;1.1.1;1.1.1;1.1.1;1.3.1;1.3.1;1.3.1;1.1.1;1.1.1;1.1.1;1.1.1;1.1.1;1.1.1;5.3.3;1.3.1;1.3.1;1.3.1;1.3.1;1.14.13;1.14.13;1.3.1;1.14.13;1.14.13;1.14.13;1.14.11;1.14.13;1.14.13;1.14.13;1.3.1;1.3.1;1.3.1;1.3.1;1.14.13;1.14.13;1.14.15;1.14.11;1.14.15;1.14.15;1.14.-;1.14.13;1.14.11;1.14.13;1.14.15;1.14.15;1.14.11;1.14.11;1.14.15;1.14.13;1.14.15;5.3.3;5.3.3;5.3.3;1.14.11;1.14.11;1.14.13;1.3.99;5.5.1;1.14.11;1.3.1;1.3.1;1.14.99;1.14.99;1.14.13;1.14.99;3.7.1;1.14.13;1.14.13;1.14.99;1.14.14;1.14.13;1.14.13;1.14.11;1.14.13;4.2.1;1.14.99;1.14.14;1.14.14;1.14.11;1.14.-;1.14.-;1.14.-;1.14.-;1.14.13
395,1.2.1|1.3.1;1.2.3|1.3.99;1.2.99|1.5.1;1.2.-|1.3.8;1.1.1|5.3.3;1.2.7|1.3.3;1.14.13|1.14.11;1.1.3|2.3.1;1.5.1|1.1.1;1.14.99|1.3.5;1.17.1|5.2.1;1.14.11|5.3.2;1.5.99|5.3.1;1.2.2|1.3.7;1.1.-|1.4.3;1.14.14|1.5.99;1.14.21;5.1.3;1.5.3;1.10.3;1.6.5;1.3.-;2.5.1;1.1.3;1.5.-;1.6.99;4.1.1;1.4.1;1.11.1;1.1.-;5.3.99;1.17.99;1.12.98;1.3.2;1.6.1;1.6.3;1.10.9;1.14.99;1.14.13;1.14.14;5.1.1;3.1.3;1.14.12;1.14.-;5.5.1;1.7.1;1.8.5;1.3.98,1.2.1|4.2.3|1.-.-;1.2.1|4.1.99|2.7.7|1.-.-;1.2.1|4.2.3;1.2.1|4.2.3;1.2.1|4.2.3;1.2.1|4.2.3;1.2.1|4.2.3;4.2.3;4.2.3|4.1.99;4.2.3;4.2.3;4.2.3;4.2.3;4.2.3;4.2.3;4.2.3;4.2.3;4.2.3;4.2.3;4.1.2;4.2.3
396,2.4.1;3.2.1;2.4.2;3.1.4;6.1.1;4.2.2;5.1.3;6.5.1;3.1.1;2.4.99;4.2.1;3.1.3;3.6.1;2.7.8;4.3.3,2.4.1|4.2.3|5.3.1;2.4.1|4.2.3|5.3.1;3.2.1|4.2.3|5.3.1|2.4.1;2.4.1|4.2.3|5.3.1;3.2.1|4.2.3|5.3.1|2.4.1;2.4.1|4.2.3|5.3.1|2.4.2;2.4.1|4.2.3|5.3.1;2.4.1|4.2.3|5.3.1;2.4.1|4.2.3|5.3.1;3.2.1|4.2.3|5.3.1|2.4.1;2.4.1|4.2.3;2.4.1|4.2.3|5.5.1;2.4.1|4.2.3|5.1.3;2.4.1|4.2.3|1.1.1;2.4.1|4.2.3|1.1.1|2.4.2;2.4.1|1.14.14|5.1.3;2.4.1|4.2.3|2.3.1;2.4.1|4.2.3|1.13.99;2.4.1|1.14.14|1.21.-;2.4.1|4.1.99;2.4.1|1.14.14|2.4.2;2.4.1|4.2.3;2.4.1|4.2.3|3.6.1;2.4.1|4.2.3|2.4.2;2.4.1|4.2.3|2.4.2;2.4.1|4.2.3|2.4.2;2.4.1|4.2.3|2.4.99;2.4.1|4.2.3|2.4.2;2.4.1|4.2.3|2.4.99;2.4.1|4.2.3|2.4.2;2.4.1|4.2.3;2.4.1|4.2.3;2.4.1|4.2.3|2.7.8;2.4.1|4.2.3;2.4.1|1.14.13;2.4.1|4.2.1;2.4.1|4.2.3;2.4.1|4.2.3;2.4.1|1.14.12;2.4.1|1.3.1;2.4.1|1.14.12;2.4.1|1.14.12;2.4.1|4.2.3;2.4.1|1.14.12;2.4.1|1.14.12;3.2.1|4.2.1;2.4.1|1.14.12;3.2.1|4.2.3;2.4.1|1.3.1;3.2.1|1.3.1;2.4.1|1.3.1;2.4.1|4.2.3;2.4.1|1.3.1;3.2.1|1.3.1;2.4.1|1.3.1;2.4.1|1.3.1;3.2.1|4.3.3;3.2.1|1.14.14;2.4.1|1.14.14;2.4.1|1.14.12;2.4.1|1.14.12;3.2.1|1.14.12;2.4.1|4.2.3;2.4.1|4.2.1;2.4.1|1.14.14;3.2.1|1.14.14;2.4.1|1.14.12;3.2.1|4.2.3;3.2.1|1.3.1;3.2.1|1.14.12;3.2.1|1.14.12;2.4.1|1.3.1;2.4.2|1.14.12;2.4.1|1.14.12;2.4.1|1.3.1;3.2.1|1.3.1;3.2.1|1.3.1;1.14.12;1.3.1;1.3.1;1.14.12;1.14.12;1.3.1;1.3.1;1.3.1;1.14.12;1.14.12;4.1.3;1.14.13;4.2.1;4.2.3;4.2.3;1.3.1;4.2.1;4.2.1;1.3.1;1.14.12;4.2.1;4.2.99;4.2.1;4.1.3
397,2.7.1;3.1.3;2.7.8;3.6.1;3.1.4;2.7.4;2.7.11;2.7.7;3.6.3;3.1.7;2.7.6;4.6.1;2.7.2;2.7.3;3.2.1;3.6.4;2.7.9;2.6.-;2.7.-;2.7.13;3.6.5;2.4.1;5.1.3;4.2.3;3.1.5;2.7.99;2.7.12;4.1.1;2.7.10;1.3.7;1.18.6;1.19.6;3.-.-,2.7.1|5.5.1;2.7.1|4.2.3;2.7.1|4.2.3;3.1.3|4.2.3;3.1.3|4.2.3;2.7.1|4.2.1;2.7.1|5.3.1;3.1.3|5.3.1;2.7.1|5.3.1;2.7.1|5.3.1;2.7.1|5.3.1;2.7.1|5.3.1|2.6.1;2.7.1|2.6.1|5.3.1;3.1.3|4.2.2;2.7.1|5.3.1;2.7.1|5.3.1;2.7.1|5.3.1;3.1.3|1.14.13;3.1.3|5.3.1;2.7.1|5.3.1;3.1.3;3.1.3;2.7.1
398,3.5.4;6.3.5;6.3.4;3.5.99;2.1.2,3.5.4
399,1.2.1|1.3.1;1.2.3|1.3.99;1.2.99|1.5.1;1.2.-|1.3.8;1.1.1|5.3.3;1.2.7|1.3.3;1.14.13|1.14.11;1.5.1|2.3.1;1.1.3|1.1.1;1.14.99|1.3.5;1.5.99|5.2.1;1.17.1|5.3.2;1.14.11|5.3.1;1.2.2|1.3.7;1.14.14|1.4.3;1.1.-|1.5.99;1.14.21;5.1.3;1.5.3;1.10.3;1.6.5;1.3.-;2.5.1;1.1.3;1.5.-;1.6.99;4.1.1;1.4.1;1.11.1;1.1.-;5.3.99;1.17.99;1.12.98;1.6.1;1.6.3;1.10.9;1.3.2;1.14.99;1.14.13;1.14.14;5.1.1;3.1.3;1.14.12;1.14.-;5.5.1;1.7.1;1.8.5;1.3.98,1.2.1|4.1.2|1.-.-;1.2.1|2.2.1|3.1.1|1.-.-;4.1.2;2.2.1;4.1.2;2.2.1;4.1.2
4,1.3.1;1.3.99;1.3.8|1.5.1;2.3.1|1.3.8;1.3.3|5.3.3;1.3.5|1.3.3;1.1.-|1.14.11;1.14.99|2.3.1;1.14.12|1.1.1;1.3.7|1.3.5;1.17.3|5.2.1;5.3.2;5.3.1;1.3.7;1.4.3;1.5.99;1.14.21;5.1.3;1.5.3;1.10.3;1.6.5;1.3.-;2.5.1;1.1.3;1.6.99|1.5.-;1.5.-|1.6.99;4.1.1;1.4.1;1.11.1;1.1.-;5.3.99;1.17.99;1.12.98;1.10.9|1.6.1|1.3.2|1.6.3;1.6.1|1.10.9|1.6.3|1.3.2;1.3.2|1.6.1|1.6.3|1.10.9;1.6.3|1.10.9|1.6.1|1.3.2;1.14.99;1.14.13;1.14.14;5.1.1;3.1.3;1.14.12;1.14.-;5.5.1;1.7.1;1.8.5;1.3.98,1.3.1|2.7.8|1.-.-|2.5.1;2.7.8|1.-.-;2.7.8;2.7.8;2.7.8;2.7.7;2.7.7;2.7.7;2.7.7
40,1.1.1;2.6.1;1.4.3;1.1.3;1.1.99;1.14.13;1.5.3;1.14.14;1.14.11;4.2.1;1.1.-;1.1.2;5.3.3;1.14.15;1.4.1;1.1.5;1.5.1;1.23.1;1.13.12;1.14.-;1.13.11;1.5.99;1.8.3;1.4.9;1.3.1;1.1.98;1.4.2;1.-.-;1.11.1;1.4.99;2.-.-;1.10.1;1.14.19;1.13.-;2.3.1;1.14.99;1.7.3;1.1.9;1.2.4;4.3.1;1.6.5;1.6.99;5.4.99;1.3.-;1.17.5,1.14.13;5.3.3;1.-.-;1.-.-;1.14.14;1.14.14;1.14.13;4.1.3;4.2.1;4.2.1;1.3.7;1.14.13;4.2.1;4.2.1;1.3.5;4.2.1
400,6.3.2|2.4.1;3.5.1|3.2.1;2.3.1|2.3.2|2.4.2;2.3.2|2.3.1|3.2.2;3.4.13|6.1.1;6.3.1|2.5.1;6.3.4|3.4.11|3.1.1;3.4.11|3.4.17|3.1.4;3.4.19|4.2.2;3.4.17|6.3.4|2.4.99;2.1.3|3.4.15|4.2.1;3.1.1|2.7.8;6.2.1|3.4.22|6.3.4;3.4.15|3.4.24|5.1.3;3.5.3|2.1.3|4.3.3;2.3.-|3.5.3|6.5.1;3.4.24|2.3.-|3.5.1;3.4.22|6.2.1|3.6.1;4.3.2|3.1.3;2.7.7|1.14.14;6.1.1|1.14.11;3.1.2|3.2.-;1.2.1,6.3.2|3.5.4|4.1.99|2.4.1;6.3.2|3.5.4|4.1.99|2.4.1;6.3.2|3.5.4|2.4.1;6.3.2|3.5.4|2.4.1;6.3.2|3.5.4|2.4.99;6.3.2|3.5.4|2.4.1;6.3.5|3.5.4|2.7.7;6.3.5|3.5.4|2.7.7;6.3.1|3.5.4|1.1.1|3.6.1;1.1.1|2.4.1;1.1.1|6.3.5|2.4.1;6.3.5|3.5.4|2.4.2;3.5.4|2.4.1;3.5.4|2.4.1;6.3.4|2.7.7;6.3.5|2.7.8;3.5.4|2.4.1;3.5.4|2.7.7;3.5.4|2.4.1;1.17.3|2.7.7;2.7.7;2.4.2;2.4.1;2.7.7;2.4.2;2.7.7;2.7.7;2.7.7;2.4.2;2.7.8;2.7.8;2.7.7;2.4.1;2.4.1;2.7.7;2.7.7;2.7.7;3.6.1;4.2.3;2.4.1;2.4.1;2.4.1;3.6.1;3.6.1;3.6.1;2.4.2;2.4.2;1.2.1;2.4.1;3.6.1;3.6.1;2.7.7;3.6.1;3.6.1;2.4.1;3.6.1;2.4.1;2.4.99;3.6.1;2.4.2;2.7.7;2.7.7;2.7.7;2.7.7;2.4.1;2.7.7;2.7.7;2.4.2;2.5.1;2.9.1;3.6.1;2.7.8;2.7.8;2.7.8;2.7.8;2.4.2;3.6.1;4.2.3
401,1.1.1;1.1.2;1.1.99;1.1.5;1.1.3;1.1.-;2.3.1,1.1.1;1.1.1;1.1.1;1.1.1;1.1.1;5.3.1;1.1.1;1.1.99;1.1.1;1.1.1;1.1.1;1.1.1;4.2.1;1.1.1;1.1.1;4.2.1;4.2.1;1.1.1
402,4.2.3|3.1.4;4.1.99|6.5.1;3.1.7|4.6.1,4.2.3|2.5.1;4.2.3;4.2.3|2.5.1;4.2.3|2.5.1;2.5.1;2.5.1;4.2.3;2.5.1;2.5.1;2.5.1;1.3.1;2.5.1;2.5.1;4.2.3;4.2.3;4.2.3
403,2.8.2;3.1.6;1.8.4;1.8.99;3.6.2;3.6.1,2.8.2|4.2.2|5.1.3;2.8.2|4.2.3|5.3.99;2.8.2|5.3.1|1.1.1;2.8.2|1.1.1;2.8.2|5.1.3;2.8.2|1.1.1;5.3.3;5.3.1;4.2.1;5.3.99;5.3.1;5.3.1;5.3.1;5.3.1;5.3.1;1.1.1;1.14.13;5.3.1;5.3.1;1.3.2;1.1.3;5.3.1;5.3.1;1.14.13;1.1.3;4.2.3;5.3.1;5.3.99;4.1.1;5.4.99;1.14.-;1.21.-;1.14.14;1.14.14;1.14.13;1.13.99
404,,3.5.4;3.5.4;3.5.4;3.5.4;3.5.4;3.5.4;1.11.1;3.5.4;3.5.4;3.5.4;3.5.4;1.1.1;1.1.1;6.3.5;3.5.4;3.5.4|6.3.5;6.3.5|3.5.4;6.3.4|3.5.4;3.5.4;3.5.4;1.17.3
405,1.14.13;1.14.14;1.14.11;1.14.15;1.14.16;1.14.99;1.14.-;1.14.18;1.17.1;1.1.1;1.13.11;1.10.99;1.10.3;1.97.1;3.5.3;3.7.1;1.6.6;1.17.99;1.2.1;1.3.99;1.3.7;1.14.20;4.1.99;1.-.-;1.14.12;1.17.3;1.7.3;1.14.17;1.17.7,1.14.13|2.5.1;1.14.11|1.11.1;1.14.11|1.14.13;1.14.11;1.14.11;1.14.11;1.14.11;1.17.1;1.17.1;1.17.1;1.14.14;1.23.1;2.5.1;3.3.2
406,2.3.1|1.2.1|3.7.1;6.2.1|4.2.1|1.13.11;3.1.1|1.2.3|2.3.1;3.1.2|1.1.1|1.14.13;1.2.1|3.5.1|2.1.1;6.1.1|1.2.2|2.5.1;2.3.3|2.3.1|3.1.2;2.3.2|1.2.-;3.5.1|1.14.13;1.2.7|1.14.99;3.7.1|1.2.7;3.2.1|1.1.3;2.1.3|1.5.1|1.2.4;1.2.4|1.2.99|1.8.1;1.8.1|1.14.11|2.1.3;1.1.1;4.1.3;2.3.-;2.5.1|2.8.3;2.8.3|2.5.1;4.4.1;2.1.1;1.-.-;1.2.3;2.6.1;6.1.2;3.5.3;6.3.1;6.3.4;2.1.2;2.2.1;6.3.2;3.4.11,2.3.1|1.2.1|3.5.1|3.5.4;1.2.4|1.3.1|6.2.1|3.4.11|2.3.1;2.3.1|1.13.12|6.2.1|3.4.11|1.2.1;2.3.1|1.2.1|1.2.5|4.1.1;2.3.1|4.1.1|1.2.4|3.5.1|1.13.12;2.3.1|1.2.1|3.5.1|4.1.1;1.2.7|1.2.1|3.1.2|6.3.2|1.14.13;2.3.1|4.1.1|1.2.1|6.2.1|1.14.13;2.3.1|1.14.13|6.2.1|6.3.2|1.2.1;1.2.4|4.1.1|2.3.1|3.7.1;4.1.1|1.2.7|6.3.2|1.14.13;1.14.13|2.3.1|3.5.1|4.1.1;4.1.1|2.3.1|3.1.2;1.14.13|3.1.2|3.5.1|4.1.1;4.1.1|1.2.7|3.5.1|1.14.13;1.1.1|1.2.1|3.5.1|4.1.1;1.14.13|1.1.1|3.5.1|4.1.1;1.14.13|2.3.1|6.3.2|4.1.1;4.1.1|2.3.1|3.7.1;4.1.1|2.3.1|6.3.2|1.14.13;4.1.1|1.2.7|3.7.1;1.14.13|1.2.1|6.3.5|4.1.1;4.1.1|2.3.1|3.5.1|1.14.13;1.14.13|6.2.1|2.3.1|4.1.1;4.1.1|1.1.1|1.14.11|1.14.13;4.1.1|6.2.1|3.7.1|2.3.1;4.1.1|6.2.1|3.7.1|1.14.13;1.14.13|2.3.1|2.3.2|4.1.1;1.2.1|6.2.1|3.7.1|1.14.13;4.1.1|2.3.1|3.5.1;4.1.1|2.8.3;4.2.1|2.3.2;4.1.1|3.5.1;4.1.1|3.5.1;1.1.1|3.5.1;1.14.13|3.1.2;1.14.13|2.8.3;4.1.1|3.5.1;1.1.1|3.5.1;4.1.1|1.13.11;1.1.1|1.4.1;1.1.1|6.3.2;1.1.1|3.7.1;4.1.1|6.2.1;4.1.1|2.8.3;1.1.1|6.3.2;1.1.1|6.2.1;4.1.1|3.4.13;4.1.1|6.3.1;4.1.1|3.5.1;1.11.1|2.8.3;4.1.1|3.7.1;1.1.1|2.3.2;1.1.1|3.4.13;3.5.1;3.4.13;6.3.1;3.1.2;2.3.2;3.7.1;6.3.2;3.4.19;6.2.1;2.8.3;3.7.1;3.5.1;3.5.1;3.4.15;2.8.3;3.5.1;2.8.3;6.3.2;6.3.1;6.3.2;6.3.2;6.2.1;6.3.1;6.3.2;6.2.1;3.5.1;3.1.2;4.1.1;6.3.2;6.3.4;3.7.1;3.1.2;6.3.2;6.3.2;3.5.1;6.3.2;6.3.2;6.2.1;6.2.1;6.2.1;6.2.1;3.5.1
407,1.1.1|1.3.1;1.1.99|1.3.99;1.1.3|1.5.1;2.3.1|1.3.8;1.14.13|5.3.3;1.1.5|1.3.3;1.1.-|1.14.11;1.1.2|2.3.1;5.3.3|1.1.1;1.14.11|1.3.5;1.14.-|5.2.1;1.1.98|5.3.2;1.4.3|5.3.1;1.-.-|1.3.7;1.6.5|1.4.3;1.6.99|1.5.99;1.2.1|1.14.21;5.1.3;1.14.15|1.5.3;4.2.1|1.10.3;1.1.9|1.6.5;1.3.1|1.3.-;1.14.12|2.5.1;1.6.1|1.1.3;1.6.3|1.5.-;6.4.1|1.6.99;5.4.99|4.1.1;1.11.1|1.4.1;4.1.1|1.11.1;1.1.-;5.3.99;1.17.99;1.12.98;1.6.1;1.3.2;1.10.9;1.6.3;1.14.99;1.14.13;1.14.14;5.1.1;3.1.3;1.14.12;1.14.-;5.5.1;1.7.1;1.8.5;1.3.98,1.1.1|2.7.8|1.-.-;2.7.7|1.-.-;2.7.7;2.7.8;2.7.8;2.7.8;2.7.8;2.7.7|2.7.8;2.7.7;2.7.7;2.7.7|2.7.8;2.7.7|2.7.8;2.7.7|2.7.8;2.7.8;2.7.7|2.7.8;2.7.7;2.7.8|2.7.7;2.7.8;2.7.8|2.7.7;2.7.8|2.7.7;2.7.8|2.7.7;2.7.7;2.7.7|2.7.8;2.7.8|4.6.1;2.7.8|2.7.7;2.7.7;4.6.1|2.7.7;2.7.7;2.7.7;2.7.7;2.7.7;2.7.7;2.7.7;2.7.7;2.7.7;2.7.7;2.7.7;2.7.7;2.7.7;2.7.7
408,1.3.1|1.2.1;1.3.99|4.2.1;1.5.1|1.2.3;1.3.8|1.1.1;5.3.3|3.5.1;1.3.3|1.2.2;1.14.11|2.3.1;2.3.1|1.2.-;1.1.1|1.14.13;1.3.5|1.14.99;5.2.1|1.2.7;5.3.2|1.1.3;5.3.1|1.5.1;1.3.7|1.2.99;1.4.3|1.14.11;1.5.99;1.14.21;5.1.3;1.5.3;1.10.3;1.6.5;1.3.-;2.5.1;1.1.3;1.6.99;1.5.-;4.1.1;1.4.1;1.11.1;1.1.-;5.3.99;1.17.99;1.12.98;1.10.9;1.3.2;1.6.3;1.6.1;1.14.99;1.14.13;1.14.14;5.1.1;3.1.3;1.14.12;1.14.-;5.5.1;1.7.1;1.8.5;1.3.98,1.14.12|2.5.1|1.-.-|1.13.12;1.14.14|1.11.1|1.-.-|4.2.3|4.1.1;1.14.14|4.2.3|4.1.1;1.14.-|4.2.3|4.1.1;1.14.14|4.2.3|1.11.1;1.13.11|4.2.3|1.14.13;1.14.16|4.2.3|1.14.13;1.13.11|4.2.3|1.14.13;1.14.14|4.2.3|1.14.13;1.14.12|4.2.3;1.14.13|4.2.3;1.14.13|4.2.3;1.14.16|4.2.3;1.14.13|4.2.3;1.14.13|4.2.3;1.14.13|4.2.3;2.5.1|4.2.3;1.14.14|4.2.3;1.14.13|4.2.3;1.14.12|4.1.99;1.14.12|4.2.3;1.14.13|4.2.3;1.14.13|4.2.3;1.14.13|4.2.3;1.14.13|4.2.3;1.5.1|4.2.3;1.14.13|4.2.3;1.14.12|4.2.3;1.14.12|4.2.3;1.5.1|4.2.3;1.14.12|4.2.3;1.14.12|4.2.3;1.14.14|4.2.3;1.14.14|1.3.1;1.14.14|2.5.1;1.14.14|4.2.3;4.3.99|2.5.1;1.14.12|2.5.1;1.14.12|4.2.3;1.14.13|4.2.3;1.14.12|4.2.3;1.14.12|4.2.3;1.14.13|4.2.3;1.14.13|4.2.3;1.3.1|4.2.3;1.3.1|4.2.3;1.3.1|4.2.3;1.14.14|4.2.3;1.14.14|4.2.3;1.14.14|4.2.3;1.3.1|4.2.3;1.14.11|1.14.-;4.2.1|4.2.3;4.2.1|4.2.3;1.14.11|4.2.3;1.14.11|4.2.3;4.2.1|4.2.3;1.14.11|3.1.7;1.14.11|4.2.3;1.14.11|1.14.14;1.14.11|1.14.14;1.13.11;1.3.1;1.14.12;1.14.12;1.14.14;1.14.13;1.14.14;1.14.14;1.14.13;1.14.12;1.14.13;1.14.13;1.14.13;1.14.13;1.14.13;1.14.13
409,1.14.13|1.3.1;1.14.14|1.3.99;1.14.11|1.5.1;1.14.15|1.3.8;1.14.16|5.3.3;1.14.-|1.3.3;1.14.99|1.14.11;1.14.18|2.3.1;1.17.1|1.1.1;1.1.1|1.3.5;1.10.99|5.2.1;1.13.11|5.3.2;1.10.3|5.3.1;1.97.1|1.3.7;3.5.3|1.4.3;1.17.99|1.5.99;1.3.99|1.14.21;1.2.1|5.1.3;1.3.7|1.5.3;1.14.20|1.10.3;4.1.99|1.6.5;3.7.1|1.3.-;1.6.6|2.5.1;1.-.-|1.1.3;1.17.7|1.6.99;1.14.12|1.5.-;1.17.3|4.1.1;1.7.3|1.4.1;1.14.17|1.11.1;1.1.-;5.3.99;1.17.99;1.12.98;1.6.1;1.10.9;1.6.3;1.3.2;1.14.99;1.14.13;1.14.14;5.1.1;3.1.3;1.14.12;1.14.-;5.5.1;1.7.1;1.8.5;1.3.98,1.14.16|4.1.99|4.2.3|1.-.-;1.14.13|1.14.14|1.11.1|1.-.-;1.14.16|1.14.14|4.1.99;1.14.13|1.14.14|4.2.3;1.14.14|4.2.3;1.14.13|4.2.3;1.14.13|4.2.3;1.14.13|4.2.3;1.14.13|4.2.3;1.14.14|4.2.3;1.14.13|4.2.3;1.14.13|4.2.3;1.14.13|4.2.3;1.14.13|4.2.3;1.14.-|1.14.12|4.2.3;1.14.12;1.14.12|4.2.3;1.14.13|4.2.3;1.14.13|1.14.12;1.14.13|1.14.12|4.2.3;1.14.13|1.14.12;1.14.13|1.14.12;1.14.13|4.2.3|1.14.12;1.14.13|4.2.3;1.14.13|1.14.12|4.2.3;1.14.13|1.14.12|4.1.99;1.14.12;1.14.12|4.2.3;1.14.13|4.1.99|1.14.12;1.14.13|4.2.3|1.14.12;1.14.13|1.14.12|4.2.3;1.14.13|4.2.3;1.14.13|4.2.3;1.14.13|4.2.3;1.14.13|4.2.3;1.14.13|4.2.3;1.14.13|4.2.3|1.14.12;1.14.13|4.2.3;1.14.13|1.14.12|4.2.3;1.14.13|4.2.3|4.2.1;1.14.13|4.2.3|1.14.12;1.14.13|4.2.1|4.2.3;1.14.13|4.2.3|1.14.12;1.14.14|1.14.12;1.10.3|1.14.12;1.14.13|1.14.12;1.14.13|1.14.12;1.14.13|1.14.12;1.14.13|1.14.12;1.14.13|1.14.12;1.14.13|1.14.12|4.2.1;1.14.13|4.2.1;1.14.14|4.2.1;1.14.13|1.14.12|4.2.1;1.14.14|4.2.1|1.14.12;1.14.13|4.2.1|4.1.3;1.14.14|4.1.3|4.2.3;1.14.13|1.14.12|4.2.3;1.14.13|1.14.12;1.14.13|1.14.12|4.2.2;1.14.13|1.14.12|4.2.3;1.3.7|4.2.3|1.14.12;1.14.13|4.2.3|1.14.12;1.14.13|1.14.12;1.14.16|4.2.3|1.14.12;1.14.13|4.2.3;1.14.14|4.2.3;1.14.14|4.2.1;1.14.14|4.2.1;1.14.13|4.2.3|1.-.-;3.8.1|4.2.1|1.14.13;3.8.1|4.2.1|1.14.-;1.14.14|4.3.3;1.14.13|4.2.1;1.13.11|1.14.-|1.14.12;4.3.3|1.13.11;1.14.12|4.2.3;1.13.11|4.2.3;4.2.1|1.-.-;4.2.3;4.2.3;1.-.-|1.14.13;4.2.3;4.2.3;1.14.13|1.14.18;1.14.14|4.2.3;4.2.3|1.3.1;1.14.12|1.14.13;1.14.13|1.14.-;1.14.-|1.14.12;1.14.14|1.3.1;1.3.1;1.3.1|1.14.-;1.14.-|1.10.9;1.14.14|5.3.3;5.3.3;4.2.2;1.14.13;4.1.1;4.1.1
41,3.1.4;6.5.1;4.6.1,4.2.3|2.5.1;4.2.3;4.2.3|2.5.1;4.2.3|2.5.1;4.2.3|2.5.1;4.2.3|2.5.1;4.2.3|2.5.1;4.2.3;4.1.99|2.5.1;4.2.3;4.2.3;4.2.3;4.2.3|2.5.1;4.2.3|2.5.1;4.2.3|1.3.1;4.2.3|2.5.1;4.2.3|2.5.1;4.2.3;4.2.3;4.2.3;4.2.3;4.2.3;4.2.3;4.2.3;4.2.3;4.2.3;4.2.3;4.2.3;4.2.3;4.2.3;4.2.3;4.2.3;4.2.3;4.2.3;4.2.3;4.2.3;4.2.3;4.2.1
410,2.4.1;3.2.1;2.4.2;3.1.4;6.1.1;4.2.2;5.1.3;6.5.1;3.1.1;2.4.99;4.2.1;3.1.3;3.6.1;2.7.8;4.3.3,2.7.8;2.9.1;2.5.1;4.2.3;2.4.2;2.4.99;2.4.1;2.4.1;2.4.1;2.4.2;2.4.2;2.4.2;2.4.1;2.4.1;2.4.1;2.4.1;2.4.1;2.4.1;2.4.1;2.4.1;2.4.2;2.4.1;2.4.1;3.6.1;2.4.2;2.4.2;2.4.1;2.4.1;2.4.1;2.4.1;2.4.1;2.4.1;2.4.1;2.4.1;2.4.99;2.4.2;2.4.2
411,3.5.1;6.3.5;6.3.1;1.4.1;4.3.3;6.3.4;2.6.1;1.4.7;2.4.2;4.1.3;3.5.5;2.3.1;2.1.2;6.3.2;3.5.4,1.4.1;3.5.1;2.3.2;6.2.1;6.3.1;6.2.1;3.5.1;6.3.2;2.3.2;2.3.2;3.5.1;2.3.2;3.5.1;6.3.2
412,6.3.2|3.5.1;3.5.1|2.3.1;2.3.2|6.3.2;2.3.1|2.3.2;3.4.13|6.3.1;6.3.1|6.3.4;3.4.11|3.4.13;3.4.17|2.1.3;3.4.19|3.4.11;6.3.4|6.2.1;3.4.15|3.1.1;3.1.1|3.4.19;3.4.22|2.1.2;3.4.24|6.3.5;2.1.3|3.1.2;3.5.3|3.4.17;2.3.-|3.5.4;6.2.1|1.2.1;3.5.3;4.3.2;2.7.7;2.3.3;1.2.99;6.1.1;2.3.-;3.4.15;1.2.7;1.4.1;4.3.3;1.4.7;3.5.5;3.7.1,6.3.2|4.1.99|4.4.1|4.2.3;6.3.2|2.3.1|4.1.2|4.2.3;4.2.3|4.1.2;4.2.3|4.1.2;4.2.3;4.2.3;4.2.3;4.2.3;4.2.3;4.2.3;4.2.3|4.1.2;4.2.3;4.2.3;4.2.3;4.3.3|4.2.3;4.2.3;4.2.3;4.2.3;4.3.3;4.2.3
413,2.5.1|3.1.1|4.4.1|2.6.1;1.5.3|2.5.1|1.4.1;1.4.3|1.1.1|4.2.1;4.4.1|2.3.1|1.8.3|1.5.1;2.4.1|3.7.1|3.3.1|3.8.1;4.2.1|6.1.1|2.1.2|4.1.3;1.5.1|6.1.2|1.1.1|4.1.1;1.5.99|1.8.1|4.3.1;2.3.1|4.5.1|1.4.7;4.1.99|2.3.1|1.4.99;4.1.3|4.1.99|1.14.14;1.14.15|3.7.1;3.1.1|1.5.3;3.5.99|3.11.1;3.2.1|1.4.2;3.3.1|1.13.12;2.1.2|1.14.11;3.5.1|2.6.3;2.4.2|1.4.5;3.3.2|1.17.4;1.14.14;1.14.11;4.3.3;1.21.4;3.5.-;4.5.1;1.3.1;3.5.3;4.3.1;1.1.1,4.2.1|2.5.1|4.1.2;2.5.1|3.1.1|2.1.1|4.1.2;2.5.1|4.1.3;2.5.1|4.1.3;2.5.1|4.1.3;2.5.1|4.1.3
414,,1.1.1;1.1.1;1.1.3;3.1.1;1.1.1;1.1.1;3.1.1;1.1.99;2.2.1;3.1.1;3.1.1;5.3.1;5.3.1;1.1.1;1.1.1;1.1.1;1.1.1;3.1.1;2.7.1;1.1.1;1.1.1;1.1.1;1.1.1;2.7.1;1.2.1;1.1.1;1.1.1;1.1.1;2.7.1;5.3.1;5.3.1;5.3.1;3.5.-;2.2.1;2.2.1
415,4.2.3|3.1.4;4.1.99|6.5.1;3.1.7|4.6.1,4.2.3|2.5.1;4.2.3;4.2.3|2.5.1;4.2.3|2.5.1;4.2.3|2.5.1;4.2.3|2.5.1;4.2.3|2.5.1;4.2.3;4.2.3|2.5.1;4.2.3;4.2.3;4.2.3;4.2.3|2.5.1;4.2.3|2.5.1;4.2.3|1.3.1;4.2.3|2.5.1;4.2.3|2.5.1;4.2.3;4.2.3;4.1.99;4.2.3;4.2.3;4.2.3;4.2.3;4.2.3;4.2.3;4.2.3;3.1.7;5.5.1;5.5.1;5.5.1;5.5.1;5.4.99;5.4.99;5.4.99;5.4.99;5.4.99;5.4.99;4.2.1;5.4.99;4.2.1
416,3.5.2|1.3.1;4.2.1|1.3.99;6.3.3|1.5.1;1.3.8;5.3.3;1.3.3;1.14.11;2.3.1;1.1.1;1.3.5;5.2.1;5.3.2;5.3.1;1.3.7;1.4.3;1.5.99;1.14.21;5.1.3;1.5.3;1.10.3;1.6.5;1.3.-;2.5.1;1.1.3;1.6.99;1.5.-;4.1.1;1.4.1;1.11.1;1.1.-;5.3.99;1.17.99;1.12.98;1.6.1;1.3.2;1.10.9;1.6.3;1.14.99;1.14.13;1.14.14;5.1.1;3.1.3;1.14.12;1.14.-;5.5.1;1.7.1;1.8.5;1.3.98,1.14.99|4.2.3|1.17.3|1.-.-|2.5.1|2.4.2;4.2.3|1.1.1|1.-.-|1.11.1|3.5.4|4.2.1;3.5.4|1.17.1;3.5.4|1.17.3|1.17.1;6.3.5|3.5.4;6.3.5|3.5.4;3.5.4|6.3.5;3.5.4|1.17.1;1.17.1|3.5.4;3.5.4|1.17.3;1.1.1;1.17.1|1.17.3;1.17.3|1.11.1;1.17.3|6.3.5;3.5.4|1.1.1;3.5.4;1.17.3;1.14.14|3.5.4;6.3.4|1.14.14;2.5.1|1.2.3;3.5.4;6.3.4;3.5.4;3.5.4;3.5.4;3.5.4;1.2.3;3.5.4;2.5.1;3.5.4;3.5.4;1.14.13;3.5.4;3.5.4;1.14.12;1.14.21;3.5.4;1.14.12
417,2.7.3|5.4.2;3.9.1,2.7.3|2.7.7|6.3.3;2.7.3|2.7.7;2.7.7;2.7.8;2.7.8;2.7.8;2.7.8;2.7.7;2.7.7;2.7.7;2.7.7;2.7.8;2.7.7;2.7.7;2.7.7;2.7.7;2.7.8;2.7.7;2.7.7;2.7.7;2.7.8;2.7.8;2.7.8;2.7.8;2.7.8;2.7.7;2.7.7;2.7.7;2.7.7;2.7.7;2.7.7;2.7.7;2.7.8;2.7.7;2.7.7;2.7.8;2.7.7;4.6.1;2.7.7;2.7.7;4.6.1;2.7.7;2.7.7;2.7.7;2.7.7;2.7.7;2.7.7;2.7.7;2.7.7;2.7.7;4.6.1;2.7.7;2.7.7;2.7.7;2.7.7;2.7.7;2.7.8;2.7.7;2.7.7;2.7.7;2.7.7;2.7.7;2.7.8;2.7.7;2.7.7;2.7.7;2.7.7;2.7.8
418,5.3.2;5.3.99;3.1.3,5.3.2;5.3.2;3.5.99
419,1.14.13;1.14.14;1.14.11;1.14.99;1.14.15;1.14.-;1.17.4;1.14.18;1.17.1;1.14.16;1.14.12;1.17.99;1.7.1;1.5.99;1.1.1;1.14.17;1.17.2;1.3.99;1.97.1;1.10.3;1.13.11;1.1.4;1.10.99;1.13.12;1.17.3;1.1.99;1.17.-;1.-.-;1.17.7;1.3.7;1.14.20;1.7.3;1.6.6;2.6.3;1.8.99;1.4.-;1.1.-;4.1.99;1.7.2;3.7.1,1.14.-;1.14.-;1.14.-;1.14.-;1.14.13;1.14.-;4.2.1;1.14.13;2.3.1;4.2.1;1.14.-;4.2.1;2.3.1;4.2.1;1.13.11;1.13.11;2.3.1;4.2.1;1.13.11;1.13.11;2.3.1;4.2.1;4.2.1;1.14.13;1.14.15
42,1.3.1|1.1.1|1.2.1|2.3.1;1.3.99|1.1.99|4.2.1|6.2.1;1.5.1|1.1.3|1.2.3|3.1.1;1.3.8|2.3.1|1.1.1|3.1.2;5.3.3|1.14.13|3.5.1|1.2.1;1.3.3|1.1.5|1.2.2|6.1.1;1.14.11|1.1.-|2.3.1|2.3.3;2.3.1|1.1.2|1.2.-|2.3.2;1.1.1|5.3.3|1.14.13|3.5.1;1.3.5|1.14.11|1.14.99|1.2.7;5.2.1|1.14.-|1.2.7|3.7.1;5.3.2|1.1.98|1.1.3|3.2.1;5.3.1|1.4.3|1.5.1|1.2.4;1.3.7|1.-.-|1.2.99|1.8.1;1.4.3|1.6.5|1.14.11|2.1.3;1.5.99|1.6.99|1.1.1;1.14.21|1.2.1|4.1.3;5.1.3|2.3.-;1.5.3|4.2.1|2.8.3;1.10.3|1.14.15|2.5.1;1.6.5|1.1.9|4.4.1;1.3.-|1.3.1|2.1.1;2.5.1|1.6.1|1.6.3|1.-.-;1.1.3|1.6.3|1.6.1|1.2.3;1.5.-|1.6.99|1.14.12|2.6.1;1.6.99|1.5.-|6.4.1|6.1.2;4.1.1|5.4.99|3.5.3;1.4.1|1.11.1|6.3.1;1.11.1|4.1.1|6.3.4;1.1.-|2.1.2;5.3.99|2.2.1;1.17.99|6.3.2;1.12.98|3.4.11;1.10.9|1.3.2|1.6.3|1.6.1;1.6.1|1.6.3|1.3.2|1.10.9;1.3.2|1.6.1|1.10.9|1.6.3;1.6.3|1.10.9|1.6.1|1.3.2;1.14.99;1.14.13;1.14.14;5.1.1;3.1.3;1.14.12;1.14.-;5.5.1;1.7.1;1.8.5;1.3.98,5.5.1|1.-.-|2.7.1|5.4.99|2.3.1|2.5.1|1.2.1;5.1.3|1.-.-|5.5.1|1.3.1|3.1.4|2.3.1|1.2.1|2.2.1|2.4.1;1.21.-|2.5.1|4.1.1|3.1.4|1.1.1|1.2.1|2.3.1|2.2.1;1.14.13|5.3.1|2.6.1|4.1.1|4.1.2|1.2.1|1.2.7|3.1.4;1.14.13|2.6.1|5.3.1|3.1.4|1.2.1|1.2.7|2.3.1|1.1.1|4.2.3|3.1.2|4.1.2;1.14.13|4.2.3|1.2.1|3.1.2|2.3.1|1.1.1|1.2.7|2.4.1;1.14.13|5.3.1|2.5.1|3.1.2|1.2.1|1.1.1|2.3.1|3.1.4;5.3.1|2.5.1|2.3.1|1.2.1|6.2.1|2.4.1;5.3.1|2.5.1|6.2.1|1.2.1|3.1.2|2.3.1|4.2.3;5.3.1|2.5.1|6.2.1|3.1.2|1.2.1|1.2.4|2.3.1;5.3.1|2.5.1|2.3.1|6.2.1|3.1.2|1.2.1;5.3.1|2.5.1|1.2.7|2.3.1|1.2.1|3.1.2;5.1.3|2.5.1|2.3.1|1.1.1|6.2.1;1.1.1|5.-.-|1.2.7|2.3.1|6.2.1|3.1.2|2.5.1;1.1.1|3.3.2|3.1.2|2.3.1|6.2.1|1.2.7;2.1.1|3.3.2|1.2.7|6.2.1|2.3.1|1.2.1;4.2.3|1.2.1|6.2.1|1.2.7;5.3.1|1.2.1|1.2.4|6.2.1;2.3.1|1.2.7;1.2.4|2.3.1|1.2.7;1.2.1|2.3.1|1.1.1;6.2.1|2.3.1;6.2.1|1.2.7;2.3.1|6.2.1;2.3.1|1.2.7|3.1.2;2.3.1|3.1.2|1.2.7;6.2.1;2.3.1
420,1.1.1|1.3.1;1.1.99|1.3.99;1.1.3|1.5.1;2.3.1|1.3.8;1.14.13|5.3.3;1.1.5|1.3.3;1.1.-|1.14.11;1.1.2|2.3.1;5.3.3|1.1.1;1.14.11|1.3.5;1.14.-|5.2.1;1.1.98|5.3.2;1.4.3|5.3.1;1.-.-|1.3.7;1.6.5|1.4.3;1.6.99|1.5.99;1.2.1|1.14.21;5.1.3;4.2.1|1.5.3;1.14.15|1.10.3;1.1.9|1.6.5;1.3.1|1.3.-;1.6.3|2.5.1;1.6.1|1.1.3;1.14.12|1.6.99;6.4.1|1.5.-;5.4.99|4.1.1;1.11.1|1.4.1;4.1.1|1.11.1;1.1.-;5.3.99;1.17.99;1.12.98;1.3.2;1.6.3;1.6.1;1.10.9;1.14.99;1.14.13;1.14.14;5.1.1;3.1.3;1.14.12;1.14.-;5.5.1;1.7.1;1.8.5;1.3.98,1.1.1|1.14.-|1.-.-;1.1.1|1.14.14|4.2.3|1.-.-;1.1.1|1.14.14|4.2.3;1.1.1|4.2.3;1.1.1|4.2.3;1.1.1|1.14.14|4.2.3;1.1.1|4.2.3;1.1.1|4.2.3;1.1.1|4.2.3;1.1.1|4.2.3;1.1.1|4.2.3;1.1.1|4.2.3;1.1.1|4.2.3;1.1.1|4.2.3;1.1.1|4.2.3;1.1.1|4.2.3;1.1.1|1.14.13|4.2.3;1.1.1|4.2.3;1.1.1|4.2.3;1.1.1|4.2.3;1.14.-|4.2.3|4.1.99;1.14.-|4.2.3;1.1.3|4.1.99|4.2.3;1.1.1|4.2.3;1.14.13|4.2.3;1.14.13|4.2.3;1.3.99|4.2.3;1.1.1|4.2.3;1.1.1|4.2.3|4.1.99;1.14.-|4.2.3;1.14.99|4.2.3;1.1.1|4.2.3;1.1.1|4.2.3;1.14.99|4.2.3;1.1.1|4.2.3;1.1.1|4.2.3;1.1.1|1.3.1|4.2.3;1.1.1|2.5.1|4.2.3;1.1.1|4.2.3;1.1.1|2.5.1|4.2.3;1.1.1|2.5.1|4.2.3;1.1.1|4.2.3;1.1.1|4.2.3;1.1.1|4.2.3;1.1.1|4.2.3;1.1.1|4.2.3;5.3.3|4.2.3;1.1.1|4.2.3|1.3.1;1.1.1|4.2.3;1.1.1|4.2.3|2.5.1;1.1.1|4.2.3|1.10.99;1.1.1|4.2.3;1.1.1|4.2.3;1.1.1|4.2.3;1.14.13|4.2.3|4.2.2;1.1.1|4.2.3;1.1.1|4.2.3|2.5.1;1.1.1|4.3.3|2.5.1;1.14.11|3.1.7|4.2.3;4.2.3;1.14.14|4.2.3;1.14.14|1.1.1;4.2.3|1.14.13;1.14.14|1.14.13;1.14.14|4.2.3;4.2.3;4.1.1;4.1.1;4.2.1;4.2.1;5.3.3;1.14.13;1.14.14;4.2.1;4.2.1;4.2.1;1.14.14;1.14.14;4.2.1;1.3.1;4.2.1;1.3.1;4.1.3;1.14.-;1.14.-;2.1.1
421,1.11.1;1.1.1;1.1.99;1.1.3;1.1.2;1.2.99;1.14.21;1.10.3;1.14.99,1.1.1
422,2.6.1|4.2.3;1.4.1|4.1.1|3.1.7|1.4.3;1.4.3|3.1.7|4.1.99|1.4.1;4.3.1|4.1.99|1.4.9;1.4.99|4.3.3;1.4.7;1.4.9|1.4.2;1.4.2|4.3.1;1.13.12;1.4.5|4.1.1;4.1.1|1.14.11;1.14.11|2.-.-;2.-.-|2.4.2;1.4.5,1.4.1|4.2.1;1.4.99|1.11.1|2.6.1;1.4.1|1.11.1|2.6.1;1.4.3|1.1.1|2.6.1;2.6.1|1.1.1|1.5.1;1.4.1|4.4.1;1.4.3;1.4.3;1.4.1;1.5.1;1.4.1;4.4.1;4.4.1;2.6.1;2.6.1;1.4.3;1.4.3;2.6.1;1.4.1;1.4.99;1.4.1;2.6.1;1.4.1;4.4.1;4.4.1;4.4.1;1.4.3;4.3.1
423,1.14.13;1.14.14;1.14.11;1.14.15;1.14.16;1.14.99;1.14.-;1.14.18;1.17.1;1.1.1;1.13.11;1.10.99;1.10.3;1.97.1;3.5.3;3.7.1;1.6.6;1.17.99;1.2.1;1.3.99;1.3.7;1.14.20;4.1.99;1.-.-;1.14.12;1.17.3;1.7.3;1.14.17;1.17.7,1.14.13|4.3.3;4.2.3;4.2.3;4.2.3;4.2.3;4.2.3;4.2.3;4.2.3;4.2.3;4.2.3;4.2.3;4.2.3;4.2.3;4.2.3;4.2.3;4.2.3;4.2.3;4.2.3;4.1.99;4.2.3;4.2.3;4.2.3;4.2.3;4.2.3;4.2.3;2.5.1|4.2.3;4.2.3;4.2.3;4.2.3;4.2.3;4.2.3;4.2.3;4.2.3|1.3.1;1.3.1|2.5.1;2.5.1|4.2.3;4.2.1|2.5.1;4.2.3|2.5.1;2.5.1|4.2.3;2.5.1|4.2.3;4.2.3;2.5.1|4.2.3;4.2.3;4.2.3;4.2.3;4.2.3;4.2.3;4.2.3;4.2.3;4.2.3;4.2.3;4.2.3;4.2.3|3.1.7;4.2.3;4.2.3;4.2.3;4.2.3;4.2.3
424,,3.5.4;3.5.4;3.5.4;3.5.4;6.3.5;3.5.4;3.5.4;6.3.5;3.5.4;3.5.4;3.5.4;6.3.4;3.5.4;3.5.4;3.5.4;1.1.1;3.5.4;3.5.4;3.5.4;3.5.99;3.5.4;3.5.4;1.2.3
425,,
426,2.6.1;1.4.3;1.4.1;1.4.9;1.4.99;1.4.7;1.4.2;4.3.1;1.13.12;4.1.1;1.14.11;2.-.-;2.4.2;1.4.5,1.4.1|4.3.3|2.6.1;2.6.1|1.13.11|4.2.1;1.4.99|4.2.1|2.6.99|1.4.1;1.4.1|2.6.99|1.13.11|2.6.1;1.4.3|1.13.11|1.5.1;1.13.11|4.4.1;1.13.11|1.4.3;1.13.11|1.4.3;1.13.11|1.4.1;1.13.11|1.5.1;1.13.11|1.4.1;1.13.11|4.4.1;1.13.11|4.4.1;1.13.11|2.6.1;1.13.11|2.6.1;1.4.3;1.4.3;2.6.1;1.4.1;1.4.1;1.4.99;2.6.1;1.4.1;4.4.1;4.4.1;4.4.1;1.4.3;4.3.1
427,2.7.1|2.4.1;3.1.3|3.2.1;2.7.8|2.8.2;3.1.4|2.4.99;2.7.11|2.4.2;3.6.1|3.1.4;2.7.7|2.1.1;3.1.7|3.1.6;2.7.6|2.5.1;2.7.4|1.8.4;4.6.1|1.8.99;3.2.1|3.3.2;3.6.3|4.4.1;2.6.-|1.11.1;2.7.-|4.2.2;2.7.2|3.6.1;2.7.3|5.1.3;2.7.9|6.5.1;2.4.1|3.1.8;5.1.3|3.6.2;4.2.3|4.2.1;2.7.99|1.14.99;3.1.5|3.1.3;2.7.13|2.7.8;3.6.4|4.6.1;3.6.5|4.2.99;2.7.12|1.14.11;1.14.21;1.14.13,2.7.1|2.5.1;2.7.1|2.5.1;2.7.1|2.5.1;3.1.3|2.6.99;2.7.1|3.1.4;2.7.1|3.1.4;2.7.1|4.2.3;3.1.3|2.5.1;2.7.1|3.1.4;2.7.1|3.1.4;2.7.1|4.2.3;2.7.1|3.1.4;2.7.1|4.2.3;2.7.1|3.1.4;3.1.3|2.5.1;2.7.1|2.5.1;4.2.3|3.1.4;2.7.1|3.1.4;2.7.1;2.7.1;2.7.1;2.7.1;2.7.1;2.7.1;2.7.1;2.7.1;3.1.4;2.7.1;2.7.1;3.1.3;3.1.3;3.1.4;3.1.3;3.1.3;3.1.4;2.7.1;2.7.1;2.7.1;2.7.1;2.7.1;2.7.1;2.7.1;2.7.8;2.7.1;3.1.3;3.1.4;3.1.3;2.7.1;2.7.2;2.7.8;2.7.1;3.1.4;3.1.3;2.7.1;2.7.1;3.1.3;3.1.3;3.1.3;2.7.1;2.7.8;2.7.8;2.7.1;2.7.8;2.7.8;2.7.8;2.7.-;2.7.1;2.7.8;2.7.1;2.7.1;3.1.4;2.7.8;2.7.6;2.7.1
428,1.7.2;1.7.3;1.9.3,1.7.2
429,1.8.1|1.17.4;1.8.4|1.14.13;1.11.1|1.14.11;1.8.98;1.17.4;1.8.3;2.8.1;1.8.5;2.8.4|1.5.4;1.5.4|2.8.4,4.4.1|1.11.1|1.17.4|4.3.3;4.4.1|1.8.1|1.17.4;3.5.-|1.17.4|4.3.3;1.4.1|1.17.4|4.4.1;4.1.99|1.17.4|4.4.1;4.4.1|1.17.4;3.1.1|1.17.4|4.4.1;4.1.99|1.17.4;4.2.2|1.17.4;4.4.1|2.-.-;1.17.1
43,2.7.1;3.1.3;3.6.1;2.7.8;2.7.4;2.7.7;3.6.3;2.7.11;3.1.4;2.7.2;2.7.6|3.6.4;2.7.3|2.7.6;3.6.4|2.7.3;3.1.7;4.6.1;2.7.9;3.6.5;3.2.1|2.7.12;2.7.12|3.2.1;2.7.13;2.6.-|4.1.1;2.7.-|2.6.-;4.1.1|2.7.-;2.7.10|1.3.7;1.3.7|1.18.6;1.18.6|2.7.10;4.2.3;3.1.5|2.7.99;2.7.99|3.1.5;2.4.1;5.1.3;1.19.6;3.-.-,2.7.1|1.14.12|4.3.3;2.7.1|1.14.12|4.2.3;2.7.1|1.14.12|4.2.3;2.7.1|1.14.12|4.2.3;2.7.1|1.14.12|4.2.3;2.7.1|1.14.12|4.2.3;2.7.1|1.14.12|4.2.3;2.7.1|1.14.12|4.2.3;2.7.1|1.14.12|4.2.3;2.7.1|1.14.12|4.2.3;2.7.1|1.14.12|4.2.3;2.7.1|1.14.12|4.2.3;2.7.1|1.14.12|4.2.3;2.7.1|1.14.12|4.2.3;2.7.1|1.14.12|2.4.2;3.1.3|1.14.12|3.5.-;2.7.1|1.14.12;2.7.1|1.14.12;2.7.1|1.14.12;2.7.1|1.14.12;2.7.1|1.14.12;2.7.1|1.14.12;2.7.1|1.14.12;2.7.1|4.2.1;2.7.1|4.1.99;2.7.1|4.2.1;2.7.1|4.1.3;2.7.1|1.14.12;2.7.1|3.5.-;2.7.1|4.2.1;2.7.1|4.2.1;2.7.1|4.2.1;2.7.1|4.2.1;2.7.1|1.14.12;2.7.1|4.2.2;2.7.1|4.2.1;2.7.1|1.14.14;2.7.1|4.2.1;2.7.1|1.14.14;3.1.3|1.14.12;2.7.1|1.13.11;3.1.3|1.14.14;3.1.3|1.14.13;2.7.1|1.4.1;2.7.1|4.2.1;2.7.1|1.14.14;2.7.1|1.14.14;2.7.8;2.7.1;2.7.1;3.1.3;3.1.5;2.7.1;3.1.3;3.1.3
430,2.3.1|2.4.1;6.2.1|6.1.1;3.1.1;3.1.2|3.2.1;1.2.1|2.4.2;6.1.1|3.1.4;2.3.2|5.1.3;2.3.3|6.5.1;1.2.7;3.5.1;3.7.1;3.2.1;2.1.3;1.2.4;1.8.1;1.1.1;1.-.-;4.1.3;2.3.-;2.5.1;2.8.3;4.4.1;2.1.1;6.1.2;1.2.3;2.6.1;3.5.3;6.3.2;6.3.1;6.3.4,2.3.2|6.1.1;6.1.1;6.1.1;6.1.1;6.1.1;6.1.1;6.1.1;6.1.1;6.1.1;6.1.1;6.1.1;6.1.1;2.3.2|6.1.1;6.1.1;6.1.1;6.1.1;6.1.1;6.1.1;6.1.1;6.1.1;1.2.1|6.1.1;6.1.1;6.1.1;6.1.1;6.1.1;2.3.1|6.1.1;6.1.1|2.4.1;2.3.1|2.4.1;2.1.3|2.4.1;2.3.1|2.4.1;3.2.1|2.4.1;2.3.1;2.3.1;2.3.1;2.3.1;2.3.1;2.3.1;1.-.-;2.3.1;2.3.1;2.3.1;2.3.1;2.3.1;2.3.1;2.3.1;2.3.1
431,1.14.13|1.2.1|1.3.1;1.14.14|4.2.1|1.3.99;1.14.11|1.2.3|1.5.1;1.14.15|1.1.1|1.3.8;1.14.16|3.5.1|5.3.3;1.14.99|1.2.2|1.3.3;1.14.-|2.3.1|1.14.11;1.14.18|1.2.-|2.3.1;1.17.1|1.14.13|1.1.1;1.1.1|1.14.99|1.3.5;1.13.11|1.2.7|5.2.1;1.10.99|1.1.3|5.3.2;1.10.3|1.5.1|5.3.1;1.97.1|1.2.99|1.3.7;3.5.3|1.14.11|1.4.3;3.7.1|1.5.99;1.6.6|1.14.21;1.17.99|5.1.3;1.2.1|1.5.3;1.3.99|1.10.3;1.3.7|1.6.5;1.14.20|1.3.-;4.1.99|2.5.1;1.-.-|1.1.3;1.14.12|1.5.-;1.17.3|1.6.99;1.7.3|4.1.1;1.14.17|1.4.1;1.17.7|1.11.1;1.1.-;5.3.99;1.17.99;1.12.98;1.6.1;1.3.2;1.6.3;1.10.9;1.14.99;1.14.13;1.14.14;5.1.1;3.1.3;1.14.12;1.14.-;5.5.1;1.7.1;1.8.5;1.3.98,1.14.13|1.13.12|4.2.3|1.-.-;1.14.16|4.1.1|4.2.3|1.-.-;1.14.16|4.1.1|4.2.3;1.14.13|4.1.1|4.2.3;1.14.13|4.1.99|4.2.3;1.14.14|1.14.13|4.2.3;1.14.13|1.11.1|4.2.3;1.14.13|4.2.3;1.14.14|1.14.13|4.2.3;2.1.1|4.2.3;1.14.-|4.2.3;1.14.13|4.2.3;1.14.13|4.2.3|1.14.14;1.14.13|4.2.3|1.14.14;1.14.13|1.14.14;1.14.12|1.14.14|4.1.99;1.14.12|4.2.3;1.14.13|1.14.14|4.2.3;1.14.13|1.14.12;1.14.13|4.2.3|1.14.12;1.14.13|1.14.12;1.14.13|1.14.12|4.2.3;1.14.13|1.14.12|4.2.3;1.14.12|4.2.3;1.14.12;4.1.99|4.2.3;2.1.1|4.1.99|1.14.12;4.1.1|4.2.3;4.1.2|4.2.3;4.1.1|4.2.3;2.1.1|4.2.3;4.1.1|4.2.3;4.1.1|1.14.12|4.2.3;4.1.1|1.14.12;2.1.1|4.2.3|1.14.12;1.14.12;1.14.13|4.2.3;4.2.3;4.2.3;4.2.3|1.14.12;1.14.12|1.14.13;4.2.3;1.14.12;1.14.12|4.2.3;1.14.12|4.2.1;1.14.12;1.14.12;1.14.12;4.2.1|1.14.12;1.14.12;1.14.12;1.14.12;4.2.1|1.14.12;4.2.1;1.14.12|4.3.3;4.2.3|4.2.1;4.3.3|1.14.12;4.2.1|4.2.3;4.2.1|4.2.3;1.14.12|4.2.3;4.1.3|4.2.1;1.14.12|4.2.1;1.14.12|4.1.3;1.14.12;4.2.3|1.14.12;4.2.3;1.14.12;4.2.3|1.14.12;4.2.1|4.2.3;4.2.1|4.2.3;4.2.3|1.14.12;4.2.1|1.14.14;4.2.3|1.14.14;1.14.14;1.14.14;1.14.-|4.2.1;1.14.14|4.2.1;1.14.14|1.14.-;1.14.12|1.14.13;1.13.11|1.14.12;1.14.13|1.13.11;1.14.13|4.2.3;4.2.3;4.2.3|4.2.1;4.2.3;4.2.3;1.14.13|1.-.-;1.-.-|4.2.3;4.2.3|1.14.13;1.14.14;1.14.12;1.14.13;1.14.-;1.14.14;1.14.-;1.14.14;5.3.3
432,2.3.1;6.2.1;3.1.1;3.1.2;1.2.1;6.1.1;2.3.3;2.3.2;3.5.1;1.2.7;3.7.1;3.2.1;2.1.3;1.2.4;1.8.1;1.1.1;4.1.3;2.5.1;2.3.-;2.8.3;4.4.1;2.1.1;1.-.-;1.2.3;6.1.2;3.5.3;2.6.1;6.3.1;6.3.4;6.3.2;2.1.2;2.2.1;3.4.11,2.3.1;2.3.1;2.3.1;2.3.1;2.3.1;2.3.1|6.1.1;2.3.1|6.1.1;2.3.1;2.3.1;2.3.1;2.3.1;2.3.1;2.3.1;2.3.1;2.3.1;6.1.1;2.3.1;2.3.1;2.3.1;6.1.1;6.1.1;6.1.1;6.1.1;6.1.1;6.1.1;6.1.1;2.3.1;1.2.1;2.3.1;2.3.1;2.3.2;6.1.1;2.3.1;2.3.1;2.3.1;6.1.1;2.3.1;6.1.1;2.3.1;6.1.1;6.1.1;2.3.2;6.1.1;2.3.1;6.1.1;6.1.1;2.3.1;6.1.1;6.1.1;2.3.1;2.3.1;6.1.1;3.1.1;6.1.1;6.1.1
433,4.1.1|1.1.1;6.4.1|1.1.99;2.1.3|1.1.3;1.3.8|2.3.1;1.1.1|1.14.13;1.1.5;1.1.-;1.1.2;5.3.3;1.14.11;1.14.-;1.1.98;1.4.3;1.-.-;1.6.5;1.6.99;1.2.1;5.1.3;4.2.1;1.14.15;1.1.9;1.3.1;1.6.1;1.6.3;1.14.12;6.4.1;5.4.99;1.11.1;4.1.1,4.1.1;4.1.1;4.1.1;4.1.1|1.14.13;4.1.1|1.14.13;4.1.1;4.1.1;4.1.1|1.14.13;4.1.1|2.3.1;4.1.1|2.3.1;4.1.1|1.14.13;4.1.1;4.1.1;1.14.13;4.1.1;4.1.1;1.14.13;1.14.13;1.13.12;4.1.1;4.1.1;1.14.13;1.14.13;1.14.13;1.2.1
434,1.3.1|1.2.1;1.3.8|4.2.1|1.3.99;1.3.99|1.2.3|1.5.1;1.3.3|1.1.1|1.3.8;2.3.1|3.5.1|5.3.3;1.1.-|1.2.2|1.3.3;1.14.12|2.3.1|1.14.11;1.3.7|1.2.-|2.3.1;1.3.5|1.14.13|1.1.1;1.3.98|1.14.99|1.3.5;2.5.1|1.2.7|5.2.1;1.1.3|5.3.2;1.5.1|5.3.1;1.2.99|1.3.7;1.14.11|1.4.3;1.5.99;1.14.21;5.1.3;1.5.3;1.10.3;1.6.5;1.3.-;2.5.1;1.1.3;1.6.99;1.5.-;4.1.1;1.4.1;1.11.1;1.1.-;5.3.99;1.17.99;1.12.98;1.3.2;1.6.1;1.6.3;1.10.9;1.14.99;1.14.13;1.14.14;5.1.1;3.1.3;1.14.12;1.14.-;5.5.1;1.7.1;1.8.5;1.3.98,1.3.1|4.2.3|1.2.1|1.-.-;1.3.1|4.2.3|4.2.1|1.-.-;1.3.1|4.2.3|4.2.1;1.3.1|4.2.3|1.13.12;1.3.1|4.2.3|2.3.1;1.3.1|4.2.3|1.2.1;1.3.1|4.2.3|2.3.1;1.3.1|4.2.3|4.1.1;1.3.1|4.2.3|4.1.1;1.3.1|4.2.3|4.1.1;1.3.1|1.14.13|4.1.1|4.2.3;1.3.1|1.14.12|4.1.1|4.2.3;1.3.1|1.14.12|1.14.13|4.2.3;1.3.1|1.14.13|4.2.3;1.3.1|1.14.12|1.14.13|4.2.3;1.3.1|1.14.13|4.1.1|4.2.3;1.3.1|1.14.13|4.1.1|4.2.3;4.2.1|4.2.3|4.1.1;4.2.1|1.14.13|4.1.1|4.2.3;1.3.1|1.14.13|2.3.1|4.2.3;1.3.1|1.14.13|4.2.3;1.3.1|1.14.13|4.1.1|4.1.99;4.2.1|1.14.13|4.1.1|4.2.2;1.14.13|4.1.1|4.2.3;1.14.13|1.3.1|4.2.3;1.14.13|4.1.1|4.2.3;1.14.13|4.2.3;4.2.3|4.1.1;1.14.13|1.1.1|4.2.3;1.14.16|4.1.1|4.2.3;1.14.13|4.2.3;1.14.13|4.1.1|4.2.3;1.3.7|4.2.1|4.2.3;1.14.13;1.14.14|4.1.1;1.14.14|1.14.13;1.10.3|1.14.13;1.14.13|4.1.1;1.14.13|4.1.1;1.14.16|4.1.1;1.14.13|4.1.1;1.14.14|1.14.13;1.14.13|4.1.1;1.14.13|1.1.1;1.14.13|1.1.1;1.14.13|4.1.1;1.14.13|1.1.1;1.14.12|4.1.1;1.14.13|1.1.1;4.3.3|1.11.1;1.14.13|4.1.1;1.14.13|4.1.1;1.14.13|1.1.1;1.14.13|1.1.1;1.14.13|4.1.1;1.14.13;1.13.11|4.1.1;1.14.14|1.1.1;1.14.13;1.14.14|1.1.1;1.14.14|1.1.1;1.14.13|1.1.1;1.14.13;3.8.1|1.14.13;3.8.1|1.13.12;1.14.13|4.1.1;1.14.14;1.14.13;1.14.14;1.13.11;1.14.13;1.14.13;1.14.14;1.14.13;1.14.13;1.14.13;1.14.13;1.14.13;1.14.13;1.14.13;1.14.13;1.14.13;1.11.1;1.14.13;1.14.13;1.14.20;1.14.13;1.14.13;4.2.3;4.2.3;1.14.12;1.14.12;4.2.3;1.14.16;1.14.14;4.2.3;1.14.14;1.14.14;1.21.3;1.14.14;4.2.3;1.21.3;1.14.13;2.5.1;5.4.99;1.14.13;1.14.13;1.14.13;1.14.13
435,1.1.1|1.3.1;1.1.99|1.3.99;1.1.3|1.5.1;2.3.1|1.3.8;1.14.13|5.3.3;1.1.5|1.3.3;1.1.-|1.14.11;1.1.2|2.3.1;5.3.3|1.1.1;1.14.11|1.3.5;1.14.-|5.2.1;1.1.98|5.3.2;1.4.3|5.3.1;1.-.-|1.3.7;1.6.5|1.4.3;1.6.99|1.5.99;1.2.1|1.14.21;5.1.3;4.2.1|1.5.3;1.14.15|1.10.3;1.1.9|1.6.5;1.3.1|1.3.-;1.6.1|2.5.1;1.6.3|1.1.3;1.14.12|1.5.-;6.4.1|1.6.99;5.4.99|4.1.1;1.11.1|1.4.1;4.1.1|1.11.1;1.1.-;5.3.99;1.17.99;1.12.98;1.6.1;1.10.9;1.6.3;1.3.2;1.14.99;1.14.13;1.14.14;5.1.1;3.1.3;1.14.12;1.14.-;5.5.1;1.7.1;1.8.5;1.3.98,1.1.1|5.5.1|1.14.14|1.-.-;1.1.1|2.2.1|1.14.14|1.-.-;1.1.1|2.2.1|2.1.1;1.1.1|1.14.13;1.1.1|4.2.3;1.1.1;1.1.1;1.1.1;1.1.1;1.1.1;1.1.1;1.1.1;1.1.1;1.1.1;1.1.1;1.1.1;1.1.1
436,2.1.1|2.3.1;1.14.14|3.5.1;3.1.1;2.3.1|6.2.1;1.5.3|3.1.2;1.14.11|2.3.2;1.5.8|6.3.2;2.-.-|1.2.1;1.16.1|6.1.1;1.14.99|3.7.1;1.14.13|2.3.3;1.5.99|6.3.4|1.2.7;1.2.7|6.3.1|1.5.99;3.7.1|3.4.13;1.2.7;2.1.3;3.4.11;3.2.1;3.6.1;1.2.4;1.8.1;1.1.1;4.1.3;6.3.5;3.4.17;3.4.19;2.3.-;2.5.1;2.8.3;2.1.1;4.4.1;3.5.3;2.7.7;1.-.-;1.2.3;2.6.1;1.14.14;1.4.1;4.3.3;3.5.5;4.3.2;1.4.7;3.4.15;2.7.2;6.1.2,2.1.1|4.1.1|4.3.3|2.-.-;2.1.1|4.1.1|4.2.2;1.14.11|4.1.1|4.1.3;2.1.1|4.1.1;2.5.1|4.1.1;1.5.3|4.1.1;1.5.3|4.1.1;1.5.3|4.1.1;2.5.1|4.1.1;1.5.3|4.1.1;2.3.1|4.1.1;3.5.1|4.1.1;3.5.3|4.1.1;1.5.1|4.1.1;4.1.1;4.1.1;4.1.1;4.1.1;4.1.1;4.1.1;4.1.1;1.1.1;4.1.1;2.1.3;1.1.1;1.1.1;4.1.1;4.1.1;4.1.1;2.3.1
437,6.3.2;3.5.1;3.1.2|2.3.1;6.2.1|2.3.2;2.8.3|3.4.13;6.3.5|6.3.1;2.3.2|6.3.4;3.4.13|3.4.11;6.3.1|3.4.19;2.3.1|3.4.17;3.4.11|2.1.3;3.7.1|3.1.1;6.3.4|6.2.1;3.4.17|3.4.15;1.14.13|3.5.3;3.4.19|2.3.-;1.5.1|3.4.22|3.4.24;4.3.3|3.4.24|3.4.22;1.4.1|4.3.2;2.6.1|2.7.7;2.1.1|6.1.1;3.4.15|3.1.2;3.4.22|1.2.1|3.4.24;3.4.24|3.4.22;3.1.1;2.4.2;4.1.3;1.4.7;3.5.3;2.1.2;1.13.11;1.5.3;3.2.1;4.1.1;3.5.5;1.2.4;1.2.3;2.5.1;2.1.3;1.14.14;1.5.99;3.5.99;2.3.-,6.3.2|2.3.2|3.5.1;3.5.1|2.3.2|6.2.1;3.5.1|2.3.2|6.3.2;1.4.1|2.3.2|2.3.1;3.5.1|2.3.2|6.3.1|3.4.11;6.3.1|6.3.2|6.2.1|3.4.11;6.2.1|2.3.2|2.8.3;6.3.1|3.5.1|3.1.2;2.3.2|6.3.1|3.5.1;3.5.1|6.2.1|2.3.2;6.3.1|6.3.2|2.8.3;3.5.1|2.3.2|1.4.1;6.2.1|2.3.2|6.3.2|3.5.1;3.5.1|6.3.2|3.4.19|3.1.2;3.5.1|3.4.19|6.3.2|2.8.3;6.3.2|1.13.11;6.3.2|3.4.13|3.5.1;2.8.3|6.3.2|1.2.5;2.3.2|6.3.2|3.7.1;3.4.15|2.3.2|6.2.1;3.4.11|6.3.2|2.8.3;2.3.2|3.5.1|6.2.1;3.5.1|6.3.2;2.3.2|3.5.1|3.7.1;2.8.3|2.3.1|3.1.2;3.4.11|2.3.1|3.5.1;6.3.1|3.5.1;6.3.2|2.3.1|2.3.2;6.3.2|3.4.11|2.8.3;6.3.2|3.5.1|2.8.3;6.3.2|1.14.11;6.2.1|3.4.15|3.5.1;3.1.2|3.5.1|6.3.1;3.4.22|2.3.1|2.8.3;6.2.1|6.3.2|3.7.1;2.8.3|3.4.11;3.5.1|3.4.13|6.2.1;2.8.3|6.3.2|3.5.1;3.4.13|6.2.1;3.5.1;6.3.2;3.5.1;6.3.2;3.1.2;6.2.1;3.7.1;6.3.2;6.3.2;3.5.1;3.1.2;2.3.2;2.8.3;2.3.2;3.5.1;2.3.2;3.4.15;3.4.13
438,2.1.1;1.14.14;3.1.1;2.3.1;1.5.3;1.14.11;1.5.8;2.-.-;1.16.1;1.14.99;1.14.13;1.2.7;1.5.99;3.7.1,4.1.99|1.11.1|2.-.-;4.1.99|4.4.1|2.5.1;4.1.3|4.3.2|4.1.99|2.3.1;4.1.3|4.3.2|4.3.3;4.1.2|1.4.1;2.1.2|1.4.1;4.1.2|2.6.1;4.1.3|2.6.1;4.1.1|2.6.1;4.1.2|1.4.1;4.1.3|4.4.1;4.1.2|2.6.1;4.1.2|1.4.1;4.1.2|4.4.1;4.1.2|4.4.1;1.1.1|1.4.3;1.1.1|1.4.3;4.1.3|2.6.1;1.4.3;2.6.1;1.4.1;2.6.1;2.4.2;4.4.1;4.4.1;2.5.1;1.4.3;1.4.3;1.5.1;1.4.1;1.4.99;2.5.1;4.4.1;2.6.1;4.4.1;1.5.1;2.6.1;4.4.1;4.3.1;2.6.1;4.4.1;4.4.1;4.4.1;4.4.1;4.4.1
439,3.1.1;2.5.1;1.1.1;2.3.1;3.7.1;6.1.1;6.1.2;2.1.1,3.1.1;3.1.1;1.2.1;3.1.1;3.1.1;3.1.1;1.1.3
44,1.13.11;1.14.99;1.13.-;1.14.13;3.7.1;2.8.1;1.8.1;1.8.99;1.8.7,1.13.11;1.13.11;1.13.11;1.13.11;1.13.11;1.13.11;1.13.11;1.13.11;1.13.11;1.14.14;1.14.19;1.14.19;1.3.3;4.2.1;1.14.19;1.14.19;1.14.14;1.13.11;1.13.11;1.14.99;1.14.14;1.14.14;1.3.3;4.2.1;5.3.3;1.14.14;1.14.14
440,2.1.1;1.14.14;3.1.1;2.3.1;1.5.3;1.14.11;1.5.8;2.-.-;1.16.1;1.14.99;1.14.13;1.2.7;1.5.99;3.7.1,2.1.1|1.11.1|1.14.14|2.-.-;2.1.1|4.1.99|1.14.14|2.5.1;2.1.1|4.2.1|1.14.14|2.3.1;2.1.1|1.3.1|1.14.13;2.1.1|1.3.1|4.2.1;2.1.1|1.3.1;2.1.1|1.3.1|4.2.1;2.1.1|1.3.1|4.2.1;2.1.1|1.3.1;2.1.1|1.3.1;2.1.1|1.3.1;2.1.1|1.3.1;2.1.1|1.3.1;2.1.1|1.3.1;2.1.1|1.3.1;2.1.1|1.3.1;2.1.1|1.3.1|1.14.12;2.1.1|1.3.1|1.14.12;2.1.1|1.3.1;2.1.1|1.3.1;2.1.1|1.14.12;2.1.1|4.2.1;2.1.1|1.3.1;2.1.1|1.3.1;2.1.1|4.2.1;2.1.1|4.2.1;2.1.1|4.1.99;2.1.1|1.14.12;2.1.1|1.3.1;2.1.1|1.3.1;2.1.1|1.14.12;2.1.1|4.2.1;2.1.1|4.2.99;2.1.1|1.3.1;2.1.1|1.3.1;2.1.1|1.14.12;2.1.1|4.1.3;2.1.1|4.1.3;2.1.1|1.3.1;2.1.1|1.14.12;2.1.1|1.14.12;2.1.1|1.3.1;2.1.1|1.14.12;2.1.1|1.14.12;2.1.1|1.3.1;1.14.13|1.14.12;2.1.1|1.14.12;1.14.11|1.14.12;2.1.1|1.14.12;2.1.1|1.14.12;2.1.1|1.14.12;2.1.1|1.14.12;1.14.11|1.14.12;1.14.11|1.14.12;1.14.11|4.2.1;1.14.13;1.14.14;1.14.14;1.14.13;1.14.12;1.14.14;1.14.14;1.14.12;1.3.-;1.14.13;4.1.3;2.5.1;5.3.3;1.14.13;1.14.-;4.1.1;1.14.14;1.14.-;4.1.1;1.-.-;1.3.1;1.3.1;1.14.12;4.2.1;1.3.1;1.14.12;1.14.12;1.14.12;1.3.1;2.1.1;1.14.13
441,1.3.1;1.3.8|1.3.99;1.3.99|1.5.1;1.3.3|1.3.8;2.3.1|5.3.3;1.1.-|1.3.3;1.14.12|1.14.11;1.3.7|2.3.1;1.3.5|1.1.1;1.3.98|1.3.5;2.5.1|5.2.1;5.3.2;5.3.1;1.3.7;1.4.3;1.5.99;1.14.21;5.1.3;1.5.3;1.10.3;1.6.5;1.3.-;2.5.1;1.1.3;1.6.99;1.5.-;4.1.1;1.4.1;1.11.1;1.1.-;5.3.99;1.17.99;1.12.98;1.10.9;1.6.1;1.6.3;1.3.2;1.14.99;1.14.13;1.14.14;5.1.1;3.1.3;1.14.12;1.14.-;5.5.1;1.7.1;1.8.5;1.3.98,1.3.1|4.2.3|2.3.1|1.-.-;1.3.8|4.2.3|2.2.1|1.-.-;1.3.1|4.2.3|2.2.1;1.3.1|4.2.3;1.3.1|4.2.3;4.2.1|4.2.3;4.2.1|4.3.3;4.2.1|4.2.3;4.2.1|4.2.3;4.2.1|4.2.3;1.3.1|4.2.3;4.2.1|4.2.3;4.2.1|4.2.3;1.3.1|4.2.3;1.3.99|4.2.3;1.3.99|4.2.3;1.3.8|4.2.3;4.2.1|4.2.3;1.3.3|4.2.3;1.3.8|4.2.3;4.2.1|4.2.2;1.3.8;4.2.1;1.3.1;1.3.1;4.2.1;1.3.3;4.2.1;4.2.1;4.2.1;1.3.1;1.3.1;4.2.1;1.3.8;1.3.1;1.3.1;1.3.1;1.3.1;4.2.1;1.3.1;4.2.1;1.3.1;2.3.1;4.2.1;2.3.1;4.2.1;4.2.1;1.3.1;2.3.1;2.3.1;4.2.1;4.2.1;1.3.3;1.3.1;1.3.1;1.3.1;4.2.1;4.2.1;4.2.1;2.3.1;4.2.1;1.3.1;5.3.3;5.3.3;1.3.1;4.2.1;4.2.1;2.3.1;1.3.1;1.3.3;5.3.3;1.14.19;4.2.1;4.2.1;4.1.1;1.17.1;4.2.1;1.14.-;1.3.1;1.14.19;1.14.19;2.5.1;4.2.1;1.14.19;1.14.19;1.17.99;4.2.1;1.3.3;2.5.1;2.5.1;2.5.1
442,3.5.1|2.3.1;2.3.1|6.2.1;6.3.2|3.1.1;2.3.2|3.1.2;6.3.1|1.2.1;6.3.4|6.1.1;3.4.13|2.3.3;2.1.3|2.3.2;3.4.11|3.5.1;6.2.1|1.2.7;3.1.1|3.7.1;3.4.19|3.2.1;2.1.2|1.2.4;6.3.5|1.8.1;3.1.2|2.1.3;3.4.17|1.1.1;3.5.4|4.1.3;1.2.1|2.3.-;3.5.3|2.8.3;4.3.2|2.5.1;2.7.7|4.4.1;2.3.3|2.1.1;1.2.99|1.-.-;6.1.1|1.2.3;2.3.-|2.6.1;3.4.15|6.1.2;1.2.7|3.5.3;1.4.1|6.3.1;4.3.3|6.3.4;1.4.7|2.1.2;3.5.5|2.2.1;3.7.1|6.3.2;3.4.11,2.3.1|1.11.1|1.1.1;2.3.1|1.13.12;3.5.1|6.3.2|2.3.1;3.5.1|1.2.1;3.5.1|1.2.1;2.3.1|1.2.1;2.1.3|3.1.2;2.3.1|6.2.1;3.5.1|2.3.1;2.3.1|6.2.1;3.5.1|2.3.1;2.3.1|1.2.7;2.3.1;3.1.2;1.2.7;1.2.1;1.2.7;1.2.1;2.3.1;1.2.4;1.2.1;6.2.1;6.2.1;2.3.1;2.3.1;2.3.1;2.3.1;6.2.1;2.3.1
443,2.4.1;3.2.1;2.4.2;3.1.4;4.2.2|6.1.1;5.1.3|4.2.2;6.5.1|5.1.3;2.4.99|6.5.1;6.1.1|3.1.1;4.2.1|2.4.99;3.1.3|4.2.1;3.6.1|3.1.3;2.7.8|3.6.1;3.1.1|2.7.8;4.3.3,2.4.1|4.2.2;3.2.1|5.1.3|1.13.99|2.4.1;2.4.1|1.1.1|2.4.2;3.2.1|1.1.1|2.4.1;3.2.1|5.3.1|2.4.1;2.4.1|5.1.3;2.4.1|1.1.1;3.2.1|5.3.99|2.4.1;3.2.1|5.3.1|2.4.1;3.2.1|5.3.1|2.4.1;3.2.1|5.3.1|2.4.1;3.2.1|5.3.1|2.4.2;2.4.1|5.3.1;2.4.1|5.3.1;2.4.1|5.3.1;2.4.1|5.3.1;2.4.1|5.3.1;3.2.1|1.1.3|2.4.1;3.2.1|1.3.2|2.4.1;3.2.1|1.1.1|2.4.1;3.2.1|5.3.99|2.4.1;2.4.1|4.2.1|2.4.99;3.2.1|5.3.3|3.6.1;2.4.1|1.14.13|2.4.2;2.4.1|4.2.3|2.4.2;2.4.1|1.14.14|4.2.3;2.4.1|2.4.2;2.4.1|2.4.2;2.4.1|2.4.2;3.2.1|2.4.99;2.4.1;2.4.1|2.4.2;2.4.2;3.2.1;2.4.1;2.4.1;3.2.1;3.2.1;2.4.1;3.2.1;2.4.1;3.2.1;3.2.1;2.4.1;2.4.1;2.4.1;2.4.2;2.4.1;2.4.1;3.2.1;2.4.2;2.4.1;2.4.1;2.4.1;2.4.2;2.4.1;2.4.1;3.2.1;2.4.1;2.4.1;2.4.1;2.4.1;2.4.1;2.4.1;2.4.1;2.4.1;4.2.2;3.2.1;3.2.1;2.4.1;2.4.1;2.4.1;2.4.2;2.4.1;2.4.1;2.4.1;3.2.1;2.4.1;2.4.1;2.4.1;2.4.1;2.4.1;2.4.1;2.4.1;2.4.1;2.4.1;2.4.1;2.1.1;2.1.1;2.4.1;2.4.1;2.4.1;3.2.1;3.2.1;3.2.1;2.4.1;2.4.1;2.4.1;2.4.1;3.2.1;2.4.2;2.4.1;3.2.1;2.4.1;2.4.1;2.4.1;2.4.1;2.4.1;3.2.1;2.4.1
444,2.7.1|2.5.1|2.4.2;3.1.3|3.3.2|3.2.2;2.7.8|2.1.1|2.4.1;3.6.1|3.8.1|6.3.4;3.1.4|1.17.1|4.3.3;2.7.4|3.3.1|2.7.8;2.7.11|2.3.1|1.14.14;2.7.7|4.4.1|1.14.11;3.6.3|4.1.3|3.5.1;3.1.7|1.14.13|2.4.99;2.7.6|4.99.1|2.6.1;4.6.1|6.3.4|4.1.3;2.7.2;2.7.3;3.2.1;3.6.4;2.7.9;2.6.-;2.7.-;2.7.13;3.6.5;2.4.1;5.1.3;4.2.3;2.7.99|3.1.5;3.1.5|2.7.99;2.7.12;4.1.1;2.7.10;1.3.7;1.18.6;1.19.6;3.-.-,2.7.1|1.14.14|3.2.2;2.7.1|1.14.14|3.2.2;2.7.1|1.14.14|3.2.2|2.4.2;2.7.1|4.2.3|3.2.-|2.4.2;3.1.3|2.7.1|4.2.3|3.2.2|2.4.2;2.7.1|3.1.3|1.14.13|2.7.8|2.4.2;2.7.1|4.2.3|2.4.2;2.7.1|4.2.3|3.2.2|2.4.2;3.1.3|2.7.1|4.2.3|2.4.2;3.1.3|2.7.1|4.2.3|3.2.2|2.4.2;2.7.1|3.1.3|4.2.3|2.4.2;2.7.1|3.1.3|4.2.3|3.2.2|2.4.2;2.7.1|4.2.3|2.4.2;3.1.3|2.7.1|4.2.3|2.4.2;3.1.3|2.7.1|4.2.3|2.4.2;2.7.1|4.3.3|2.4.2;2.7.1|3.1.3|4.2.3|2.4.2;2.7.1|4.2.3|2.4.2;3.1.3|4.1.99|3.2.2|2.4.2;2.7.1|3.1.3|4.2.3|3.2.2|2.4.2;2.7.1|2.7.7|4.1.3|3.2.2|2.4.2;2.7.1|4.2.3|3.2.2|2.4.2;2.7.1|4.2.3|2.4.2;2.7.6|3.1.3|4.2.3|3.2.2|2.4.2;3.1.3|4.2.3|2.4.2;3.1.3|2.7.1|4.2.3|3.2.2|2.4.2;3.1.3|2.7.6|1.14.14|3.2.2|2.4.2;3.1.3|2.7.1|1.14.14|2.4.2;2.7.1|3.1.3|4.2.99|2.4.2|2.4.1;3.1.3|4.2.3|2.4.2;3.1.3|4.2.3|2.4.2;3.1.3|4.1.3|2.4.2|3.2.2;2.7.1|3.1.3|4.1.3|2.4.2|2.4.1;2.7.1|1.14.14|2.4.2;2.7.1|1.14.14|2.4.2|3.2.2;3.1.3|2.7.1|1.14.13|2.4.2;2.7.1|4.2.1|2.4.2;2.7.1|3.1.3|4.2.1|2.4.2;2.7.1|4.2.3|2.4.1|2.4.2;2.7.7|2.7.1|1.14.13|2.4.2;3.1.3|1.14.12|2.4.2;2.7.1|1.14.12|2.4.2;2.7.1|4.1.99|1.14.14;2.7.1|1.14.12;3.1.7|2.7.1|1.14.12;2.7.7|2.7.1|1.14.12;3.6.1|2.7.7|4.2.1;2.7.1|3.1.7|1.14.12;2.7.1|4.2.1;2.7.1|3.6.1|4.2.1;2.7.6|2.4.1|4.2.1;2.4.1|2.7.6|1.3.1;2.7.8|1.3.1;2.7.7|4.2.3;2.7.7|2.7.1|4.2.3;2.7.7|2.7.1;2.7.1|2.7.7;2.7.7;2.7.1|2.7.7;2.7.1|3.1.3;3.1.3;2.7.1;2.7.1
445,2.1.1|2.3.1;1.14.11|1.14.14|3.5.1;1.14.14|3.1.1;1.5.3|2.3.1|6.2.1;2.3.1|1.5.3|3.1.2;1.5.8|1.14.11|2.3.2;2.-.-|1.5.8|6.3.2;1.14.13|2.-.-|1.2.1;3.1.1|1.16.1|6.1.1;1.17.1|1.14.99|3.7.1;1.14.99|1.14.13|2.3.3;1.16.1|1.2.7|6.3.4;1.2.7|1.5.99|6.3.1;1.5.99|3.7.1|3.4.13;1.2.7;2.1.3;3.4.11;3.2.1;3.6.1;1.2.4;1.8.1;1.1.1;4.1.3;6.3.5;3.4.19;3.4.17;2.3.-;2.5.1;2.8.3;2.1.1;4.4.1;3.5.3;2.7.7;1.-.-;1.2.3;2.6.1;1.14.14;1.4.1;4.3.3;3.5.5;4.3.2;1.4.7;3.4.15;2.7.2;6.1.2,1.14.11|4.3.3|2.-.-|4.1.1|2.5.1;2.1.1|4.2.2|2.5.1|4.1.1|2.3.1;2.1.1|2.3.1|4.1.1;2.1.1|4.1.1;2.5.1|4.1.1;2.1.1|4.1.1;1.5.3|4.1.1;1.5.3|4.1.1;4.1.1;4.1.1;4.1.1;4.1.1;4.1.1;4.1.1;4.1.1;4.1.1;4.1.1;4.1.1;4.1.1;4.1.1;4.1.1;1.1.1;4.1.1;2.1.3;1.1.1;1.1.1;4.1.1;4.1.1;4.1.1;2.3.1
446,2.7.1|3.1.4;3.1.3|6.5.1;3.6.1|4.6.1;2.7.8;2.7.4;2.7.7;3.6.3;2.7.11;3.1.4;2.7.2;2.7.6;2.7.3;3.6.4;3.1.7;4.6.1;2.7.9;3.6.5;3.2.1;2.7.12;2.7.13;2.6.-;2.7.-;4.1.1;2.7.10;1.3.7;1.18.6;4.2.3;3.1.5;2.7.99;2.4.1;5.1.3;1.19.6;3.-.-,2.7.1|2.6.99;2.7.1|2.5.1;2.7.1|4.2.3;2.7.1|2.5.1;2.7.1|4.2.3;2.7.1|3.1.4;2.7.1|2.5.1;2.7.1|4.2.3;2.7.1|2.5.1;2.7.1|2.5.1;2.7.1|3.1.4;2.7.1|3.1.4;4.2.3|2.5.1;3.1.3|3.1.4;2.7.1|3.1.4;2.7.1|4.1.2;3.1.3|3.1.4;2.7.1|3.1.4;3.1.3|3.1.4;3.1.3|3.1.4;2.7.1|2.5.1;2.7.1;2.7.1;2.7.1;2.7.1;2.7.1;2.7.1;3.1.3;3.1.4;3.1.3;2.7.1;2.7.1;2.7.8;2.7.1;3.1.3;2.7.1;2.7.1;2.7.1;2.7.1;2.7.1
447,3.8.1;3.5.1;4.5.1,3.8.1;4.2.1;4.2.1;4.2.1;4.2.1;1.14.14
448,1.5.1|2.5.1;1.5.3;2.5.1|4.4.1;1.5.99|4.2.1;1.4.3|1.5.99;1.4.1|2.3.1;1.5.-|1.14.15;1.12.98|1.5.1;1.5.7|3.1.1;4.3.3|3.3.1;3.5.-|2.1.2;1.14.14|4.1.99;4.1.3;3.3.2;3.5.99;1.4.3;4.3.3;3.5.-;1.8.3;1.3.1;3.7.1;1.1.1;1.8.1;4.5.1,1.5.1|2.4.2|2.3.1;1.5.1|2.4.2|2.5.1;1.5.1|2.4.2|2.-.-;1.5.1|2.4.1;2.1.1|2.4.2;2.1.1|2.4.2;3.4.13|2.4.2;1.5.1|2.4.2;3.4.13|2.4.2;3.4.13|1.11.1;2.5.1;2.1.1;6.3.4;2.3.2;2.3.2;2.3.2;2.3.2;2.3.2;3.4.15;2.3.1;6.3.2;3.5.1;3.5.1;3.5.1;2.1.2;2.1.2;3.5.1;2.1.3;3.5.1;2.3.1;1.2.99;3.5.1;2.3.-;6.3.2;1.5.8;6.3.2;1.5.3;3.5.1;1.5.3;2.3.1;6.3.2;3.4.19;2.3.1;6.3.2;2.5.1;1.5.3;3.5.1
449,1.3.99;1.3.8;1.3.5;1.17.3;1.14.99;1.3.1;1.17.99;1.3.3;1.14.-,1.17.1;3.5.4;1.17.3;1.17.3;3.5.4;1.17.3;1.17.1;1.14.14;1.1.1;1.17.3;3.5.4;3.5.4;6.3.5;6.3.5;3.5.4;1.1.1;6.3.4;3.5.4;3.5.4;2.4.2;1.2.3;3.5.4;1.2.3;3.5.4
45,2.1.1|3.1.1;1.14.14|6.1.1;3.1.1|2.5.1;2.3.1|2.4.1;1.5.3|2.1.1;1.14.11|2.7.2;1.5.8|3.6.1;2.-.-|2.7.1;1.16.1|1.1.1;1.14.99|6.3.4;1.14.13|6.2.1;1.2.7|1.4.3;1.5.99|4.4.1;3.7.1|1.14.13;2.3.1;2.7.7;3.5.1;1.13.11;1.14.15;1.13.12;3.2.1;3.7.1;1.2.1;6.1.2;2.7.4;4.2.1;3.5.3;1.5.3;1.8.1;3.1.6;1.14.99;1.7.3;1.4.1;1.5.8;1.21.4,2.1.1|2.-.-|2.5.1|1.11.1;2.5.1|2.3.1|4.3.99;2.3.1|1.14.12;1.13.11;1.14.13;1.13.11;4.1.1;4.1.1;4.1.1;1.13.11
450,2.4.1;3.2.1;2.4.2;3.1.4;4.2.2|6.1.1;6.1.1|4.2.2;5.1.3;6.5.1;2.4.99|3.1.1;4.2.1|2.4.99;3.1.3|4.2.1;3.6.1|3.1.3;2.7.8|3.6.1;3.1.1|2.7.8;4.3.3,2.4.1|4.2.3|2.7.1;3.2.1|5.3.1|2.7.1|2.4.1;3.2.1|5.1.3|2.7.1|2.4.1;2.4.1|5.3.1;2.4.1|5.3.1;3.2.1|5.3.1|2.4.2;3.2.1|5.3.1|2.4.1;2.4.1|5.3.1;4.2.1|5.3.1|2.4.1;2.4.1|5.3.1;2.4.1|5.3.1;2.4.1|5.3.1;3.2.1|1.13.99|2.4.1;2.4.1|5.5.1;2.4.1|2.3.1|2.4.2;2.4.1|1.1.1;3.2.1|2.7.1|2.4.1;3.2.1|2.7.1|2.4.1;3.2.1|2.7.1|2.4.1;2.4.1|2.7.1;2.4.1|1.1.1|2.4.2;2.4.1|4.1.2;2.4.2|4.1.2|3.6.1;2.4.1|4.1.2|2.4.2;3.2.1|2.2.1|2.4.2;3.2.1|4.2.2|2.4.99;3.2.1|1.1.1|2.4.2;2.4.1|2.2.1|2.4.2;3.2.1|1.3.3|2.4.99;2.4.1|5.1.3|2.4.2;2.4.1|1.1.1;3.2.1|1.3.3|4.2.3;2.4.1|4.2.1|2.7.8;2.4.1|4.2.3;2.4.1|2.5.1;3.2.1|2.5.1;2.4.1|2.5.1;2.4.1|1.21.-;3.2.1|1.1.3;2.4.1|1.3.2;2.4.1|1.14.13;2.4.1;3.2.1;3.2.1;2.4.1;2.4.1;3.2.1;2.4.1;2.4.1;3.2.1;3.2.1;2.4.1;2.4.1;2.4.1;2.4.1;3.2.1;3.2.1;3.2.1;3.2.1;3.2.1;2.4.1;3.2.1;2.4.1;2.4.1;3.2.1;2.4.1;3.2.1;3.2.1;2.4.1;2.4.1;2.4.1;2.4.1;2.4.1;2.4.1;3.2.1;2.4.1;2.4.1;2.4.1;2.4.1;3.2.1;2.4.1;3.2.1;2.4.1;2.4.1;2.4.1;2.4.1;2.4.1;2.4.1;2.4.1;3.2.1;2.4.1;2.4.1;2.4.1;2.4.1;2.4.1;2.4.1;2.4.1;2.4.1;3.2.1;2.4.1;2.4.1;3.2.1;2.4.1
451,2.7.1;3.1.3;2.7.8;3.1.4;2.7.11;3.6.1;2.7.7;3.1.7;2.7.6;2.7.4;4.6.1;3.2.1;3.6.3;2.6.-;2.7.-;2.7.2;2.7.3;2.7.9;2.4.1;5.1.3;4.2.3;3.1.5;2.7.99;2.7.13;3.6.4;3.6.5;2.7.12,2.7.1|4.1.2|4.4.1;2.7.1|4.1.2|4.3.3;2.7.1|4.1.2|1.4.1;3.1.3|2.2.1;2.7.1|2.2.1;2.7.1|4.1.2;2.7.1|4.1.2;3.1.3|2.2.1;2.7.1|2.3.1;2.7.1|4.3.3;2.7.1|3.5.-;2.7.1|4.1.3;2.7.1|5.3.1;2.7.1|5.3.1;3.1.3|4.3.3;2.7.1;4.2.3;2.7.1;2.7.1;2.7.1;2.7.1;2.7.1;2.7.1;2.7.1;2.7.1;2.7.1;3.1.4;2.7.1;2.7.1;3.1.3;3.1.3;3.1.4;3.1.3;3.1.3;3.1.4;2.7.1;2.7.1;2.7.1;2.7.1;2.7.1;2.7.1;2.7.1;2.7.8;2.7.1;3.1.3;3.1.4;3.1.3;2.7.1;2.7.2;2.7.8;2.7.1;3.1.4;3.1.3;2.7.1;2.7.1;3.1.3;3.1.3;3.1.3;2.7.1;2.7.8;2.7.8;2.7.1;2.7.8;2.7.8;2.7.8;2.7.-;2.7.1;2.7.8;2.7.1;2.7.1;3.1.4;2.7.8;2.7.6;2.7.1
452,1.1.1|1.3.1;1.1.99|1.3.99;1.1.3|1.5.1;2.3.1|1.3.8;1.14.13|5.3.3;1.1.5|1.3.3;1.1.-|1.14.11;1.1.2|2.3.1;5.3.3|1.1.1;1.14.11|1.3.5;1.14.-|5.2.1;1.1.98|5.3.2;1.4.3|5.3.1;1.-.-|1.3.7;1.6.5|1.4.3;1.6.99|1.5.99;1.2.1|1.14.21;5.1.3;4.2.1|1.5.3;1.14.15|1.10.3;1.1.9|1.6.5;1.3.1|1.3.-;1.6.3|2.5.1;1.6.1|1.1.3;1.14.12|1.6.99;6.4.1|1.5.-;5.4.99|4.1.1;1.11.1|1.4.1;4.1.1|1.11.1;1.1.-;5.3.99;1.17.99;1.12.98;1.3.2;1.6.1;1.10.9;1.6.3;1.14.99;1.14.13;1.14.14;5.1.1;3.1.3;1.14.12;1.14.-;5.5.1;1.7.1;1.8.5;1.3.98,1.1.1|4.2.3|1.-.-;1.1.1|4.2.3|5.-.-|1.-.-;1.1.1|4.2.3|5.4.99;5.3.99|4.2.3;1.1.1|4.2.3|1.13.99;1.1.1|4.2.3;1.1.1|4.2.3;4.2.1|4.2.3|5.5.1;1.1.1|4.2.3;5.1.3|4.2.3|1.1.1;1.1.1|4.2.3|2.5.1;1.1.5|4.2.3|2.5.1;5.1.3|4.2.3|2.5.1;1.1.1|4.2.3|2.5.1;5.1.3|4.2.2|3.3.2;1.1.1|4.2.3|3.3.2;5.1.3|5.3.99;1.1.1|5.3.1;1.1.1|1.14.-;1.1.1|1.14.-;1.1.1|3.3.2;1.1.1|5.3.1;5.1.3|5.3.1;4.2.1;5.1.3;5.1.3;1.1.1;1.1.1;1.1.1
453,4.6.1,4.6.1;2.7.8;2.7.8;2.7.8;2.7.8;2.7.8;2.7.7;2.7.7;2.7.8;2.7.8;2.7.8;2.7.8;2.7.8;2.7.8;2.7.8;2.7.8;2.7.7;2.7.7;2.7.7;4.6.1;2.7.7;2.7.7;2.7.7;2.7.7;2.7.7;3.1.4;2.7.8;4.6.1;2.7.7;2.7.7;2.7.7;2.7.8;2.7.7;2.7.7;2.7.7;2.7.7;2.7.7;2.7.7;2.7.7;2.7.7;2.7.7;2.7.7;2.7.7;2.7.8;3.1.4;2.7.7;2.7.7;2.7.7;2.7.7;2.7.7;2.7.7;2.7.7;2.7.7;2.7.7;2.7.7;2.7.7;2.7.7;2.7.7;2.7.7;3.1.4;2.7.7;3.1.4;2.7.7;2.7.7;2.7.7;2.7.7;2.7.7;2.7.7;2.7.7;2.7.7
454,1.3.7|1.3.1;1.3.1|1.3.99;1.14.11|1.5.1;5.3.3|1.3.8;1.3.3|5.3.3;1.3.3;1.14.11;2.3.1;1.1.1;1.3.5;5.2.1;5.3.2;5.3.1;1.3.7;1.4.3;1.5.99;1.14.21;5.1.3;1.5.3;1.10.3;1.6.5;1.3.-;2.5.1;1.1.3;1.5.-;1.6.99;4.1.1;1.4.1;1.11.1;1.1.-;5.3.99;1.17.99;1.12.98;1.10.9;1.3.2;1.6.3;1.6.1;1.14.99;1.14.13;1.14.14;5.1.1;3.1.3;1.14.12;1.14.-;5.5.1;1.7.1;1.8.5;1.3.98,1.1.3|5.3.3|1.1.1|1.-.-;1.3.2|4.2.3|1.1.3|1.-.-;1.1.3|5.3.99|4.2.3;1.1.3|4.2.1|1.3.2;1.3.1|4.2.3|1.1.3;1.3.1|1.1.3|4.2.3;1.3.1|1.1.3|1.1.1;1.4.3|1.3.2|1.10.3;1.3.1|1.1.1|4.1.99;5.3.3|1.10.3|5.3.99;4.2.1|1.1.1|5.3.3;5.5.1|4.1.99|4.2.1;1.4.3|4.2.3|1.14.13;1.1.1|4.2.3|1.14.13;5.1.1|5.4.4|1.1.1;5.1.3|4.2.3|5.3.1;1.1.1|5.1.3;1.1.1|4.2.3|1.14.14;4.2.1|4.2.3|1.1.1;1.1.5|1.14.11|4.2.3;1.1.1|4.1.1|1.10.99;1.10.3|1.1.1|4.3.1;1.1.1|4.2.3|5.1.3;1.1.1|5.4.99|5.3.1;1.1.1|4.3.1|5.3.1;5.1.1|5.1.3|4.2.1;1.1.1|4.2.1|5.3.1;1.1.1|5.3.1;1.1.1|5.3.3|5.3.1;1.1.1|5.3.1;4.2.1|4.2.99|5.3.1;1.5.1|4.2.1|4.2.3;1.1.1|4.2.3;1.3.-|2.1.1|5.3.3;1.1.1|4.2.1;1.1.1|4.2.2|1.10.99;5.1.3|1.3.1|1.10.99;1.1.1|4.2.3|1.-.-;5.3.99|4.2.1;1.1.1|1.3.-|5.3.1;4.2.1|2.6.1;5.1.3|4.2.3|1.3.1;5.3.3|1.14.20|4.2.3;5.1.3|4.2.1|5.3.1;4.1.1|4.2.1|5.3.1;1.3.7|4.1.1|4.2.1;5.1.3|4.2.1|4.2.3;1.1.1|1.3.1;1.14.11|1.3.1|4.1.1;2.1.1|5.5.1|4.1.1;1.3.7|4.2.3|1.14.20;1.1.1|4.2.1;1.1.1|1.14.13|4.2.1;1.1.1|1.14.13|4.2.3;1.1.1|1.14.13|4.2.3;1.1.1|1.3.1|4.2.99;4.3.1|4.5.1|4.2.2;1.3.7|2.2.1|4.2.1;5.1.3|4.2.3;1.1.1|1.14.13|4.2.3;5.3.1|4.5.1|1.14.14;4.5.1|1.3.7|1.3.-;1.1.1|4.2.1|2.6.1;1.1.1|1.14.14|5.4.99;1.1.1|1.3.3|4.2.1;1.1.1|1.10.99|4.2.1;5.3.99|1.14.14;2.6.1|1.10.99|1.14.14;4.2.1|1.10.99|5.3.99;1.1.1|1.14.14|1.14.11;1.1.1|1.14.14|2.2.1;1.1.1|1.21.-|1.3.3;5.3.99|4.2.3|1.3.7;5.1.3|1.-.-|1.21.-;4.2.1|1.14.11|1.14.13;1.1.1|1.3.99|4.2.3;1.3.7|1.14.11;4.2.1|1.3.99;4.2.1|1.14.11;5.1.3|1.1.1;4.2.99|2.1.1;5.1.3;1.1.1;4.2.1;5.1.3;5.1.3;1.1.1;1.3.3;5.1.3;2.2.1;5.1.3;1.1.1;1.1.1;1.1.1;4.2.3;5.1.3;1.1.1;4.5.1;1.14.13;5.1.3
455,6.3.2|3.5.1;3.5.1|2.3.1;2.3.1|6.3.2;2.3.2|6.3.1;3.4.13|6.3.4;6.3.1|2.3.2;6.3.4|6.3.5;3.4.11|2.1.2;3.4.19|3.4.13;3.4.17|2.1.3;2.1.3|3.4.11;3.1.1|3.5.4;6.2.1|3.4.19;3.4.15|1.4.1;3.5.3|4.3.3;2.3.-|6.2.1;3.4.24|1.4.7;3.4.22|1.2.99;4.3.2|3.5.5;2.7.7|3.1.1;6.1.1|4.3.2;3.1.2|3.5.3;1.2.1|4.2.1;4.3.1;2.6.1;2.4.2;4.1.3,3.5.1;3.5.1;2.3.1|3.5.1;6.3.2;3.5.1;3.5.1;2.3.1|3.5.1;2.3.1|6.3.2;3.5.1|6.3.2;2.3.2|3.4.11;2.3.2|6.3.2;6.3.2|3.4.11;6.3.2|2.3.2;2.1.3|3.5.1;3.5.3|3.5.1;3.4.11|3.4.13;2.3.2|3.4.13;3.4.11|3.4.13;2.3.2|6.3.2;2.3.2;3.5.1;3.5.1;2.3.1;3.5.1;3.4.13;6.3.2;3.4.13
456,1.14.13|2.1.1|1.14.12;1.14.14|2.4.1;1.14.11|1.7.1|1.14.-;1.14.15|1.14.13|1.14.99;1.14.99|3.2.1|2.4.2;1.14.16|2.8.2|1.14.13;1.14.-|3.1.1|1.13.11;1.14.18|1.14.15;1.17.1|2.3.1;1.1.1|2.5.1;1.10.99|1.14.11;1.13.11|3.5.1;1.10.3|2.6.1;1.97.1|1.14.14;3.5.3|3.1.3;1.17.99|4.1.2;1.3.99|1.16.1;1.2.1|1.11.1;1.3.7|1.14.21;1.14.20|4.1.99;4.1.99|2.1.2;1.-.-|1.14.99;3.7.1|4.1.1;1.6.6|6.3.4;1.14.12|4.2.1;1.17.7|3.5.5;1.17.3|3.1.8;1.7.3|2.7.1;1.14.17|2.-.-;1.4.3;1.14.-;2.4.2;2.7.7;1.17.1;3.1.6;2.7.12;2.7.10;3.5.99;1.17.99;4.3.3;3.5.3;1.13.12;1.4.1;3.1.4;3.7.1;1.13.11;2.7.9;3.5.4;1.-.-;1.8.99;1.5.99;4.3.2;4.1.3;1.10.3;1.4.-;1.1.3;1.3.-;1.13.-;1.17.7;1.8.4;1.2.7;1.16.8;1.5.8;4.4.1;3.6.1;4.2.3;1.8.5;2.6.3;1.8.2;6.1.1;2.7.4;2.4.99;2.3.2;2.7.8;3.6.3;1.17.5,1.14.-|2.5.1;1.14.14|4.2.1;1.14.13|2.5.1;1.14.13|2.1.1;1.14.16|1.14.13;1.14.14|1.11.1;1.14.13|4.1.99;1.14.13|4.1.2;1.14.13|2.1.1;1.14.13|1.14.16;1.14.13|1.14.14;1.14.16|1.14.13;1.14.13;1.14.13;1.14.13;1.14.12|1.14.16;1.14.12|1.14.14;1.14.14|2.1.1;1.14.13|1.14.21;1.14.13|1.14.12;1.14.14|1.14.12;1.14.13;1.14.13;1.14.13;1.14.12|1.14.13;1.14.13;1.14.13;1.14.13|2.1.1;1.14.14|1.14.12;1.14.13|1.14.12;1.14.16|2.1.1;1.14.13|2.1.1;1.14.14|2.1.1;1.10.3|2.1.1;1.14.13|2.1.1;1.14.13|4.1.99;1.14.13|1.14.12;1.14.13|2.5.1;1.14.13|1.14.-;1.14.14|2.5.1;1.14.13|2.5.1;1.14.14|1.14.13;1.14.13;1.14.12|1.14.13;1.14.12|1.14.14;1.13.11|1.14.13;1.14.13;1.14.14;1.14.13;1.14.13;1.14.13;1.14.14;1.14.13;1.14.12;1.14.13;1.14.13;1.14.13;2.5.1;2.1.1;1.14.13;1.14.13;1.14.13;1.14.13;1.14.13;1.14.13;1.14.13;1.14.14;1.10.3;1.14.13;1.14.13;1.14.13;1.14.13;1.14.13;1.14.14;1.14.13;1.14.13;1.13.11;1.14.13;1.14.13;1.14.13;1.14.13;1.14.13;1.14.13;1.14.13;1.14.13;1.3.7;1.14.13;1.14.13;1.14.16;1.13.11;1.14.13;1.13.11;1.14.13;1.14.13;3.8.1;3.8.1;1.14.13;1.14.13;1.14.13;1.14.13;1.14.14;1.14.14;2.5.1
457,5.5.1;5.3.3,5.5.1;5.5.1;5.5.1;3.1.7;4.2.3;4.2.3;4.2.3;4.2.3;5.4.99;5.4.99;5.4.99;5.4.99;5.4.99;5.4.99;4.2.3;5.4.99;4.2.1;4.2.3;5.4.99;4.2.1;5.4.99;5.4.99;4.2.3;5.4.99;5.4.99;4.2.1;4.2.3;5.5.1;5.5.1;5.4.99;5.4.99;5.4.99;5.4.99;4.2.3;4.2.3;4.2.3;4.2.3
458,4.2.1;2.3.1;4.1.2;4.3.3;3.5.5;3.2.-;2.5.1;3.5.1;3.5.2;2.8.1;2.9.1;5.4.4,5.3.1;4.3.1;1.17.1;1.1.1;5.1.3;5.1.3;1.1.1;1.1.1;1.1.1;1.1.1;1.1.1;1.1.1;1.1.1;4.2.1;5.1.3;1.1.1;1.1.1;1.1.1;4.2.1;1.1.1;4.2.1;4.2.1;4.2.1;5.1.3;1.1.1;5.1.3;5.1.3;5.1.3;5.1.3;5.1.3;5.1.3;1.17.4;5.1.3;4.2.1;1.17.4;1.17.4;1.17.4;1.17.4;1.14.13;1.1.1;1.1.1;1.14.13;1.1.1;1.3.1;1.14.11;1.14.13;1.1.1;1.1.1;4.2.1;1.1.1;1.17.4;1.3.3;1.14.14;1.14.11;1.17.4;1.1.1;1.1.1;1.17.4;1.-.-;1.1.1;1.1.1
459,1.1.1|1.3.1;1.1.2|1.3.99;1.1.99|1.5.1;1.1.5|1.3.8;1.1.3|5.3.3;1.1.-|1.3.3;2.3.1|1.14.11;2.3.1;1.1.1;1.3.5;5.2.1;5.3.2;5.3.1;1.3.7;1.4.3;1.5.99;1.14.21;5.1.3;1.5.3;1.10.3;1.6.5;1.3.-;2.5.1;1.1.3;1.5.-;1.6.99;4.1.1;1.4.1;1.11.1;1.1.-;5.3.99;1.17.99;1.12.98;1.6.1;1.3.2;1.6.3;1.10.9;1.14.99;1.14.13;1.14.14;5.1.1;3.1.3;1.14.12;1.14.-;5.5.1;1.7.1;1.8.5;1.3.98,1.1.1|4.1.2|4.2.3|1.-.-;1.1.1|1.1.3|4.2.3|1.-.-;1.1.1|3.3.2|4.2.3;1.1.1|3.3.2|4.2.3;1.1.1|3.1.1;5.3.1|3.1.1;1.1.1;1.1.99;1.1.1;1.1.1;1.1.1;1.1.1;4.2.1;4.2.1;1.1.1;1.1.1;4.2.1;1.1.1
46,3.1.4;6.5.1;4.6.1,4.1.99|4.2.3;4.2.3;5.3.99|4.2.3;4.2.3|2.5.1;4.2.3|2.5.1;4.2.3|2.5.1;4.2.3;4.2.3|2.5.1;4.2.3|2.5.1;4.2.3|2.5.1;3.7.1|2.5.1;4.2.3;4.2.3|2.5.1;5.5.1;5.3.3;1.14.13;2.1.1;1.14.13;2.1.1;1.10.99;5.4.1;5.4.1;2.1.1;2.1.1;2.1.1
460,1.14.13;1.14.14;1.14.11;1.14.15;1.14.16;1.14.-;1.14.99;1.14.18;1.17.1;1.1.1;1.10.99;1.13.11;1.10.3;1.97.1;3.5.3;1.17.99;1.3.99;1.2.1;1.3.7;1.14.20;4.1.99;3.7.1;1.6.6;1.-.-;1.17.7;1.14.12;1.17.3;1.7.3;1.14.17,
461,1.14.13;1.14.-;1.14.14;1.14.11;1.14.15;1.14.18;1.14.16;1.14.99;1.17.1;1.97.1;1.10.3;1.-.-;1.13.11;1.10.99;1.3.99;2.5.1;1.2.1;1.17.99;1.1.1;1.3.7;1.14.20;1.14.12;4.1.99,1.14.14|5.3.3;1.14.14|1.14.13|4.2.1;1.14.-|4.2.1|2.1.1;1.14.-|4.2.1;1.14.-|4.2.1|1.3.1;1.14.-|4.2.1;1.14.-|1.3.1;4.2.1;1.14.13|4.2.1;1.14.-|1.14.13;4.2.1;4.2.1;4.1.3|1.14.-;1.3.1|1.14.-;1.3.1|2.1.1;2.1.1|1.14.-;1.3.1|1.14.21;1.14.21|1.14.14;1.-.-|1.14.14;1.3.-|1.-.-;2.1.1;1.14.14;1.14.14;4.2.1
462,3.5.1;2.3.1|6.3.2;6.3.2|2.3.1;2.3.2;6.3.1;6.3.4|3.4.13;3.4.13|6.3.4;2.1.3|3.4.11;3.4.11|3.4.19;6.2.1|2.1.3;3.1.1|3.4.17;3.4.19|3.1.1;2.1.2|6.2.1;6.3.5|2.1.2;3.1.2|3.4.15;3.4.17|6.3.5;3.5.4|3.5.3;1.2.1|2.3.-;3.5.3|3.5.4;4.3.2;2.7.7|3.4.22;2.3.3|3.4.24;1.2.99;6.1.1|1.4.1;2.3.-|4.3.3;3.4.15;1.2.7;1.4.1;4.3.3;1.4.7;3.5.5;3.7.1,6.3.4|4.1.99|3.5.1|4.2.3;3.5.1|1.4.1|6.3.1|4.2.3;2.3.1|4.3.3|6.3.2|4.2.3;6.3.1|4.2.3;4.2.3;4.2.3;4.2.3;4.2.3;4.2.3;4.2.3;4.2.3;4.2.3|1.14.13;4.2.3|1.14.13;4.2.3;4.2.3|4.3.3;4.2.3|1.10.99;4.2.3;4.2.3|1.14.14;4.2.3;4.2.3;3.7.1|4.2.3;4.2.3|4.3.3;4.2.3;4.2.3;4.2.3
463,2.1.1|3.1.1;1.14.14|6.1.1;3.1.1|2.5.1;2.3.1|2.4.1;1.5.3|2.1.1;1.14.11|2.7.2;1.5.8|3.6.1;2.-.-|2.7.1;1.16.1|1.1.1;1.14.99|6.3.4;1.14.13|6.2.1;1.2.7|1.4.3;1.5.99|4.4.1;3.7.1|1.14.13;2.3.1;2.7.7;3.5.1;1.13.11;1.14.15;1.13.12;3.2.1;3.7.1;1.2.1;6.1.2;2.7.4;4.2.1;3.5.3;1.5.3;1.8.1;3.1.6;1.14.99;1.7.3;1.4.1;1.5.8;1.21.4,2.1.1|2.-.-|2.5.1|1.11.1;2.5.1|2.3.1|4.3.99;2.3.1|1.14.12;1.13.11;1.14.13;1.13.11;4.1.1;4.1.1;4.1.1;1.13.11
464,2.4.1;3.2.1;2.4.2;3.1.4;4.2.2|6.1.1;5.1.3|4.2.2;6.5.1|5.1.3;2.4.99|6.5.1;6.1.1|3.1.1;4.2.1|2.4.99;3.1.3|4.2.1;3.6.1|3.1.3;2.7.8|3.6.1;3.1.1|2.7.8;4.3.3,2.4.1|5.3.1|4.2.3;2.4.1|5.3.1|4.2.3;3.2.1|5.3.1|4.2.3|2.4.1;2.4.1|5.3.1|4.2.3;2.4.1|5.3.1|4.2.3;2.4.1|5.3.1|4.2.3|2.4.2;3.2.1|5.3.1|4.2.3|2.4.1;2.4.1|5.3.1|4.2.3;3.2.1|5.3.1|4.2.3|2.4.1;2.4.1|5.3.1|4.2.3;3.2.1|4.2.3|2.4.1;2.4.1|5.5.1|4.2.3;3.2.1|5.1.3|4.2.3|2.4.1;2.4.1|1.1.1|4.2.3;2.4.1|5.1.3|4.2.3|2.4.2;3.2.1|1.1.1|4.2.3|2.4.1;2.4.1|1.13.99|4.2.3;2.4.1|1.21.-|4.1.99;2.4.1|2.3.1|4.2.3;2.4.1|4.2.3;2.4.1|4.2.3|2.4.2;3.2.1|4.2.3|2.4.1;2.4.1|4.2.3|3.6.1;3.2.1|4.2.3|2.4.2;2.4.1|1.14.14|2.4.2;2.4.1|4.2.3|2.4.2;2.4.1|1.14.14|2.4.99;3.2.1|4.2.3|2.4.2;3.2.1|4.2.3|2.4.99;3.2.1|1.14.14|2.4.2;3.2.1|4.2.3|2.4.1;3.2.1|1.14.13|4.2.3;2.4.1|4.2.3|2.7.8;2.4.1|4.2.3;2.4.1|4.2.3;2.4.2|4.2.3;3.2.1|4.2.3;3.2.1|4.2.1;3.2.1|4.2.1;2.4.2|4.3.3;3.2.1|1.14.12;2.4.1|1.14.12;2.4.1|4.2.1;3.2.1|1.14.12;2.4.2|4.2.3;2.4.1|1.14.12;3.2.1|1.14.12;2.4.1|4.2.3;3.2.1|1.14.12;2.4.1|1.14.14;2.4.1|1.14.14;2.4.1|4.2.3;2.4.1|4.2.3;3.2.1|1.14.12;3.2.1|1.14.12;2.4.1|1.14.12;2.4.1|1.14.12;2.4.1|1.14.12;2.4.1|1.14.12;2.4.1|1.14.12;2.4.1|1.14.12;2.4.1|1.14.14;2.4.1|1.14.12;2.4.1|1.14.14;2.4.1|1.14.12;3.2.1|4.2.1;3.2.1|1.14.12;2.4.1|1.14.12;3.2.1|4.2.1;3.2.1|1.14.13;2.4.2|4.2.3;2.4.1|4.2.3;3.2.1|4.2.1;2.4.1|4.2.1;3.2.1|1.14.12;2.4.1|4.1.3;2.4.1;2.4.1;2.4.1;2.4.1;2.4.1;2.4.1;3.2.1;3.2.1;2.4.1;2.4.1;2.4.1;2.4.1;2.4.1;2.4.1;2.4.1;2.4.1;2.4.1;2.4.1;2.4.1;2.4.1;2.4.1;2.4.1;2.4.1;3.2.1;2.4.1;2.4.1;3.2.1;3.2.1;3.2.1;2.4.1;2.4.1;2.4.1;3.2.1;2.4.1;2.4.1;3.2.1;2.4.2;2.4.1;2.4.1;2.4.1
465,3.5.3;2.1.4|2.1.2;1.14.13|2.1.1;3.5.1|2.1.4;6.3.4|1.8.1;2.1.2|1.4.4;6.3.4;4.1.2;3.5.1,3.5.3|2.1.2;2.1.4;2.1.2;2.3.1;2.1.4;3.5.3;3.5.1;3.5.3;3.5.1;6.3.4;3.5.1;2.1.3
466,1.13.12|2.1.1;1.14.13|1.14.14;2.1.1|3.1.1;1.14.14|2.3.1;1.11.1|1.5.3;1.14.99|1.14.11;1.5.8;2.-.-;1.16.1;1.14.99;1.14.13;1.2.7;1.5.99;3.7.1,2.1.1|5.3.1|1.17.3|2.-.-;1.13.12|5.3.1|3.5.4|2.5.1;1.13.12|5.3.1|3.5.4|2.3.1;1.13.12|5.3.1|1.17.1;2.1.1|5.3.1|3.5.4;1.13.12|5.3.1|3.5.4;1.14.14|5.3.1|1.1.1;2.1.1|5.3.1|6.3.5;2.4.2|5.3.1|3.5.4;2.4.2|5.3.1|1.17.1;2.4.2|4.2.3|1.17.3;2.4.2|5.1.3|6.3.5;2.4.2|5.5.1|1.17.3;2.4.2|1.1.1;2.4.2|1.1.1|1.11.1;2.4.2|5.1.3|1.17.3;2.4.2|1.1.1|1.14.14;1.1.1|6.3.4;4.2.1|3.5.4;5.3.99|3.5.4;1.21.-|3.5.4;1.14.13|3.5.4;5.3.3|1.2.3;1.1.3|1.14.13;1.3.2|2.5.1;2.1.1|3.5.4;4.2.3|3.5.4;5.3.1|3.5.4;3.5.4;3.5.4;1.2.3;3.5.4;3.5.4;1.14.21;3.5.4;1.14.12;3.5.4;1.14.12
467,3.1.1|2.7.2;2.5.1;1.1.1;2.3.1;3.7.1;6.1.1;6.1.2;2.1.1,3.1.1|4.1.1
468,1.3.1;1.3.99;1.5.1;1.3.8;5.3.3;1.3.3;1.14.11;2.3.1;1.1.1;1.3.5;5.2.1;5.3.2;5.3.1;1.3.7;1.4.3;1.5.99;1.14.21;5.1.3;1.5.3;1.10.3;1.6.5;1.3.-;2.5.1;1.1.3;1.6.99;1.5.-;4.1.1;1.4.1;1.11.1;1.1.-;5.3.99;1.17.99;1.12.98;1.10.9;1.3.2;1.6.1;1.6.3;1.14.99;1.14.13;1.14.14;5.1.1;3.1.3;1.14.12;1.14.-;5.5.1;1.7.1;1.8.5;1.3.98,1.14.13|2.5.1|1.14.14|1.-.-;1.14.14|1.11.1|1.-.-;1.14.14|1.10.99;1.14.14|2.1.1;1.14.12|2.1.1;1.13.11|2.1.1;1.14.14|1.14.13;1.14.13;1.14.14|1.-.-;1.14.12|1.14.14;1.14.13|4.1.99;1.1.4|1.10.99;1.14.14|1.10.99;1.1.4|4.2.3;1.14.11|4.2.3;1.14.11|4.2.3;1.1.4|4.2.3;4.2.1|4.2.3;4.2.1|4.2.3;1.14.11|5.3.99;2.3.1|4.2.3;1.14.11|4.2.3;1.14.11|4.2.3;1.3.1|4.2.3;1.3.1|5.3.3;1.3.1|4.2.3;4.2.1|4.2.3;1.14.11|4.2.3;1.3.1|4.2.3;1.3.1|4.2.3;1.14.11|4.2.3;1.14.14|4.2.3;1.14.11|4.2.3;1.14.14|4.2.3;1.14.11|4.2.3;1.3.1|4.1.99;1.3.1|4.2.3;4.2.1|4.2.3;2.1.1|4.2.3;1.14.13|4.2.3;1.14.14|4.2.3;1.14.11|4.2.3;1.14.14|4.2.3;1.14.11|4.2.3;1.5.1|4.2.3;1.3.1|4.2.3;1.3.1|4.2.3;1.14.12|4.2.3;1.14.21|4.3.3;1.14.12;1.14.14;1.14.12;1.14.12;2.5.1;1.14.-;1.14.14;1.14.14;1.14.14;4.1.1
469,4.4.1|1.3.1;4.3.1|1.3.99;4.1.99|1.5.1;2.5.1|1.3.8;4.5.1|5.3.3;4.2.1|1.3.3;1.14.11;2.3.1;1.1.1;1.3.5;5.2.1;5.3.2;5.3.1;1.3.7;1.4.3;1.5.99;1.14.21;5.1.3;1.5.3;1.10.3;1.6.5;1.3.-;2.5.1;1.1.3;1.5.-;1.6.99;4.1.1;1.4.1;1.11.1;1.1.-;5.3.99;1.17.99;1.12.98;1.6.3;1.6.1;1.3.2;1.10.9;1.14.99;1.14.13;1.14.14;5.1.1;3.1.3;1.14.12;1.14.-;5.5.1;1.7.1;1.8.5;1.3.98,4.3.3|4.4.1|4.2.3|1.-.-;1.21.4|4.2.3|1.-.-;6.3.3|4.2.3;4.2.3;4.2.3;4.2.3;4.2.3;4.2.3;4.2.2;4.2.3;4.2.3;4.2.3;4.2.3;4.2.3;4.2.3;4.2.3;1.-.-;4.3.3;1.14.13;1.14.13;4.2.3;4.2.3;4.2.2
47,1.14.99;1.14.13;1.14.18;1.14.12;2.1.1;4.1.2;1.14.-;1.14.15;1.13.12;1.1.-,1.14.99;1.3.1;1.3.1;1.3.1;1.3.1;2.3.1;4.2.1;1.3.1;4.2.1;4.2.1;1.3.1;2.3.1;1.14.19;1.14.19;1.14.-;4.2.1;1.14.19;1.3.1;1.13.11;1.13.11;1.3.1;2.3.1;1.14.19;4.2.1;1.14.19;1.13.11;1.13.11;1.3.1;1.3.1;2.3.1;4.2.1;1.13.11;1.13.11;1.13.11;1.13.11;1.13.11
470,4.2.1;2.3.1;4.1.2;4.3.3;3.5.5;3.2.-;2.5.1;3.5.1;3.5.2;2.8.1;2.9.1;5.4.4,4.2.1;4.2.1;4.2.1;4.2.1;4.2.1;4.2.1;4.2.1;4.2.1;4.2.1;4.2.1;4.2.1;1.1.1;4.2.1;1.1.1;4.2.1;4.2.1;4.3.1;1.1.1;1.1.1;1.1.1;1.1.1;4.3.1;1.1.1
471,1.14.13;1.14.14;1.14.11;1.14.15;1.14.16;1.14.99;1.14.-;1.14.18;1.17.1;1.1.1;1.13.11;1.10.99;1.10.3;1.97.1;3.5.3;3.7.1;1.6.6;1.17.99;1.2.1;1.3.99;1.3.7;1.14.20;4.1.99;1.-.-;1.14.12;1.17.3;1.7.3;1.14.17;1.17.7,5.5.1|1.11.1;5.5.1|1.14.13|1.14.21;5.5.1|1.14.21|1.14.13;5.5.1|1.14.12|1.13.11;1.21.3|1.14.12;1.13.11
472,1.14.14;1.14.-;1.14.13;1.11.2;4.3.3;2.1.1;1.4.3;5.4.4;3.3.2,1.5.1|1.13.11|4.3.3|1.14.99;2.1.1|1.13.11|1.4.3|4.1.2;1.5.8|1.13.11|2.5.1;1.5.3|1.13.11|4.1.2;2.1.1|1.13.11|4.1.1;1.5.1|1.13.11|4.1.2;3.5.3|1.13.11|4.1.2;3.5.1|1.13.11|4.1.99;2.5.1|1.13.11|2.2.1;2.1.1|1.13.11|4.1.2;1.5.1|1.13.11|4.1.2;1.13.11|4.1.2;1.13.11|4.1.2;1.13.11|4.1.1;1.13.11|3.2.-;1.13.11|2.2.1;1.13.11|4.2.3;1.13.11|4.1.2
473,2.3.1|2.4.1|2.7.7|3.1.4;6.2.1|6.1.1|2.7.8|6.5.1;3.1.1|3.1.3|4.6.1;3.1.2|3.2.1|2.6.-;1.2.1|2.4.2|3.6.2;6.1.1|3.1.4|2.7.1;2.3.2|5.1.3|3.1.4;2.3.3|6.5.1;1.2.7;3.5.1;3.7.1;3.2.1;2.1.3;1.2.4;1.8.1;1.1.1;1.-.-;4.1.3;2.3.-;2.5.1;2.8.3;4.4.1;2.1.1;6.1.2;1.2.3;2.6.1;3.5.3;6.3.2;6.3.1;6.3.4,6.1.1|2.7.7|4.2.3|2.5.1;6.1.1|2.7.7|4.2.3;6.1.1|2.7.7|4.2.3|2.5.1;6.1.1|2.7.7|4.2.3;6.1.1|2.7.7|4.2.3;6.1.1|2.7.7|4.2.3;2.3.2|6.1.1|2.7.7|4.1.2;6.1.1|2.7.7|4.1.2;6.1.1|2.3.2|2.7.7|4.1.2;6.1.1|2.7.7|4.3.3;6.1.1|2.7.7|1.4.1;6.1.1|2.7.7|1.1.99;6.1.1|2.7.7|4.2.3;6.1.1|2.7.7|1.1.1;6.1.1|2.7.7|1.1.1;6.1.1|2.7.7|1.1.1;6.1.1|1.2.1|2.7.7|1.1.1;1.2.1|6.1.1|2.7.7|1.1.1;6.1.1|2.7.7|1.1.1;2.3.2|6.1.1|2.7.7|1.1.1;6.1.1|2.7.7|1.1.1;6.1.1|2.7.7|1.1.1;6.1.1|2.7.7|1.1.1;6.1.1|2.7.7|1.1.1;2.3.1|6.1.1|2.7.7|4.2.2;6.1.1|2.3.1|2.7.7|3.5.-;6.1.1|2.4.1|2.7.7;2.3.1|2.4.1|2.7.7;2.1.3|2.4.1|2.3.1|3.1.4;2.3.1|2.4.1|2.1.3|2.7.7;3.2.1|2.4.1|2.7.7;2.3.1|2.7.7;2.3.1|2.7.7;2.3.1|2.7.7;2.3.1|3.1.4;2.3.1|3.1.4;2.3.1|2.7.7;1.-.-|2.7.7;2.3.1|2.7.7;2.3.1|2.7.7;2.7.7;2.7.7;2.7.7;2.7.7;2.7.7;2.7.7;3.1.4;2.7.7;2.7.7;2.7.7;2.7.7;2.7.7;3.1.4;4.6.1;3.1.4;4.7.1;4.6.1
474,2.4.1;3.2.1;2.4.2;3.1.4;4.2.2|6.1.1;5.1.3|4.2.2;6.5.1|5.1.3;2.4.99|6.5.1;6.1.1|3.1.1;4.2.1|2.4.99;3.1.3|4.2.1;3.6.1|3.1.3;2.7.8|3.6.1;3.1.1|2.7.8;4.3.3,2.4.1|2.5.1|4.2.1;2.4.1|2.5.1|4.1.99;2.4.1|4.1.99|1.-.-;2.4.1|2.5.1|1.14.13;2.4.1|2.3.1|4.2.2;2.4.1|1.14.13;2.4.1|1.14.13;2.1.1|1.14.13|3.6.1;2.1.1|1.14.-|2.4.2;3.2.1|1.10.99|2.4.1;2.4.1|4.2.1;3.2.1|1.14.-|2.4.1;3.2.1|1.14.-|2.4.1;2.4.1|2.6.1;3.2.1|1.14.-|2.4.2;2.1.1|1.14.-|2.4.1;2.4.1|1.14.99;2.4.1|1.14.99;2.4.1|1.14.99;2.4.1|1.14.99|2.4.2;3.2.1|1.1.1|2.4.1;2.4.1|4.2.3;2.4.1|1.14.15;3.2.1|4.2.3|2.4.99;2.4.1|4.2.3|2.4.2;3.2.1|2.6.1|2.4.2;2.4.1|4.2.3;3.2.1|4.2.3|2.4.99;2.4.1|4.2.3|2.4.2;2.4.1|1.14.13|2.4.2;3.2.1|5.3.1|2.4.2;2.4.1|2.6.1|4.2.3;2.4.1|4.2.3;3.2.1|4.2.3;3.2.1|1.14.14;3.2.1|4.2.1;2.4.1|4.2.1;2.4.1|3.3.2;2.4.1|4.2.1;2.4.1;2.4.1;3.2.1;3.2.1
475,1.1.1|1.3.1;1.1.99|1.3.99;1.1.3|1.5.1;2.3.1|1.3.8;1.14.13|5.3.3;1.1.5|1.3.3;1.1.-|1.14.11;1.1.2|2.3.1;5.3.3|1.1.1;1.14.11|1.3.5;1.14.-|5.2.1;1.1.98|5.3.2;1.4.3|5.3.1;1.-.-|1.3.7;1.6.5|1.4.3;1.6.99|1.5.99;1.2.1|1.14.21;5.1.3;4.2.1|1.5.3;1.14.15|1.10.3;1.3.1|1.6.5;1.1.9|1.3.-;1.6.3|2.5.1;1.6.1|1.1.3;1.14.12|1.6.99;6.4.1|1.5.-;5.4.99|4.1.1;1.11.1|1.4.1;4.1.1|1.11.1;1.1.-;5.3.99;1.17.99;1.12.98;1.6.1;1.3.2;1.6.3;1.10.9;1.14.99;1.14.13;1.14.14;5.1.1;3.1.3;1.14.12;1.14.-;5.5.1;1.7.1;1.8.5;1.3.98,1.1.3|4.2.3|3.2.2|1.-.-;1.1.3|2.7.1|3.2.2|1.-.-;1.1.1|2.7.1|3.2.2;1.1.1|2.7.1|3.2.2;1.1.1|2.7.1|3.2.2;1.1.3|5.5.1|3.2.2;4.2.1|2.5.1|3.2.2;1.1.1|5.-.-|3.2.2;1.1.1|2.5.1|3.2.2;1.1.1|2.5.1|3.2.2;1.14.13|1.13.99|3.2.2;1.1.1|5.4.99|3.2.2;1.1.1|3.2.2;1.1.1|3.2.2;1.1.1|2.4.2;2.4.2;2.4.2;2.4.2;2.4.2;3.2.-;2.4.2;2.7.8;2.4.2;2.4.2;2.4.2;2.4.2;2.4.2;2.4.2;2.4.2;2.4.2;2.4.2;2.4.2;2.4.1;2.4.2;2.4.2;2.4.2;2.4.2;2.4.2;2.4.2
476,2.3.1|3.1.1;3.1.1|2.5.1;6.2.1|1.1.1;3.1.2|2.3.1;1.2.1|3.7.1;6.1.1;2.3.3|6.1.2;2.3.2|2.1.1;1.2.7;3.5.1;3.7.1;3.2.1;2.1.3;1.2.4;1.8.1;1.1.1;4.1.3;2.5.1;2.3.-;2.8.3;4.4.1;2.1.1;1.-.-;6.1.2;3.5.3;1.2.3;2.6.1;6.3.1;6.3.4;2.1.2;2.2.1,2.3.1|3.1.1;2.3.1|3.1.1;3.1.1;2.3.1|3.1.1;2.3.1|3.1.1;3.1.1;2.3.1|3.1.1;2.3.1|3.1.1;2.3.1|3.1.1;2.3.1|3.1.1;2.3.1|3.1.1;3.1.1;2.3.1|3.1.1;2.3.1|3.1.1;3.1.1;2.3.1
477,3.7.1;1.13.11;2.3.1;1.14.13;2.1.1;2.5.1;3.1.2,3.7.1;3.1.2
478,1.3.1;1.3.99;1.3.8;2.3.1;1.3.3;1.3.5;1.1.-;1.14.99;1.14.12;1.3.7;1.17.3,1.3.1
479,1.1.1|1.3.1;1.1.99|1.3.99;1.1.3|1.5.1;2.3.1|1.3.8;1.14.13|5.3.3;1.1.5|1.3.3;1.1.-|1.14.11;1.1.2|2.3.1;5.3.3|1.1.1;1.14.11|1.3.5;1.14.-|5.2.1;1.1.98|5.3.2;1.4.3|5.3.1;1.-.-|1.3.7;1.6.5|1.4.3;1.6.99|1.5.99;1.2.1|1.14.21;4.2.1|5.1.3;1.14.15|1.5.3;1.3.1|1.10.3;1.1.9|1.6.5;5.1.3|1.3.-;1.14.12|2.5.1;1.6.1|1.1.3;1.6.3|1.6.99;6.4.1|1.5.-;5.4.99|4.1.1;1.11.1|1.4.1;4.1.1|1.11.1;1.1.-;5.3.99;1.17.99;1.12.98;1.3.2;1.10.9;1.6.1;1.6.3;1.14.99;1.14.13;1.14.14;5.1.1;3.1.3;1.14.12;1.14.-;5.5.1;1.7.1;1.8.5;1.3.98,1.1.1|4.2.3|1.-.-;1.1.1|4.2.3|1.-.-;1.1.1|4.2.3;1.1.1|4.2.3;1.1.1|4.2.3;1.1.1|4.2.3;1.1.1|4.2.3;1.1.1|4.2.3;1.1.1|4.2.3;4.2.1|4.2.3;1.1.1|4.2.3;1.1.1|4.2.3;1.10.3|4.2.3;1.14.13|4.2.3;1.1.3|4.2.3;4.2.1|4.2.3;4.2.3;4.2.3;4.1.99|4.2.3;4.1.99;4.2.3;4.2.3;4.2.3;4.2.3;4.2.3;4.2.3;4.2.3;4.2.3;4.2.3;4.2.3|4.1.99;4.2.3;4.2.3;4.2.3;4.2.3;4.2.3;4.2.3;4.2.3;4.2.3;1.14.13|4.2.3;1.14.13|4.2.3;4.2.3|4.2.2;4.2.3;4.2.3;4.2.3;4.2.3;4.2.3;4.2.3;4.2.3|1.1.1;4.2.3|3.3.2;4.2.3|1.-.-;4.2.3|1.14.-;4.2.3|1.14.-;1.14.14|1.14.-;1.10.99|1.14.-;1.14.13|2.6.1;4.2.3|5.3.1;1.14.13|4.3.3;4.2.3|4.2.1;4.3.3|4.1.99;1.14.14|1.14.13;1.14.14|5.3.99;1.14.14|5.3.99;1.10.99|1.13.99;4.1.99|2.6.1;2.6.1|1.14.13;5.3.1|4.2.1;1.10.99|5.3.3;1.14.13|4.2.1;1.14.13|4.2.1;4.2.1|1.14.13;2.6.1|1.14.13;4.2.1;5.3.3|4.2.3;4.2.1|1.14.13;3.1.7|1.14.13;4.2.1|1.14.-;4.2.1|1.14.20;1.14.20|1.14.14;1.14.13;1.10.99;1.14.13
48,,3.3.2;1.17.4;1.17.4;1.17.4;4.2.1;1.17.4;1.14.14;1.14.14;1.14.14;1.17.4;1.14.14;3.3.2;3.3.2;1.17.4;1.17.4;1.17.4;3.3.2;3.3.2;2.5.1;1.14.13;3.3.2;2.5.1;2.5.1;1.17.1;1.14.11;1.17.1;2.5.1;2.5.1;1.17.1;1.14.11;1.14.11;1.14.11;1.14.11;1.14.11;1.17.1;1.14.14;4.2.1;1.14.14;2.6.1;5.3.1;3.3.2;5.3.1;3.3.2;1.17.4;5.3.1;5.3.1;5.3.1;5.3.1;5.3.1;5.3.1;5.3.1
480,4.1.1|1.2.1;6.4.1|4.2.1;2.1.3|1.2.3;1.3.8|1.1.1;1.1.1|3.5.1;1.2.2;2.3.1;1.2.-;1.14.13;1.14.99;1.2.7;1.1.3;1.5.1;1.2.99;1.14.11,4.1.1;1.14.13|4.1.1;4.1.1|1.14.13;1.14.13;1.14.13|4.1.1;1.14.13;4.1.1|1.11.1;1.14.13|1.13.12;4.1.1|1.14.13;4.1.1|1.2.1;1.14.13|4.2.1;4.1.1|4.2.1;4.1.99|2.3.1;1.13.12;3.5.1;2.3.1;1.2.1;4.1.1;4.1.1;4.1.1;4.1.1;4.1.1;4.1.1;1.14.13;1.14.13;4.1.1;1.14.13
481,1.2.1;1.2.3;1.2.99;1.2.-;1.1.1;1.2.7;1.14.13;1.1.3;1.5.1;1.14.99;1.14.11;1.17.1;1.5.99;1.2.2;1.14.14;1.1.-,1.2.3;1.2.1;1.2.1
482,2.4.1;3.2.1;2.4.2;3.1.4;4.2.2|6.1.1;5.1.3|4.2.2;6.5.1|5.1.3;2.4.99|6.5.1;6.1.1|3.1.1;4.2.1|2.4.99;3.1.3|4.2.1;3.6.1|3.1.3;2.7.8|3.6.1;3.1.1|2.7.8;4.3.3,2.4.1|4.1.99;2.4.1|4.2.2;2.4.1|1.14.13|5.5.1;2.4.1|5.5.1|1.11.1;2.4.1|1.11.1|4.1.1;2.4.1|4.1.1|2.4.2;2.4.1|1.14.13;2.4.1|1.14.13;3.2.1|5.3.1|2.4.1;3.2.1|2.6.1|2.4.1;3.2.1|4.3.3|2.4.1;2.4.1|1.21.3;2.4.1|1.21.3;3.2.1|2.4.1;2.4.1|2.4.2;3.2.1|2.4.1;2.4.1;2.1.1|2.4.1;3.2.1|2.4.1;2.4.1;3.2.1|2.4.2;2.4.1;2.1.1|3.6.1;2.4.1|2.4.2;2.4.1|2.4.2;2.4.99;2.4.2;2.4.2;2.4.99;2.4.2;2.4.1;4.2.3;2.7.8
483,2.7.1;3.1.3;3.6.1;2.7.8;2.7.4;2.7.7;3.6.3;2.7.11;3.1.4;2.7.2;2.7.6;2.7.3;3.6.4;3.1.7;4.6.1;2.7.9;3.6.5;3.2.1;2.7.12;2.7.13;2.6.-;2.7.-;4.1.1;2.7.10;1.3.7;1.18.6;4.2.3;2.7.99;3.1.5;2.4.1;5.1.3;1.19.6;3.-.-,2.7.1|4.1.2|3.5.-;2.7.1|4.1.2|4.3.3;2.7.1|4.1.2|3.5.4;3.1.3|2.2.1|4.3.3;2.7.1|2.2.1|2.6.1;2.7.1|4.2.3|2.6.1;3.1.3|4.4.1|2.6.1;2.7.1|2.6.1;2.7.1|4.3.1;2.7.1|2.6.1;2.7.1|2.6.1;2.7.1|2.6.1;3.1.3|2.6.1;2.7.1|2.6.1;2.7.1|2.6.1;2.7.1|2.6.1;3.1.3|2.-.-;4.2.3;2.7.1;2.7.1;2.7.1;2.7.1;3.1.4;3.1.3;2.7.1;3.1.4;2.7.1;2.7.1;2.7.1;2.7.1;2.7.1;2.7.1;3.1.3;2.7.1;2.7.1;3.1.4;2.7.1;3.1.3;2.7.1;2.7.1;2.7.1;2.7.8;2.7.1;3.1.4;2.7.1;3.1.4;2.7.8;2.7.2;3.1.3;2.7.1;3.1.3;2.7.1;2.7.1;3.1.3;3.1.3;2.7.8;2.7.1;2.7.8;2.7.8;2.7.1;3.1.3;3.1.3;2.7.1;2.7.1;2.7.8;2.7.-;2.7.8;2.7.1;2.7.1;2.7.8;2.7.1;2.7.8;3.1.4;2.7.1
484,4.2.1;2.3.1;4.1.2;4.3.3;3.5.5;3.2.-;2.5.1;3.5.1;3.5.2;2.8.1;2.9.1;5.4.4,4.2.1;4.2.1;4.2.1;4.2.1;4.2.1;4.2.1;4.2.1;4.2.1;4.2.1;1.3.99;1.3.99;1.3.99;1.3.99;1.14.99;1.3.5;1.3.5;1.3.8;1.3.8;1.3.5;1.3.5;1.3.5;1.3.8;1.3.5;1.3.5;1.3.5;1.3.5;1.3.99;1.3.8
485,2.4.1;3.2.1;2.4.2;3.1.4;4.2.2|6.1.1;5.1.3|4.2.2;6.5.1|5.1.3;2.4.99|6.5.1;6.1.1|3.1.1;4.2.1|2.4.99;3.1.3|4.2.1;3.6.1|3.1.3;2.7.8|3.6.1;3.1.1|2.7.8;4.3.3,2.4.2|4.2.3;3.2.1|4.2.3|2.4.2;3.2.1|4.2.3|2.4.1;3.2.1|4.2.3|2.4.1;2.4.1|4.2.3;3.2.1|4.2.3|2.4.1;3.2.1|4.2.3|2.4.1;2.4.1|4.3.3;2.4.1|4.2.3|2.7.8;3.2.1|4.2.3|2.4.2;2.4.1|4.2.3;3.2.1|4.2.3|2.4.2;2.4.1|4.1.99;2.4.1|1.14.-|2.4.2;3.2.1|1.14.-|2.4.1;2.4.1;3.2.1|2.4.2;2.4.1;2.4.1;2.4.1;3.2.1|2.4.2;2.4.1;3.2.1|2.4.1;2.4.1;2.4.1;3.2.1|2.4.1;3.2.1|2.4.1;3.2.1|2.4.2;2.4.2|3.6.1;2.4.1|2.4.99;2.4.1;2.4.1;3.2.1;3.2.1;2.4.1;3.2.1;3.2.1;2.4.1;2.4.2;2.4.1;2.4.1;2.4.1;3.2.1;2.4.1;3.2.1;2.4.1;2.4.1;2.4.1;2.4.2;2.4.1;2.4.1;2.4.1;2.4.1;2.4.1;2.4.2;2.4.1;3.2.1;2.4.1;2.4.1;2.4.1;2.4.1;2.4.2;3.2.1;2.4.1;2.4.1;2.4.1;2.4.1;2.4.1;2.4.1;2.4.1;2.4.1;2.4.1;2.4.1;2.4.1;2.4.1;2.4.1;2.4.1;2.4.1;2.4.1;2.4.1;2.4.1;2.4.1;2.4.1;2.4.1;2.4.1;2.4.1;2.4.1;4.2.2
486,2.1.1;1.14.14;3.1.1;2.3.1;1.5.3;1.14.11;1.5.8;2.-.-;1.16.1;1.14.99;1.14.13;1.2.7;1.5.99;3.7.1,2.1.1|1.11.1|4.2.1|2.-.-;2.1.1|1.14.12|4.2.1|2.5.1;2.1.1|1.14.12|4.2.1|2.3.1;2.1.1|1.14.12|4.2.1;2.1.1|1.14.12|4.2.1;2.1.1|1.14.12|4.2.1;2.1.1|1.14.12;2.1.1|1.14.12;2.1.1|1.14.12|4.2.1;2.1.1|4.2.1|1.14.12;2.1.1|1.14.12|4.1.3;2.1.1|1.14.12;2.1.1|1.14.12;2.1.1|1.14.12;2.1.1|1.14.12;2.1.1|1.14.12;2.1.1|1.-.-|1.14.12;2.1.1|1.14.12;2.1.1|1.14.12;2.1.1|1.14.12;2.1.1|4.2.1|1.14.12;2.1.1|1.14.12;2.1.1|1.14.12;2.1.1|4.2.1|1.14.12;2.1.1|1.14.12|4.1.99;2.1.1|1.14.12;2.1.1|4.2.1|1.14.12;2.1.1|4.2.1|1.14.13;2.1.1|4.1.3|1.14.13;2.1.1|4.2.1|1.14.12;2.1.1|4.2.1|1.3.1;2.1.1|4.1.99|1.3.1;2.1.1|1.14.13|1.14.12;2.1.1|1.14.18;2.1.1|4.2.1|4.4.1;2.1.1|1.14.12;2.1.1|1.14.12|1.3.1;2.1.1|1.14.12|4.2.1;2.1.1|1.14.12|1.14.13;2.1.1|1.14.21|4.2.99;2.1.1|1.14.13|1.10.9;2.1.1|1.3.1;2.1.1|1.3.1|4.1.3;2.1.1|1.14.12|4.1.3;2.1.1|1.13.11|1.3.1;2.1.1|1.14.18|1.3.1;2.1.1|1.14.14|1.3.1;2.1.1|1.14.14|1.3.1;1.14.13|1.3.1;1.14.11|1.14.13|1.3.1;2.1.1|1.14.-|5.3.3;1.14.11|1.14.-|1.3.1;1.14.11|4.2.99|1.3.1;2.1.1|1.10.9|1.14.13;1.14.11|4.1.3|1.3.1;4.1.3|1.8.5;1.3.1;5.3.3|1.3.1;1.3.1;1.3.1;1.3.1|1.1.5;1.3.1|1.3.7;1.3.1;1.3.1;1.14.13|1.14.-;1.8.5|4.2.1;1.1.5|1.-.-;1.3.1;1.3.1;1.14.14;1.14.14;1.14.13;2.1.1;2.5.1;1.14.14;1.14.-;1.10.3;1.14.13;1.14.12;1.14.12;1.14.12;1.3.1;1.14.12;1.10.9;1.14.21;1.14.12;1.3.-;1.14.12;1.13.11;1.14.-;1.14.18;1.14.14;1.14.14;1.14.18;2.1.1;1.3.1;1.3.1;1.3.1;1.14.12;1.3.1
487,1.14.13;1.14.14;1.14.11;1.14.99;1.14.15;1.14.-;1.17.4;1.14.18;1.17.1;1.14.16;1.14.12;1.17.99;1.7.1;1.5.99;1.1.1;1.14.17;1.17.2;1.3.99;1.97.1;1.10.3;1.13.11;1.1.4;1.10.99;1.13.12;1.17.3;1.1.99;1.17.-;1.-.-;1.17.7;1.3.7;1.14.20;1.7.3;2.6.3;1.6.6;1.8.99;1.4.-;1.1.-;4.1.99;1.7.2;3.7.1,1.14.13|2.5.1;1.14.12|1.11.1;1.14.15;1.14.15;1.14.15;1.14.13;1.14.13;1.14.17;1.14.13;3.5.99;1.13.11;1.14.14
488,1.14.11;1.14.13;1.14.15;1.14.14;1.14.99;1.17.99;1.14.-;1.17.1;1.17.7;2.5.1,1.14.13;1.14.13;1.14.13;1.14.14;1.14.13;1.14.13;1.14.13;1.14.99;1.14.13;1.14.13;1.14.14;1.14.14;1.14.13;1.3.99;1.14.99;1.14.99;1.14.99;1.14.13;1.14.-;4.2.1;1.14.13;1.14.13;1.14.13;1.14.13;1.14.13;1.14.13;1.14.13;1.14.15;1.14.15;1.14.99;1.14.15;1.14.15;1.14.15;1.14.15;1.14.13;1.14.11;1.14.11;1.14.13;1.14.13;1.14.-;1.14.-;1.14.-;1.14.11;1.14.11;1.14.11;1.14.11;1.14.15;1.14.11;1.14.-;1.14.-;1.14.-;1.14.-;1.14.-;1.14.13;1.14.13;5.3.3;1.14.11;1.14.13
489,2.6.1;1.4.3;1.4.1;1.4.7|1.4.9;1.4.9|1.4.99;1.4.99|1.4.7;1.4.2;1.14.11|4.3.1;2.-.-|1.13.12;4.1.1;1.13.12|1.14.11;2.4.2|2.-.-;4.3.1|2.4.2;1.4.5,2.6.1|4.2.3;2.6.1|4.2.3;2.6.1|4.2.3|1.4.1;2.6.1|4.2.3;4.3.1|4.2.3|1.5.1;2.6.1|4.2.3|4.4.1;2.6.1|4.2.3|1.4.3;2.6.1|4.2.3|1.4.3;2.6.1|4.2.3|1.4.1;1.17.1|4.2.3|1.5.1;2.6.1|4.2.3|1.4.1;2.6.1|4.2.3|4.4.1;2.6.1|4.2.3|4.4.1;1.17.4|4.2.3|2.6.1;4.2.3|2.6.1;4.2.3|1.4.3;4.2.3|1.4.3;4.2.3|2.6.1;4.2.3|1.4.1;4.2.3|4.1.99|1.4.1;4.2.3|1.4.99;4.2.3|2.6.1;4.2.3|1.4.1;4.3.3|4.2.3|4.4.1;4.2.3|4.4.1;4.2.3|4.1.2|4.4.1;4.2.3|4.1.2|1.4.3;4.2.3|4.1.2|4.3.1;4.1.99|2.2.1;4.2.3|2.2.1;4.3.3;4.2.3;4.2.3;4.2.3;4.2.3;4.2.3;4.2.3
49,1.2.1|1.3.1;1.2.3|1.3.99;1.2.99|1.5.1;1.2.-|1.3.8;1.1.1|5.3.3;1.2.7|1.3.3;1.14.13|1.14.11;1.1.3|2.3.1;1.5.1|1.1.1;1.14.99|1.3.5;1.17.1|5.2.1;1.14.11|5.3.2;1.5.99|5.3.1;1.2.2|1.3.7;1.1.-|1.4.3;1.14.14|1.5.99;1.14.21;5.1.3;1.5.3;1.10.3;1.6.5;1.3.-;2.5.1;1.1.3;1.6.99;1.5.-;4.1.1;1.4.1;1.11.1;1.1.-;5.3.99;1.17.99;1.12.98;1.3.2;1.6.3;1.6.1;1.10.9;1.14.99;1.14.13;1.14.14;5.1.1;3.1.3;1.14.12;1.14.-;5.5.1;1.7.1;1.8.5;1.3.98,1.2.1|4.2.3|1.-.-;1.2.1|2.7.7|4.1.99|1.-.-;1.2.1|4.2.3;1.2.1|4.2.3;1.2.1|4.2.3;1.2.1|4.2.3;1.2.1|4.2.3;4.2.3;4.1.99|4.2.3;4.2.3;4.2.3;4.2.3;4.2.3;4.2.3;4.2.3;4.2.3;4.2.3;4.2.3;4.2.3;4.1.2;4.2.3
490,2.7.1|3.1.4;3.1.3|6.5.1;3.6.1|4.6.1;2.7.8;2.7.4;2.7.7;3.6.3;2.7.11;3.1.4;2.7.2;2.7.6;2.7.3;3.6.4;3.1.7;4.6.1;2.7.9;3.6.5;3.2.1;2.7.12;2.7.13;2.6.-;2.7.-;4.1.1;2.7.10;1.3.7;1.18.6;4.2.3;3.1.5;2.7.99;2.4.1;5.1.3;1.19.6;3.-.-,2.7.1|2.5.1;2.7.1|2.5.1;2.7.1|2.5.1;3.1.3|3.1.4;2.7.1|3.1.4;2.7.1|2.6.99;3.1.3|3.1.4;2.7.1|3.1.4;2.7.1|3.1.4;2.7.1|4.2.3;2.7.1|2.5.1;2.7.1|2.5.1;3.1.3|4.2.3;2.7.1|3.1.4;2.7.1|4.2.3;2.7.1|2.5.1;3.1.3|3.1.4;4.2.3;2.7.1;2.7.1;2.7.1;2.7.1;3.1.4;3.1.3;2.7.1;3.1.4;2.7.1;2.7.1;2.7.1;2.7.1;2.7.1;2.7.1;3.1.3;2.7.1;2.7.1;3.1.4;2.7.1;3.1.3;2.7.1;2.7.1;2.7.1;2.7.8;2.7.1;3.1.4;2.7.1;3.1.4;2.7.8;2.7.2;3.1.3;2.7.1;3.1.3;2.7.1;2.7.1;3.1.3;3.1.3;2.7.8;2.7.1;2.7.8;2.7.8;2.7.1;3.1.3;3.1.3;2.7.1;2.7.1;2.7.8;2.7.-;2.7.8;2.7.1;2.7.1;2.7.8;2.7.1;3.1.4;2.7.8;2.7.1
491,1.14.13|1.3.1;1.14.14|1.3.99;4.1.1|1.5.1;2.5.1|1.3.8;1.14.11|5.3.3;2.1.1|1.3.3;1.14.15|1.14.11;1.97.1|2.3.1;1.14.16|1.1.1;1.14.-|1.3.5;1.14.18|5.2.1;1.14.99|5.3.2;4.2.1|5.3.1;1.14.21|1.3.7;1.17.1|1.4.3;1.11.1|1.5.99;4.1.99|1.14.21;3.7.1|5.1.3;3.8.1|1.5.3;1.22.1|1.10.3;3.5.3|1.6.5;1.10.99|1.3.-;1.13.11|2.5.1;6.4.1|1.1.3;1.10.3|1.5.-;4.1.2|1.6.99;1.1.1|4.1.1;1.4.-|1.4.1;1.14.17|1.11.1;2.4.1|1.1.-;1.17.99|5.3.99;3.5.99|1.17.99;1.2.1|1.12.98;1.3.1|1.6.1;2.1.2|1.3.2;1.3.99|1.10.9;3.2.-|1.6.3;3.13.1|1.14.99;1.3.7|1.14.13;1.14.20|1.14.14;1.-.-|5.1.1;1.17.3|3.1.3;4.99.1|1.14.12;1.7.3|1.14.-;2.8.4|5.5.1;4.7.1|1.7.1;3.1.6|1.8.5;2.3.1|1.3.98;1.6.6;1.17.7,2.-.-|4.2.3|1.-.-;1.14.13|4.2.3|1.-.-;1.5.1|4.2.3|1.14.14;1.14.13|4.2.3|1.14.14;1.14.13|4.2.3|1.14.14;4.2.3|4.1.99;4.2.3;4.2.3;4.2.3;4.2.3;4.2.3;4.2.3;4.2.3;4.1.99|4.2.3;4.2.3|1.14.13;4.2.3;4.2.3|1.14.-;4.2.3;4.2.3;4.2.3|1.14.13;4.2.3|4.2.1;4.2.3|4.2.1;4.2.3|1.14.18;4.3.3|4.1.3;4.2.3|1.3.1;4.2.3;4.2.3;4.2.3|1.3.7;1.14.14|1.14.13;1.14.14|4.2.3;4.2.3;1.14.14|4.2.1;1.14.13|4.2.1;4.1.99|1.3.1;4.2.3|1.3.1;4.2.3;4.2.3|1.3.1;4.2.3|1.14.12;1.14.12;1.14.12|1.3.1;1.14.12|4.2.1;1.14.12;1.14.12|1.3.1;1.14.12|1.14.13;4.1.3|1.10.9;1.14.12|1.3.1;4.2.1|1.14.12;1.14.12|1.3.1;1.14.12|1.3.1;4.2.1|1.14.12;4.2.1|1.14.12;1.14.12|1.3.1;1.14.-|1.3.1;4.2.1|1.3.1;4.2.1|1.3.1;1.10.3;5.3.3;1.14.12;1.3.1;4.2.1;1.14.12;1.14.12;1.14.12;1.14.12;1.3.1;1.3.1;1.3.1;1.14.12;1.14.13;1.3.1;1.14.12;1.14.12;4.2.1;1.3.1;1.3.1;4.2.1;1.14.12;1.3.1;1.14.12;4.2.99;1.3.1;1.14.12;1.14.12;1.3.1;4.2.1;4.1.3;4.1.3;1.3.5;1.8.5;1.1.5;1.14.14;1.14.14;1.14.12;1.14.13;4.2.3;1.14.14;1.14.14;1.3.1;1.14.12;2.1.1;1.14.12;1.14.18
492,1.8.1|1.3.1;1.8.4|1.3.99;1.11.1|1.5.1;1.8.98|1.3.8;1.17.4|5.3.3;1.8.3|1.3.3;2.8.1|1.14.11;1.8.5|2.3.1;2.8.4|1.1.1;1.5.4|1.3.5;5.2.1;5.3.2;5.3.1;1.3.7;1.4.3;1.5.99;1.14.21;5.1.3;1.5.3;1.10.3;1.6.5;1.3.-;2.5.1;1.1.3;1.6.99;1.5.-;4.1.1;1.4.1;1.11.1;1.1.-;5.3.99;1.17.99;1.12.98;1.6.1;1.6.3;1.10.9;1.3.2;1.14.99;1.14.13;1.14.14;5.1.1;3.1.3;1.14.12;1.14.-;5.5.1;1.7.1;1.8.5;1.3.98,1.8.1|4.2.3|4.1.99|1.-.-;1.11.1|4.2.3|1.-.-;4.2.3;4.2.3;4.2.3;4.2.3;4.2.3;4.2.3;4.2.3;4.2.3;4.2.3;4.2.3;4.2.3;4.1.99;4.2.3;4.2.3;4.2.3;4.2.3;4.2.3;4.2.3;4.2.3;4.2.3;4.2.3;4.3.3;4.2.3;4.2.3;4.2.3;4.2.3;4.2.3;4.2.3;4.2.2;4.2.3;4.2.3
493,3.1.2|2.3.1;6.2.1;2.8.3|3.1.1;2.3.1|3.1.2;3.2.1|1.2.1;6.1.1;2.3.3;2.3.2;3.5.1;1.2.7;3.7.1;3.2.1;1.2.4;1.8.1;2.1.3;1.1.1;4.1.3;2.3.-;2.8.3;2.5.1;4.4.1;2.1.1;1.-.-;1.2.3;2.6.1;6.1.2;3.5.3;6.3.1;6.3.4;2.1.2;2.2.1;6.3.2;3.4.11,3.1.2|2.3.1;3.1.2|2.3.1;6.2.1;6.2.1;6.2.1;6.2.1;3.5.1|2.3.1;3.5.1;3.5.1;3.5.1;3.5.1;3.5.1
494,1.14.13|2.5.1|3.1.4;4.1.1|2.1.1|6.5.1;1.14.14|3.3.2|4.6.1;2.5.1|3.8.1;1.14.11|4.4.1;2.1.1|3.3.1;1.14.99|1.17.1;1.14.15|2.3.1;1.17.4|4.2.1;1.14.-|2.8.1;1.97.1|1.14.13;1.2.4|4.1.3;1.14.16|4.99.1;1.14.18|6.3.4;1.17.1|2.6.1;3.5.99|1.3.1;2.2.1|2.9.1;4.2.1|3.5.99;3.7.1;1.14.12;1.14.21;2.3.1;3.5.4;3.8.1;1.11.1;1.17.99;4.1.3;4.1.2;1.7.2;3.1.1;1.5.99;1.22.1;4.1.99;1.1.1;1.1.4;1.10.99;1.13.11;1.17.2;1.10.3;1.3.99;2.8.1;1.17.3;6.4.1;1.7.3;6.3.4;2.1.2;1.7.1;2.4.1;1.4.-;1.3.1;1.3.7;3.2.-;3.13.1;1.14.20;2.1.3;3.11.1;3.5.3;1.5.1;4.99.1;4.7.1;2.8.4;1.13.12;4.4.1;1.3.8;1.-.-;1.17.7;2.6.3,1.10.9|2.5.1;1.14.13|2.5.1;2.1.1|2.5.1;1.14.13|2.5.1|4.2.3;1.10.9|2.5.1;1.1.5|2.5.1;1.14.13|2.5.1|4.2.3;1.3.1|2.5.1|4.2.3;1.3.1|2.5.1|4.2.3;1.3.1|2.5.1;1.3.1|2.5.1;1.3.1|2.5.1;1.8.5|2.5.1|4.2.3;1.10.3|2.5.1|4.1.2;1.3.1|2.5.1;1.3.1|2.5.1;4.2.1|2.5.1;1.3.1|2.5.1;1.3.1|2.5.1;1.14.18|2.5.1;4.2.1|2.5.1;1.3.1;1.3.1;1.3.1;1.14.18;1.3.1;1.3.1;1.14.13;1.3.1;5.3.3;1.3.1;1.3.1;1.3.1;4.2.1;1.3.1;1.3.1;1.14.18;4.2.1;1.3.1;1.3.7;1.14.13;1.14.12;1.14.12;4.2.1;1.14.12;1.14.13;4.2.1;4.2.1;4.2.1;1.14.14
495,4.4.1;2.5.1;1.8.3;4.2.1;1.1.1;1.8.1;2.1.2;4.5.1;3.3.1,4.4.1;4.4.1;4.4.1;4.4.1;4.4.1;1.4.99;2.6.1;1.4.1;4.4.1
496,2.7.1|3.1.4;3.1.3|6.5.1;3.6.1|4.6.1;2.7.8;2.7.4;2.7.7;3.6.3;2.7.11;3.1.4;2.7.2;2.7.6;2.7.3;3.6.4;3.1.7;4.6.1;2.7.9;3.6.5;3.2.1;2.7.12;2.7.13;2.6.-;2.7.-;4.1.1;2.7.10;1.3.7;1.18.6;4.2.3;2.7.99;3.1.5;2.4.1;5.1.3;1.19.6;3.-.-,2.7.1|2.5.1;2.7.1|4.2.3;2.7.1|2.5.1;2.7.1|1.3.1;2.7.1;3.1.3;2.7.1;2.7.1;2.7.1;2.7.1;2.7.1;2.7.1;2.7.1;3.1.3;2.7.1;2.7.1;2.7.1;2.7.1;2.7.1;2.7.1;2.7.1;2.7.1;2.7.1;2.7.1;2.7.1;2.7.1;2.7.1;2.7.1;2.7.1;2.7.1;2.7.1;2.7.1;2.7.1;2.7.1;2.7.1;2.7.1;2.7.1;2.7.1;2.7.1;2.7.1;2.7.1;2.7.1;3.1.5;2.7.1;3.1.3;2.7.1;2.7.1;2.7.1;2.7.1;3.1.3;2.7.6
497,1.14.13;1.14.14;1.14.11;1.14.99;1.14.15;1.14.-;1.17.4;1.14.18;1.17.1;1.14.16;1.14.12;1.7.1;1.17.99;1.5.99;1.1.1;1.1.4;1.10.99;1.3.99;1.97.1;1.10.3;1.13.11;1.17.2;1.6.6;2.6.3;1.14.17;1.7.2;1.17.3;1.7.3;3.7.1;1.3.7;1.14.20;1.8.99;1.4.-;1.1.-;4.1.99;1.-.-;1.17.7;1.1.99;1.17.-;1.13.12;3.8.1;2.1.1;1.5.1;3.5.99,1.14.13|5.3.3;1.14.13|5.3.3;1.14.13|4.2.1;1.14.13|4.2.1;1.14.13|4.2.1|1.3.1;1.14.13|4.2.1|1.3.1;1.14.13|1.3.1|4.2.1;1.14.15|1.3.1|4.2.1;1.14.15|4.2.1|2.1.1|1.3.1;1.14.13|4.2.1;1.14.13|1.14.-;1.14.15|4.2.1|1.14.13;1.14.-|4.1.3;1.14.15|1.14.-|4.2.1;1.14.15|2.1.1|4.2.1;1.14.13|1.3.1|1.14.-;1.14.11|1.14.21|4.1.3;1.14.15|1.14.14|2.1.1;1.14.11|1.14.14|1.3.1;1.14.13|4.2.1|1.14.21;1.14.13|1.-.-|1.3.-;1.14.11|2.1.1|1.14.14;1.14.11|1.14.14;1.14.13|1.-.-;1.14.13;1.14.11;1.14.14;1.14.15;1.14.13;1.14.99;1.14.99;1.14.99;1.14.13;1.3.99;1.14.99;1.14.11;1.14.-;1.14.-;1.14.-;1.3.1;1.3.1;1.3.1;1.3.1;1.3.1;1.3.1;1.3.1;1.3.1;1.3.1;5.3.3;1.14.13;1.3.1;1.3.1;1.3.1;1.3.1;1.3.1;1.14.21;1.14.21;1.14.21;1.14.21;1.1.1;1.1.1;1.1.1;1.1.1;1.1.1;1.1.1;1.1.1;1.1.1;1.1.1;1.1.1;1.1.1;1.1.1;1.1.1;1.14.13;1.1.1;1.14.99;1.3.1;1.3.1;1.14.13;1.14.13;1.14.13;1.14.14;1.14.14;4.2.1;1.3.1;1.3.1;1.3.1;1.14.13;1.14.11;1.14.11;1.14.11;1.3.1;1.3.1;5.3.3;5.3.3;5.3.3;3.7.1;1.14.13;1.14.11;1.14.-;1.14.-;1.14.-;1.14.-;1.14.11;1.14.13;1.14.13;1.14.13;1.14.-
498,1.14.11;1.14.13;1.14.15;1.14.14;1.14.99;1.17.99;1.14.-;1.17.1;1.17.7;2.5.1,1.14.13|5.3.3;1.14.13|2.1.1;1.14.13|1.14.-|2.1.1;1.14.13|1.14.-|4.2.1;1.14.13|4.2.1;1.14.13|4.2.1|1.3.1;1.14.-|4.2.1|1.3.1;1.14.15|4.2.1;1.14.15|4.2.1;1.14.13|1.3.1|4.2.1;1.14.13|4.2.1|1.14.-;1.14.15|4.2.1|2.1.1;1.14.15|1.3.1|1.14.-;1.14.13|4.2.1;1.14.13|2.1.1|4.2.1;1.14.15|4.1.3|4.2.1;1.14.15|1.14.21|1.14.-;1.14.13|1.14.14|4.1.3;1.14.11|1.14.14|1.14.21;1.14.11|1.-.-|1.3.1;1.14.11|1.14.-|1.3.-;1.14.11|1.14.14;1.14.11|1.14.14;1.14.-|1.-.-;1.14.-;1.14.-;5.3.3;1.14.13;1.14.13;1.14.15;1.14.99;1.14.13;1.3.99;1.14.13;1.14.14;1.14.13;1.14.99;1.14.11;1.14.13;1.14.99;1.14.99;1.14.13;1.14.13;1.14.99;4.2.1;1.14.14;1.14.14;1.14.13;1.14.-;1.14.-;1.14.13;1.14.-;1.14.-;1.14.11
499,2.1.1;1.14.14;3.1.1;2.3.1;1.5.3;1.14.11;1.5.8;2.-.-;1.16.1;1.14.99;1.14.13;1.2.7;1.5.99;3.7.1,2.1.1|3.2.-|2.-.-;2.1.1|4.1.99|2.5.1;2.1.1|1.14.13|2.3.1;2.1.1|5.3.99;2.1.1|4.2.1;2.1.1;2.1.1;2.1.1;2.1.1;2.1.1;2.1.1;2.1.1;2.1.1;2.1.1;2.1.1;2.1.1;2.1.1;2.1.1;2.1.1;2.1.1;2.1.1;2.1.1;2.1.1;2.1.1;2.1.1;2.1.1;2.1.1;2.1.1;2.1.1;1.14.11;2.1.1;2.1.1;2.1.1;2.1.1;2.1.1;2.1.1;2.1.1;1.14.11;2.1.1;2.1.1;2.1.1;2.1.1;2.1.1;2.1.1;2.1.1;2.1.1;2.1.1;2.1.1;2.1.1;2.1.1;2.1.1;2.1.1;2.1.1;1.14.13;2.4.1;2.4.1;1.14.11;2.4.1;2.4.1;2.4.1;2.1.1;2.4.1;2.4.1;2.4.1
5,4.1.1|3.1.4|1.2.1;4.1.2|6.5.1|4.2.1;1.2.1|4.6.1|1.2.3;1.14.13|1.1.1;1.14.11|3.5.1;1.14.18|1.2.2;1.5.99|2.3.1;1.17.3|1.2.-;4.1.3|1.14.13;1.14.-|1.14.99;3.11.1|1.2.7;2.1.1|1.1.3;4.2.1|1.5.1;4.3.1|1.2.99;3.7.1|1.14.11,4.1.1|4.2.3;1.3.1|2.5.1|4.1.1;4.2.3|4.1.1;4.2.3|1.1.1;2.6.99|1.1.1;2.5.1|4.1.1;2.5.1|4.1.1;2.5.1|1.1.1;3.1.4;3.1.4;2.5.1;2.5.1;3.1.4;3.1.4;2.9.1;2.5.1;3.1.4;3.1.4;3.1.4;3.1.4;4.1.2;2.5.1;3.1.4;3.1.4;2.5.1;2.5.1;3.1.4;2.5.1;4.2.3;3.1.4;2.5.1;3.1.4;4.2.3;4.2.3;4.2.3;2.5.1;2.5.1
50,1.1.1|1.3.1;1.1.99|1.3.99;1.1.3|1.5.1;2.3.1|1.3.8;1.14.13|5.3.3;1.1.5|1.3.3;1.1.-|1.14.11;1.1.2|2.3.1;5.3.3|1.1.1;1.14.11|1.3.5;1.14.-|5.2.1;1.1.98|5.3.2;1.4.3|5.3.1;1.-.-|1.3.7;1.6.5|1.4.3;1.6.99|1.5.99;1.2.1|1.14.21;4.2.1|5.1.3;1.14.15|1.5.3;1.1.9|1.10.3;1.3.1|1.6.5;5.1.3|1.3.-;1.14.12|2.5.1;1.6.1|1.1.3;1.6.3|1.6.99;6.4.1|1.5.-;5.4.99|4.1.1;1.11.1|1.4.1;4.1.1|1.11.1;1.1.-;5.3.99;1.17.99;1.12.98;1.10.9;1.3.2;1.6.3;1.6.1;1.14.99;1.14.13;1.14.14;5.1.1;3.1.3;1.14.12;1.14.-;5.5.1;1.7.1;1.8.5;1.3.98,1.1.1|1.13.11|1.-.-;4.2.1|1.1.1|1.13.11|1.-.-;4.2.1|1.1.1|1.13.11;4.2.1|1.1.1|1.13.11;4.2.1|2.2.1|1.13.11;1.1.1|1.13.11;4.2.1|1.1.1|1.13.11;4.2.1|1.1.1|1.13.11;4.2.1|4.2.2|1.13.11;4.2.1|1.1.99|1.13.11;4.2.1|1.1.1|1.13.11;4.2.1|1.1.1|1.13.11;4.2.1|1.1.1|1.13.11;1.1.1|1.13.11;1.1.1|1.13.11;1.1.1|1.13.11;1.1.1|1.13.11;1.1.1;1.1.1|3.3.2;3.3.2;3.3.2;3.3.2
500,4.2.1;2.3.1;1.14.11;1.17.1;4.1.2;3.5.5;4.3.1;4.1.1;3.2.-;5.4.4;3.5.1;3.5.4;2.8.1;4.3.3,4.1.1;4.2.1;4.2.1;4.2.1;4.2.1;4.2.1;4.2.1;4.2.1;4.2.1;4.2.1;4.2.1;4.2.1;4.2.1;4.2.1;4.2.1;4.2.1;4.2.1;4.3.1;4.2.1;1.3.5;1.3.1;1.3.1;3.5.1;1.3.1;4.3.1;4.2.1;4.2.1;4.2.1;4.2.1;4.2.1;1.3.1;4.2.1;4.3.2;1.3.1
51,2.3.1;6.2.1;3.1.1;3.1.2;1.2.1;6.1.1;2.3.3;2.3.2;3.5.1;1.2.7;3.7.1;3.2.1;2.1.3|1.2.4;1.2.4|1.8.1;1.8.1|2.1.3;1.1.1;4.1.3;2.5.1|2.3.-;2.3.-|2.8.3;2.8.3|2.5.1;4.4.1;2.1.1;1.-.-;1.2.3;6.1.2|2.6.1;3.5.3|6.1.2;2.6.1|3.5.3;6.3.1;6.3.4;6.3.2|2.1.2;2.1.2|2.2.1;2.2.1|6.3.2;3.4.11,2.3.1|4.2.3|1.1.1;2.3.1|4.2.3;3.1.1|4.2.3|2.3.1;3.1.1|4.2.3|1.2.1;2.3.1|4.2.3|1.2.1;2.3.1|4.2.3|3.1.2;3.1.1|4.2.3|1.2.1;2.3.1|4.2.3|6.2.1;2.3.1|4.2.3;2.3.1|4.2.3|6.2.1;2.3.1|4.2.3;6.1.1|4.2.3|1.2.7;2.3.1|4.2.3;2.3.1|4.2.3|3.1.2;2.3.1|4.2.3|1.2.7;2.3.1|4.2.3|1.2.1;2.3.1|4.2.3|1.2.7;3.1.1|4.1.99|1.2.1;2.3.1|4.2.3;2.3.1|4.2.3|1.2.4;2.3.1|4.2.3|1.2.1;2.3.1|4.2.3|6.2.1;3.1.1|4.2.3|6.2.1;2.3.1|4.2.3;3.1.1|4.2.3|2.3.1;2.3.1|4.2.3;2.3.1|4.2.3;2.3.1|4.2.3|6.2.1;3.1.1|4.2.3|2.3.1;2.3.1|4.2.3;2.3.1|4.2.3;3.1.1|4.2.3;2.3.1|4.2.3;2.3.1|4.2.3;2.3.1|4.2.3;3.1.1|4.2.3;3.1.1|4.2.3;3.1.1|4.2.3;2.3.1|4.3.3;2.3.1|4.2.3;2.3.1|4.2.3;2.3.1|1.14.14;2.3.1|1.14.14;2.3.1|1.14.14;2.3.1|4.2.3;3.7.1|4.2.3;2.3.1|4.2.3;2.3.1|3.1.7;2.3.1|1.14.13;3.1.1|4.2.3;4.2.3;4.2.3;4.2.1;4.1.99|4.1.3;4.1.3|4.2.1;4.2.1;4.2.1|4.1.99;4.2.1;1.14.14;1.14.14;4.2.1;1.14.14;1.14.12;1.14.14|1.14.12;1.14.12|1.14.14;1.14.12;1.14.12;1.14.12
52,3.5.1;2.3.1|6.3.2;6.3.2|2.3.1;2.3.2;6.3.1|3.4.13;6.3.4|6.3.1;3.4.13|6.3.4;2.1.3|3.4.11;3.4.11|3.4.19;6.2.1|3.4.17;3.1.1;3.4.19|2.1.2;2.1.2|2.1.3;6.3.5|3.4.15;3.1.2|6.2.1;3.4.17|3.5.3;3.5.4|2.3.-;1.2.1|3.5.4;3.5.3|3.4.24;4.3.2|3.4.22;2.7.7|6.3.5;2.3.3|1.2.99;1.2.99;6.1.1;2.3.-;3.4.15;1.2.7;1.4.1;4.3.3;1.4.7;3.5.5;3.7.1,3.5.1;6.3.2|3.5.1;2.3.1|3.5.1;2.3.1|6.3.2;2.3.1|6.2.1;6.3.2|1.13.11;2.3.1|3.7.1;3.5.1|6.2.1;2.3.1|6.2.1;2.3.1|3.1.2;2.3.1|6.2.1;2.3.1|3.7.1;6.3.2|3.7.1;6.3.1|3.7.1;3.7.1;3.7.1;3.7.1;3.1.2;3.7.1;6.3.2;6.3.1
53,1.3.1;1.3.8|1.3.99;1.3.99|1.5.1;1.3.3|1.3.8;2.3.1|5.3.3;1.1.-|1.3.3;1.14.12|1.14.11;1.3.7|2.3.1;1.3.5|1.1.1;1.3.98|1.3.5;2.5.1|5.2.1;5.3.2;5.3.1;1.3.7;1.4.3;1.5.99;1.14.21;5.1.3;1.5.3;1.10.3;1.6.5;1.3.-;2.5.1;1.1.3;1.6.99;1.5.-;4.1.1;1.4.1;1.11.1;1.1.-;5.3.99;1.17.99;1.12.98;1.6.1;1.10.9;1.3.2;1.6.3;1.14.99;1.14.13;1.14.14;5.1.1;3.1.3;1.14.12;1.14.-;5.5.1;1.7.1;1.8.5;1.3.98,1.3.1|2.2.1|1.14.14|1.-.-;1.3.1|1.14.13|1.14.14|1.-.-;1.3.1|2.2.1|2.1.1;1.3.1|1.3.3;1.3.1|1.3.3;1.3.1|2.3.1;1.3.1|4.2.3;1.3.1|2.2.1;1.3.1|4.3.3;1.3.1|4.1.1;1.3.1|4.2.3;1.3.1|4.2.3;5.3.3|4.2.3;1.3.1|4.2.3;1.3.1|4.2.3;1.14.21|4.2.3;1.14.21|4.2.3;1.14.21|4.2.3;1.14.21|4.2.3;1.1.1|4.2.3;1.1.1|4.2.3;1.1.1|4.2.3;1.1.1|4.2.3;1.1.1;1.1.1;1.1.1;1.1.1;1.1.1;1.1.1;1.1.1;1.1.1;1.1.1;1.1.1;1.3.1;1.3.1;1.14.13;1.14.13;1.3.1;1.3.1;1.3.1;1.14.13;1.14.13;1.3.99;5.3.3;5.3.3;1.14.11;1.14.11;5.3.3;1.1.1;1.14.13;5.5.1;1.14.13;2.1.1;1.3.1;1.3.1;3.7.1;1.14.99;1.14.99;1.14.99;1.14.99;2.1.1;4.1.99;1.14.11;4.2.1;5.4.1;1.14.11;2.1.1;2.1.1;1.14.13;1.14.99;2.1.1;4.2.3
54,,5.5.1;5.4.99;5.-.-;5.3.1;5.3.1;1.1.1;1.1.1;1.1.1;2.6.1;5.3.1;2.5.1;5.3.1;5.3.1;5.3.1;5.3.1;5.3.1
55,2.6.1;1.4.3;1.4.1;1.4.9|1.5.1;1.4.99|1.5.3;1.4.2|1.14.14|1.4.7;1.4.7|1.14.11|1.4.2;1.13.12|1.4.7|4.1.1;4.1.1|1.13.12;1.14.11|1.4.99;2.-.-|1.4.2;4.3.1|1.4.9|2.4.2;4.1.1|4.3.1;2.-.-;1.5.99;1.14.15;4.3.1;1.11.1;2.5.1,2.6.1|5.1.99|1.4.1;2.6.1|1.4.1|5.4.99;1.4.99|5.1.99;4.4.1|4.1.3;2.6.1|4.1.3|4.4.1;4.4.1|5.4.99|2.6.1;2.6.1|5.4.3;4.4.1|5.4.99;4.4.1|1.1.1;1.4.3|2.1.2;1.4.3|1.1.1;4.4.1|4.1.1;4.4.1|3.5.1;1.4.3|4.3.1;1.4.3|4.3.1;1.4.1|2.6.1;2.6.1|1.4.1;1.4.1|1.4.3;1.4.1|1.4.3;2.6.1|1.4.1;1.4.1|2.6.1;2.6.1;4.4.1|1.4.1;4.3.1|1.4.1;4.3.1|4.4.1;2.6.1|4.3.1;1.4.1|2.6.1;4.3.1|1.4.1;4.4.1;4.4.1;4.4.1;4.4.1;4.4.1;4.4.1;1.4.3;2.5.1;1.1.1;1.1.1;2.6.1
56,4.1.2;4.1.3;2.2.1;4.2.1;1.14.99|2.5.1;2.5.1|1.14.99;4.1.1;1.13.11;1.14.13|2.1.2;2.1.2|1.11.1;1.11.1,4.1.2;4.1.2;2.5.1|4.1.2;2.5.1|4.1.2;4.1.2|4.1.3;4.1.2|4.1.3;4.1.3|4.1.2;2.2.1|4.1.2;2.2.1|4.1.2;4.1.3;4.1.2;4.1.2
57,2.4.1;3.2.1;2.4.2;3.1.4;4.2.2|6.1.1;5.1.3|4.2.2;6.5.1|5.1.3;2.4.99|6.5.1;6.1.1|3.1.1;4.2.1|2.4.99;3.1.3|4.2.1;3.6.1|3.1.3;2.7.8|3.6.1;3.1.1|2.7.8;4.3.3,2.4.1|4.2.3;2.4.1|4.2.3|5.3.1;2.4.1|4.1.99|5.3.1;3.2.1|4.2.3|5.3.1|2.4.1;2.4.1|4.2.3|5.3.1;3.2.1|4.2.3|5.3.1|2.4.2;3.2.1|4.2.3|5.3.1|2.4.1;2.4.1|1.14.14|5.3.1;3.2.1|1.14.14|5.3.1|2.4.1;2.4.1|4.2.3|5.3.1;2.4.1|4.2.3|5.3.1;3.2.1|4.2.3|1.13.99|2.4.1;3.2.1|4.2.3|5.5.1|2.4.1;2.4.1|4.2.3|2.3.1;3.2.1|4.2.3|1.21.-|2.4.2;3.2.1|1.14.14|1.14.13|2.4.1;2.4.1|1.14.14|1.14.13;3.2.1|1.14.12|4.2.3|2.4.1;2.4.1|1.14.12|2.2.1;2.4.1|1.14.12|4.2.3;2.4.1|1.14.12|4.2.3|2.4.2;2.4.1|1.14.12|5.3.3;2.4.1|1.14.12|3.6.1;2.4.1|4.2.3|2.4.2;2.4.1|4.2.3|2.4.2;3.2.1|1.14.12|2.4.2;2.4.1|4.2.3|2.4.99;3.2.1|4.2.3|2.4.2;2.4.1|4.2.3|2.4.99;2.4.1|4.1.99|2.4.2;3.2.1|4.2.3|2.4.1;3.2.1|4.2.3;3.2.1|4.2.3|2.7.8;2.4.1|4.2.3;3.2.1|4.2.3;2.4.2|4.2.3;3.2.1|4.2.3;2.4.2|1.13.11;3.2.1|1.14.14;2.4.1|4.2.3;3.2.1|1.14.14;2.4.1|4.2.3;2.4.1|4.2.3;3.2.1|1.14.12;2.4.1|1.14.12;2.4.2|1.14.14;2.4.1|1.14.12;2.4.1|1.14.12;2.4.1|4.2.3;3.2.1|1.14.12;3.2.1|1.14.12;2.4.1|1.14.12;2.4.2|4.2.3;2.4.1|1.14.14;2.4.1|1.14.12;2.4.2|1.14.12;2.4.1|1.14.13;2.4.1|4.2.3;2.4.1|1.14.12;3.2.1|1.14.12;2.4.1|1.14.12;2.4.1|1.14.12;2.4.1|1.14.12;2.4.1|1.14.12;2.4.1|1.14.12;2.4.1|1.14.-;2.4.1|4.2.1;2.4.1|1.14.12;2.4.1|1.14.12;2.4.1|1.14.14;2.4.1|1.14.14;2.4.1|4.2.1;2.4.1|4.2.1;3.2.1|4.2.3;4.2.2|4.2.3;2.4.1|4.2.3;2.4.1|1.14.12;2.4.1|4.2.3;2.4.1|4.2.3;2.4.1|1.14.12;3.2.1|4.2.3;3.2.1|4.2.3;2.4.1|4.2.1;2.4.1|4.1.1;2.4.1|4.2.1;2.4.1|4.2.3;2.4.1|4.2.3;3.2.1|1.14.-;2.4.1|4.2.3;2.4.1|4.1.3;2.4.1|4.2.3;2.4.1|4.1.1;3.2.1|4.2.3;3.2.1|1.14.-;3.2.1|4.2.3;2.4.1|3.1.7;2.4.1|4.2.1;2.4.2|4.2.1;2.4.1|4.3.3;2.4.1|4.2.1;2.4.1|4.2.3;2.4.1|4.2.3;2.4.1|1.14.11;3.2.1|2.5.1;2.4.1|1.14.11;2.4.1|4.3.99;2.4.1|1.14.11;2.4.1|4.2.3;2.4.1|4.2.3;3.2.1|1.14.13;2.4.1|4.2.3;2.4.1|1.14.13;2.4.1;3.2.1;2.4.1;2.4.1;2.4.1;2.4.1;2.4.1;2.4.1;2.4.1;2.4.1;3.2.1;2.4.1;2.4.1;2.4.1;3.2.1;3.2.1;3.2.1;2.4.1;2.4.1
58,2.1.1|2.5.1;1.14.14|1.5.3;3.1.1|1.4.3;2.3.1|4.4.1;1.5.3|2.4.1;1.14.11|4.2.1;1.5.8|1.5.1;2.-.-|1.5.99;1.16.1|2.3.1;1.14.99|4.1.99;1.14.13|4.1.3;1.2.7|1.14.15;1.5.99|3.1.1;3.7.1|3.5.99;3.2.1;3.3.1;2.1.2;3.5.1;2.4.2;3.3.2;1.14.14;1.14.11;4.3.3;1.21.4;3.5.-;4.5.1;1.3.1;3.5.3;4.3.1;1.1.1,2.-.-|3.3.1;2.5.1;2.-.-|2.3.1;1.5.99;4.3.2;3.5.1|3.3.1;2.1.2|2.1.1;2.1.1;3.1.1;3.5.4
59,3.1.6,2.8.2|4.2.3;4.2.3;1.11.1|4.2.3;4.2.3;4.2.3|1.10.99;4.2.3;4.2.3;4.2.3;4.2.3;4.2.3|1.14.13;4.2.3|1.14.13;4.2.3;4.2.3;4.2.3;4.2.3;4.2.3;4.2.3;4.2.3|1.14.14;4.2.3;4.2.3|4.3.3;4.2.3;4.2.3|1.3.1;4.2.3;4.2.3;4.1.99|4.2.3;4.2.3;4.2.3;4.2.3;4.2.3|4.1.99;4.2.3;4.2.3;4.2.3;4.2.3;4.2.3;4.2.3;4.2.3;4.2.3;4.3.3|4.2.3;4.2.3;4.2.3;4.2.3|1.10.99;4.2.3;4.2.3;4.2.3;4.2.3;4.2.3|1.10.99;4.2.3;3.1.7|2.5.1;4.2.3|2.5.1;4.2.3|2.5.1;4.2.3;4.2.3|4.1.99;4.2.3;4.2.3;4.1.99|1.14.13;1.14.13;4.2.3;1.14.14;1.14.14;4.2.3;4.2.3;4.2.3;1.14.14
6,2.4.1|3.2.1;3.2.1|2.4.1;2.4.2|2.4.99;3.1.4|4.2.1;6.1.1|2.5.1;4.2.2|5.1.3;5.1.3|4.2.2;6.5.1|1.-.-;3.1.1|2.4.2;2.4.99;4.2.1;3.1.3;3.6.1;2.7.8,2.4.1|3.2.1;2.4.1|3.2.1;2.4.1|3.2.1;2.4.1|3.2.1;2.4.1|3.2.1;2.4.1;2.4.1;2.4.1;2.4.1;2.4.1;2.4.1;2.4.1;2.4.1;2.4.1;2.4.1;2.4.1;2.4.1;2.4.1;2.4.1;2.4.1;2.4.1;2.4.1;2.4.1;2.4.1;2.4.1;2.4.1;2.4.1;2.4.1;2.4.1;2.4.1;2.4.1;2.4.1;2.4.1;3.2.1;2.4.1;2.4.1;2.4.1;3.2.1;3.2.1;2.4.1;3.2.1;2.4.1;2.4.1;2.4.1;2.4.1;2.4.1;2.4.1;2.4.1;2.4.1;2.4.1;2.4.1;2.4.2;2.4.1;2.4.2;2.4.1;2.4.1;2.4.1;2.4.2;2.4.1;2.1.1;3.2.1;2.4.1;3.2.1
60,,
61,4.1.2;4.1.3;2.2.1;4.2.1;2.5.1;1.14.99;4.1.1;1.13.11;2.1.2;1.11.1;1.14.13,4.1.2|4.4.1;4.1.2;4.1.2
62,2.1.1|2.3.1;1.14.14|3.5.1;3.1.1;2.3.1|6.2.1;1.5.3|3.1.2;1.14.11|2.3.2;1.5.8|6.3.2;2.-.-|1.2.1;1.16.1|6.1.1;1.14.99|3.7.1;1.14.13|2.3.3;1.2.7|6.3.4;1.5.99|6.3.1;3.7.1|3.4.13;1.2.7;2.1.3;3.4.11;3.2.1;3.6.1;1.2.4;1.8.1;1.1.1;4.1.3;6.3.5;3.4.19|3.4.17;3.4.17|3.4.19;2.3.-;2.5.1;2.8.3;2.1.1;4.4.1;3.5.3;2.7.7;1.-.-;1.2.3;2.6.1;1.14.14;1.4.1;4.3.3;3.5.5;4.3.2;1.4.7;3.4.15;2.7.2;6.1.2,1.14.11|2.-.-|2.5.1|4.3.3|4.1.1;2.1.1|2.3.1|4.2.2|2.5.1|4.1.1;2.1.1|2.3.1|4.1.1;4.1.1;4.1.1;4.1.1;4.1.1;4.1.1;4.1.1;4.1.1;4.1.1;4.1.1;4.1.1;4.1.1;4.1.1;4.1.1;4.1.1;4.1.1;4.1.1;4.1.1;4.1.1;1.1.1;4.1.1;2.1.3;1.1.1;1.1.1;4.1.1;4.1.1;4.1.1;2.3.1
63,2.3.1|6.2.1;3.1.1|6.3.4;6.2.1|3.6.1;3.1.2|2.7.7;3.5.1|1.2.1;1.2.1|2.7.2;2.3.2|2.7.1;6.1.1;2.3.3;1.2.7;6.3.1;3.7.1;2.1.3;6.3.4;6.3.2;3.4.11;3.2.1;1.2.4;1.8.1;1.1.1;4.1.3;2.3.-;2.5.1;2.8.3;4.4.1;2.1.1;1.-.-;3.4.13;3.5.3;6.1.2;1.2.3;2.6.1;4.3.2;2.7.7,2.-.-|6.2.1;2.5.1|6.2.1;4.3.2|1.2.1;1.5.99|2.3.1|2.7.7;2.3.1|1.5.99|6.3.4;3.5.1;2.1.2;3.5.4;2.3.-;3.1.1;6.3.4;2.3.1|4.3.2;2.3.1;2.3.1;4.3.2|2.3.1;3.5.1;2.3.2;3.5.1;2.3.1|3.5.1;3.5.1|2.3.1;2.3.1|3.5.1;2.3.1
64,2.8.2;3.1.6;1.8.4;1.8.99;3.6.2;3.6.1,2.8.2;2.8.2;2.8.2;2.8.2
65,,
66,1.3.99;1.3.8;1.3.5;1.3.1;1.17.99;1.14.99;1.17.3;1.3.3;1.14.-,1.3.1;1.14.13;1.14.13;3.3.2;4.2.1;1.3.1;1.3.1;1.3.-;1.5.1;4.2.1;1.1.1;4.2.1;5.3.3;5.1.3;5.3.3;4.2.1;1.14.14;1.3.1;4.2.3
67,3.5.1|1.2.1|2.3.1;6.2.1|4.2.1;3.1.2|1.2.3|3.1.1;2.8.3|1.1.1|3.1.2;6.3.2|3.5.1|1.2.1;6.3.5|1.2.2|6.1.1;3.7.1|2.3.1|2.3.3;6.3.1|1.2.-|2.3.2;3.4.13|1.14.13|3.5.1;6.3.4|1.14.99|1.2.7;2.3.2|1.2.7|3.7.1;2.3.1|1.1.3|3.2.1;1.4.1|1.5.1|1.2.4;3.4.19|1.2.99|1.8.1;4.3.3|1.14.11|2.1.3;2.6.1|1.1.1;3.4.11|4.1.3;1.13.11|2.3.-;1.4.7|2.8.3;3.1.1|2.5.1;2.4.2|4.4.1;4.1.3|2.1.1;1.14.13|1.-.-;3.4.17|1.2.3;1.14.99|2.6.1;3.5.5|6.1.2;1.2.3|3.5.3;3.2.1|6.3.1;4.1.1|6.3.4;1.2.4|2.1.2;2.1.1|2.2.1;1.2.5|6.3.2;3.4.15|3.4.11;3.4.24;3.4.22;1.14.14;2.1.2,5.5.1|6.3.5|2.3.1|1.2.1;5.1.3|3.5.1|1.3.1|2.3.1|1.2.1;1.21.-|2.8.3|4.1.1|1.1.1|2.3.1;1.14.13|4.1.1|1.2.1;1.14.13|1.2.1|1.1.1;1.14.13|3.1.2|2.3.1;1.14.13|1.2.1|2.3.1;5.3.1|6.2.1|1.2.1;5.3.1|2.3.1|1.2.1;5.3.1|2.3.1|1.2.4;5.3.1|6.2.1|3.1.2;5.3.1|1.2.7|1.2.1;5.1.3|2.3.1|6.2.1;1.1.1|3.1.2|6.2.1;2.1.1|1.2.7|2.3.1;1.1.1|1.2.7|2.3.1;4.2.3|1.2.1|6.2.1;5.3.1|1.2.1|6.2.1;2.3.1;1.2.4|1.2.7;1.2.1|1.1.1;6.2.1|2.3.1;6.2.1|1.2.7;2.3.1|6.2.1;2.3.1|1.2.7;2.3.1|3.1.2;6.2.1;2.3.1
68,1.1.1|1.3.1;1.1.99|1.3.99;1.1.3|1.5.1;2.3.1|1.3.8;1.14.13|5.3.3;1.1.5|1.3.3;1.1.-|1.14.11;1.1.2|2.3.1;5.3.3|1.1.1;1.14.11|1.3.5;1.14.-|5.2.1;1.1.98|5.3.2;1.4.3|5.3.1;1.-.-|1.3.7;1.6.5|1.4.3;1.6.99|1.5.99;1.2.1|1.14.21;5.1.3;4.2.1|1.5.3;1.14.15|1.10.3;1.1.9|1.6.5;1.3.1|1.3.-;1.6.3|2.5.1;1.6.1|1.1.3;1.14.12|1.5.-;6.4.1|1.6.99;5.4.99|4.1.1;1.11.1|1.4.1;4.1.1|1.11.1;1.1.-;5.3.99;1.17.99;1.12.98;1.6.3;1.3.2;1.10.9;1.6.1;1.14.99;1.14.13;1.14.14;5.1.1;3.1.3;1.14.12;1.14.-;5.5.1;1.7.1;1.8.5;1.3.98,1.1.1|1.13.11|4.2.2|1.-.-;1.1.1|1.13.11|4.3.2|1.-.-;1.1.1|1.13.11|4.3.2;1.1.1|1.13.11|4.4.1;4.2.1|1.13.11|4.2.3;4.2.1|1.13.11|4.2.3;4.2.1|1.13.11|4.2.3;1.1.99|1.13.11|4.2.3;4.2.1|1.13.11|4.2.3;4.2.1|1.13.11|4.2.3;4.2.1|1.13.11|4.2.3;4.2.1|1.13.11|4.2.3;1.1.1|1.13.11|4.2.3;1.13.11|4.2.3;1.13.11|4.2.3;1.13.11|4.2.3;1.13.11|4.2.3
69,4.2.1;3.5.2;2.3.1;3.5.5;4.1.2,3.5.2;1.5.1;1.5.1
7,1.14.13;1.14.14;1.14.11;1.14.99;1.14.15;1.14.-;1.17.4;1.14.18;1.17.1;1.14.16;1.14.12;1.17.99;1.7.1;1.5.99;1.1.1;1.1.4;1.10.99;1.3.99;1.97.1;1.10.3;1.13.11;1.17.2;1.6.6;2.6.3;1.14.17;1.7.2;1.17.3;1.7.3;3.7.1;1.3.7;1.14.20;1.1.-;1.8.99;1.4.-;1.-.-;1.17.7;4.1.99;1.1.99;1.17.-;1.13.12;3.8.1;2.1.1;1.5.1;3.5.99,1.14.13|5.3.3;1.14.13|4.2.1;1.14.13|4.2.1;1.14.13|4.2.1;1.14.13|4.2.1;1.1.1|4.2.1|1.3.1;1.1.1|1.3.1|4.2.1;1.1.1|4.2.1|1.3.1;1.1.1|1.3.1|4.2.1;1.1.1|4.1.3|1.14.-;4.2.1;4.2.1;4.2.1|5.3.3;4.2.1|2.1.1;4.2.1|4.1.3;1.3.1|4.2.1;2.1.1|4.2.1;1.3.-|4.1.1;1.14.-|2.1.1;1.14.21|4.1.1;1.14.-|4.2.3;1.14.14|4.2.3;1.14.-|1.3.1;1.14.14|4.2.3;2.1.1|4.2.3;1.-.-|4.2.3;4.2.3;4.2.3;4.2.3;4.2.3;4.2.3;4.2.3;4.2.3;1.14.-;1.3.-;1.14.21;1.14.-;4.2.3;4.2.3;4.2.3;4.2.3;4.2.3;4.1.99;4.2.3;4.2.3;4.2.3;4.2.3;4.2.3;4.2.3;4.2.3;1.14.14;1.14.14;4.2.3;4.2.3;4.2.3;4.2.3;1.3.1
70,,
71,1.1.1|1.3.1;1.1.99|1.3.99;1.1.3|1.5.1;2.3.1|1.3.8;1.14.13|5.3.3;1.1.5|1.3.3;1.1.-|1.14.11;1.1.2|2.3.1;5.3.3|1.1.1;1.14.11|1.3.5;1.14.-|5.2.1;1.1.98|5.3.2;1.4.3|5.3.1;1.-.-|1.3.7;1.6.5|1.4.3;1.6.99|1.5.99;1.2.1|1.14.21;5.1.3;4.2.1|1.5.3;1.14.15|1.10.3;1.1.9|1.6.5;1.3.1|1.3.-;1.6.1|2.5.1;1.6.3|1.1.3;1.14.12|1.5.-;6.4.1|1.6.99;5.4.99|4.1.1;1.11.1|1.4.1;4.1.1|1.11.1;1.1.-;5.3.99;1.17.99;1.12.98;1.3.2;1.6.3;1.10.9;1.6.1;1.14.99;1.14.13;1.14.14;5.1.1;3.1.3;1.14.12;1.14.-;5.5.1;1.7.1;1.8.5;1.3.98,1.1.1|2.7.7|1.-.-;1.1.1|5.3.1|1.-.-;1.1.1|5.3.1;1.1.1|5.3.1;1.1.1|4.2.2|5.3.1;1.1.1|5.3.1;1.1.1|5.3.1;5.3.1|1.1.1;1.1.1|2.2.1|5.3.1;1.1.1|1.1.99|5.3.1;1.1.1|2.7.7|2.7.1;4.2.1|1.1.1|4.1.2;4.2.1|1.1.1|4.1.2;4.2.1|1.1.1|4.1.2;4.2.1|1.1.1|2.2.1;1.1.1|2.7.1;1.1.1|2.7.1;1.1.1|3.5.-;1.1.1|3.1.3;1.1.1|2.2.1;1.1.1|5.3.1;2.7.1|5.3.1;2.7.1|3.5.4;2.7.1;5.3.1|2.7.1;5.3.1|2.7.1;5.3.1|2.7.1;5.3.1|4.2.2;5.3.1|1.1.1;3.5.-|1.1.1;3.3.2
72,,
73,,
74,3.2.2;2.4.2;2.4.1;2.1.1;3.5.1;6.3.4;2.5.1;3.2.1;4.2.1;4.3.3;3.2.-,3.2.-;3.2.2;2.4.2;2.4.2;3.2.2;2.4.2;3.2.2;3.2.2;2.4.2;2.4.2;3.2.2;2.4.2;3.2.2;3.2.2;3.2.2;2.4.2;2.4.2;3.2.2;2.4.2;2.4.2;3.2.2;3.2.2;2.7.8;3.2.2;2.4.2;3.2.2;2.4.2;2.4.2;2.4.2;2.4.2;3.2.2;2.4.2;2.4.2;2.4.2;2.4.2;2.4.2;2.4.2;2.4.2;2.4.1
75,1.8.4|1.11.1;1.8.5|1.10.3;1.14.13|1.1.3;1.8.2|4.2.1;1.8.1|4.4.1;1.14.14;4.99.1;1.11.2;1.8.5;1.3.2;4.3.1;4.5.1;1.97.1,1.8.2|2.5.1;1.8.4|1.11.1
76,1.1.1;2.6.1|1.1.99;1.4.3|1.1.3;1.1.3|2.3.1;1.1.99|1.14.13;1.14.13|1.1.5;1.5.3|1.1.-;4.2.1|1.1.2;1.14.14|5.3.3;1.14.11;1.1.-|1.14.-;5.3.3|1.1.98;1.1.2|1.4.3;1.4.1|1.-.-;1.14.15|1.6.5;1.1.5|1.6.99;1.5.1|1.2.1;1.23.1|5.1.3;1.13.12|4.2.1;1.14.-|1.14.15;1.13.11|1.1.9;1.5.99|1.3.1;1.8.3|1.14.12;1.4.9|1.6.1;1.1.98|1.6.3;1.4.2|6.4.1;1.-.-|5.4.99;1.11.1;2.3.1|4.1.1;1.4.99;1.3.1;1.13.-;1.14.19;2.-.-;1.10.1;1.14.99;1.7.3;1.1.9;1.2.4;4.3.1;1.6.5;1.6.99;5.4.99;1.17.5;1.6.1|1.6.3;1.6.3|1.6.1;4.1.1;1.2.1;2.2.1;1.4.7,1.13.12|1.1.99|1.1.1;1.1.1;1.1.1;1.1.1|4.2.1;2.3.3|1.1.1;1.1.1;1.1.1;1.1.1;1.1.1;1.1.1;1.1.1;1.1.1;1.1.1|1.1.99;1.1.1|2.3.3;4.1.3;2.3.3;1.1.1;4.1.3
77,1.1.1|1.3.1;1.1.99|1.3.99;1.1.3|1.5.1;2.3.1|1.3.8;1.1.5|5.3.3;1.14.13|1.3.3;1.1.-|1.14.11;1.1.2|2.3.1;1.14.11|1.1.1;5.3.3|1.3.5;1.14.-|5.2.1;1.4.3|5.3.2;1.1.98|5.3.1;1.-.-|1.3.7;1.2.1|1.4.3;1.1.9|1.5.99;4.2.1|1.14.21;1.14.15|5.1.3;1.3.1|1.5.3;1.14.12|1.10.3;1.6.5;1.6.99|1.3.-;5.1.3|2.5.1;1.6.3|1.1.3;1.6.1|1.6.99;6.4.1|1.5.-;5.4.99|4.1.1;1.11.1|1.4.1;1.11.1;1.1.-;5.3.99;1.17.99;1.12.98;1.10.9;1.6.3;1.3.2;1.6.1;1.14.99;1.14.13;1.14.14;5.1.1;3.1.3;1.14.12;1.14.-;5.5.1;1.7.1;1.8.5;1.3.98,1.1.1|1.-.-;1.1.1|1.-.-;1.1.1;1.1.2;1.1.1;4.3.1
78,2.5.1|3.7.1;3.7.1|1.13.11;2.3.1;4.2.1|1.14.13;4.4.1|2.1.1;1.5.3|2.5.1;3.3.1|3.1.2;2.1.2;4.1.99;1.13.11;1.14.15;1.5.99;4.1.3;3.3.2;3.5.99,2.5.1|2.3.1;3.7.1|4.1.3;3.7.1;1.14.11|3.7.1;1.2.5|2.3.1;3.7.1;3.7.1;3.7.1;3.7.1;3.7.1;3.7.1;3.7.1;3.7.1
79,2.4.99;2.4.1|3.2.1;3.2.1|2.4.1;3.1.4;3.2.2;2.4.2,3.2.1|4.2.2|2.4.99;2.4.1|4.2.2|5.1.3|3.6.1;3.2.1|5.3.1|1.1.1|2.4.1;2.4.99|5.3.1|1.1.1|2.4.1;2.4.1|5.3.1;3.2.1|5.3.1|5.3.99|2.4.1;3.2.1|5.3.1|5.1.3|2.4.2;3.2.1|5.3.1|1.1.1|2.4.1;3.2.1|5.3.1|2.4.1;2.4.1|5.3.1;3.2.1|5.3.1|2.4.1;2.4.99|5.3.1|2.4.1;2.4.1|5.3.1|2.4.2;2.4.99|2.6.1|5.3.1|2.4.1;3.2.1|5.3.1|2.4.1;2.4.1|5.3.1;2.4.1|5.3.1;2.4.1|1.3.2;2.4.1|1.1.3;2.4.1|1.1.1;3.2.1|4.2.1|4.2.3;3.2.1|1.14.13|2.4.1;2.4.1|5.3.99;2.4.1|5.3.3;2.4.1|1.1.3|2.4.2;2.4.1|1.14.14|2.4.2;3.2.1|2.1.1|2.4.2;3.2.1|1.14.13|2.4.2;2.4.1|4.2.3|2.4.2;3.2.1|1.14.14|2.4.99;3.2.1|1.14.14|2.4.1;2.4.1|1.21.-;2.4.1;2.4.1;2.4.1;3.2.1;2.4.1;3.2.1;2.4.1;3.2.1;3.2.1;3.2.1;2.4.1;2.4.1;2.4.1;3.2.1;3.2.1;2.4.1;3.2.1;2.4.1;3.2.1;2.4.1;3.2.1;2.4.2;2.4.1;3.2.1;2.4.1;2.4.1;2.4.1;2.4.1;2.4.1;3.2.1;3.2.1;2.4.1;2.4.1;2.4.1;2.4.1;3.2.1;2.4.1;2.4.1;2.4.1;2.4.1;2.4.1;2.4.1;2.4.1;2.4.1;3.2.1;2.4.1;3.2.1;2.4.1;2.4.1;2.4.1;2.4.1;2.4.1;2.4.1
8,2.4.1;3.2.1;2.4.2;3.1.4;6.1.1|4.2.2;4.2.2|5.1.3;5.1.3|6.5.1;6.5.1|2.4.99;3.1.1|6.1.1;2.4.99|4.2.1;4.2.1|3.1.3;3.1.3|3.6.1;3.6.1|2.7.8;2.7.8|3.1.1;4.3.3,3.2.1|2.4.1;2.4.1|3.2.1;2.4.1|3.2.1;2.4.1|3.2.1;3.2.1|2.4.2;3.2.1|2.4.2;3.2.1|2.4.2|2.4.1;2.4.1|2.4.2|3.2.1;2.4.1;3.2.1|2.4.1;2.4.1;2.4.1;3.2.1|2.4.1;3.2.1|2.4.1;3.2.1|2.4.1;3.2.1|2.4.1;2.4.1|3.6.1;2.4.1|3.2.1;2.4.1|2.4.2;3.2.1|2.4.1;2.4.1;2.4.1;3.2.1|2.4.1;3.2.1|2.4.99;2.4.1;2.4.1|2.4.2|3.2.1;2.4.1|4.2.3|3.2.1;3.2.1|2.4.99;3.2.1|2.4.2;3.2.1|2.4.2|2.4.1;3.2.1|2.4.1;3.2.1|2.7.8;2.4.1|3.2.1;2.4.1;2.4.1|3.2.1;2.4.1;3.2.1|2.4.1;2.4.1;2.4.1|3.2.1;2.4.1;2.4.1;3.2.1|2.4.1;3.2.1|2.4.1;2.4.1|3.2.1;2.4.1;2.4.1|2.4.2;2.4.1|3.2.1;2.4.1;2.4.1;2.4.1;2.4.2|3.2.1;2.4.1;2.4.1;2.4.1|2.4.2;2.4.1|2.4.2;2.4.1;2.4.1;2.4.1;2.4.1|2.4.2;2.4.2|2.4.1;3.2.1|2.4.2;2.4.1;2.4.1;2.4.2|2.4.1;2.4.1;2.7.1|2.4.1;2.4.2|2.4.1;2.4.1|3.2.1;3.2.1|2.4.1;2.4.1;2.4.1;2.4.1;2.4.1;2.4.2|2.4.1;2.4.1;2.4.1;2.4.1;2.4.1;2.4.1;2.4.1;2.4.1;2.4.1;2.4.1;2.4.1;2.4.1;2.4.1;2.4.1;2.4.1;2.4.1;3.2.1|2.4.1;3.2.1|4.2.2;4.2.2|3.2.1;3.1.3|2.4.2;2.7.1|3.2.1;2.7.1;2.7.1;2.4.1;2.7.1;2.7.1;2.7.1;2.7.1;2.4.2;2.7.1;2.7.1;3.1.3;3.1.3;3.1.3;2.7.1;2.4.1;2.4.1;2.4.1;2.4.1;3.1.3;2.7.1;3.1.3;3.1.3;2.7.1;2.7.1;2.7.1;3.1.3;3.1.3;2.4.1;3.1.3;3.1.3;3.1.3;3.1.3;2.7.1;3.6.1;3.1.3;2.4.1;2.7.1;2.7.1;2.7.1;2.7.1;2.4.1;2.7.1;2.7.1;2.7.7;2.7.1
80,1.14.11|4.1.1|1.14.13|1.2.1;1.14.13|6.4.1|1.2.4|4.2.1;1.14.15|1.1.1|1.2.3;1.17.1|2.1.3|1.14.14|1.1.1;1.14.99|1.14.13|1.14.11|3.5.1;1.14.14|3.1.1|1.14.18|1.2.2;1.14.-|1.3.8|1.14.16|2.3.1;2.5.1|1.14.15|1.2.-;1.5.8|1.14.99|1.14.13;1.17.99|1.14.-|1.14.99;2.1.1|1.17.1|1.2.7;4.3.2|1.1.3;1.5.3|1.5.1;1.2.99;1.14.11,1.14.11|4.4.1|4.1.1|2.3.1;2.3.3|4.4.1|4.1.1|1.2.5|1.13.12;4.4.1|4.1.1|1.1.1;1.8.-|1.14.99|4.1.1|4.2.1;2.5.1|4.1.1|1.1.1;4.1.1;4.1.3|1.1.1;2.3.1|1.2.1;4.1.3|2.3.1;4.1.1;4.1.1;4.1.1;2.3.3|4.1.1;4.1.1;4.1.1;4.1.1;1.14.13;4.1.1;4.1.1;2.3.1;1.14.13;4.1.1;4.1.1;1.14.13;4.1.1;4.1.1;4.1.1;4.1.1;1.14.13;1.3.1;1.14.13;1.1.1;1.14.13;4.1.1;1.1.1;1.14.13;1.1.1;1.1.1;1.14.13;4.1.1;4.1.1;1.2.1;1.1.1;1.14.13;4.1.1;1.14.13;4.1.1;4.1.1;4.1.1;4.1.1;1.1.1;4.1.1;1.11.1;1.1.1;1.1.1;1.14.13;4.1.1;4.1.1;1.14.13;4.1.1;1.14.13
81,1.1.1|1.3.1;1.1.99|1.3.99;1.1.3|1.5.1;2.3.1|1.3.8;1.14.13|5.3.3;1.1.5|1.3.3;1.1.-|1.14.11;1.1.2|2.3.1;5.3.3|1.1.1;1.14.11|1.3.5;1.14.-|5.2.1;1.1.98|5.3.2;1.4.3|5.3.1;1.-.-|1.3.7;1.6.5|1.4.3;1.6.99|1.5.99;1.2.1|1.14.21;5.1.3;4.2.1|1.5.3;1.14.15|1.10.3;1.1.9|1.6.5;1.3.1|1.3.-;1.6.3|2.5.1;1.6.1|1.1.3;1.14.12|1.6.99;6.4.1|1.5.-;5.4.99|4.1.1;1.11.1|1.4.1;4.1.1|1.11.1;1.1.-;5.3.99;1.17.99;1.12.98;1.10.9;1.6.3;1.3.2;1.6.1;1.14.99;1.14.13;1.14.14;5.1.1;3.1.3;1.14.12;1.14.-;5.5.1;1.7.1;1.8.5;1.3.98,1.1.1|4.2.3|1.-.-;1.1.1|1.-.-|4.1.2;1.1.1|3.3.2|4.2.3;1.1.1|3.3.2|4.2.3;5.3.99|4.2.3;4.2.1|4.2.3;1.1.1|4.2.3;5.1.3|4.2.3;1.1.5|4.2.3;1.1.1|4.2.3;1.1.1|4.2.3;5.1.3|4.2.3;1.1.1|4.2.3;1.1.1|3.3.2|4.2.3;5.1.3|3.3.2|1.1.1;1.1.1|4.2.3;1.1.1|4.2.2|4.2.3;1.1.1|1.14.11|4.2.3;5.1.3|4.2.3|3.3.2;5.1.3|4.2.3;1.1.1|4.2.3;5.1.3|5.3.1|4.2.2;4.2.1|2.6.1|4.2.3;4.2.1|4.2.3;1.1.1|4.2.3;1.1.1|5.5.1|4.2.3;1.1.1|4.2.3;1.1.1|3.3.2|4.2.3;5.1.3|3.3.2|4.2.3;1.1.1|2.6.1|4.2.3;5.1.3|4.2.3|1.-.-;5.1.3|4.2.1|4.2.3;4.2.1|2.6.1|4.2.3;4.2.1|4.2.3|1.14.-;5.1.3|1.13.99|1.14.-;1.1.1|1.14.-;5.1.3|1.14.-;1.1.1|1.14.-|4.2.1;1.1.1|1.14.-|5.5.1;1.1.1|4.2.3|4.2.2;4.2.1|4.3.3;5.1.3|4.2.3|5.3.99;1.1.1|4.2.3|5.3.99;5.1.3|4.2.3|1.10.3;5.1.3|4.2.1|5.3.3;1.1.1|4.2.1|5.3.1;1.1.1|1.14.13|2.6.1;1.1.1|1.14.13|1.13.99;1.1.1|5.3.99|1.14.13;4.3.1|5.3.99|1.14.13;1.1.1|1.14.13;1.1.1|5.3.1|4.1.99;1.1.3|5.3.1|4.3.1;5.3.3|4.2.3;5.3.1|1.1.1;4.2.3|4.1.1;1.14.13|2.1.3;1.14.13|5.3.1;1.14.13|5.3.1;4.1.99|2.6.1;5.3.1;5.3.1|1.14.13;4.3.3|1.14.13;5.3.1|1.1.3;5.3.1|4.2.1;5.3.1|1.14.13;5.3.1|4.2.3;5.3.1;1.14.-|5.3.1;4.3.1|5.3.1;1.14.14;4.2.1|1.14.20;1.14.13|5.3.99;1.14.13|4.2.1;1.10.99;4.2.1;5.3.1;5.3.1;5.3.1;5.3.1;5.3.1;1.14.13;1.1.1
82,1.17.99;1.3.99;1.14.13,1.3.1;1.3.1;1.3.1;1.3.5;1.14.13;1.3.7;1.14.12;1.14.12;1.14.12;1.14.14;1.14.13;1.14.14;1.14.12;1.14.12;4.2.1;4.2.1;1.14.12;1.14.14;1.14.13;4.2.1;1.14.12;1.14.12;1.14.12
83,1.14.13;1.14.14;1.14.11;1.14.15;1.14.16;1.14.99;1.14.-;1.14.18;1.17.1;1.1.1;1.13.11;1.10.99;1.10.3;1.97.1;3.5.3;3.7.1;1.6.6;1.17.99;1.2.1;1.3.99;1.3.7;1.14.20;4.1.99;1.-.-;1.14.12;1.17.3;1.7.3;1.14.17;1.17.7,1.14.13|5.3.3;1.14.13|1.14.14;1.14.14|1.14.13;1.14.13|4.2.1|1.14.14;1.14.99|4.2.1|4.1.99;1.14.11|4.2.1|1.3.1;1.14.-|1.3.1|4.2.1;1.14.14|1.3.1|4.2.1;1.14.13|4.2.1|1.3.1;1.14.14|4.2.1;1.14.13|2.1.1;1.14.13|4.2.1|4.1.3;1.14.13|4.2.1;1.14.13|4.1.3|4.2.1;1.14.-|4.2.1;1.14.-|5.3.3;1.14.-|1.3.1|4.2.1;1.14.13|1.14.-;1.14.-|1.3.-|1.3.1;1.14.13|2.1.1;1.3.99|1.14.21|1.3.1;1.14.13|4.2.1|1.3.1;1.14.11|1.14.14|1.3.1;1.14.99|1.14.14|1.14.12;1.14.99|1.14.12;1.14.99|1.14.12;1.14.13|1.3.1;1.14.99|1.3.1;1.14.13|1.3.1;1.14.13|1.3.1;1.14.11|1.3.7;1.14.13|4.2.1;1.14.13|4.3.3;1.14.13|1.3.5;1.14.13|2.1.1;1.14.-|1.14.12;1.14.13|1.14.12;1.14.13|1.14.12;1.14.-|1.14.12;1.14.-|1.14.12;1.14.15|4.2.1;1.14.15|1.14.12;1.14.15|1.14.12;1.14.-;1.14.15|1.3.1;1.14.15|4.2.3;1.14.15|4.2.3;1.14.13|1.14.-;4.2.1|1.14.12;4.2.1|4.2.3;1.14.13|4.2.3;1.14.13|4.2.3;1.14.13|4.2.3;1.14.11|1.14.21;1.14.15|4.2.3;1.14.11|1.-.-;1.14.11|4.2.3;1.14.11|4.2.3;1.14.11|4.2.3;1.14.14|4.2.3;4.2.1|4.2.3;1.14.13|1.3.-;1.14.13|4.1.1;1.14.13|4.2.3;1.14.11|4.1.1;5.3.3|4.2.3;1.14.13|4.2.3;1.17.1|4.2.3;3.3.2|4.2.3;3.3.2|4.1.99;4.2.3|1.14.14;3.3.2|4.2.3;3.3.2|1.14.14;1.14.99|4.2.3;1.14.99|4.2.3;2.6.1|4.2.3;1.14.13|4.2.3;1.14.13|4.2.3;1.14.13|4.2.3;1.14.13|4.2.3;1.14.13|4.2.3;4.2.3
84,2.1.3|6.2.1|3.5.1;6.3.4|2.3.1;3.6.1|6.3.2;2.7.7|2.3.2;1.2.1|6.3.1;2.7.2|6.3.4;2.7.1|3.4.13;2.1.3;3.4.11;6.2.1;3.1.1;3.4.19;2.1.2;6.3.5;3.1.2;3.4.17;3.5.4;1.2.1;3.5.3;4.3.2;2.7.7;2.3.3;1.2.99;6.1.1;2.3.-;3.4.15;1.2.7;1.4.1;4.3.3;1.4.7;3.5.5;3.7.1,2.1.3|3.5.1;2.1.3|1.2.3|2.3.1;2.1.3|2.3.1;2.1.3|2.3.1;1.2.1|2.1.3;1.2.1|2.1.1;1.2.1|6.3.1;3.5.1;2.3.1;3.5.1
85,4.2.1;5.4.4;5.4.99;2.3.1,4.2.1;4.2.1;4.2.1;4.2.1;4.2.1;5.4.3;1.14.14;5.1.99;4.2.1;5.1.99;1.14.11;1.14.11
86,2.3.1;6.2.1;3.1.1;3.1.2;1.2.1;6.1.1;2.3.3;2.3.2;3.5.1;1.2.7;3.7.1;3.2.1;1.2.4;1.8.1;2.1.3;1.1.1;4.1.3;2.3.-;2.8.3;2.5.1;4.4.1;2.1.1;1.-.-;1.2.3;2.6.1;6.1.2;3.5.3;6.3.1;6.3.4;2.1.2;2.2.1;6.3.2;3.4.11,1.1.1;2.3.1;2.3.1;1.2.1;1.2.1;3.1.2;1.2.1;6.2.1;6.2.1;2.3.1;2.3.1;1.2.7;2.3.1;3.1.2;1.2.7;1.2.7;1.2.1;1.2.1;2.3.1;1.2.4;1.2.1;6.2.1;6.2.1;2.3.1;2.3.1;2.3.1;2.3.1;6.2.1;2.3.1
87,2.3.1|2.4.1;6.2.1|6.1.1;3.1.1;3.1.2|3.2.1;1.2.1|2.4.2;6.1.1|3.1.4;2.3.2|5.1.3;2.3.3|6.5.1;1.2.7;3.5.1;3.7.1;3.2.1;2.1.3;1.2.4;1.8.1;1.1.1;1.-.-;4.1.3;2.3.-;2.5.1;2.8.3;4.4.1;2.1.1;6.1.2;1.2.3;2.6.1;3.5.3;6.3.2;6.3.1;6.3.4,2.3.2|6.1.1;2.3.2|6.1.1;6.1.1;6.1.1;6.1.1;6.1.1;6.1.1;6.1.1;6.1.1;6.1.1;6.1.1;6.1.1;6.1.1;6.1.1;6.1.1;6.1.1;6.1.1;6.1.1;6.1.1;6.1.1;6.1.1;1.2.1|6.1.1;6.1.1;6.1.1;2.3.1|6.1.1;6.1.1;6.1.1|2.4.1;2.3.1|2.4.1;3.2.1|2.4.1;2.1.3|2.4.1;2.3.1|2.4.1;2.3.1|2.4.1;2.3.1;2.3.1;2.3.1;2.3.1;2.3.1;2.3.1;2.3.1;2.3.1;2.3.1;2.3.1;2.3.1;1.-.-;2.3.1
88,1.5.3|1.4.3;1.5.1|2.6.1;1.5.99|1.5.3;1.4.3|1.4.9;1.5.8|4.2.1;2.5.1|1.21.4;1.14.14|1.4.1;1.14.11|1.14.14;1.4.99;1.4.2,2.6.1|3.5.-;1.5.3;6.3.2;2.5.1;1.5.3;2.5.1;1.5.3;6.3.2;1.5.3;1.5.1;1.5.1;1.5.3;1.5.8;2.1.1;1.5.1;1.4.3;1.4.3;1.5.8;2.5.1;1.14.14;2.3.1;6.3.2;6.3.2;6.3.2;6.3.2;6.3.2;2.1.1;2.1.1;6.3.2;1.4.3;6.3.2;1.5.3;1.14.11;2.1.1
89,1.3.1|1.2.1;1.3.8|4.2.1|1.3.99;1.3.99|1.2.3|1.5.1;1.3.3|1.1.1|1.3.8;2.3.1|3.5.1|5.3.3;1.1.-|1.2.2|1.3.3;1.14.12|2.3.1|1.14.11;1.3.7|1.2.-|2.3.1;1.3.5|1.14.13|1.1.1;1.3.98|1.14.99|1.3.5;2.5.1|1.2.7|5.2.1;1.1.3|5.3.2;1.5.1|5.3.1;1.2.99|1.3.7;1.14.11|1.4.3;1.5.99;1.14.21;5.1.3;1.5.3;1.10.3;1.6.5;1.3.-;2.5.1;1.1.3;1.5.-;1.6.99;4.1.1;1.4.1;1.11.1;1.1.-;5.3.99;1.17.99;1.12.98;1.3.2;1.10.9;1.6.3;1.6.1;1.14.99;1.14.13;1.14.14;5.1.1;3.1.3;1.14.12;1.14.-;5.5.1;1.7.1;1.8.5;1.3.98,1.3.1|1.2.1|4.2.3|4.1.99|1.-.-;1.3.1|2.3.1|4.1.2|1.14.14|1.-.-;1.3.1|1.13.12|4.1.99|4.2.3;1.3.1|3.5.1|4.2.3;1.3.1|1.2.1|4.2.3|1.11.1;1.3.1|2.3.1|4.2.3;1.3.1|4.1.1|4.2.3|4.1.99;1.3.1|4.1.1|4.2.3;1.3.1|4.1.1|4.2.3;1.3.1|4.1.1|4.2.3;1.3.1|4.1.1|4.2.3;1.3.1|1.14.13|4.2.3;1.3.1|1.14.13|4.2.3;1.3.1|1.14.13|4.2.3;1.3.1|4.1.1|4.2.3;1.3.1|4.1.1|4.2.3;1.3.1|4.1.1|4.2.3;4.2.1|4.1.1|4.2.3;4.2.1|2.3.1|4.2.3;1.3.1|1.14.13|4.2.3|1.14.14;1.3.1|4.1.1|4.2.3;1.3.1|4.1.1|4.2.3|1.14.14;4.2.1|4.1.1|4.2.3|4.1.99;4.1.1|4.2.3;1.3.1|3.3.2|4.2.3;1.14.13|3.3.2|4.2.3;4.1.1|4.2.3;1.1.1|4.2.3;4.1.1|4.2.3;1.14.13|4.2.3|1.3.1;4.1.1|4.2.3|1.3.1;1.14.13|1.1.1|1.3.1;4.2.1|4.2.2|4.2.3;1.14.13|4.2.3;1.14.13|4.2.3;4.1.1|4.2.3;4.1.1|4.2.3;4.1.1|3.3.2|1.3.1;4.1.1|4.2.3|1.3.1;4.1.1|4.2.3|1.3.1;1.14.13|3.3.2|1.3.1;4.1.1|4.2.3|1.3.1;1.1.1|4.2.3|1.14.13;1.1.1|1.14.11|4.2.3;4.1.1|4.2.3;1.1.1|4.2.3|1.3.1;4.1.1|1.-.-|1.3.1;1.1.1|4.2.3|1.3.1;1.11.1|4.2.3|1.3.1;4.1.1|4.2.3|1.3.1;4.1.1|1.14.-|1.3.1;1.1.1|1.14.-|1.3.1;1.1.1|1.14.-|1.3.1;4.1.1|1.14.-|4.2.1;1.14.13|2.6.1|1.3.1;4.1.1|5.3.1|1.3.1;1.1.1|2.6.1|4.2.3;1.14.13|4.1.99|4.2.3;1.1.1|4.2.1|4.2.3;1.1.1|5.3.99|4.2.3;1.1.1|5.3.99|4.3.3;1.14.13|5.5.1|4.2.2;1.14.13|4.2.1|4.2.3;1.13.12|1.14.13|1.3.-;4.1.1|5.3.3|1.3.1;1.14.13|1.3.1;4.3.3|1.3.1;4.1.1|1.3.1;4.2.1|1.3.1;1.14.13|1.3.1;1.14.13|4.2.99;4.2.1|4.1.3;4.2.1|1.14.-;4.2.3;3.3.2|4.2.3;3.3.2|4.2.3;1.13.99|1.14.14;1.14.11|1.14.14;5.3.1|4.2.3;5.3.1|1.14.14;1.14.13|1.14.14;1.14.13|4.2.3;1.14.11|1.3.1;5.3.1|4.2.1;1.14.13|4.2.3;1.14.13;1.14.20|4.2.3;1.10.99|1.14.18;1.17.4|4.2.1;1.14.14|1.14.13;4.2.3;5.3.1;5.3.1;1.14.13;1.14.11;4.2.99;1.14.13;5.3.1;5.3.1;5.3.1;5.3.1;5.3.1;1.14.14;4.2.1;1.17.1;1.17.1
9,5.3.99;5.1.2;5.99.1,5.3.99
90,2.7.1;3.1.3;3.6.1;2.7.8;2.7.4;2.7.7;3.6.3;2.7.11;3.1.4;2.7.2;2.7.6;2.7.3;3.6.4;3.1.7;4.6.1;2.7.9;3.6.5;3.2.1;2.7.12;2.7.13;2.6.-;2.7.-;4.1.1;2.7.10;1.3.7;1.18.6;4.2.3;3.1.5;2.7.99;2.4.1;5.1.3;1.19.6;3.-.-,1.14.13|2.7.8|2.5.1;4.3.99|2.7.1|1.17.3;1.13.11|2.7.1|3.5.4;1.14.12|2.7.1|6.3.5;1.13.11|2.7.1|1.11.1;1.14.12|3.1.3|6.3.5;1.14.21|2.7.1;1.13.11|2.7.1|3.5.4;1.14.-;1.14.-;1.11.1;1.13.11;1.14.12;1.14.12;1.14.12;1.14.12;1.14.-;4.1.1;1.14.12;1.14.12;1.14.12;4.1.1;2.5.1;4.1.1;1.14.11;1.14.11;1.14.11;1.14.12;1.14.12
91,1.3.99;1.3.8;1.3.5;1.17.3;1.14.99;1.3.1;1.17.99;1.3.3;1.14.-,1.17.1;3.5.4;3.5.4;1.17.1;1.17.3;1.17.3;1.17.3;1.1.1;1.17.3;1.14.14;3.5.4;3.5.4;6.3.5;6.3.5;3.5.4;1.1.1;6.3.4;3.5.4;3.5.4;2.4.2;3.5.4;1.2.3;3.5.4;1.2.3
92,4.2.1;2.3.1;4.1.2;4.3.3;3.5.5;3.2.-;2.5.1;3.5.1;3.5.2;2.8.1;2.9.1;5.4.4,4.2.1;4.2.1;4.2.1;4.2.1;4.2.1;4.2.1;4.2.1;1.1.1;4.2.1;4.2.1;4.2.1;4.2.1;4.2.1;1.1.1;4.3.1;4.2.1;4.2.1;1.1.1;1.1.1;1.1.1
93,2.7.1;3.1.3;2.7.8;3.1.4;2.7.11;3.6.1;2.7.7;3.1.7;2.7.6;2.7.4;4.6.1;3.2.1;3.6.3;2.6.-;2.7.-;2.7.2;2.7.3;2.7.9;2.4.1;5.1.3;4.2.3;2.7.99;3.1.5;2.7.13;3.6.4;3.6.5;2.7.12,2.7.1|4.2.3|4.4.1;2.7.1|4.2.3|3.5.-;2.7.1|4.2.3|3.3.2;2.7.1|4.2.3|3.3.2;3.1.3|4.2.3|3.3.2;2.7.1|4.2.3|3.3.2;2.7.1|4.2.3|1.1.1;2.7.1|4.2.3|1.1.1;2.7.1|4.2.3|1.1.1;2.7.1|4.2.3|1.1.1;3.1.3|4.2.3|1.1.1;2.7.1|4.2.3|1.14.14;4.2.3|1.14.14;2.7.1|4.2.3|1.14.19;2.7.1|4.2.3|4.3.3;2.7.1|4.2.3|1.1.1;2.7.1|4.2.3|1.1.1;2.7.1|1.11.1|2.2.1;2.7.1|4.2.3|1.1.1;3.1.3|4.2.3|1.1.1;2.7.1|4.2.3|1.1.1;3.1.3|4.1.99|1.1.1;2.7.1|4.2.3|1.1.1;2.7.1|4.2.3|1.1.1;2.7.1|4.2.3|1.1.1;2.7.1|4.2.3;2.7.1|4.2.3;3.1.3|4.2.3;2.7.1|4.2.3;2.7.1|4.2.3;2.7.1|4.2.3;2.7.1|4.2.3;2.7.1|4.2.3;3.1.3|4.2.3;2.7.1|4.3.3;3.1.3|4.2.3;2.7.1|4.2.3;2.7.1|4.2.3;3.1.3;3.1.3;3.1.4;2.7.1;3.1.4;2.7.2;2.7.1;2.7.1;2.7.1;3.1.4;2.7.8;3.1.3;2.7.8;2.7.1;2.7.8;2.7.8;2.7.-;2.7.8;3.1.4;2.7.8;2.7.8;3.1.4;2.7.8;2.7.1;3.1.3;3.1.3;2.7.1;2.7.1;2.7.8;2.7.8;2.7.1;2.7.8;3.1.4;2.7.8;2.7.8;3.1.3
94,1.1.1|1.3.1;1.1.99|1.3.99;1.1.3|1.5.1;2.3.1|1.3.8;1.14.13|5.3.3;1.1.5|1.3.3;1.1.-|1.14.11;1.1.2|2.3.1;5.3.3|1.1.1;1.14.11|1.3.5;1.14.-|5.2.1;1.1.98|5.3.2;1.4.3|5.3.1;1.-.-|1.3.7;1.6.5|1.4.3;1.6.99|1.5.99;1.2.1|1.14.21;5.1.3;4.2.1|1.5.3;1.14.15|1.10.3;1.1.9|1.6.5;1.3.1|1.3.-;1.6.3|2.5.1;1.6.1|1.1.3;1.14.12|1.6.99;6.4.1|1.5.-;5.4.99|4.1.1;1.11.1|1.4.1;4.1.1|1.11.1;1.1.-;5.3.99;1.17.99;1.12.98;1.6.1;1.3.2;1.10.9;1.6.3;1.14.99;1.14.13;1.14.14;5.1.1;3.1.3;1.14.12;1.14.-;5.5.1;1.7.1;1.8.5;1.3.98,1.14.21|3.1.7|4.2.3|1.-.-;1.14.21|4.2.3|1.-.-;4.2.3;4.2.3;4.2.3;4.2.3;4.2.3;4.2.3;4.2.3;4.2.3;4.2.3;4.2.3;4.2.3;4.2.3;4.2.3|3.1.7;4.2.3;4.2.3;4.2.3;4.2.3|4.1.99;4.1.99|4.2.3;4.2.3;4.2.3;4.2.3;4.2.3;4.2.3;4.2.3;4.2.3;4.2.3;4.2.3;4.2.3;4.2.3;4.2.3;1.3.1;4.2.3|2.5.1;2.5.1|4.2.3;4.2.3|2.5.1;2.5.1;2.5.1|4.2.3;4.2.3|4.1.99;4.1.99|4.3.3;4.2.3;4.2.3;4.2.3;4.2.3;4.2.3;4.2.3;4.2.3;4.2.3;4.2.3;4.2.3;4.2.3;4.2.3;4.2.3;4.2.3;4.2.3;4.3.3|4.2.3;4.2.3;4.2.3;4.2.3;4.2.3
95,4.2.3|3.1.4;4.1.99|6.5.1;3.1.7|4.6.1,4.2.3;4.2.3;4.2.3;4.2.3|2.5.1;4.2.3|2.5.1;4.2.3|2.5.1;4.2.3|2.5.1;4.2.3;4.2.3|2.5.1;4.2.3|2.5.1;4.1.99|2.5.1;1.1.1|4.2.3;2.5.1;2.5.1
96,2.3.1;6.2.1;3.1.1;3.1.2;1.2.1;6.1.1;2.3.3;2.3.2;3.5.1;1.2.7;3.7.1;3.2.1;1.2.4;1.8.1;2.1.3;1.1.1;4.1.3;2.3.-;2.8.3;2.5.1;4.4.1;2.1.1;1.-.-;1.2.3;2.6.1;6.1.2;3.5.3;6.3.1;6.3.4;2.1.2;2.2.1;6.3.2;3.4.11,4.2.3|2.3.3|1.2.1;4.2.3|2.3.3|1.2.1;4.2.3|2.3.1|1.2.1;4.2.3|2.3.3|3.1.2;4.2.3|2.3.3|1.1.1;4.2.3|2.3.3|2.3.1;4.2.3|2.3.3|2.3.1;4.2.3|2.3.3|6.2.1;4.2.3|2.3.3|2.3.1;4.2.3|2.3.3|1.2.7;4.2.3|2.3.3|1.2.7;4.2.3|4.2.1|3.1.2;4.2.3|2.3.3|2.3.1;4.2.3|1.1.1|1.2.7;4.2.3|4.1.3|2.3.1;1.3.1|2.3.3|6.2.1;4.2.3|4.1.3|1.2.1;4.2.3|1.1.1|2.3.1;4.2.3|1.1.1|1.2.4;4.2.3|4.1.3|6.2.1;4.2.3|1.1.1|1.2.1;4.1.99|1.1.1|1.2.1;4.2.3|1.1.1|2.3.1;4.2.3|2.3.1;4.2.3|6.2.1;4.2.3|6.2.1;4.2.3|1.1.1;4.2.3|2.3.1;4.2.3|2.3.1;4.2.3|2.3.1;4.2.3|2.3.1;4.2.3|2.3.1;4.2.3|6.2.1;2.5.1|2.3.1;4.2.3|6.2.1;2.5.1;2.5.1;4.2.3;1.11.1;4.2.3;3.1.7;4.2.3;4.2.3;4.2.3;4.2.3;4.2.3;4.2.3;4.2.3;4.3.3;4.2.3;4.2.3;4.2.3;4.2.3;4.2.3;4.2.3;4.1.99;4.2.3;4.2.3
97,3.2.1;2.4.1;2.1.1;5.1.3;2.8.2;4.2.2;2.4.99;1.-.-,3.2.2;3.2.2;3.2.2;3.2.2;3.2.2;3.2.2;3.2.2;3.2.2;2.4.2;2.4.2;2.4.2;2.4.2;2.4.2;2.7.8;2.4.2;2.4.2;2.4.2;2.4.2;2.4.2;2.4.2;2.4.2;2.4.2|2.4.1;2.4.1|2.4.2;2.4.2;3.2.2;3.2.2;3.2.2;3.2.2;3.2.-;3.2.2;2.4.2;3.2.2;2.4.2;2.4.2;2.4.2;2.4.2;2.4.2;2.4.2;2.4.2
98,2.1.2|2.1.1;2.1.1|1.14.14;6.3.4|3.1.1;1.8.1|2.3.1;1.4.4|1.5.3;3.5.1|1.14.11;4.1.2|1.5.8;1.2.99|2.-.-;2.3.1|1.16.1;1.5.1|1.14.99;3.5.4|1.14.13;3.5.3|1.5.99;6.3.3|1.2.7;4.3.-|3.7.1,4.1.2|1.4.4|1.5.3|6.3.2;4.1.2|2.1.2|1.5.8|3.5.1;2.1.2|2.1.1|3.4.19;5.4.99|2.1.2|2.1.4|6.3.2;2.3.1|4.3.1|6.3.2;4.1.2|2.1.2|6.3.2;1.5.1;3.5.4
99,2.7.1;3.1.3;2.7.8;3.6.1;3.1.4;2.7.4;2.7.11;2.7.7;3.6.3;3.1.7;2.7.6;4.6.1;2.7.2;2.7.3;3.2.1;3.6.4;2.7.9;2.6.-;2.7.-;2.7.13;3.6.5;2.4.1;5.1.3;4.2.3;2.7.99;3.1.5;2.7.12;4.1.1;2.7.10;1.3.7;1.18.6;1.19.6;3.-.-,2.7.1|2.4.2|4.2.2;3.1.3|2.4.2|5.1.3;2.7.1|2.4.2|1.1.1;2.7.1|2.4.2|1.1.1;3.1.3|2.4.2|5.1.3;3.1.3|2.4.2|1.1.1;3.1.3|2.4.2|5.3.1;3.1.3|2.7.8|5.3.99;2.7.1|2.4.1|5.3.1;2.7.1|2.4.2|5.3.1;2.7.1|2.4.2|5.3.1;2.7.1|2.4.2|5.3.1;2.7.1|2.4.2|5.3.1;2.7.1|2.4.2|5.3.99;3.1.3|2.4.2|5.3.1;2.7.1|2.4.2|5.3.1;2.7.1|2.4.2|5.3.1;2.7.1|2.4.2|5.3.1;2.7.1|2.4.2|1.1.1;3.1.3|2.4.2|1.3.2;3.1.3|2.4.2|1.1.3;3.1.3|2.4.2|4.2.1;2.7.1|2.4.2|5.3.3;2.7.8|2.4.2|1.14.13;2.7.1|4.2.3;2.7.1|1.14.14;3.1.3|1.1.3;3.1.3|1.14.14;3.1.3|1.14.14;2.7.1|2.1.1;2.7.1;2.7.1;2.7.1;3.1.3;3.1.3;2.7.1;2.7.1;2.7.1;2.7.1;3.1.3;2.7.1;2.7.1;2.4.1;2.7.7;2.7.6;2.7.7;2.7.1;2.7.8;2.7.1;3.1.3;2.7.7;2.7.1;2.7.1;2.7.1;2.7.1;3.1.3;3.6.1
