EC	enrich_score	p_val	where
4	0.0023148148148148147	0.008991008991008992	1
5	0.0019801980198019802	0.023976023976023976	9
4.1	0.007407407407407408	0.000999000999000999	1
4.1.2	0.025	0.000999000999000999	1
