EC	enrich_score	p_val	where
3	0.02900107411385607	0.000999000999000999	399
3.2	0.11409395973154363	0.000999000999000999	41
3.2.1	0.11888111888111888	0.000999000999000999	41
