EC	enrich_score	p_val	where
3	0.03759398496240601	0.000999000999000999	153
3.2	0.1476510067114094	0.000999000999000999	144
3.2.1	0.15384615384615385	0.000999000999000999	144
