EC	enrich_score	p_val	where
1	0.0027112516945323093	0.008991008991008992	40
1.13	0.015873015873015872	0.000999000999000999	8
1.13.11	0.018018018018018018	0.000999000999000999	8
