EC	enrich_score	p_val	where
1	0.004066877541798464	0.001998001998001998	48
1.13	0.015873015873015872	0.000999000999000999	5
1.13.11	0.018018018018018018	0.000999000999000999	5
