EC	enrich_score	p_val	where
3	0.011815252416756176	0.000999000999000999	175
3.1	0.0031645569620253164	0.005994005994005994	0
3.1.3	0.00819672131147541	0.000999000999000999	0
