EC	enrich_score	p_val	where
3	0.0322234156820623	0.000999000999000999	218
3.5	0.06274509803921569	0.000999000999000999	111
3.5.4	0.20588235294117646	0.000999000999000999	13
