EC	enrich_score	p_val	where
3	0.004296455424274973	0.001998001998001998	34
2	0.007654455986878075	0.000999000999000999	203
2.7	0.006349206349206349	0.000999000999000999	1
2.7.7	0.02857142857142857	0.000999000999000999	1
