EC	enrich_score	p_val	where
1	0.6479891549932218	0.000999000999000999	2357
1.14	0.0034662045060658577	0.005994005994005994	41
1.1	0.059366754617414245	0.000999000999000999	1806
1.14.13	0.011235955056179775	0.000999000999000999	41
1.1.1	0.06382978723404255	0.000999000999000999	1806
