EC	enrich_score	p_val	where
3	0.0021482277121374865	0.023976023976023976	6
3.2	0.013422818791946308	0.000999000999000999	6
3.2.2	0.3333333333333333	0.000999000999000999	6
