EC	enrich_score	p_val	where
2	0.002733734281027884	0.005994005994005994	25
3	0.015037593984962405	0.000999000999000999	376
3.3	0.037037037037037035	0.000999000999000999	4
2.5	0.029069767441860465	0.000999000999000999	25
3.3.1	0.5	0.000999000999000999	4
2.5.1	0.029069767441860465	0.000999000999000999	25
