EC	enrich_score	p_val	where
3	0.01288936627282492	0.000999000999000999	53
5	0.13465346534653466	0.000999000999000999	327
3.5	0.023529411764705882	0.000999000999000999	53
3.5.1	0.013793103448275862	0.000999000999000999	1
