EC	enrich_score	p_val	where
3	0.04296455424274973	0.000999000999000999	233
5	0.02574257425742574	0.000999000999000999	500
3.5	0.00784313725490196	0.000999000999000999	61
