EC	enrich_score	p_val	where
2	0.04975396391470749	0.000999000999000999	648
2.7	0.022222222222222223	0.000999000999000999	10
2.7.7	0.1	0.000999000999000999	10
