EC	enrich_score	p_val	where
4	0.023148148148148147	0.000999000999000999	31
4.4	0.01694915254237288	0.000999000999000999	2
4.1	0.044444444444444446	0.000999000999000999	31
4.1.1	0.007692307692307693	0.000999000999000999	0
4.4.1	0.01694915254237288	0.000999000999000999	2
