EC	enrich_score	p_val	where
2	0.08583925642427556	0.000999000999000999	744
2.7	0.44126984126984126	0.000999000999000999	483
2.7.1	0.16374269005847952	0.000999000999000999	357
