EC	enrich_score	p_val	where
2	0.14215418261344998	0.000999000999000999	656
2.3	0.5461346633416458	0.000999000999000999	475
2.3.3	0.2	0.000999000999000999	9
2.3.1	0.453804347826087	0.000999000999000999	475
