EC	enrich_score	p_val	where
1	0.00587437867148667	0.000999000999000999	71
1.4	0.038461538461538464	0.000999000999000999	7
1.4.3	0.06818181818181818	0.000999000999000999	7
