EC	enrich_score	p_val	where
1	0.6479891549932218	0.000999000999000999	2357
1.14	0.02772963604852686	0.000999000999000999	67
1.1	0.059366754617414245	0.000999000999000999	1804
1.14.13	0.0898876404494382	0.000999000999000999	67
1.1.1	0.06382978723404255	0.000999000999000999	1804
