EC	enrich_score	p_val	where
4	0.009259259259259259	0.000999000999000999	22
4.3	0.046511627906976744	0.000999000999000999	1
4.4	0.06779661016949153	0.000999000999000999	22
4.3.1	0.07142857142857142	0.000999000999000999	1
4.4.1	0.06779661016949153	0.000999000999000999	22
