EC	enrich_score	p_val	where
2	0.1487151448879169	0.000999000999000999	796
2.3	0.5760598503740648	0.000999000999000999	549
2.3.1	0.48097826086956524	0.000999000999000999	549
