EC	enrich_score	p_val	where
4	0.019675925925925927	0.000999000999000999	108
4.1	0.018518518518518517	0.000999000999000999	12
4.1.1	0.038461538461538464	0.000999000999000999	12
