EC	enrich_score	p_val	where
4	0.008101851851851851	0.000999000999000999	10
4.1	0.018518518518518517	0.000999000999000999	8
4.1.1	0.038461538461538464	0.000999000999000999	8
