EC	enrich_score	p_val	where
4	0.003472222222222222	0.003996003996003996	29
4.1	0.011111111111111112	0.000999000999000999	29
4.1.1	0.023076923076923078	0.000999000999000999	29
