EC	enrich_score	p_val	where
1	0.6479891549932218	0.000999000999000999	2356
1.1	0.0633245382585752	0.000999000999000999	1633
1.1.1	0.06808510638297872	0.000999000999000999	1633
