EC	enrich_score	p_val	where
2	0.14598141060688902	0.000999000999000999	701
2.3	0.5760598503740648	0.000999000999000999	556
2.3.1	0.48097826086956524	0.000999000999000999	556
