EC	enrich_score	p_val	where
2	0.1443411700382723	0.000999000999000999	655
2.3	0.5386533665835411	0.000999000999000999	577
2.3.1	0.44565217391304346	0.000999000999000999	577
