EC	enrich_score	p_val	where
2	0.14488791689447786	0.000999000999000999	697
2.3	0.57356608478803	0.000999000999000999	555
2.3.1	0.4782608695652174	0.000999000999000999	555
