EC	enrich_score	p_val	where
2	0.08693275013668672	0.000999000999000999	729
2.7	0.4222222222222222	0.000999000999000999	531
2.7.4	0.1	0.000999000999000999	18
2.7.7	0.014285714285714285	0.000999000999000999	32
2.7.1	0.23391812865497075	0.000999000999000999	368
