EC	enrich_score	p_val	where
2	0.13723346090759977	0.000999000999000999	785
2.4	0.39385474860335196	0.000999000999000999	577
2.4.1	0.36335403726708076	0.000999000999000999	577
