EC	enrich_score	p_val	where
3	0.0021482277121374865	0.023976023976023976	19
2	0.08201202843083652	0.000999000999000999	800
3.6	0.04081632653061224	0.000999000999000999	19
2.7	0.33015873015873015	0.000999000999000999	800
3.6.1	0.041666666666666664	0.000999000999000999	19
