EC	enrich_score	p_val	where
1	0.6479891549932218	0.000999000999000999	2357
1.1	0.09630606860158311	0.000999000999000999	415
1.1.1	0.10354609929078014	0.000999000999000999	415
