EC	enrich_score	p_val	where
5	0.005940594059405941	0.000999000999000999	9
4	0.027777777777777776	0.000999000999000999	65
5.4	0.01652892561983471	0.000999000999000999	1
4.2	0.03821656050955414	0.000999000999000999	65
5.4.1	0.6666666666666666	0.000999000999000999	1
4.2.1	0.06338028169014084	0.000999000999000999	65
