EC	enrich_score	p_val	where
2	0.009294696555494806	0.000999000999000999	230
