EC	enrich_score	p_val	where
1	0.6484410302756439	0.000999000999000999	2365
1.17	0.125	0.000999000999000999	70
1.14	0.012131715771230503	0.000999000999000999	106
1.1	0.0633245382585752	0.000999000999000999	1831
1.14.13	0.0056179775280898875	0.000999000999000999	64
1.17.1	0.2	0.000999000999000999	70
1.14.12	0.02127659574468085	0.000999000999000999	106
1.1.1	0.06808510638297872	0.000999000999000999	1831
