EC	enrich_score	p_val	where
2	0.01530891197375615	0.000999000999000999	2354
2.7	0.009523809523809525	0.000999000999000999	23
2.7.7	0.04285714285714286	0.000999000999000999	23
