EC	enrich_score	p_val	where
2	0.016402405686167305	0.000999000999000999	72
2.6	0.1388888888888889	0.000999000999000999	72
2.6.1	0.14018691588785046	0.000999000999000999	72
