EC	enrich_score	p_val	where
4	0.004629629629629629	0.000999000999000999	11
4.1	0.014814814814814815	0.000999000999000999	11
4.1.1	0.03076923076923077	0.000999000999000999	11
