EC	enrich_score	p_val	where
3	0.010741138560687433	0.000999000999000999	55
3.1	0.0031645569620253164	0.005994005994005994	0
3.1.2	0.027777777777777776	0.000999000999000999	0
