EC	enrich_score	p_val	where
6	0.1111111111111111	0.000999000999000999	25
2	0.12793876435210497	0.000999000999000999	1383
6.2	0.7857142857142857	0.000999000999000999	25
2.3	0.22443890274314215	0.000999000999000999	471
6.2.1	0.7857142857142857	0.000999000999000999	25
2.3.1	0.1983695652173913	0.000999000999000999	419
