EC	enrich_score	p_val	where
4	0.0023148148148148147	0.008991008991008992	19
2	0.08419901585565882	0.000999000999000999	797
4.1	0.007407407407407408	0.000999000999000999	19
2.7	0.4095238095238095	0.000999000999000999	602
4.1.1	0.015384615384615385	0.000999000999000999	19
2.7.1	0.06432748538011696	0.000999000999000999	453
