EC	enrich_score	p_val	where
3	0.0021482277121374865	0.023976023976023976	8
4	0.006944444444444444	0.000999000999000999	60
4.1	0.011111111111111112	0.000999000999000999	2
3.5	0.00784313725490196	0.000999000999000999	8
4.1.1	0.023076923076923078	0.000999000999000999	2
