EC	enrich_score	p_val	where
2	0.08583925642427556	0.000999000999000999	1532
2.7	0.04126984126984127	0.000999000999000999	338
2.7.1	0.011695906432748537	0.000999000999000999	25
