EC	enrich_score	p_val	where
2	0.024603608529250958	0.000999000999000999	107
2.6	0.19907407407407407	0.000999000999000999	107
2.6.1	0.20093457943925233	0.000999000999000999	107
