EC	enrich_score	p_val	where
3	0.00322234156820623	0.005994005994005994	16
2	0.04155276107162384	0.000999000999000999	1638
3.6	0.061224489795918366	0.000999000999000999	16
2.7	0.025396825396825397	0.000999000999000999	102
3.6.1	0.0625	0.000999000999000999	16
