EC	enrich_score	p_val	where
2	0.02569710224166211	0.000999000999000999	1343
