EC	enrich_score	p_val	where
2	0.008201202843083653	0.000999000999000999	37
2.8	0.125	0.000999000999000999	11
2.8.3	0.1506849315068493	0.000999000999000999	11
