EC	enrich_score	p_val	where
2	0.05467468562055768	0.000999000999000999	2147
2.7	0.015873015873015872	0.000999000999000999	180
2.7.7	0.02857142857142857	0.000999000999000999	4
