EC	enrich_score	p_val	where
3	0.00322234156820623	0.005994005994005994	29
3.5	0.00392156862745098	0.005994005994005994	16
