EC	enrich_score	p_val	where
4	0.008101851851851851	0.000999000999000999	6
4.1	0.025925925925925925	0.000999000999000999	6
4.1.3	0.15217391304347827	0.000999000999000999	6
