EC	enrich_score	p_val	where
1	0.0022593764121102574	0.008991008991008992	7
1.2	0.010309278350515464	0.000999000999000999	1
1.2.3	0.1111111111111111	0.000999000999000999	1
