EC	enrich_score	p_val	where
2	0.0016402405686167304	0.023976023976023976	15
2.4	0.002793296089385475	0.005994005994005994	2
2.4.2	0.02857142857142857	0.000999000999000999	2
