EC	enrich_score	p_val	where
3	0.0021482277121374865	0.023976023976023976	18
2	0.08529250956806998	0.000999000999000999	803
3.6	0.04081632653061224	0.000999000999000999	18
2.7	0.33650793650793653	0.000999000999000999	803
3.6.1	0.041666666666666664	0.000999000999000999	18
