EC	enrich_score	p_val	where
4	0.004629629629629629	0.000999000999000999	63
