EC	enrich_score	p_val	where
2	0.07654455986878075	0.000999000999000999	377
2.1	0.39080459770114945	0.000999000999000999	377
2.1.1	0.43859649122807015	0.000999000999000999	377
