EC	enrich_score	p_val	where
3	0.0021482277121374865	0.023976023976023976	21
2	0.08583925642427556	0.000999000999000999	736
3.6	0.04081632653061224	0.000999000999000999	21
2.7	0.37777777777777777	0.000999000999000999	674
3.6.1	0.041666666666666664	0.000999000999000999	21
2.7.1	0.08771929824561403	0.000999000999000999	459
