EC	enrich_score	p_val	where
2	0.08693275013668672	0.000999000999000999	715
2.7	0.4507936507936508	0.000999000999000999	475
2.7.4	0.05	0.000999000999000999	5
2.7.3	0.1111111111111111	0.000999000999000999	7
