EC	enrich_score	p_val	where
4	0.0023148148148148147	0.008991008991008992	27
3	0.01611170784103115	0.000999000999000999	176
