EC	enrich_score	p_val	where
4	0.0023148148148148147	0.008991008991008992	23
3	0.022556390977443608	0.000999000999000999	183
4.1	0.003703703703703704	0.005994005994005994	22
4.1.2	0.0125	0.000999000999000999	22
