EC	enrich_score	p_val	where
2	0.009294696555494806	0.000999000999000999	45
2.6	0.0787037037037037	0.000999000999000999	45
2.6.1	0.0794392523364486	0.000999000999000999	45
