EC	enrich_score	p_val	where
3	0.05907626208378088	0.000999000999000999	388
3.6	0.061224489795918366	0.000999000999000999	26
3.1	0.022151898734177215	0.000999000999000999	70
3.6.1	0.0625	0.000999000999000999	26
3.1.3	0.00819672131147541	0.000999000999000999	70
