EC	enrich_score	p_val	where
2	0.07435757244395845	0.000999000999000999	1433
2.7	0.3111111111111111	0.000999000999000999	468
2.7.1	0.0935672514619883	0.000999000999000999	79
