EC	enrich_score	p_val	where
2	0.08529250956806998	0.000999000999000999	723
2.7	0.43492063492063493	0.000999000999000999	483
2.7.3	0.2222222222222222	0.000999000999000999	15
2.7.1	0.1111111111111111	0.000999000999000999	340
