EC	enrich_score	p_val	where
3	0.050483351235230935	0.000999000999000999	609
3.6	0.061224489795918366	0.000999000999000999	6
3.1	0.028481012658227847	0.000999000999000999	79
3.6.1	0.0625	0.000999000999000999	6
3.1.3	0.02459016393442623	0.000999000999000999	79
