EC	enrich_score	p_val	where
2	0.08583925642427556	0.000999000999000999	766
2.7	0.40634920634920635	0.000999000999000999	698
2.7.7	0.04285714285714286	0.000999000999000999	8
