EC	enrich_score	p_val	where
3	0.03759398496240601	0.000999000999000999	76
3.1	0.10443037974683544	0.000999000999000999	76
3.1.3	0.13114754098360656	0.000999000999000999	37
