EC	enrich_score	p_val	where
2	0.1388737014762165	0.000999000999000999	941
2.4	0.4134078212290503	0.000999000999000999	602
2.4.1	0.38509316770186336	0.000999000999000999	602
