EC	enrich_score	p_val	where
2	0.002733734281027884	0.005994005994005994	22
3	0.013963480128893663	0.000999000999000999	254
2.1	0.01532567049808429	0.000999000999000999	3
3.5	0.0196078431372549	0.000999000999000999	196
2.1.3	0.2222222222222222	0.000999000999000999	3
