EC	enrich_score	p_val	where
1	0.016267510167193855	0.000999000999000999	49
5	0.15247524752475247	0.000999000999000999	313
1.8	0.03333333333333333	0.000999000999000999	0
1.8.3	0.14285714285714285	0.000999000999000999	0
