EC	enrich_score	p_val	where
3	0.021482277121374866	0.000999000999000999	275
3.6	0.08163265306122448	0.000999000999000999	31
3.6.1	0.08333333333333333	0.000999000999000999	31
