EC	enrich_score	p_val	where
2	0.04975396391470749	0.000999000999000999	389
2.3	0.12718204488778054	0.000999000999000999	286
2.3.1	0.12771739130434784	0.000999000999000999	286
