EC	enrich_score	p_val	where
2	0.14160743575724438	0.000999000999000999	645
2.3	0.5586034912718204	0.000999000999000999	494
2.3.1	0.4673913043478261	0.000999000999000999	494
