EC	enrich_score	p_val	where
3	0.0021482277121374865	0.023976023976023976	19
2	0.08747949699289229	0.000999000999000999	757
3.6	0.04081632653061224	0.000999000999000999	19
2.7	0.41904761904761906	0.000999000999000999	595
3.6.1	0.041666666666666664	0.000999000999000999	19
2.7.1	0.1286549707602339	0.000999000999000999	391
