EC	enrich_score	p_val	where
3	0.00644468313641246	0.000999000999000999	42
2	0.06014215418261345	0.000999000999000999	674
3.6	0.12244897959183673	0.000999000999000999	42
2.7	0.20317460317460317	0.000999000999000999	674
3.6.1	0.125	0.000999000999000999	42
