EC	enrich_score	p_val	where
1	0.014008133755083597	0.000999000999000999	84
5	0.09702970297029703	0.000999000999000999	353
1.4	0.02564102564102564	0.000999000999000999	1
1.4.3	0.045454545454545456	0.000999000999000999	1
