EC	enrich_score	p_val	where
2	0.008747949699289229	0.000999000999000999	40
2.6	0.07407407407407407	0.000999000999000999	40
2.6.1	0.07476635514018691	0.000999000999000999	40
