EC	enrich_score	p_val	where
1	0.6475372797107998	0.000999000999000999	2361
1.3	0.014018691588785047	0.000999000999000999	92
1.1	0.0633245382585752	0.000999000999000999	1835
1.3.1	0.016853932584269662	0.000999000999000999	92
1.1.1	0.06808510638297872	0.000999000999000999	1835
