EC	enrich_score	p_val	where
1	0.004066877541798464	0.001998001998001998	21
1.3	0.004672897196261682	0.005994005994005994	0
1.1	0.006596306068601583	0.000999000999000999	21
1.3.3	0.03571428571428571	0.000999000999000999	0
1.1.3	0.14705882352941177	0.000999000999000999	21
