EC	enrich_score	p_val	where
2	0.011481683980317113	0.000999000999000999	39
2.6	0.09722222222222222	0.000999000999000999	39
2.6.1	0.09813084112149532	0.000999000999000999	39
