EC	enrich_score	p_val	where
4	0.0023148148148148147	0.008991008991008992	6
2	0.007107709130672498	0.000999000999000999	37
4.4	0.03389830508474576	0.000999000999000999	6
2.6	0.06018518518518518	0.000999000999000999	37
4.4.1	0.03389830508474576	0.000999000999000999	6
2.6.1	0.06074766355140187	0.000999000999000999	37
