EC	enrich_score	p_val	where
1	0.6484410302756439	0.000999000999000999	2365
1.17	0.0625	0.000999000999000999	50
1.14	0.005199306759098787	0.000999000999000999	70
1.1	0.0633245382585752	0.000999000999000999	1835
1.14.13	0.0056179775280898875	0.000999000999000999	47
1.17.1	0.1	0.000999000999000999	50
1.1.1	0.06808510638297872	0.000999000999000999	1835
