EC	enrich_score	p_val	where
2	0.014762165117550574	0.000999000999000999	63
2.6	0.125	0.000999000999000999	63
2.6.1	0.1261682242990654	0.000999000999000999	63
