EC	enrich_score	p_val	where
1	0.6484410302756439	0.000999000999000999	2366
1.14	0.005199306759098787	0.000999000999000999	45
1.1	0.0633245382585752	0.000999000999000999	1835
1.14.13	0.0056179775280898875	0.000999000999000999	38
1.14.12	0.02127659574468085	0.000999000999000999	45
1.1.1	0.06808510638297872	0.000999000999000999	1835
