EC	enrich_score	p_val	where
6	0.030303030303030304	0.000999000999000999	16
2	0.022963367960634227	0.000999000999000999	1829
6.3	0.0136986301369863	0.000999000999000999	8
2.7	0.009523809523809525	0.000999000999000999	312
6.3.2	0.02702702702702703	0.000999000999000999	8
