EC	enrich_score	p_val	where
1	0.1902394938996837	0.000999000999000999	845
1.2	0.18556701030927836	0.000999000999000999	50
1.2.1	0.20809248554913296	0.000999000999000999	50
