EC	enrich_score	p_val	where
3	0.00644468313641246	0.000999000999000999	22
2	0.002186987424822307	0.008991008991008992	264
3.6	0.12244897959183673	0.000999000999000999	22
3.6.1	0.125	0.000999000999000999	22
