EC	enrich_score	p_val	where
2	0.09841443411700383	0.000999000999000999	945
2.7	0.3968253968253968	0.000999000999000999	598
2.7.1	0.47953216374269003	0.000999000999000999	202
