EC	enrich_score	p_val	where
5	0.0039603960396039604	0.001998001998001998	1
5.4	0.01652892561983471	0.000999000999000999	1
5.4.3	0.14285714285714285	0.000999000999000999	1
