EC	enrich_score	p_val	where
1	0.6470854044283778	0.000999000999000999	2352
1.5	0.021739130434782608	0.000999000999000999	2
1.1	0.036939313984168866	0.000999000999000999	646
1.5.1	0.03389830508474576	0.000999000999000999	2
1.1.1	0.03971631205673759	0.000999000999000999	646
