EC	enrich_score	p_val	where
2	0.0825587752870421	0.000999000999000999	785
2.7	0.34285714285714286	0.000999000999000999	404
2.7.1	0.25146198830409355	0.000999000999000999	349
