EC	enrich_score	p_val	where
1	0.6475372797107998	0.000999000999000999	2361
1.2	0.005154639175257732	0.000999000999000999	84
1.14	0.0034662045060658577	0.005994005994005994	102
1.1	0.06728232189973615	0.000999000999000999	1826
1.2.1	0.005780346820809248	0.000999000999000999	84
1.1.1	0.07234042553191489	0.000999000999000999	1826
