EC	enrich_score	p_val	where
1	0.6484410302756439	0.000999000999000999	2365
1.14	0.010398613518197574	0.000999000999000999	41
1.1	0.0633245382585752	0.000999000999000999	1824
1.14.13	0.016853932584269662	0.000999000999000999	30
1.1.1	0.06808510638297872	0.000999000999000999	1824
