EC	enrich_score	p_val	where
4	0.006944444444444444	0.000999000999000999	32
2	0.002733734281027884	0.005994005994005994	165
4.1	0.007407407407407408	0.000999000999000999	2
4.1.1	0.015384615384615385	0.000999000999000999	2
