EC	enrich_score	p_val	where
5	0.011881188118811881	0.000999000999000999	27
3	0.04296455424274973	0.000999000999000999	700
3.2	0.006711409395973154	0.000999000999000999	0
3.1	0.012658227848101266	0.000999000999000999	11
5.4	0.049586776859504134	0.000999000999000999	27
3.2.1	0.006993006993006993	0.000999000999000999	0
3.1.3	0.02459016393442623	0.000999000999000999	8
5.4.2	0.24	0.000999000999000999	27
