EC	enrich_score	p_val	where
1	0.6448260280162675	0.000999000999000999	2372
1.14	0.0034662045060658577	0.005994005994005994	6
1.14.13	0.011235955056179775	0.000999000999000999	6
