EC	enrich_score	p_val	where
5	0.005940594059405941	0.000999000999000999	2
4	0.005787037037037037	0.000999000999000999	16
5.4	0.024793388429752067	0.000999000999000999	2
4.1	0.018518518518518517	0.000999000999000999	16
5.4.99	0.04838709677419355	0.000999000999000999	2
4.1.3	0.06521739130434782	0.000999000999000999	16
