EC	enrich_score	p_val	where
2	0.13559322033898305	0.000999000999000999	711
2.4	0.4022346368715084	0.000999000999000999	586
2.4.1	0.37267080745341613	0.000999000999000999	586
