EC	enrich_score	p_val	where
3	0.01933404940923738	0.000999000999000999	87
3.1	0.02531645569620253	0.000999000999000999	21
3.1.3	0.06557377049180328	0.000999000999000999	21
