EC	enrich_score	p_val	where
2	0.12903225806451613	0.000999000999000999	737
2.4	0.36033519553072624	0.000999000999000999	594
2.4.1	0.3385093167701863	0.000999000999000999	565
