EC	enrich_score	p_val	where
2	0.004920721705850191	0.000999000999000999	69
3	0.02900107411385607	0.000999000999000999	499
3.2	0.06040268456375839	0.000999000999000999	11
2.4	0.025139664804469275	0.000999000999000999	69
3.2.1	0.06293706293706294	0.000999000999000999	11
2.4.1	0.027950310559006212	0.000999000999000999	69
