EC	enrich_score	p_val	where
4	0.019675925925925927	0.000999000999000999	23
4.1	0.06296296296296296	0.000999000999000999	23
4.1.1	0.13076923076923078	0.000999000999000999	23
