EC	enrich_score	p_val	where
2	0.12192454893384364	0.000999000999000999	877
2.3	0.341645885286783	0.000999000999000999	516
2.3.1	0.3125	0.000999000999000999	516
