EC	enrich_score	p_val	where
2	0.09130672498633133	0.000999000999000999	970
2.7	0.44761904761904764	0.000999000999000999	485
2.7.1	0.5555555555555556	0.000999000999000999	209
