EC	enrich_score	p_val	where
2	0.13613996719518862	0.000999000999000999	931
2.4	0.42178770949720673	0.000999000999000999	591
2.4.1	0.40062111801242234	0.000999000999000999	587
