EC	enrich_score	p_val	where
2	0.004373974849644614	0.000999000999000999	68
2.6	0.018518518518518517	0.000999000999000999	12
2.6.1	0.018691588785046728	0.000999000999000999	12
