EC	enrich_score	p_val	where
2	0.02241662110442865	0.000999000999000999	65
2.6	0.18981481481481483	0.000999000999000999	65
2.6.1	0.19158878504672897	0.000999000999000999	65
