EC	enrich_score	p_val	where
2	0.002186987424822307	0.008991008991008992	17
2.1	0.011494252873563218	0.000999000999000999	4
2.1.2	0.25	0.000999000999000999	4
