EC	enrich_score	p_val	where
6	0.12121212121212122	0.000999000999000999	42
2	0.0847457627118644	0.000999000999000999	763
6.3	0.1643835616438356	0.000999000999000999	42
2.7	0.40634920634920635	0.000999000999000999	601
6.3.2	0.1891891891891892	0.000999000999000999	19
2.7.1	0.06432748538011696	0.000999000999000999	464
