EC	enrich_score	p_val	where
5	0.0019801980198019802	0.023976023976023976	3
5.4	0.008264462809917356	0.000999000999000999	3
5.4.4	0.058823529411764705	0.000999000999000999	3
