EC	enrich_score	p_val	where
4	0.009259259259259259	0.000999000999000999	36
4.1	0.003703703703703704	0.005994005994005994	0
4.1.1	0.007692307692307693	0.000999000999000999	0
