EC	enrich_score	p_val	where
6	0.030303030303030304	0.000999000999000999	27
2	0.08419901585565882	0.000999000999000999	1348
6.2	0.14285714285714285	0.000999000999000999	13
2.3	0.08977556109725686	0.000999000999000999	195
6.2.1	0.14285714285714285	0.000999000999000999	13
2.3.1	0.08695652173913043	0.000999000999000999	195
