EC	enrich_score	p_val	where
4	0.017361111111111112	0.000999000999000999	35
4.1	0.04814814814814815	0.000999000999000999	35
4.1.1	0.08461538461538462	0.000999000999000999	20
