EC	enrich_score	p_val	where
2	0.1394204483324221	0.000999000999000999	641
2.3	0.5561097256857855	0.000999000999000999	526
2.3.3	0.1	0.000999000999000999	3
2.3.1	0.4592391304347826	0.000999000999000999	502
