EC	enrich_score	p_val	where
2	0.010934937124111536	0.000999000999000999	28
3	0.00644468313641246	0.000999000999000999	366
2.4	0.055865921787709494	0.000999000999000999	28
2.4.1	0.062111801242236024	0.000999000999000999	28
