EC	enrich_score	p_val	where
3	0.0322234156820623	0.000999000999000999	109
3.4	0.023529411764705882	0.000999000999000999	1
3.5	0.00784313725490196	0.000999000999000999	37
3.4.13	0.07692307692307693	0.000999000999000999	1
3.5.1	0.006896551724137931	0.000999000999000999	7
