EC	enrich_score	p_val	where
1	0.3456845910528694	0.000999000999000999	2006
1.3	0.0794392523364486	0.000999000999000999	37
1.3.1	0.09550561797752809	0.000999000999000999	37
