EC	enrich_score	p_val	where
3	0.02685284640171858	0.000999000999000999	164
3.5	0.054901960784313725	0.000999000999000999	77
3.5.1	0.006896551724137931	0.000999000999000999	0
3.5.2	0.038461538461538464	0.000999000999000999	3
