EC	enrich_score	p_val	where
3	0.02900107411385607	0.000999000999000999	228
3.1	0.02531645569620253	0.000999000999000999	11
3.1.6	0.16666666666666666	0.000999000999000999	0
