EC	enrich_score	p_val	where
2	0.07435757244395845	0.000999000999000999	1008
2.4	0.1452513966480447	0.000999000999000999	214
2.4.1	0.14906832298136646	0.000999000999000999	214
