EC	enrich_score	p_val	where
5	0.009900990099009901	0.000999000999000999	23
5.3	0.013422818791946308	0.000999000999000999	1
5.3.1	0.03333333333333333	0.000999000999000999	1
