EC	enrich_score	p_val	where
3	0.04296455424274973	0.000999000999000999	266
3.1	0.022151898734177215	0.000999000999000999	14
3.1.1	0.018691588785046728	0.000999000999000999	1
