EC	enrich_score	p_val	where
6	0.010101010101010102	0.000999000999000999	57
2	0.022963367960634227	0.000999000999000999	1882
2.7	0.025396825396825397	0.000999000999000999	122
2.7.1	0.023391812865497075	0.000999000999000999	19
