EC	enrich_score	p_val	where
3	0.036519871106337275	0.000999000999000999	161
3.1	0.06645569620253164	0.000999000999000999	83
3.1.4	0.30434782608695654	0.000999000999000999	9
