EC	enrich_score	p_val	where
4	0.013888888888888888	0.000999000999000999	29
4.2	0.016985138004246284	0.000999000999000999	29
4.2.1	0.028169014084507043	0.000999000999000999	29
