EC	enrich_score	p_val	where
4	0.016203703703703703	0.000999000999000999	14
4.3	0.023255813953488372	0.000999000999000999	2
4.4	0.1694915254237288	0.000999000999000999	14
4.3.1	0.03571428571428571	0.000999000999000999	2
4.4.1	0.1694915254237288	0.000999000999000999	14
