EC	enrich_score	p_val	where
3	0.00644468313641246	0.000999000999000999	7
3.1	0.006329113924050633	0.000999000999000999	1
3.1.3	0.01639344262295082	0.000999000999000999	1
