EC	enrich_score	p_val	where
2	0.01694915254237288	0.000999000999000999	48
2.6	0.14351851851851852	0.000999000999000999	48
2.6.1	0.14485981308411214	0.000999000999000999	48
