EC	enrich_score	p_val	where
4	0.008101851851851851	0.000999000999000999	18
4.1	0.022222222222222223	0.000999000999000999	10
4.1.2	0.05	0.000999000999000999	3
