EC	enrich_score	p_val	where
2	0.0989611809732094	0.000999000999000999	990
2.7	0.4380952380952381	0.000999000999000999	533
2.7.1	0.49707602339181284	0.000999000999000999	198
