EC	enrich_score	p_val	where
3	0.011815252416756176	0.000999000999000999	38
3.1	0.03481012658227848	0.000999000999000999	38
3.1.3	0.040983606557377046	0.000999000999000999	28
