EC	enrich_score	p_val	where
3	0.0053705692803437165	0.000999000999000999	11
3.5	0.0196078431372549	0.000999000999000999	11
3.5.1	0.006896551724137931	0.000999000999000999	0
3.5.3	0.043478260869565216	0.000999000999000999	11
