EC	enrich_score	p_val	where
2	0.08419901585565882	0.000999000999000999	778
2.7	0.42857142857142855	0.000999000999000999	556
2.7.1	0.15204678362573099	0.000999000999000999	402
