EC	enrich_score	p_val	where
1	0.2535020334387709	0.000999000999000999	1450
1.3	0.12149532710280374	0.000999000999000999	40
1.3.1	0.14606741573033707	0.000999000999000999	40
