EC	enrich_score	p_val	where
3	0.022556390977443608	0.000999000999000999	55
3.1	0.060126582278481014	0.000999000999000999	55
3.1.3	0.06557377049180328	0.000999000999000999	54
