EC	enrich_score	p_val	where
2	0.1202843083652269	0.000999000999000999	457
2.1	0.735632183908046	0.000999000999000999	415
2.1.1	0.8421052631578947	0.000999000999000999	415
