EC	enrich_score	p_val	where
1	0.6479891549932218	0.000999000999000999	2356
1.5	0.03260869565217391	0.000999000999000999	27
1.1	0.048812664907651716	0.000999000999000999	1764
1.5.1	0.05084745762711865	0.000999000999000999	27
1.1.1	0.0524822695035461	0.000999000999000999	1764
