EC	enrich_score	p_val	where
2	0.12083105522143248	0.000999000999000999	455
2.1	0.7241379310344828	0.000999000999000999	455
2.1.1	0.8289473684210527	0.000999000999000999	455
