EC	enrich_score	p_val	where
2	0.14270092946965554	0.000999000999000999	638
2.3	0.5610972568578554	0.000999000999000999	511
2.3.1	0.4673913043478261	0.000999000999000999	480
