EC	enrich_score	p_val	where
1	0.004066877541798464	0.001998001998001998	20
1.8	0.03333333333333333	0.000999000999000999	2
1.8.4	0.25	0.000999000999000999	2
