EC	enrich_score	p_val	where
5	0.2099009900990099	0.000999000999000999	275
5.1	0.136986301369863	0.000999000999000999	275
