EC	enrich_score	p_val	where
2	0.0038272279934390375	0.001998001998001998	26
2.5	0.040697674418604654	0.000999000999000999	26
2.5.1	0.040697674418604654	0.000999000999000999	26
