EC	enrich_score	p_val	where
1	0.6479891549932218	0.000999000999000999	2357
1.14	0.006932409012131715	0.000999000999000999	79
1.1	0.059366754617414245	0.000999000999000999	1810
1.14.19	0.06666666666666667	0.000999000999000999	53
1.1.1	0.06382978723404255	0.000999000999000999	1810
