EC	enrich_score	p_val	where
2	0.14215418261344998	0.000999000999000999	634
2.3	0.5610972568578554	0.000999000999000999	498
2.3.1	0.4701086956521739	0.000999000999000999	498
