EC	enrich_score	p_val	where
3	0.004296455424274973	0.001998001998001998	33
2	0.05030071077091307	0.000999000999000999	1073
3.5	0.00392156862745098	0.005994005994005994	20
2.7	0.14285714285714285	0.000999000999000999	654
3.5.4	0.029411764705882353	0.000999000999000999	20
