EC	enrich_score	p_val	where
3	0.06552094522019335	0.000999000999000999	272
3.5	0.11764705882352941	0.000999000999000999	176
3.5.1	0.06206896551724138	0.000999000999000999	24
