EC	enrich_score	p_val	where
4	0.010416666666666666	0.000999000999000999	30
5	0.18415841584158416	0.000999000999000999	331
4.1	0.007407407407407408	0.000999000999000999	29
5.1	0.04794520547945205	0.000999000999000999	331
4.1.2	0.0125	0.000999000999000999	1
