EC	enrich_score	p_val	where
3	0.047261009667024706	0.000999000999000999	707
3.1	0.08860759493670886	0.000999000999000999	57
3.1.3	0.09836065573770492	0.000999000999000999	27
