EC	enrich_score	p_val	where
2	0.10661563696008748	0.000999000999000999	1262
2.3	0.2144638403990025	0.000999000999000999	318
2.3.1	0.20652173913043478	0.000999000999000999	302
