EC	enrich_score	p_val	where
3	0.021482277121374866	0.000999000999000999	145
3.1	0.012658227848101266	0.000999000999000999	14
3.1.4	0.043478260869565216	0.000999000999000999	1
