EC	enrich_score	p_val	where
2	0.007107709130672498	0.000999000999000999	58
2.1	0.02681992337164751	0.000999000999000999	27
2.1.1	0.021929824561403508	0.000999000999000999	18
