EC	enrich_score	p_val	where
4	0.006944444444444444	0.000999000999000999	43
4.1	0.014814814814814815	0.000999000999000999	5
4.1.2	0.05	0.000999000999000999	5
