EC	enrich_score	p_val	where
4	0.016203703703703703	0.000999000999000999	169
4.1	0.040740740740740744	0.000999000999000999	52
4.1.1	0.06153846153846154	0.000999000999000999	30
