EC	enrich_score	p_val	where
2	0.07654455986878075	0.000999000999000999	460
2.3	0.23940149625935161	0.000999000999000999	351
2.3.1	0.23641304347826086	0.000999000999000999	328
