EC	enrich_score	p_val	where
4	0.0023148148148148147	0.008991008991008992	1
4.1	0.003703703703703704	0.005994005994005994	0
4.1.3	0.021739130434782608	0.000999000999000999	0
