EC	enrich_score	p_val	where
1	0.004066877541798464	0.001998001998001998	78
1.10	0.058823529411764705	0.000999000999000999	11
1.10.3	0.058823529411764705	0.000999000999000999	11
