EC	enrich_score	p_val	where
3	0.01611170784103115	0.000999000999000999	289
3.1	0.0189873417721519	0.000999000999000999	61
