EC	enrich_score	p_val	where
3	0.031149301825993556	0.000999000999000999	241
3.1	0.03164556962025317	0.000999000999000999	109
3.1.1	0.04672897196261682	0.000999000999000999	11
