EC	enrich_score	p_val	where
4	0.008101851851851851	0.000999000999000999	118
