EC	enrich_score	p_val	where
3	0.02040816326530612	0.000999000999000999	209
3.7	0.037037037037037035	0.000999000999000999	12
3.7.1	0.037037037037037035	0.000999000999000999	12
