EC	enrich_score	p_val	where
3	0.011815252416756176	0.000999000999000999	241
3.5	0.00392156862745098	0.005994005994005994	0
3.5.1	0.006896551724137931	0.000999000999000999	0
