EC	enrich_score	p_val	where
2	0.06506287588846364	0.000999000999000999	1670
2.7	0.07301587301587302	0.000999000999000999	569
2.7.1	0.017543859649122806	0.000999000999000999	68
