EC	enrich_score	p_val	where
2	0.0754510661563696	0.000999000999000999	1071
2.4	0.13966480446927373	0.000999000999000999	242
2.4.2	0.02857142857142857	0.000999000999000999	0
2.4.1	0.13043478260869565	0.000999000999000999	242
