EC	enrich_score	p_val	where
3	0.03007518796992481	0.000999000999000999	177
3.4	0.011764705882352941	0.000999000999000999	2
3.5	0.01568627450980392	0.000999000999000999	36
3.4.13	0.038461538461538464	0.000999000999000999	2
3.5.1	0.006896551724137931	0.000999000999000999	8
