EC	enrich_score	p_val	where
3	0.007518796992481203	0.000999000999000999	21
3.5	0.00784313725490196	0.000999000999000999	3
3.5.1	0.006896551724137931	0.000999000999000999	0
