EC	enrich_score	p_val	where
1	0.6479891549932218	0.000999000999000999	2357
1.14	0.012131715771230503	0.000999000999000999	68
1.1	0.06596306068601583	0.000999000999000999	1821
1.14.12	0.10638297872340426	0.000999000999000999	68
1.1.1	0.07092198581560284	0.000999000999000999	1821
