EC	enrich_score	p_val	where
2	0.10005467468562056	0.000999000999000999	1777
2.7	0.3904761904761905	0.000999000999000999	657
2.7.1	0.38596491228070173	0.000999000999000999	272
