EC	enrich_score	p_val	where
1	0.6479891549932218	0.000999000999000999	2357
1.14	0.006932409012131715	0.000999000999000999	74
1.1	0.059366754617414245	0.000999000999000999	1808
1.14.13	0.016853932584269662	0.000999000999000999	61
1.1.1	0.06382978723404255	0.000999000999000999	1808
