EC	enrich_score	p_val	where
2	0.09458720612356479	0.000999000999000999	1876
2.7	0.3142857142857143	0.000999000999000999	486
2.7.1	0.07017543859649122	0.000999000999000999	481
