EC	enrich_score	p_val	where
3	0.018259935553168637	0.000999000999000999	151
2	0.0032804811372334607	0.003996003996003996	693
3.2	0.08053691275167785	0.000999000999000999	37
3.2.1	0.08391608391608392	0.000999000999000999	37
