EC	enrich_score	p_val	where
1	0.6484410302756439	0.000999000999000999	2365
1.1	0.059366754617414245	0.000999000999000999	1809
1.1.1	0.06382978723404255	0.000999000999000999	1809
