EC	enrich_score	p_val	where
4	0.008101851851851851	0.000999000999000999	9
5	0.20594059405940593	0.000999000999000999	273
4.1	0.022222222222222223	0.000999000999000999	6
5.1	0.1232876712328767	0.000999000999000999	273
4.1.2	0.0625	0.000999000999000999	5
