EC	enrich_score	p_val	where
3	0.027926960257787327	0.000999000999000999	588
3.1	0.056962025316455694	0.000999000999000999	101
3.1.4	0.30434782608695654	0.000999000999000999	8
