EC	enrich_score	p_val	where
2	0.1323127392017496	0.000999000999000999	786
2.3	0.5461346633416458	0.000999000999000999	513
2.3.1	0.453804347826087	0.000999000999000999	513
