EC	enrich_score	p_val	where
1	0.6479891549932218	0.000999000999000999	2357
1.1	0.08970976253298153	0.000999000999000999	607
1.1.1	0.09645390070921986	0.000999000999000999	607
