EC	enrich_score	p_val	where
1	0.6470854044283778	0.000999000999000999	2355
1.1	0.08575197889182058	0.000999000999000999	376
1.1.1	0.09219858156028368	0.000999000999000999	376
