EC	enrich_score	p_val	where
2	0.002733734281027884	0.005994005994005994	24
3	0.007518796992481203	0.000999000999000999	130
2.6	0.023148148148148147	0.000999000999000999	24
3.5	0.0196078431372549	0.000999000999000999	130
3.5.1	0.006896551724137931	0.000999000999000999	0
2.6.1	0.02336448598130841	0.000999000999000999	24
