EC	enrich_score	p_val	where
3	0.018259935553168637	0.000999000999000999	191
3.5	0.011764705882352941	0.000999000999000999	67
