EC	enrich_score	p_val	where
2	0.0038272279934390375	0.001998001998001998	31
3	0.0021482277121374865	0.023976023976023976	81
2.4	0.013966480446927373	0.000999000999000999	31
2.4.2	0.14285714285714285	0.000999000999000999	31
