EC	enrich_score	p_val	where
1	0.6479891549932218	0.000999000999000999	2357
1.1	0.08047493403693931	0.000999000999000999	379
1.1.1	0.08652482269503546	0.000999000999000999	379
