EC	enrich_score	p_val	where
2	0.002733734281027884	0.005994005994005994	125
2.7	0.0031746031746031746	0.005994005994005994	6
2.7.1	0.005847953216374269	0.000999000999000999	6
