EC	enrich_score	p_val	where
3	0.06337271750805586	0.000999000999000999	234
3.5	0.1450980392156863	0.000999000999000999	124
3.5.1	0.11724137931034483	0.000999000999000999	25
