EC	enrich_score	p_val	where
2	0.008201202843083653	0.000999000999000999	1198
2.7	0.012698412698412698	0.000999000999000999	28
2.7.7	0.04285714285714286	0.000999000999000999	10
