EC	enrich_score	p_val	where
4	0.003472222222222222	0.003996003996003996	7
5	0.007920792079207921	0.000999000999000999	16
5.5	0.014285714285714285	0.000999000999000999	1
5.5.1	0.014285714285714285	0.000999000999000999	1
