EC	enrich_score	p_val	where
2	0.08693275013668672	0.000999000999000999	1048
2.7	0.44126984126984126	0.000999000999000999	529
2.7.1	0.4853801169590643	0.000999000999000999	144
