EC	enrich_score	p_val	where
2	0.10333515582285402	0.000999000999000999	934
2.7	0.45396825396825397	0.000999000999000999	453
2.7.1	0.5555555555555556	0.000999000999000999	204
