EC	enrich_score	p_val	where
5	0.005940594059405941	0.000999000999000999	24
5.3	0.013422818791946308	0.000999000999000999	1
5.3.1	0.03333333333333333	0.000999000999000999	1
