EC	enrich_score	p_val	where
1	0.6479891549932218	0.000999000999000999	2357
1.3	0.014018691588785047	0.000999000999000999	45
1.1	0.055408970976253295	0.000999000999000999	1916
1.3.1	0.016853932584269662	0.000999000999000999	45
1.1.1	0.059574468085106386	0.000999000999000999	1916
