EC	enrich_score	p_val	where
4	0.024305555555555556	0.000999000999000999	45
4.2	0.044585987261146494	0.000999000999000999	45
4.2.3	0.12	0.000999000999000999	45
