EC	enrich_score	p_val	where
3	0.03759398496240601	0.000999000999000999	173
5	0.055445544554455446	0.000999000999000999	437
3.5	0.11764705882352941	0.000999000999000999	116
3.5.4	0.08823529411764706	0.000999000999000999	29
