EC	enrich_score	p_val	where
2	0.02733734281027884	0.000999000999000999	95
2.6	0.23148148148148148	0.000999000999000999	95
2.6.1	0.2336448598130841	0.000999000999000999	95
