EC	enrich_score	p_val	where
4	0.004629629629629629	0.000999000999000999	48
4.1	0.011111111111111112	0.000999000999000999	2
4.1.1	0.023076923076923078	0.000999000999000999	2
