EC	enrich_score	p_val	where
4	0.003472222222222222	0.003996003996003996	2
4.2	0.006369426751592357	0.000999000999000999	2
4.2.1	0.01056338028169014	0.000999000999000999	2
