EC	enrich_score	p_val	where
3	0.0053705692803437165	0.000999000999000999	19
5	0.2099009900990099	0.000999000999000999	286
3.5	0.0196078431372549	0.000999000999000999	19
5.1	0.136986301369863	0.000999000999000999	286
3.5.3	0.08695652173913043	0.000999000999000999	9
