EC	enrich_score	p_val	where
1	0.6479891549932218	0.000999000999000999	2356
1.1	0.06860158311345646	0.000999000999000999	1828
1.1.1	0.07375886524822695	0.000999000999000999	1828
