EC	enrich_score	p_val	where
2	0.009841443411700382	0.000999000999000999	23
2.6	0.08333333333333333	0.000999000999000999	23
2.6.1	0.08411214953271028	0.000999000999000999	23
