EC	enrich_score	p_val	where
1	0.39674649796656125	0.000999000999000999	1975
1.1	0.0316622691292876	0.000999000999000999	169
1.1.1	0.03404255319148936	0.000999000999000999	169
