EC	enrich_score	p_val	where
4	0.019675925925925927	0.000999000999000999	40
4.1	0.05555555555555555	0.000999000999000999	40
4.1.1	0.07692307692307693	0.000999000999000999	14
