EC	enrich_score	p_val	where
6	0.010101010101010102	0.000999000999000999	0
2	0.09185347184253691	0.000999000999000999	1850
6.3	0.0136986301369863	0.000999000999000999	0
2.7	0.06031746031746032	0.000999000999000999	402
6.3.4	0.07692307692307693	0.000999000999000999	0
