EC	enrich_score	p_val	where
2	0.012575177692728267	0.000999000999000999	44
2.6	0.10648148148148148	0.000999000999000999	44
2.6.1	0.10747663551401869	0.000999000999000999	44
