EC	enrich_score	p_val	where
2	0.03444505194095134	0.000999000999000999	1050
2.7	0.04126984126984127	0.000999000999000999	68
2.7.7	0.07142857142857142	0.000999000999000999	5
