EC	enrich_score	p_val	where
5	0.013861386138613862	0.000999000999000999	13
3	0.018259935553168637	0.000999000999000999	266
5.4	0.008264462809917356	0.000999000999000999	3
5.3	0.020134228187919462	0.000999000999000999	13
5.4.99	0.016129032258064516	0.000999000999000999	3
5.3.1	0.05	0.000999000999000999	13
