EC	enrich_score	p_val	where
1	0.6461816538635337	0.000999000999000999	2357
1.1	0.08839050131926121	0.000999000999000999	472
1.1.1	0.0950354609929078	0.000999000999000999	472
