EC	enrich_score	p_val	where
2	0.004373974849644614	0.000999000999000999	35
2.4	0.01675977653631285	0.000999000999000999	35
2.4.2	0.17142857142857143	0.000999000999000999	35
