EC	enrich_score	p_val	where
3	0.06659505907626208	0.000999000999000999	242
3.5	0.1607843137254902	0.000999000999000999	140
3.5.4	0.029411764705882353	0.000999000999000999	0
3.5.2	0.038461538461538464	0.000999000999000999	2
