EC	enrich_score	p_val	where
2	0.08693275013668672	0.000999000999000999	737
2.7	0.4380952380952381	0.000999000999000999	489
2.7.3	0.1111111111111111	0.000999000999000999	11
2.7.1	0.17543859649122806	0.000999000999000999	368
