EC	enrich_score	p_val	where
4	0.013888888888888888	0.000999000999000999	22
4.1	0.044444444444444446	0.000999000999000999	22
4.1.1	0.07692307692307693	0.000999000999000999	22
