EC	enrich_score	p_val	where
4	0.006944444444444444	0.000999000999000999	9
4.3	0.046511627906976744	0.000999000999000999	4
4.2	0.004246284501061571	0.005994005994005994	9
4.3.1	0.07142857142857142	0.000999000999000999	4
4.2.1	0.007042253521126761	0.000999000999000999	9
