EC	enrich_score	p_val	where
2	0.1530891197375615	0.000999000999000999	805
2.3	0.5810473815461347	0.000999000999000999	551
2.3.1	0.48641304347826086	0.000999000999000999	551
