EC	enrich_score	p_val	where
2	0.03116457080371788	0.000999000999000999	1556
2.7	0.015873015873015872	0.000999000999000999	40
2.7.1	0.005847953216374269	0.000999000999000999	8
