EC	enrich_score	p_val	where
2	0.1366867140513942	0.000999000999000999	677
2.3	0.5486284289276808	0.000999000999000999	476
2.3.1	0.45652173913043476	0.000999000999000999	476
