EC	enrich_score	p_val	where
3	0.011815252416756176	0.000999000999000999	27
5	0.18811881188118812	0.000999000999000999	307
3.5	0.043137254901960784	0.000999000999000999	27
5.1	0.06164383561643835	0.000999000999000999	307
3.5.3	0.17391304347826086	0.000999000999000999	25
