EC	enrich_score	p_val	where
1	0.0027112516945323093	0.008991008991008992	8
1.1	0.002638522427440633	0.005994005994005994	1
1.1.3	0.058823529411764705	0.000999000999000999	1
