EC	enrich_score	p_val	where
6	0.10101010101010101	0.000999000999000999	75
2	0.0065609622744669215	0.000999000999000999	436
6.3	0.0410958904109589	0.000999000999000999	11
6.3.1	0.08333333333333333	0.000999000999000999	0
