EC	enrich_score	p_val	where
2	0.08365226899945326	0.000999000999000999	709
2.7	0.3904761904761905	0.000999000999000999	630
2.7.1	0.2982456140350877	0.000999000999000999	328
