EC	enrich_score	p_val	where
2	0.08529250956806998	0.000999000999000999	1759
2.7	0.4031746031746032	0.000999000999000999	671
2.7.1	0.10526315789473684	0.000999000999000999	342
