EC	enrich_score	p_val	where
2	0.13395297977036633	0.000999000999000999	731
2.4	0.41899441340782123	0.000999000999000999	582
2.4.1	0.4161490683229814	0.000999000999000999	453
