EC	enrich_score	p_val	where
2	0.10060142154182614	0.000999000999000999	966
2.7	0.4507936507936508	0.000999000999000999	481
2.7.1	0.5380116959064327	0.000999000999000999	210
