EC	enrich_score	p_val	where
3	0.00322234156820623	0.005994005994005994	3
2	0.14707490431930018	0.000999000999000999	648
3.1	0.00949367088607595	0.000999000999000999	3
2.3	0.5760598503740648	0.000999000999000999	499
3.1.2	0.08333333333333333	0.000999000999000999	3
2.3.1	0.49184782608695654	0.000999000999000999	499
