EC	enrich_score	p_val	where
2	0.08091853471842538	0.000999000999000999	662
2.7	0.41904761904761906	0.000999000999000999	572
2.7.1	0.39766081871345027	0.000999000999000999	155
