EC	enrich_score	p_val	where
3	0.02040816326530612	0.000999000999000999	35
3.2	0.10067114093959731	0.000999000999000999	35
3.2.1	0.1048951048951049	0.000999000999000999	35
