EC	enrich_score	p_val	where
3	0.023630504833512353	0.000999000999000999	517
3.1	0.015822784810126583	0.000999000999000999	13
3.1.1	0.04672897196261682	0.000999000999000999	13
