EC	enrich_score	p_val	where
1	0.4229552643470402	0.000999000999000999	2018
1.1	0.021108179419525065	0.000999000999000999	34
1.1.1	0.02269503546099291	0.000999000999000999	34
