EC	enrich_score	p_val	where
2	0.08857299070530344	0.000999000999000999	448
2.1	0.4521072796934866	0.000999000999000999	351
2.1.1	0.5175438596491229	0.000999000999000999	351
