EC	enrich_score	p_val	where
1	0.3931314957071848	0.000999000999000999	1946
1.1	0.029023746701846966	0.000999000999000999	174
1.1.1	0.031205673758865248	0.000999000999000999	174
