EC	enrich_score	p_val	where
2	0.08419901585565882	0.000999000999000999	868
2.7	0.43492063492063493	0.000999000999000999	544
2.7.1	0.26900584795321636	0.000999000999000999	248
