EC	enrich_score	p_val	where
5	0.0019801980198019802	0.023976023976023976	6
2	0.02186987424822307	0.000999000999000999	639
5.3	0.006711409395973154	0.000999000999000999	6
2.7	0.01904761904761905	0.000999000999000999	28
5.3.1	0.016666666666666666	0.000999000999000999	6
2.7.7	0.08571428571428572	0.000999000999000999	28
