EC	enrich_score	p_val	where
4	0.06365740740740741	0.000999000999000999	395
4.2	0.11677282377919321	0.000999000999000999	395
4.2.3	0.26857142857142857	0.000999000999000999	387
