EC	enrich_score	p_val	where
2	0.0065609622744669215	0.000999000999000999	11
2.6	0.05555555555555555	0.000999000999000999	11
2.6.1	0.056074766355140186	0.000999000999000999	11
