EC	enrich_score	p_val	where
3	0.021482277121374866	0.000999000999000999	269
