EC	enrich_score	p_val	where
3	0.023630504833512353	0.000999000999000999	46
3.4	0.023529411764705882	0.000999000999000999	1
3.5	0.01568627450980392	0.000999000999000999	18
3.4.13	0.07692307692307693	0.000999000999000999	1
3.5.1	0.027586206896551724	0.000999000999000999	18
