EC	enrich_score	p_val	where
1	0.6479891549932218	0.000999000999000999	2357
1.17	0.125	0.000999000999000999	56
1.1	0.0633245382585752	0.000999000999000999	1835
1.17.1	0.2	0.000999000999000999	56
1.1.1	0.06808510638297872	0.000999000999000999	1835
