EC	enrich_score	p_val	where
3	0.02685284640171858	0.000999000999000999	422
