EC	enrich_score	p_val	where
2	0.0847457627118644	0.000999000999000999	766
2.7	0.3492063492063492	0.000999000999000999	765
2.7.1	0.03508771929824561	0.000999000999000999	506
