EC	enrich_score	p_val	where
2	0.0038272279934390375	0.001998001998001998	12
4	0.14814814814814814	0.000999000999000999	280
2.5	0.040697674418604654	0.000999000999000999	12
4.2	0.27176220806794055	0.000999000999000999	280
2.5.1	0.040697674418604654	0.000999000999000999	12
4.2.3	0.7314285714285714	0.000999000999000999	280
