EC	enrich_score	p_val	where
3	0.023630504833512353	0.000999000999000999	110
3.1	0.04746835443037975	0.000999000999000999	33
3.1.3	0.00819672131147541	0.000999000999000999	4
