EC	enrich_score	p_val	where
1	0.006778129236330773	0.000999000999000999	75
1.13	0.09523809523809523	0.000999000999000999	49
1.13.11	0.10810810810810811	0.000999000999000999	49
