EC	enrich_score	p_val	where
1	0.630817894261184	0.000999000999000999	2507
