EC	enrich_score	p_val	where
2	0.09075997813012575	0.000999000999000999	977
2.7	0.43492063492063493	0.000999000999000999	553
2.7.1	0.5029239766081871	0.000999000999000999	199
