EC	enrich_score	p_val	where
3	0.02577873254564984	0.000999000999000999	170
3.6	0.061224489795918366	0.000999000999000999	7
3.1	0.015822784810126583	0.000999000999000999	86
3.6.1	0.0625	0.000999000999000999	7
