EC	enrich_score	p_val	where
1	0.648892905558066	0.000999000999000999	2367
1.3	0.014018691588785047	0.000999000999000999	61
1.14	0.0034662045060658577	0.005994005994005994	80
1.1	0.05804749340369393	0.000999000999000999	1904
1.3.1	0.016853932584269662	0.000999000999000999	61
1.1.1	0.062411347517730496	0.000999000999000999	1904
