EC	enrich_score	p_val	where
3	0.015037593984962405	0.000999000999000999	118
3.5	0.03137254901960784	0.000999000999000999	34
3.5.1	0.006896551724137931	0.000999000999000999	4
