EC	enrich_score	p_val	where
3	0.013963480128893663	0.000999000999000999	33
3.1	0.03481012658227848	0.000999000999000999	33
3.1.3	0.09016393442622951	0.000999000999000999	33
