EC	enrich_score	p_val	where
2	0.08857299070530344	0.000999000999000999	1083
2.3	0.08229426433915212	0.000999000999000999	209
2.3.1	0.08695652173913043	0.000999000999000999	182
