EC	enrich_score	p_val	where
3	0.0322234156820623	0.000999000999000999	105
3.1	0.07911392405063292	0.000999000999000999	82
3.1.4	0.17391304347826086	0.000999000999000999	19
