EC	enrich_score	p_val	where
3	0.02685284640171858	0.000999000999000999	207
3.1	0.056962025316455694	0.000999000999000999	85
3.1.3	0.00819672131147541	0.000999000999000999	0
3.1.4	0.043478260869565216	0.000999000999000999	11
