EC	enrich_score	p_val	where
1	0.00587437867148667	0.000999000999000999	38
1.4	0.10256410256410256	0.000999000999000999	9
1.4.3	0.18181818181818182	0.000999000999000999	9
