EC	enrich_score	p_val	where
2	0.12301804264625478	0.000999000999000999	794
2.4	0.3128491620111732	0.000999000999000999	536
2.4.2	0.14285714285714285	0.000999000999000999	24
2.4.1	0.2670807453416149	0.000999000999000999	536
