EC	enrich_score	p_val	where
1	0.6479891549932218	0.000999000999000999	2358
1.4	0.01282051282051282	0.000999000999000999	92
1.14	0.006932409012131715	0.000999000999000999	106
1.1	0.0633245382585752	0.000999000999000999	1833
1.4.1	0.030303030303030304	0.000999000999000999	92
1.14.13	0.011235955056179775	0.000999000999000999	98
1.1.1	0.06808510638297872	0.000999000999000999	1833
