EC	enrich_score	p_val	where
2	0.09622744669218151	0.000999000999000999	949
2.7	0.4603174603174603	0.000999000999000999	450
2.7.1	0.5614035087719298	0.000999000999000999	181
