EC	enrich_score	p_val	where
3	0.010741138560687433	0.000999000999000999	45
3.1	0.015822784810126583	0.000999000999000999	32
3.1.1	0.009345794392523364	0.000999000999000999	3
