EC	enrich_score	p_val	where
2	0.11973756150902132	0.000999000999000999	460
2.1	0.7203065134099617	0.000999000999000999	451
2.1.1	0.8245614035087719	0.000999000999000999	451
