EC	enrich_score	p_val	where
3	0.004296455424274973	0.001998001998001998	32
3.5	0.01568627450980392	0.000999000999000999	32
3.5.4	0.029411764705882353	0.000999000999000999	5
