EC	enrich_score	p_val	where
3	0.00322234156820623	0.005994005994005994	39
5	0.18613861386138614	0.000999000999000999	303
3.5	0.00392156862745098	0.005994005994005994	0
5.1	0.0547945205479452	0.000999000999000999	303
3.5.4	0.029411764705882353	0.000999000999000999	0
