EC	enrich_score	p_val	where
1	0.6484410302756439	0.000999000999000999	2365
1.5	0.010869565217391304	0.000999000999000999	97
1.1	0.059366754617414245	0.000999000999000999	1843
1.5.1	0.01694915254237288	0.000999000999000999	97
1.1.1	0.06382978723404255	0.000999000999000999	1843
