EC	enrich_score	p_val	where
2	0.1366867140513942	0.000999000999000999	723
2.3	0.5561097256857855	0.000999000999000999	480
2.3.1	0.4701086956521739	0.000999000999000999	480
