EC	enrich_score	p_val	where
3	0.050483351235230935	0.000999000999000999	440
3.1	0.04113924050632911	0.000999000999000999	58
3.1.3	0.00819672131147541	0.000999000999000999	1
