EC	enrich_score	p_val	where
2	0.14215418261344998	0.000999000999000999	665
2.3	0.5760598503740648	0.000999000999000999	505
2.3.1	0.49184782608695654	0.000999000999000999	505
