EC	enrich_score	p_val	where
2	0.10989611809732094	0.000999000999000999	1486
2.7	0.09523809523809523	0.000999000999000999	349
2.7.1	0.07602339181286549	0.000999000999000999	18
