EC	enrich_score	p_val	where
2	0.002186987424822307	0.008991008991008992	4
3	0.01611170784103115	0.000999000999000999	59
2.4	0.0111731843575419	0.000999000999000999	4
2.4.2	0.11428571428571428	0.000999000999000999	4
