EC	enrich_score	p_val	where
1	0.6475372797107998	0.000999000999000999	2353
1.3	0.009345794392523364	0.000999000999000999	21
1.1	0.07651715039577836	0.000999000999000999	589
1.3.1	0.011235955056179775	0.000999000999000999	21
1.1.1	0.08226950354609928	0.000999000999000999	589
