EC	enrich_score	p_val	where
5	0.0019801980198019802	0.023976023976023976	0
2	0.017495899398578457	0.000999000999000999	138
5.4	0.008264462809917356	0.000999000999000999	0
2.6	0.1111111111111111	0.000999000999000999	104
5.4.3	0.07142857142857142	0.000999000999000999	0
2.6.1	0.11214953271028037	0.000999000999000999	104
