EC	enrich_score	p_val	where
3	0.01611170784103115	0.000999000999000999	189
3.5	0.043137254901960784	0.000999000999000999	189
3.5.3	0.043478260869565216	0.000999000999000999	1
