EC	enrich_score	p_val	where
2	0.09513395297977037	0.000999000999000999	1171
2.3	0.30673316708229426	0.000999000999000999	400
2.3.1	0.296195652173913	0.000999000999000999	400
