EC	enrich_score	p_val	where
3	0.02900107411385607	0.000999000999000999	86
3.1	0.07911392405063292	0.000999000999000999	86
3.1.4	0.08695652173913043	0.000999000999000999	5
3.1.3	0.00819672131147541	0.000999000999000999	27
