EC	enrich_score	p_val	where
3	0.00322234156820623	0.005994005994005994	3
3.1	0.00949367088607595	0.000999000999000999	3
3.1.1	0.028037383177570093	0.000999000999000999	3
