EC	enrich_score	p_val	where
1	0.6475372797107998	0.000999000999000999	2361
1.14	0.010398613518197574	0.000999000999000999	125
1.1	0.0633245382585752	0.000999000999000999	1834
1.1.1	0.06808510638297872	0.000999000999000999	1834
