EC	enrich_score	p_val	where
2	0.0847457627118644	0.000999000999000999	696
2.7	0.4	0.000999000999000999	608
2.7.1	0.39766081871345027	0.000999000999000999	282
