EC	enrich_score	p_val	where
2	0.002186987424822307	0.008991008991008992	4
3	0.031149301825993556	0.000999000999000999	149
5	0.07722772277227723	0.000999000999000999	431
2.7	0.006349206349206349	0.000999000999000999	4
2.7.4	0.05	0.000999000999000999	0
