EC	enrich_score	p_val	where
3	0.07733619763694952	0.000999000999000999	437
3.5	0.050980392156862744	0.000999000999000999	86
3.5.1	0.020689655172413793	0.000999000999000999	11
