EC	enrich_score	p_val	where
2	0.055768179332968834	0.000999000999000999	658
2.7	0.17777777777777778	0.000999000999000999	524
2.7.7	0.014285714285714285	0.000999000999000999	0
