EC	enrich_score	p_val	where
3	0.0021482277121374865	0.023976023976023976	13
3.5	0.00784313725490196	0.000999000999000999	13
3.5.1	0.006896551724137931	0.000999000999000999	1
