EC	enrich_score	p_val	where
1	0.6475372797107998	0.000999000999000999	2360
1.1	0.0870712401055409	0.000999000999000999	522
1.1.1	0.09361702127659574	0.000999000999000999	522
