EC	enrich_score	p_val	where
3	0.017185821697099892	0.000999000999000999	48
3.2	0.06040268456375839	0.000999000999000999	17
3.2.1	0.06293706293706294	0.000999000999000999	17
