EC	enrich_score	p_val	where
1	0.6475372797107998	0.000999000999000999	2353
1.5	0.03260869565217391	0.000999000999000999	12
1.1	0.03430079155672823	0.000999000999000999	666
1.5.1	0.05084745762711865	0.000999000999000999	12
1.1.1	0.03687943262411347	0.000999000999000999	666
