EC	enrich_score	p_val	where
1	0.6479891549932218	0.000999000999000999	2356
1.1	0.07651715039577836	0.000999000999000999	1178
1.1.1	0.08226950354609928	0.000999000999000999	1178
