EC	enrich_score	p_val	where
2	0.04155276107162384	0.000999000999000999	569
2.4	0.04748603351955307	0.000999000999000999	98
2.4.1	0.046583850931677016	0.000999000999000999	98
