EC	enrich_score	p_val	where
1	0.6484410302756439	0.000999000999000999	2365
1.17	0.0625	0.000999000999000999	45
1.14	0.005199306759098787	0.000999000999000999	65
1.1	0.06200527704485488	0.000999000999000999	1825
1.14.13	0.0056179775280898875	0.000999000999000999	34
1.17.1	0.1	0.000999000999000999	45
1.1.1	0.06666666666666667	0.000999000999000999	1825
