EC	enrich_score	p_val	where
2	0.09841443411700383	0.000999000999000999	993
2.7	0.4507936507936508	0.000999000999000999	463
2.7.1	0.5146198830409356	0.000999000999000999	155
