EC	enrich_score	p_val	where
1	0.0036150022593764122	0.003996003996003996	93
1.14	0.008665511265164644	0.000999000999000999	6
1.14.20	0.15	0.000999000999000999	6
