EC	enrich_score	p_val	where
2	0.08146528157463094	0.000999000999000999	1110
2.3	0.13466334164588528	0.000999000999000999	187
2.3.1	0.1358695652173913	0.000999000999000999	187
