EC	enrich_score	p_val	where
1	0.6475372797107998	0.000999000999000999	2361
1.2	0.005154639175257732	0.000999000999000999	77
1.1	0.06464379947229551	0.000999000999000999	1840
1.2.1	0.005780346820809248	0.000999000999000999	77
1.1.1	0.06950354609929078	0.000999000999000999	1840
