EC	enrich_score	p_val	where
2	0.02186987424822307	0.000999000999000999	106
2.6	0.18518518518518517	0.000999000999000999	106
2.6.1	0.18691588785046728	0.000999000999000999	106
