EC	enrich_score	p_val	where
1	0.6466335291459557	0.000999000999000999	2353
1.1	0.10290237467018469	0.000999000999000999	186
1.1.1	0.11063829787234042	0.000999000999000999	186
