EC	enrich_score	p_val	where
2	0.13723346090759977	0.000999000999000999	990
2.4	0.39106145251396646	0.000999000999000999	599
2.4.1	0.36024844720496896	0.000999000999000999	599
