EC	enrich_score	p_val	where
4	0.006944444444444444	0.000999000999000999	11
4.4	0.1016949152542373	0.000999000999000999	11
4.4.1	0.1016949152542373	0.000999000999000999	11
