EC	enrich_score	p_val	where
2	0.0038272279934390375	0.001998001998001998	12
2.8	0.07954545454545454	0.000999000999000999	12
2.8.3	0.0958904109589041	0.000999000999000999	12
