EC	enrich_score	p_val	where
3	0.0397422126745435	0.000999000999000999	334
3.5	0.08235294117647059	0.000999000999000999	65
3.5.4	0.2647058823529412	0.000999000999000999	21
