EC	enrich_score	p_val	where
2	0.0754510661563696	0.000999000999000999	846
2.3	0.07481296758104738	0.000999000999000999	67
2.3.1	0.08152173913043478	0.000999000999000999	67
