EC	enrich_score	p_val	where
1	0.6421147763217352	0.000999000999000999	2427
1.14	0.0034662045060658577	0.005994005994005994	3
1.14.13	0.011235955056179775	0.000999000999000999	3
