EC	enrich_score	p_val	where
2	0.13996719518862766	0.000999000999000999	631
2.3	0.5635910224438903	0.000999000999000999	505
2.3.1	0.47282608695652173	0.000999000999000999	505
