EC	enrich_score	p_val	where
6	0.10101010101010101	0.000999000999000999	20
2	0.11098961180973209	0.000999000999000999	1392
6.2	0.7142857142857143	0.000999000999000999	20
2.3	0.17206982543640897	0.000999000999000999	351
6.2.1	0.7142857142857143	0.000999000999000999	20
2.3.1	0.15489130434782608	0.000999000999000999	351
