EC	enrich_score	p_val	where
3	0.022556390977443608	0.000999000999000999	140
2	0.04045926735921269	0.000999000999000999	1216
3.2	0.10067114093959731	0.000999000999000999	67
2.4	0.036312849162011177	0.000999000999000999	355
3.2.1	0.1048951048951049	0.000999000999000999	67
2.4.1	0.009316770186335404	0.000999000999000999	333
