EC	enrich_score	p_val	where
3	0.04618689581095596	0.000999000999000999	374
3.1	0.00949367088607595	0.000999000999000999	48
3.1.1	0.009345794392523364	0.000999000999000999	4
