EC	enrich_score	p_val	where
1	0.6484410302756439	0.000999000999000999	2365
1.2	0.005154639175257732	0.000999000999000999	68
1.17	0.0625	0.000999000999000999	78
1.1	0.06200527704485488	0.000999000999000999	1830
1.2.1	0.005780346820809248	0.000999000999000999	68
1.17.1	0.1	0.000999000999000999	78
1.1.1	0.06666666666666667	0.000999000999000999	1830
