EC	enrich_score	p_val	where
3	0.022556390977443608	0.000999000999000999	53
3.2	0.09395973154362416	0.000999000999000999	30
3.2.1	0.0979020979020979	0.000999000999000999	30
