EC	enrich_score	p_val	where
2	0.07490431930016403	0.000999000999000999	827
2.3	0.07481296758104738	0.000999000999000999	67
2.3.1	0.08152173913043478	0.000999000999000999	67
