EC	enrich_score	p_val	where
3	0.024704618689581095	0.000999000999000999	470
3.6	0.02040816326530612	0.000999000999000999	21
3.1	0.006329113924050633	0.000999000999000999	34
3.6.1	0.020833333333333332	0.000999000999000999	21
