EC	enrich_score	p_val	where
2	0.11536358665937671	0.000999000999000999	783
2.7	0.006349206349206349	0.000999000999000999	10
2.4	0.26256983240223464	0.000999000999000999	619
2.7.7	0.02857142857142857	0.000999000999000999	10
2.4.1	0.2111801242236025	0.000999000999000999	619
