EC	enrich_score	p_val	where
2	0.004373974849644614	0.000999000999000999	207
2.7	0.01904761904761905	0.000999000999000999	207
2.7.7	0.05714285714285714	0.000999000999000999	8
