EC	enrich_score	p_val	where
1	0.005422503389064619	0.000999000999000999	28
1.4	0.05128205128205128	0.000999000999000999	6
1.4.3	0.09090909090909091	0.000999000999000999	6
