EC	enrich_score	p_val	where
2	0.13012575177692728	0.000999000999000999	692
2.4	0.39106145251396646	0.000999000999000999	595
2.4.1	0.34782608695652173	0.000999000999000999	563
