EC	enrich_score	p_val	where
2	0.08747949699289229	0.000999000999000999	690
2.3	0.2593516209476309	0.000999000999000999	344
2.3.1	0.2554347826086957	0.000999000999000999	319
