EC	enrich_score	p_val	where
3	0.00322234156820623	0.005994005994005994	4
3.1	0.00949367088607595	0.000999000999000999	4
3.1.1	0.009345794392523364	0.000999000999000999	1
