EC	enrich_score	p_val	where
3	0.06766917293233082	0.000999000999000999	310
3.1	0.04430379746835443	0.000999000999000999	41
3.1.6	0.16666666666666666	0.000999000999000999	0
3.1.8	0.3	0.000999000999000999	13
