EC	enrich_score	p_val	where
1	0.6479891549932218	0.000999000999000999	2357
1.14	0.019064124783362217	0.000999000999000999	93
1.1	0.0633245382585752	0.000999000999000999	1830
1.14.12	0.10638297872340426	0.000999000999000999	66
1.1.1	0.06808510638297872	0.000999000999000999	1830
