EC	enrich_score	p_val	where
3	0.06015037593984962	0.000999000999000999	273
3.1	0.012658227848101266	0.000999000999000999	9
3.1.1	0.028037383177570093	0.000999000999000999	6
