EC	enrich_score	p_val	where
2	0.13012575177692728	0.000999000999000999	706
2.7	0.0031746031746031746	0.005994005994005994	5
2.4	0.2988826815642458	0.000999000999000999	593
2.7.7	0.014285714285714285	0.000999000999000999	5
2.4.2	0.02857142857142857	0.000999000999000999	9
2.4.1	0.2515527950310559	0.000999000999000999	593
