EC	enrich_score	p_val	where
3	0.031149301825993556	0.000999000999000999	122
3.1	0.06329113924050633	0.000999000999000999	62
3.1.3	0.040983606557377046	0.000999000999000999	5
