EC	enrich_score	p_val	where
1	0.6479891549932218	0.000999000999000999	2364
1.14	0.0034662045060658577	0.005994005994005994	133
1.1	0.06068601583113457	0.000999000999000999	1848
1.1.1	0.06524822695035461	0.000999000999000999	1848
