EC	enrich_score	p_val	where
5	0.0039603960396039604	0.001998001998001998	5
4	0.003472222222222222	0.003996003996003996	27
5.3	0.013422818791946308	0.000999000999000999	5
4.2	0.006369426751592357	0.000999000999000999	27
5.3.3	0.03225806451612903	0.000999000999000999	5
4.2.1	0.01056338028169014	0.000999000999000999	27
