EC	enrich_score	p_val	where
5	0.009900990099009901	0.000999000999000999	6
5.3	0.03355704697986577	0.000999000999000999	6
5.3.3	0.08064516129032258	0.000999000999000999	6
