EC	enrich_score	p_val	where
3	0.004296455424274973	0.001998001998001998	10
3.7	0.14814814814814814	0.000999000999000999	10
3.7.1	0.14814814814814814	0.000999000999000999	10
