EC	enrich_score	p_val	where
3	0.055853920515574654	0.000999000999000999	154
3.5	0.15294117647058825	0.000999000999000999	118
3.5.1	0.10344827586206896	0.000999000999000999	18
