EC	enrich_score	p_val	where
3	0.0053705692803437165	0.000999000999000999	4
5	0.21386138613861386	0.000999000999000999	274
3.5	0.0196078431372549	0.000999000999000999	4
5.1	0.1506849315068493	0.000999000999000999	274
3.5.3	0.13043478260869565	0.000999000999000999	4
