EC	enrich_score	p_val	where
2	0.0967741935483871	0.000999000999000999	1014
2.7	0.4507936507936508	0.000999000999000999	483
2.7.1	0.5263157894736842	0.000999000999000999	166
