EC	enrich_score	p_val	where
6	0.06060606060606061	0.000999000999000999	60
2	0.08583925642427556	0.000999000999000999	765
6.3	0.0821917808219178	0.000999000999000999	60
2.7	0.4095238095238095	0.000999000999000999	601
2.7.3	0.1111111111111111	0.000999000999000999	11
6.3.4	0.15384615384615385	0.000999000999000999	31
2.7.1	0.05263157894736842	0.000999000999000999	453
