EC	enrich_score	p_val	where
2	0.1202843083652269	0.000999000999000999	493
2.1	0.7164750957854407	0.000999000999000999	405
2.1.1	0.8201754385964912	0.000999000999000999	405
