EC	enrich_score	p_val	where
5	0.0019801980198019802	0.023976023976023976	4
3	0.02900107411385607	0.000999000999000999	75
5.4	0.008264462809917356	0.000999000999000999	4
3.1	0.060126582278481014	0.000999000999000999	51
3.1.4	0.043478260869565216	0.000999000999000999	1
5.4.2	0.04	0.000999000999000999	4
3.1.3	0.00819672131147541	0.000999000999000999	45
