EC	enrich_score	p_val	where
2	0.01366867140513942	0.000999000999000999	35
3	0.021482277121374866	0.000999000999000999	320
2.4	0.06983240223463687	0.000999000999000999	35
2.4.1	0.07763975155279502	0.000999000999000999	35
