EC	enrich_score	p_val	where
3	0.0719656283566058	0.000999000999000999	255
3.5	0.16470588235294117	0.000999000999000999	199
3.5.1	0.1103448275862069	0.000999000999000999	55
