EC	enrich_score	p_val	where
2	0.002733734281027884	0.005994005994005994	10
2.5	0.029069767441860465	0.000999000999000999	10
2.5.1	0.029069767441860465	0.000999000999000999	10
