EC	enrich_score	p_val	where
3	0.02577873254564984	0.000999000999000999	102
3.1	0.04113924050632911	0.000999000999000999	62
3.1.3	0.05737704918032787	0.000999000999000999	62
