EC	enrich_score	p_val	where
1	0.6475372797107998	0.000999000999000999	2361
1.14	0.01559792027729636	0.000999000999000999	97
1.1	0.06200527704485488	0.000999000999000999	1830
1.14.13	0.011235955056179775	0.000999000999000999	86
1.1.1	0.06666666666666667	0.000999000999000999	1830
