EC	enrich_score	p_val	where
4	0.003472222222222222	0.003996003996003996	3
5	0.21782178217821782	0.000999000999000999	267
4.1	0.011111111111111112	0.000999000999000999	3
5.1	0.1643835616438356	0.000999000999000999	267
4.1.2	0.0375	0.000999000999000999	3
