EC	enrich_score	p_val	where
2	0.10716238381629306	0.000999000999000999	1795
2.7	0.45396825396825397	0.000999000999000999	456
2.7.1	0.5321637426900585	0.000999000999000999	166
