EC	enrich_score	p_val	where
1	0.0031631269769543608	0.005994005994005994	7
1.3	0.028037383177570093	0.000999000999000999	6
1.3.3	0.21428571428571427	0.000999000999000999	6
