EC	enrich_score	p_val	where
1	0.008133755083596927	0.000999000999000999	24
5	0.18811881188118812	0.000999000999000999	288
1.11	0.38235294117647056	0.000999000999000999	16
5.1	0.06164383561643835	0.000999000999000999	288
1.11.1	0.28	0.000999000999000999	12
