EC	enrich_score	p_val	where
1	0.0018075011296882061	0.023976023976023976	13
1.4	0.01282051282051282	0.000999000999000999	0
1.4.3	0.022727272727272728	0.000999000999000999	0
