EC	enrich_score	p_val	where
1	0.6484410302756439	0.000999000999000999	2365
1.17	0.0625	0.000999000999000999	68
1.14	0.008665511265164644	0.000999000999000999	99
1.1	0.0633245382585752	0.000999000999000999	1823
1.14.13	0.0056179775280898875	0.000999000999000999	61
1.17.1	0.1	0.000999000999000999	68
1.14.12	0.06382978723404255	0.000999000999000999	99
1.1.1	0.06808510638297872	0.000999000999000999	1823
