EC	enrich_score	p_val	where
3	0.007518796992481203	0.000999000999000999	7
3.1	0.022151898734177215	0.000999000999000999	7
3.1.1	0.06542056074766354	0.000999000999000999	7
