EC	enrich_score	p_val	where
2	0.08529250956806998	0.000999000999000999	770
2.7	0.37777777777777777	0.000999000999000999	671
2.7.1	0.13450292397660818	0.000999000999000999	437
