EC	enrich_score	p_val	where
3	0.024704618689581095	0.000999000999000999	305
3.5	0.011764705882352941	0.000999000999000999	17
3.5.1	0.013793103448275862	0.000999000999000999	1
