EC	enrich_score	p_val	where
2	0.1443411700382723	0.000999000999000999	639
2.3	0.5685785536159601	0.000999000999000999	516
2.3.1	0.47554347826086957	0.000999000999000999	504
