EC	enrich_score	p_val	where
2	0.02186987424822307	0.000999000999000999	54
2.5	0.23255813953488372	0.000999000999000999	54
2.5.1	0.23255813953488372	0.000999000999000999	54
