EC	enrich_score	p_val	where
2	0.0896664844177146	0.000999000999000999	397
2.1	0.5210727969348659	0.000999000999000999	397
2.1.1	0.5964912280701754	0.000999000999000999	397
