EC	enrich_score	p_val	where
1	0.6479891549932218	0.000999000999000999	2359
1.3	0.009345794392523364	0.000999000999000999	28
1.1	0.06728232189973615	0.000999000999000999	590
1.3.1	0.011235955056179775	0.000999000999000999	28
1.1.1	0.07234042553191489	0.000999000999000999	590
