EC	enrich_score	p_val	where
2	0.013121924548933843	0.000999000999000999	67
2.6	0.1111111111111111	0.000999000999000999	67
2.6.1	0.11214953271028037	0.000999000999000999	67
