EC	enrich_score	p_val	where
1	0.0072300045187528245	0.000999000999000999	25
1.4	0.14102564102564102	0.000999000999000999	19
1.4.3	0.25	0.000999000999000999	19
