EC	enrich_score	p_val	where
3	0.04189044038668099	0.000999000999000999	209
3.5	0.11764705882352941	0.000999000999000999	112
3.5.4	0.029411764705882353	0.000999000999000999	4
3.5.1	0.013793103448275862	0.000999000999000999	19
