EC	enrich_score	p_val	where
1	0.6484410302756439	0.000999000999000999	2366
1.14	0.010398613518197574	0.000999000999000999	47
1.1	0.06200527704485488	0.000999000999000999	1797
1.14.19	0.03333333333333333	0.000999000999000999	18
1.14.13	0.02247191011235955	0.000999000999000999	47
1.1.1	0.06666666666666667	0.000999000999000999	1797
