EC	enrich_score	p_val	where
3	0.05907626208378088	0.000999000999000999	435
3.2	0.12080536912751678	0.000999000999000999	30
3.2.1	0.1258741258741259	0.000999000999000999	30
