EC	enrich_score	p_val	where
1	0.0036150022593764122	0.003996003996003996	33
1.11	0.029411764705882353	0.000999000999000999	1
1.11.1	0.04	0.000999000999000999	1
