EC	enrich_score	p_val	where
6	0.020202020202020204	0.000999000999000999	11
2	0.04100601421541826	0.000999000999000999	775
6.3	0.0273972602739726	0.000999000999000999	11
2.7	0.012698412698412698	0.000999000999000999	40
6.3.2	0.02702702702702703	0.000999000999000999	8
2.7.7	0.05714285714285714	0.000999000999000999	40
