EC	enrich_score	p_val	where
2	0.08365226899945326	0.000999000999000999	734
2.7	0.4031746031746032	0.000999000999000999	607
2.7.1	0.24561403508771928	0.000999000999000999	343
