EC	enrich_score	p_val	where
2	0.09568069983597595	0.000999000999000999	958
2.7	0.44761904761904764	0.000999000999000999	477
2.7.1	0.5146198830409356	0.000999000999000999	193
