EC	enrich_score	p_val	where
2	0.0016402405686167304	0.023976023976023976	20
2.1	0.011494252873563218	0.000999000999000999	20
2.1.2	0.25	0.000999000999000999	20
