EC	enrich_score	p_val	where
4	0.008101851851851851	0.000999000999000999	53
4.1	0.011111111111111112	0.000999000999000999	2
4.1.2	0.0375	0.000999000999000999	2
