EC	enrich_score	p_val	where
4	0.017361111111111112	0.000999000999000999	65
4.3	0.023255813953488372	0.000999000999000999	1
4.2	0.027600849256900213	0.000999000999000999	65
4.3.1	0.03571428571428571	0.000999000999000999	1
4.2.1	0.045774647887323945	0.000999000999000999	65
