EC	enrich_score	p_val	where
3	0.0397422126745435	0.000999000999000999	392
3.1	0.0189873417721519	0.000999000999000999	23
3.1.3	0.00819672131147541	0.000999000999000999	0
3.1.8	0.1	0.000999000999000999	3
