EC	enrich_score	p_val	where
3	0.015037593984962405	0.000999000999000999	160
3.1	0.006329113924050633	0.000999000999000999	2
3.1.1	0.018691588785046728	0.000999000999000999	2
