EC	enrich_score	p_val	where
5	0.0019801980198019802	0.023976023976023976	4
4	0.004629629629629629	0.000999000999000999	15
5.3	0.006711409395973154	0.000999000999000999	4
4.2	0.008492569002123142	0.000999000999000999	15
5.3.1	0.016666666666666666	0.000999000999000999	4
4.2.1	0.014084507042253521	0.000999000999000999	15
