EC	enrich_score	p_val	where
2	0.13285948605795517	0.000999000999000999	697
2.4	0.4106145251396648	0.000999000999000999	550
2.4.1	0.37577639751552794	0.000999000999000999	550
