EC	enrich_score	p_val	where
3	0.00644468313641246	0.000999000999000999	49
3.2	0.006711409395973154	0.000999000999000999	19
3.2.1	0.006993006993006993	0.000999000999000999	19
