EC	enrich_score	p_val	where
4	0.003472222222222222	0.003996003996003996	2
2	0.002186987424822307	0.008991008991008992	56
4.1	0.011111111111111112	0.000999000999000999	2
2.8	0.022727272727272728	0.000999000999000999	10
4.1.3	0.06521739130434782	0.000999000999000999	2
2.8.3	0.0273972602739726	0.000999000999000999	10
