EC	enrich_score	p_val	where
1	0.6479891549932218	0.000999000999000999	2356
1.3	0.018691588785046728	0.000999000999000999	65
1.1	0.06200527704485488	0.000999000999000999	1853
1.3.1	0.02247191011235955	0.000999000999000999	65
1.1.1	0.06666666666666667	0.000999000999000999	1853
