EC	enrich_score	p_val	where
4	0.024305555555555556	0.000999000999000999	70
4.1	0.04814814814814815	0.000999000999000999	70
4.1.1	0.07692307692307693	0.000999000999000999	16
