EC	enrich_score	p_val	where
1	0.6339810212381383	0.000999000999000999	2478
1.1	0.01978891820580475	0.000999000999000999	817
1.1.1	0.02127659574468085	0.000999000999000999	817
