EC	enrich_score	p_val	where
6	0.010101010101010102	0.000999000999000999	45
2	0.04428649535265172	0.000999000999000999	1163
2.7	0.012698412698412698	0.000999000999000999	20
2.7.1	0.005847953216374269	0.000999000999000999	8
