EC	enrich_score	p_val	where
2	0.1180973209404046	0.000999000999000999	479
2.1	0.7471264367816092	0.000999000999000999	423
2.1.1	0.8552631578947368	0.000999000999000999	423
