EC	enrich_score	p_val	where
1	0.008133755083596927	0.000999000999000999	65
1.4	0.038461538461538464	0.000999000999000999	5
1.4.3	0.06818181818181818	0.000999000999000999	5
