EC	enrich_score	p_val	where
2	0.008747949699289229	0.000999000999000999	53
2.8	0.13636363636363635	0.000999000999000999	53
2.8.3	0.136986301369863	0.000999000999000999	13
