EC	enrich_score	p_val	where
1	0.6475372797107998	0.000999000999000999	2361
1.1	0.09894459102902374	0.000999000999000999	215
1.1.1	0.10638297872340426	0.000999000999000999	215
