EC	enrich_score	p_val	where
2	0.11919081465281575	0.000999000999000999	510
2.1	0.7471264367816092	0.000999000999000999	411
2.1.1	0.8552631578947368	0.000999000999000999	411
