EC	enrich_score	p_val	where
4	0.006944444444444444	0.000999000999000999	27
4.1	0.014814814814814815	0.000999000999000999	6
4.1.1	0.007692307692307693	0.000999000999000999	1
4.1.2	0.0125	0.000999000999000999	5
