EC	enrich_score	p_val	where
1	0.0027112516945323093	0.008991008991008992	21
1.11	0.029411764705882353	0.000999000999000999	0
1.1	0.002638522427440633	0.005994005994005994	21
1.11.1	0.04	0.000999000999000999	0
1.1.3	0.058823529411764705	0.000999000999000999	21
