EC	enrich_score	p_val	where
2	0.08638600328048114	0.000999000999000999	764
2.7	0.4126984126984127	0.000999000999000999	589
2.7.4	0.15	0.000999000999000999	9
2.7.1	0.07602339181286549	0.000999000999000999	416
