EC	enrich_score	p_val	where
1	0.6479891549932218	0.000999000999000999	2357
1.14	0.01733102253032929	0.000999000999000999	127
1.1	0.0633245382585752	0.000999000999000999	1832
1.14.12	0.02127659574468085	0.000999000999000999	93
1.14.13	0.011235955056179775	0.000999000999000999	96
1.1.1	0.06808510638297872	0.000999000999000999	1832
