EC	enrich_score	p_val	where
2	0.11919081465281575	0.000999000999000999	479
2.1	0.7049808429118773	0.000999000999000999	465
2.1.1	0.8070175438596491	0.000999000999000999	465
