EC	enrich_score	p_val	where
2	0.13067249863313285	0.000999000999000999	701
2.3	0.5486284289276808	0.000999000999000999	463
2.3.1	0.45652173913043476	0.000999000999000999	463
