EC	enrich_score	p_val	where
1	0.6479891549932218	0.000999000999000999	2357
1.14	0.0034662045060658577	0.005994005994005994	40
1.3	0.018691588785046728	0.000999000999000999	52
1.1	0.05408970976253298	0.000999000999000999	2007
1.14.12	0.0425531914893617	0.000999000999000999	40
1.3.1	0.02247191011235955	0.000999000999000999	52
1.1.1	0.05815602836879433	0.000999000999000999	2007
