EC	enrich_score	p_val	where
2	0.01694915254237288	0.000999000999000999	189
2.5	0.06976744186046512	0.000999000999000999	20
2.5.1	0.06976744186046512	0.000999000999000999	20
