EC	enrich_score	p_val	where
1	0.6475372797107998	0.000999000999000999	2353
1.1	0.05013192612137203	0.000999000999000999	1672
1.1.1	0.05390070921985816	0.000999000999000999	1672
