EC	enrich_score	p_val	where
1	0.6475372797107998	0.000999000999000999	2356
1.2	0.015463917525773196	0.000999000999000999	26
1.1	0.047493403693931395	0.000999000999000999	1767
1.2.1	0.017341040462427744	0.000999000999000999	26
1.1.1	0.05106382978723404	0.000999000999000999	1767
