EC	enrich_score	p_val	where
5	0.0039603960396039604	0.001998001998001998	9
2	0.009294696555494806	0.000999000999000999	67
3	0.01933404940923738	0.000999000999000999	237
3.2	0.006711409395973154	0.000999000999000999	2
5.4	0.01652892561983471	0.000999000999000999	9
2.4	0.04748603351955307	0.000999000999000999	67
3.2.1	0.006993006993006993	0.000999000999000999	2
5.4.99	0.03225806451612903	0.000999000999000999	9
2.4.1	0.052795031055900624	0.000999000999000999	67
