EC	enrich_score	p_val	where
1	0.004970628106642567	0.000999000999000999	66
1.13	0.06349206349206349	0.000999000999000999	49
1.13.11	0.07207207207207207	0.000999000999000999	49
