EC	enrich_score	p_val	where
1	0.087663804789878	0.000999000999000999	383
1.2	0.12371134020618557	0.000999000999000999	46
1.2.1	0.13872832369942195	0.000999000999000999	46
