EC	enrich_score	p_val	where
2	0.08310552214324768	0.000999000999000999	1120
2.3	0.13216957605985039	0.000999000999000999	170
2.3.1	0.1331521739130435	0.000999000999000999	170
