EC	enrich_score	p_val	where
3	0.02577873254564984	0.000999000999000999	73
3.1	0.06962025316455696	0.000999000999000999	73
3.1.4	0.043478260869565216	0.000999000999000999	2
3.1.3	0.08196721311475409	0.000999000999000999	26
