EC	enrich_score	p_val	where
1	0.6479891549932218	0.000999000999000999	2357
1.1	0.06464379947229551	0.000999000999000999	1840
1.1.1	0.06950354609929078	0.000999000999000999	1840
