EC	enrich_score	p_val	where
5	0.009900990099009901	0.000999000999000999	6
5.3	0.026845637583892617	0.000999000999000999	4
5.3.3	0.06451612903225806	0.000999000999000999	4
