EC	enrich_score	p_val	where
3	0.09344790547798067	0.000999000999000999	566
3.1	0.012658227848101266	0.000999000999000999	11
3.1.6	0.16666666666666666	0.000999000999000999	1
