EC	enrich_score	p_val	where
2	0.1202843083652269	0.000999000999000999	496
2.1	0.7509578544061303	0.000999000999000999	412
2.1.1	0.8596491228070176	0.000999000999000999	412
