EC	enrich_score	p_val	where
1	0.0036150022593764122	0.003996003996003996	20
1.13	0.031746031746031744	0.000999000999000999	7
1.13.11	0.036036036036036036	0.000999000999000999	7
