EC	enrich_score	p_val	where
2	0.09185347184253691	0.000999000999000999	1005
2.7	0.42857142857142855	0.000999000999000999	565
2.7.1	0.4327485380116959	0.000999000999000999	225
