EC	enrich_score	p_val	where
2	0.07927829414980864	0.000999000999000999	1028
2.4	0.12290502793296089	0.000999000999000999	204
2.4.1	0.12422360248447205	0.000999000999000999	204
