EC	enrich_score	p_val	where
2	0.11755057408419901	0.000999000999000999	444
2.1	0.7394636015325671	0.000999000999000999	416
2.1.1	0.8464912280701754	0.000999000999000999	416
