EC	enrich_score	p_val	where
2	0.10552214324767632	0.000999000999000999	1212
2.4	0.2346368715083799	0.000999000999000999	280
2.4.1	0.2360248447204969	0.000999000999000999	280
