EC	enrich_score	p_val	where
1	0.6475372797107998	0.000999000999000999	2361
1.3	0.004672897196261682	0.005994005994005994	38
1.1	0.09102902374670185	0.000999000999000999	532
1.3.1	0.0056179775280898875	0.000999000999000999	38
1.1.1	0.09787234042553192	0.000999000999000999	532
