EC	enrich_score	p_val	where
2	0.06998359759431383	0.000999000999000999	617
2.4	0.15083798882681565	0.000999000999000999	193
2.4.1	0.15527950310559005	0.000999000999000999	193
