EC	enrich_score	p_val	where
3	0.00644468313641246	0.000999000999000999	35
2	0.013121924548933843	0.000999000999000999	867
3.1	0.006329113924050633	0.000999000999000999	1
3.2	0.006711409395973154	0.000999000999000999	28
3.1.4	0.08695652173913043	0.000999000999000999	1
3.2.1	0.006993006993006993	0.000999000999000999	28
