EC	enrich_score	p_val	where
2	0.13832695462001093	0.000999000999000999	689
2.3	0.5685785536159601	0.000999000999000999	501
2.3.1	0.483695652173913	0.000999000999000999	501
