EC	enrich_score	p_val	where
3	0.045112781954887216	0.000999000999000999	626
3.1	0.028481012658227847	0.000999000999000999	70
3.1.1	0.056074766355140186	0.000999000999000999	13
