EC	enrich_score	p_val	where
4	0.015046296296296295	0.000999000999000999	39
4.2	0.010615711252653927	0.000999000999000999	4
4.2.1	0.017605633802816902	0.000999000999000999	4
