EC	enrich_score	p_val	where
2	0.08529250956806998	0.000999000999000999	752
2.7	0.4126984126984127	0.000999000999000999	684
2.7.7	0.02857142857142857	0.000999000999000999	12
2.7.1	0.005847953216374269	0.000999000999000999	493
