EC	enrich_score	p_val	where
3	0.027926960257787327	0.000999000999000999	392
3.1	0.03164556962025317	0.000999000999000999	58
3.1.3	0.01639344262295082	0.000999000999000999	11
