EC	enrich_score	p_val	where
1	0.6000903750564844	0.000999000999000999	2425
1.1	0.010554089709762533	0.000999000999000999	824
1.1.1	0.011347517730496455	0.000999000999000999	824
