EC	enrich_score	p_val	where
3	0.02577873254564984	0.000999000999000999	172
3.3	0.037037037037037035	0.000999000999000999	0
3.1	0.04113924050632911	0.000999000999000999	86
3.3.2	0.04	0.000999000999000999	0
3.1.1	0.018691588785046728	0.000999000999000999	10
