EC	enrich_score	p_val	where
3	0.0322234156820623	0.000999000999000999	483
3.1	0.06962025316455696	0.000999000999000999	49
3.1.3	0.11475409836065574	0.000999000999000999	49
