EC	enrich_score	p_val	where
3	0.07841031149301826	0.000999000999000999	615
3.1	0.08227848101265822	0.000999000999000999	61
3.1.3	0.11475409836065574	0.000999000999000999	37
