EC	enrich_score	p_val	where
3	0.007518796992481203	0.000999000999000999	8
3.4	0.08235294117647059	0.000999000999000999	8
3.4.17	0.3333333333333333	0.000999000999000999	4
