EC	enrich_score	p_val	where
3	0.06981740064446831	0.000999000999000999	269
3.5	0.14901960784313725	0.000999000999000999	94
3.5.1	0.1310344827586207	0.000999000999000999	49
