EC	enrich_score	p_val	where
2	0.1268452706396938	0.000999000999000999	645
2.4	0.3854748603351955	0.000999000999000999	532
2.4.2	0.08571428571428572	0.000999000999000999	20
2.4.1	0.35403726708074534	0.000999000999000999	532
