EC	enrich_score	p_val	where
2	0.13559322033898305	0.000999000999000999	729
2.4	0.40782122905027934	0.000999000999000999	592
2.4.1	0.37888198757763975	0.000999000999000999	592
