EC	enrich_score	p_val	where
1	0.004066877541798464	0.001998001998001998	38
1.13	0.05555555555555555	0.000999000999000999	38
1.13.11	0.06306306306306306	0.000999000999000999	38
