EC	enrich_score	p_val	where
3	0.0021482277121374865	0.023976023976023976	18
2	0.08911973756150902	0.000999000999000999	753
3.6	0.04081632653061224	0.000999000999000999	18
2.7	0.4	0.000999000999000999	660
3.6.1	0.041666666666666664	0.000999000999000999	18
2.7.1	0.04678362573099415	0.000999000999000999	467
