EC	enrich_score	p_val	where
1	0.6479891549932218	0.000999000999000999	2357
1.14	0.01733102253032929	0.000999000999000999	57
1.1	0.059366754617414245	0.000999000999000999	1782
1.14.13	0.056179775280898875	0.000999000999000999	57
1.1.1	0.06382978723404255	0.000999000999000999	1782
