EC	enrich_score	p_val	where
2	0.13340623291416073	0.000999000999000999	687
2.4	0.39664804469273746	0.000999000999000999	623
2.4.1	0.35714285714285715	0.000999000999000999	585
