EC	enrich_score	p_val	where
5	0.1306930693069307	0.000999000999000999	377
