EC	enrich_score	p_val	where
4	0.004629629629629629	0.000999000999000999	9
3	0.036519871106337275	0.000999000999000999	163
5	0.02574257425742574	0.000999000999000999	428
4.2	0.008492569002123142	0.000999000999000999	9
3.5	0.047058823529411764	0.000999000999000999	68
4.2.1	0.014084507042253521	0.000999000999000999	9
3.5.1	0.034482758620689655	0.000999000999000999	26
