EC	enrich_score	p_val	where
1	0.6479891549932218	0.000999000999000999	2357
1.14	0.024263431542461005	0.000999000999000999	96
1.1	0.059366754617414245	0.000999000999000999	1786
1.14.13	0.06179775280898876	0.000999000999000999	95
1.1.1	0.06382978723404255	0.000999000999000999	1786
