EC	enrich_score	p_val	where
2	0.1268452706396938	0.000999000999000999	691
2.4	0.38268156424581007	0.000999000999000999	544
2.4.1	0.3447204968944099	0.000999000999000999	544
