EC	enrich_score	p_val	where
3	0.0021482277121374865	0.023976023976023976	21
2	0.08693275013668672	0.000999000999000999	1766
3.6	0.04081632653061224	0.000999000999000999	21
2.7	0.32063492063492066	0.000999000999000999	794
3.6.1	0.041666666666666664	0.000999000999000999	21
2.7.1	0.011695906432748537	0.000999000999000999	96
