EC	enrich_score	p_val	where
2	0.12793876435210497	0.000999000999000999	659
2.4	0.3687150837988827	0.000999000999000999	557
2.4.1	0.32919254658385094	0.000999000999000999	557
