EC	enrich_score	p_val	where
1	0.6479891549932218	0.000999000999000999	2358
1.14	0.01559792027729636	0.000999000999000999	80
1.1	0.05408970976253298	0.000999000999000999	1629
1.14.12	0.0851063829787234	0.000999000999000999	62
1.1.1	0.05815602836879433	0.000999000999000999	1629
