EC	enrich_score	p_val	where
3	0.004296455424274973	0.001998001998001998	9
3.4	0.03529411764705882	0.000999000999000999	7
3.4.13	0.07692307692307693	0.000999000999000999	6
