EC	enrich_score	p_val	where
5	0.005940594059405941	0.000999000999000999	4
5.3	0.020134228187919462	0.000999000999000999	4
5.3.3	0.04838709677419355	0.000999000999000999	4
