EC	enrich_score	p_val	where
1	0.005422503389064619	0.000999000999000999	43
1.14	0.02079722703639515	0.000999000999000999	43
1.14.11	0.2127659574468085	0.000999000999000999	43
