EC	enrich_score	p_val	where
1	0.6479891549932218	0.000999000999000999	2356
1.14	0.005199306759098787	0.000999000999000999	51
1.1	0.05408970976253298	0.000999000999000999	1737
1.14.13	0.011235955056179775	0.000999000999000999	27
1.1.1	0.05815602836879433	0.000999000999000999	1737
