EC	enrich_score	p_val	where
1	0.6479891549932218	0.000999000999000999	2358
1.5	0.010869565217391304	0.000999000999000999	35
1.1	0.05804749340369393	0.000999000999000999	753
1.5.1	0.01694915254237288	0.000999000999000999	35
1.1.1	0.062411347517730496	0.000999000999000999	753
