EC	enrich_score	p_val	where
3	0.01288936627282492	0.000999000999000999	58
2	0.03280481137233461	0.000999000999000999	887
3.2	0.06711409395973154	0.000999000999000999	58
2.4	0.04189944134078212	0.000999000999000999	198
3.2.1	0.06993006993006994	0.000999000999000999	58
2.4.1	0.027950310559006212	0.000999000999000999	198
