EC	enrich_score	p_val	where
2	0.11481683980317113	0.000999000999000999	496
2.1	0.6743295019157088	0.000999000999000999	496
2.1.1	0.7719298245614035	0.000999000999000999	496
