EC	enrich_score	p_val	where
1	0.6479891549932218	0.000999000999000999	2366
1.14	0.01559792027729636	0.000999000999000999	160
1.1	0.0633245382585752	0.000999000999000999	1831
1.14.12	0.06382978723404255	0.000999000999000999	98
1.1.1	0.06808510638297872	0.000999000999000999	1831
