EC	enrich_score	p_val	where
2	0.1202843083652269	0.000999000999000999	747
2.3	0.47381546134663344	0.000999000999000999	489
2.3.1	0.41304347826086957	0.000999000999000999	489
