EC	enrich_score	p_val	where
3	0.008592910848549946	0.000999000999000999	124
3.1	0.00949367088607595	0.000999000999000999	32
3.1.1	0.009345794392523364	0.000999000999000999	6
