EC	enrich_score	p_val	where
2	0.14488791689447786	0.000999000999000999	803
2.3	0.47381546134663344	0.000999000999000999	541
2.3.1	0.43478260869565216	0.000999000999000999	519
