EC	enrich_score	p_val	where
1	0.6484410302756439	0.000999000999000999	2365
1.5	0.010869565217391304	0.000999000999000999	40
1.1	0.026385224274406333	0.000999000999000999	761
1.5.1	0.01694915254237288	0.000999000999000999	40
1.1.1	0.028368794326241134	0.000999000999000999	761
