EC	enrich_score	p_val	where
3	0.02040816326530612	0.000999000999000999	363
3.1	0.006329113924050633	0.000999000999000999	27
3.1.4	0.043478260869565216	0.000999000999000999	26
