EC	enrich_score	p_val	where
3	0.00966702470461869	0.000999000999000999	12
5	0.17227722772277226	0.000999000999000999	316
3.5	0.00392156862745098	0.005994005994005994	0
3.8	0.1	0.000999000999000999	4
5.1	0.00684931506849315	0.000999000999000999	316
3.5.99	0.06666666666666667	0.000999000999000999	0
3.8.1	0.1	0.000999000999000999	4
