EC	enrich_score	p_val	where
1	0.6479891549932218	0.000999000999000999	2358
1.3	0.009345794392523364	0.000999000999000999	28
1.1	0.051451187335092345	0.000999000999000999	830
1.3.1	0.011235955056179775	0.000999000999000999	28
1.1.1	0.05531914893617021	0.000999000999000999	830
