EC	enrich_score	p_val	where
2	0.09294696555494805	0.000999000999000999	1182
2.3	0.08478802992518704	0.000999000999000999	147
2.3.1	0.09239130434782608	0.000999000999000999	147
