EC	enrich_score	p_val	where
2	0.09568069983597595	0.000999000999000999	1616
2.7	0.07301587301587302	0.000999000999000999	385
2.7.1	0.07602339181286549	0.000999000999000999	25
