EC	enrich_score	p_val	where
2	0.10278840896664844	0.000999000999000999	773
2.4	0.2681564245810056	0.000999000999000999	482
2.4.1	0.22981366459627328	0.000999000999000999	482
