EC	enrich_score	p_val	where
1	0.6479891549932218	0.000999000999000999	2358
1.4	0.02564102564102564	0.000999000999000999	56
1.1	0.06464379947229551	0.000999000999000999	1840
1.4.1	0.06060606060606061	0.000999000999000999	56
1.1.1	0.06950354609929078	0.000999000999000999	1840
