EC	enrich_score	p_val	where
2	0.14762165117550574	0.000999000999000999	796
2.3	0.5361596009975063	0.000999000999000999	549
2.3.1	0.47554347826086957	0.000999000999000999	549
