EC	enrich_score	p_val	where
1	0.6479891549932218	0.000999000999000999	2357
1.14	0.022530329289428077	0.000999000999000999	83
1.1	0.0633245382585752	0.000999000999000999	1831
1.14.12	0.23404255319148937	0.000999000999000999	83
1.1.1	0.06808510638297872	0.000999000999000999	1831
