EC	enrich_score	p_val	where
1	0.6475372797107998	0.000999000999000999	2361
1.1	0.05804749340369393	0.000999000999000999	603
1.1.1	0.062411347517730496	0.000999000999000999	603
