EC	enrich_score	p_val	where
1	0.21825576140985087	0.000999000999000999	1207
1.3	0.11682242990654206	0.000999000999000999	43
1.3.1	0.1404494382022472	0.000999000999000999	43
