EC	enrich_score	p_val	where
3	0.034371643394199784	0.000999000999000999	480
3.1	0.03481012658227848	0.000999000999000999	35
3.1.1	0.009345794392523364	0.000999000999000999	1
3.1.4	0.043478260869565216	0.000999000999000999	12
