EC	enrich_score	p_val	where
4	0.018518518518518517	0.000999000999000999	82
4.1	0.025925925925925925	0.000999000999000999	17
4.1.1	0.05384615384615385	0.000999000999000999	17
