EC	enrich_score	p_val	where
3	0.011815252416756176	0.000999000999000999	59
2	0.05248769819573537	0.000999000999000999	930
3.2	0.06040268456375839	0.000999000999000999	59
2.4	0.06983240223463687	0.000999000999000999	264
3.2.1	0.06293706293706294	0.000999000999000999	59
2.4.1	0.059006211180124224	0.000999000999000999	264
