EC	enrich_score	p_val	where
3	0.05692803437164339	0.000999000999000999	165
3.5	0.08627450980392157	0.000999000999000999	57
3.5.4	0.029411764705882353	0.000999000999000999	0
3.5.1	0.027586206896551724	0.000999000999000999	8
