EC	enrich_score	p_val	where
2	0.14707490431930018	0.000999000999000999	625
2.3	0.5486284289276808	0.000999000999000999	562
2.3.1	0.4891304347826087	0.000999000999000999	562
