EC	enrich_score	p_val	where
2	0.08529250956806998	0.000999000999000999	744
2.7	0.43492063492063493	0.000999000999000999	498
2.7.1	0.15204678362573099	0.000999000999000999	350
