EC	enrich_score	p_val	where
3	0.011815252416756176	0.000999000999000999	78
3.1	0.028481012658227847	0.000999000999000999	78
