EC	enrich_score	p_val	where
1	0.004066877541798464	0.001998001998001998	20
