EC	enrich_score	p_val	where
3	0.004296455424274973	0.001998001998001998	14
5	0.20594059405940593	0.000999000999000999	288
3.5	0.01568627450980392	0.000999000999000999	14
5.1	0.1232876712328767	0.000999000999000999	288
3.5.3	0.08695652173913043	0.000999000999000999	8
