EC	enrich_score	p_val	where
2	0.06068890103881903	0.000999000999000999	1056
2.3	0.10723192019950124	0.000999000999000999	155
2.3.1	0.10869565217391304	0.000999000999000999	127
