EC	enrich_score	p_val	where
1	0.6475372797107998	0.000999000999000999	2356
1.5	0.021739130434782608	0.000999000999000999	29
1.1	0.05013192612137203	0.000999000999000999	1810
1.5.1	0.03389830508474576	0.000999000999000999	29
1.1.1	0.05390070921985816	0.000999000999000999	1810
