EC	enrich_score	p_val	where
1	0.6484410302756439	0.000999000999000999	2365
1.2	0.005154639175257732	0.000999000999000999	15
1.1	0.04221635883905013	0.000999000999000999	1751
1.2.1	0.005780346820809248	0.000999000999000999	15
1.1.1	0.04539007092198582	0.000999000999000999	1751
