EC	enrich_score	p_val	where
2	0.1202843083652269	0.000999000999000999	484
2.1	0.7241379310344828	0.000999000999000999	405
2.1.1	0.8289473684210527	0.000999000999000999	405
