EC	enrich_score	p_val	where
3	0.01288936627282492	0.000999000999000999	290
3.1	0.00949367088607595	0.000999000999000999	32
3.1.4	0.08695652173913043	0.000999000999000999	31
