EC	enrich_score	p_val	where
2	0.005467468562055768	0.000999000999000999	83
3	0.03007518796992481	0.000999000999000999	504
3.2	0.03355704697986577	0.000999000999000999	22
2.4	0.027932960893854747	0.000999000999000999	83
3.2.1	0.03496503496503497	0.000999000999000999	22
2.4.1	0.031055900621118012	0.000999000999000999	83
