EC	enrich_score	p_val	where
4	0.004629629629629629	0.000999000999000999	23
4.5	0.3333333333333333	0.000999000999000999	14
4.5.1	0.3333333333333333	0.000999000999000999	14
