EC	enrich_score	p_val	where
1	0.6479891549932218	0.000999000999000999	2357
1.14	0.01559792027729636	0.000999000999000999	70
1.1	0.059366754617414245	0.000999000999000999	1808
1.14.13	0.033707865168539325	0.000999000999000999	64
1.1.1	0.06382978723404255	0.000999000999000999	1808
