EC	enrich_score	p_val	where
3	0.00322234156820623	0.005994005994005994	15
2	0.045379989065062874	0.000999000999000999	1342
3.6	0.061224489795918366	0.000999000999000999	15
2.7	0.015873015873015872	0.000999000999000999	136
3.6.1	0.0625	0.000999000999000999	15
