EC	enrich_score	p_val	where
2	0.0032804811372334607	0.003996003996003996	36
