EC	enrich_score	p_val	where
2	0.09185347184253691	0.000999000999000999	1038
2.4	0.21508379888268156	0.000999000999000999	419
2.4.1	0.17701863354037267	0.000999000999000999	239
