EC	enrich_score	p_val	where
2	0.07818480043739748	0.000999000999000999	1007
2.4	0.16201117318435754	0.000999000999000999	257
2.4.1	0.15527950310559005	0.000999000999000999	257
