EC	enrich_score	p_val	where
2	0.09349371241115363	0.000999000999000999	1209
2.3	0.3117206982543641	0.000999000999000999	414
2.3.1	0.3016304347826087	0.000999000999000999	414
