EC	enrich_score	p_val	where
5	0.007920792079207921	0.000999000999000999	9
5.5	0.04285714285714286	0.000999000999000999	4
5.5.1	0.04285714285714286	0.000999000999000999	4
