EC	enrich_score	p_val	where
1	0.004970628106642567	0.000999000999000999	65
1.13	0.07936507936507936	0.000999000999000999	41
1.13.11	0.09009009009009009	0.000999000999000999	41
