EC	enrich_score	p_val	where
2	0.0038272279934390375	0.001998001998001998	27
3	0.00322234156820623	0.005994005994005994	135
2.6	0.023148148148148147	0.000999000999000999	27
2.6.1	0.02336448598130841	0.000999000999000999	27
