EC	enrich_score	p_val	where
4	0.003472222222222222	0.003996003996003996	4
3	0.024704618689581095	0.000999000999000999	480
4.99	0.14285714285714285	0.000999000999000999	2
3.5	0.011764705882352941	0.000999000999000999	34
4.99.1	0.14285714285714285	0.000999000999000999	2
