EC	enrich_score	p_val	where
1	0.00858563036601898	0.000999000999000999	40
1.4	0.05128205128205128	0.000999000999000999	5
1.4.3	0.09090909090909091	0.000999000999000999	5
