EC	enrich_score	p_val	where
3	0.04189044038668099	0.000999000999000999	202
3.8	0.1	0.000999000999000999	0
3.8.1	0.1	0.000999000999000999	0
