EC	enrich_score	p_val	where
3	0.007518796992481203	0.000999000999000999	69
3.1	0.006329113924050633	0.000999000999000999	19
3.1.1	0.009345794392523364	0.000999000999000999	0
