EC	enrich_score	p_val	where
1	0.6479891549932218	0.000999000999000999	2356
1.3	0.02336448598130841	0.000999000999000999	73
1.1	0.059366754617414245	0.000999000999000999	1808
1.3.1	0.028089887640449437	0.000999000999000999	73
1.1.1	0.06382978723404255	0.000999000999000999	1808
