EC	enrich_score	p_val	where
2	0.08201202843083652	0.000999000999000999	1026
2.4	0.12569832402234637	0.000999000999000999	315
2.4.1	0.11801242236024845	0.000999000999000999	190
