EC	enrich_score	p_val	where
2	0.131765992345544	0.000999000999000999	706
2.4	0.4022346368715084	0.000999000999000999	610
2.4.1	0.36024844720496896	0.000999000999000999	568
