EC	enrich_score	p_val	where
3	0.02900107411385607	0.000999000999000999	155
3.1	0.07278481012658228	0.000999000999000999	155
3.1.3	0.00819672131147541	0.000999000999000999	0
