EC	enrich_score	p_val	where
3	0.055853920515574654	0.000999000999000999	294
3.5	0.00784313725490196	0.000999000999000999	1
3.5.1	0.013793103448275862	0.000999000999000999	1
