EC	enrich_score	p_val	where
3	0.045112781954887216	0.000999000999000999	198
3.5	0.03137254901960784	0.000999000999000999	25
3.5.2	0.07692307692307693	0.000999000999000999	1
