EC	enrich_score	p_val	where
1	0.6475372797107998	0.000999000999000999	2361
1.3	0.009345794392523364	0.000999000999000999	101
1.1	0.0633245382585752	0.000999000999000999	1833
1.3.1	0.011235955056179775	0.000999000999000999	101
1.1.1	0.06808510638297872	0.000999000999000999	1833
