EC	enrich_score	p_val	where
1	0.6479891549932218	0.000999000999000999	2357
1.5	0.021739130434782608	0.000999000999000999	87
1.1	0.06200527704485488	0.000999000999000999	1783
1.5.1	0.03389830508474576	0.000999000999000999	87
1.1.1	0.06666666666666667	0.000999000999000999	1783
