EC	enrich_score	p_val	where
1	0.6479891549932218	0.000999000999000999	2357
1.1	0.06596306068601583	0.000999000999000999	1838
1.1.1	0.07092198581560284	0.000999000999000999	1838
