EC	enrich_score	p_val	where
2	0.11700382722799343	0.000999000999000999	1106
2.3	0.371571072319202	0.000999000999000999	411
2.3.1	0.35597826086956524	0.000999000999000999	411
