EC	enrich_score	p_val	where
5	0.007920792079207921	0.000999000999000999	8
5.3	0.020134228187919462	0.000999000999000999	7
5.3.3	0.03225806451612903	0.000999000999000999	1
