EC	enrich_score	p_val	where
1	0.6479891549932218	0.000999000999000999	2356
1.1	0.059366754617414245	0.000999000999000999	1737
1.1.1	0.06382978723404255	0.000999000999000999	1737
