EC	enrich_score	p_val	where
6	0.010101010101010102	0.000999000999000999	22
2	0.05467468562055768	0.000999000999000999	1591
6.3	0.0136986301369863	0.000999000999000999	22
2.7	0.02857142857142857	0.000999000999000999	335
2.7.1	0.005847953216374269	0.000999000999000999	13
6.3.2	0.02702702702702703	0.000999000999000999	22
