EC	enrich_score	p_val	where
2	0.1082558775287042	0.000999000999000999	862
2.7	0.0031746031746031746	0.005994005994005994	10
2.4	0.19832402234636873	0.000999000999000999	508
2.7.7	0.014285714285714285	0.000999000999000999	10
2.4.1	0.14596273291925466	0.000999000999000999	508
