EC	enrich_score	p_val	where
1	0.0063262539539087215	0.000999000999000999	30
1.4	0.02564102564102564	0.000999000999000999	5
1.4.3	0.045454545454545456	0.000999000999000999	5
