EC	enrich_score	p_val	where
1	0.3782196113872571	0.000999000999000999	1934
1.1	0.01978891820580475	0.000999000999000999	36
1.1.1	0.02127659574468085	0.000999000999000999	36
