EC	enrich_score	p_val	where
4	0.0023148148148148147	0.008991008991008992	13
4.1	0.007407407407407408	0.000999000999000999	13
4.1.1	0.015384615384615385	0.000999000999000999	13
