EC	enrich_score	p_val	where
1	0.6484410302756439	0.000999000999000999	2365
1.2	0.005154639175257732	0.000999000999000999	32
1.3	0.014018691588785047	0.000999000999000999	59
1.1	0.05013192612137203	0.000999000999000999	2001
1.2.1	0.005780346820809248	0.000999000999000999	32
1.3.1	0.016853932584269662	0.000999000999000999	59
1.1.1	0.05390070921985816	0.000999000999000999	2001
