EC	enrich_score	p_val	where
2	0.06943685073810825	0.000999000999000999	851
2.4	0.0335195530726257	0.000999000999000999	79
2.4.1	0.031055900621118012	0.000999000999000999	79
