EC	enrich_score	p_val	where
2	0.13012575177692728	0.000999000999000999	665
2.4	0.41899441340782123	0.000999000999000999	496
2.4.1	0.41304347826086957	0.000999000999000999	417
