EC	enrich_score	p_val	where
2	0.13778020776380537	0.000999000999000999	706
2.3	0.5586034912718204	0.000999000999000999	485
2.3.1	0.47282608695652173	0.000999000999000999	485
