EC	enrich_score	p_val	where
3	0.02577873254564984	0.000999000999000999	45
3.1	0.06962025316455696	0.000999000999000999	45
3.1.3	0.11475409836065574	0.000999000999000999	45
