EC	enrich_score	p_val	where
2	0.09185347184253691	0.000999000999000999	1655
2.7	0.35873015873015873	0.000999000999000999	752
2.7.1	0.11695906432748537	0.000999000999000999	446
