EC	enrich_score	p_val	where
4	0.0023148148148148147	0.008991008991008992	4
3	0.03329752953813104	0.000999000999000999	269
4.2	0.004246284501061571	0.005994005994005994	4
3.2	0.006711409395973154	0.000999000999000999	9
3.1	0.012658227848101266	0.000999000999000999	136
4.2.1	0.0035211267605633804	0.005994005994005994	1
3.2.1	0.006993006993006993	0.000999000999000999	9
