EC	enrich_score	p_val	where
3	0.031149301825993556	0.000999000999000999	122
3.1	0.04430379746835443	0.000999000999000999	27
3.1.4	0.2608695652173913	0.000999000999000999	7
