EC	enrich_score	p_val	where
2	0.09075997813012575	0.000999000999000999	413
2.1	0.4904214559386973	0.000999000999000999	408
2.1.1	0.5526315789473685	0.000999000999000999	408
