EC	enrich_score	p_val	where
3	0.01611170784103115	0.000999000999000999	118
3.4	0.023529411764705882	0.000999000999000999	3
3.4.13	0.07692307692307693	0.000999000999000999	3
