EC	enrich_score	p_val	where
2	0.004920721705850191	0.000999000999000999	21
3	0.018259935553168637	0.000999000999000999	179
2.4	0.025139664804469275	0.000999000999000999	21
2.4.2	0.2571428571428571	0.000999000999000999	21
