EC	enrich_score	p_val	where
2	0.11755057408419901	0.000999000999000999	495
2.1	0.735632183908046	0.000999000999000999	421
2.1.1	0.8421052631578947	0.000999000999000999	421
