EC	enrich_score	p_val	where
4	0.019675925925925927	0.000999000999000999	42
4.1	0.05555555555555555	0.000999000999000999	27
4.1.1	0.11538461538461539	0.000999000999000999	27
