EC	enrich_score	p_val	where
5	0.2	0.000999000999000999	303
5.1	0.10273972602739725	0.000999000999000999	303
