EC	enrich_score	p_val	where
2	0.07982504100601422	0.000999000999000999	1618
2.4	0.19832402234636873	0.000999000999000999	164
2.4.1	0.2080745341614907	0.000999000999000999	164
