EC	enrich_score	p_val	where
3	0.0021482277121374865	0.023976023976023976	15
2	0.002186987424822307	0.008991008991008992	90
3.1	0.006329113924050633	0.000999000999000999	15
3.1.4	0.08695652173913043	0.000999000999000999	15
