EC	enrich_score	p_val	where
2	0.11372334609075997	0.000999000999000999	1230
2.3	0.26184538653366585	0.000999000999000999	402
2.3.1	0.24728260869565216	0.000999000999000999	402
