EC	enrich_score	p_val	where
3	0.04618689581095596	0.000999000999000999	278
3.5	0.058823529411764705	0.000999000999000999	66
