EC	enrich_score	p_val	where
5	0.0039603960396039604	0.001998001998001998	8
3	0.0397422126745435	0.000999000999000999	335
5.4	0.01652892561983471	0.000999000999000999	8
5.4.99	0.03225806451612903	0.000999000999000999	8
