EC	enrich_score	p_val	where
4	0.018518518518518517	0.000999000999000999	35
4.1	0.003703703703703704	0.005994005994005994	0
4.2	0.016985138004246284	0.000999000999000999	35
4.1.3	0.021739130434782608	0.000999000999000999	0
4.2.1	0.028169014084507043	0.000999000999000999	35
