EC	enrich_score	p_val	where
5	0.009900990099009901	0.000999000999000999	17
5.3	0.03355704697986577	0.000999000999000999	17
5.3.2	0.26666666666666666	0.000999000999000999	7
