EC	enrich_score	p_val	where
3	0.022556390977443608	0.000999000999000999	112
2	0.034991798797156914	0.000999000999000999	1400
3.2	0.10067114093959731	0.000999000999000999	59
3.2.1	0.1048951048951049	0.000999000999000999	59
