EC	enrich_score	p_val	where
2	0.0038272279934390375	0.001998001998001998	36
2.6	0.013888888888888888	0.000999000999000999	36
2.6.1	0.004672897196261682	0.005994005994005994	0
