EC	enrich_score	p_val	where
2	0.002733734281027884	0.005994005994005994	7
3	0.007518796992481203	0.000999000999000999	72
2.1	0.019157088122605363	0.000999000999000999	7
2.1.1	0.021929824561403508	0.000999000999000999	7
