EC	enrich_score	p_val	where
3	0.01933404940923738	0.000999000999000999	50
3.2	0.06711409395973154	0.000999000999000999	50
3.2.1	0.06993006993006994	0.000999000999000999	50
