EC	enrich_score	p_val	where
6	0.13131313131313133	0.000999000999000999	45
2	0.08583925642427556	0.000999000999000999	772
6.3	0.1780821917808219	0.000999000999000999	45
2.7	0.4126984126984127	0.000999000999000999	585
2.7.3	0.1111111111111111	0.000999000999000999	9
6.3.4	0.07692307692307693	0.000999000999000999	13
6.3.2	0.05405405405405406	0.000999000999000999	20
2.7.1	0.07602339181286549	0.000999000999000999	445
