EC	enrich_score	p_val	where
3	0.01933404940923738	0.000999000999000999	70
3.2	0.04697986577181208	0.000999000999000999	21
3.2.1	0.04895104895104895	0.000999000999000999	21
