EC	enrich_score	p_val	where
3	0.05800214822771214	0.000999000999000999	378
3.1	0.00949367088607595	0.000999000999000999	8
3.1.6	0.16666666666666666	0.000999000999000999	1
3.1.1	0.009345794392523364	0.000999000999000999	8
