EC	enrich_score	p_val	where
4	0.006944444444444444	0.000999000999000999	16
4.2	0.008492569002123142	0.000999000999000999	16
4.2.1	0.014084507042253521	0.000999000999000999	16
