EC	enrich_score	p_val	where
2	0.10114816839803172	0.000999000999000999	434
2.1	0.5670498084291188	0.000999000999000999	424
2.1.1	0.6491228070175439	0.000999000999000999	424
