EC	enrich_score	p_val	where
2	0.14270092946965554	0.000999000999000999	816
2.4	0.39664804469273746	0.000999000999000999	805
2.4.1	0.36335403726708076	0.000999000999000999	621
