EC	enrich_score	p_val	where
2	0.13340623291416073	0.000999000999000999	714
2.4	0.4134078212290503	0.000999000999000999	563
2.4.1	0.39751552795031053	0.000999000999000999	563
