EC	enrich_score	p_val	where
1	0.6475372797107998	0.000999000999000999	2361
1.14	0.005199306759098787	0.000999000999000999	93
1.1	0.059366754617414245	0.000999000999000999	1885
1.14.12	0.06382978723404255	0.000999000999000999	93
1.1.1	0.06382978723404255	0.000999000999000999	1885
