EC	enrich_score	p_val	where
2	0.09786768726079825	0.000999000999000999	1363
2.4	0.17039106145251395	0.000999000999000999	209
2.4.1	0.17701863354037267	0.000999000999000999	209
