EC	enrich_score	p_val	where
2	0.08529250956806998	0.000999000999000999	749
2.7	0.4095238095238095	0.000999000999000999	560
2.7.4	0.15	0.000999000999000999	19
2.7.1	0.08187134502923976	0.000999000999000999	414
