EC	enrich_score	p_val	where
1	0.6479891549932218	0.000999000999000999	2359
1.3	0.009345794392523364	0.000999000999000999	27
1.1	0.06860158311345646	0.000999000999000999	457
1.3.1	0.011235955056179775	0.000999000999000999	27
1.1.1	0.07375886524822695	0.000999000999000999	457
