EC	enrich_score	p_val	where
1	0.6479891549932218	0.000999000999000999	2359
1.5	0.021739130434782608	0.000999000999000999	37
1.1	0.06068601583113457	0.000999000999000999	1165
1.5.1	0.03389830508474576	0.000999000999000999	37
1.1.1	0.06524822695035461	0.000999000999000999	1165
