EC	enrich_score	p_val	where
2	0.11481683980317113	0.000999000999000999	761
2.4	0.24581005586592178	0.000999000999000999	416
2.4.2	0.08571428571428572	0.000999000999000999	17
2.4.1	0.19875776397515527	0.000999000999000999	416
