EC	enrich_score	p_val	where
4	0.0023148148148148147	0.008991008991008992	1
3	0.024704618689581095	0.000999000999000999	178
5	0.055445544554455446	0.000999000999000999	453
4.5	0.3333333333333333	0.000999000999000999	1
3.5	0.00784313725490196	0.000999000999000999	26
4.5.1	0.3333333333333333	0.000999000999000999	1
