EC	enrich_score	p_val	where
3	0.06552094522019335	0.000999000999000999	351
3.1	0.06645569620253164	0.000999000999000999	38
3.1.7	0.16666666666666666	0.000999000999000999	2
3.1.3	0.12295081967213115	0.000999000999000999	38
