EC	enrich_score	p_val	where
2	0.10005467468562056	0.000999000999000999	982
2.3	0.014962593516209476	0.000999000999000999	68
2.3.1	0.016304347826086956	0.000999000999000999	68
