EC	enrich_score	p_val	where
2	0.06287588846364134	0.000999000999000999	847
2.4	0.11731843575418995	0.000999000999000999	270
2.4.1	0.11801242236024845	0.000999000999000999	91
