EC	enrich_score	p_val	where
2	0.09950792782941498	0.000999000999000999	1053
2.4	0.20670391061452514	0.000999000999000999	444
2.4.1	0.16149068322981366	0.000999000999000999	439
