EC	enrich_score	p_val	where
2	0.1131765992345544	0.000999000999000999	684
2.4	0.2849162011173184	0.000999000999000999	440
2.4.1	0.2608695652173913	0.000999000999000999	440
