EC	enrich_score	p_val	where
2	0.0032804811372334607	0.003996003996003996	12
2.8	0.06818181818181818	0.000999000999000999	12
2.8.3	0.0684931506849315	0.000999000999000999	8
