EC	enrich_score	p_val	where
2	0.07709130672498633	0.000999000999000999	1131
2.4	0.2011173184357542	0.000999000999000999	211
2.4.1	0.19875776397515527	0.000999000999000999	211
