EC	enrich_score	p_val	where
1	0.6479891549932218	0.000999000999000999	2359
1.3	0.004672897196261682	0.005994005994005994	31
1.1	0.0712401055408971	0.000999000999000999	1281
1.3.1	0.0056179775280898875	0.000999000999000999	31
1.1.1	0.07659574468085106	0.000999000999000999	1281
