EC	enrich_score	p_val	where
2	0.1202843083652269	0.000999000999000999	779
2.4	0.3268156424581006	0.000999000999000999	495
2.4.1	0.30124223602484473	0.000999000999000999	463
