EC	enrich_score	p_val	where
1	0.0027112516945323093	0.008991008991008992	6
1.13	0.031746031746031744	0.000999000999000999	4
1.13.11	0.036036036036036036	0.000999000999000999	4
