EC	enrich_score	p_val	where
3	0.01288936627282492	0.000999000999000999	204
3.1	0.015822784810126583	0.000999000999000999	29
3.1.4	0.08695652173913043	0.000999000999000999	8
