EC	enrich_score	p_val	where
2	0.05522143247676326	0.000999000999000999	654
2.4	0.11173184357541899	0.000999000999000999	132
2.4.1	0.11801242236024845	0.000999000999000999	132
