EC	enrich_score	p_val	where
4	0.0023148148148148147	0.008991008991008992	6
3	0.010741138560687433	0.000999000999000999	52
3.6	0.02040816326530612	0.000999000999000999	0
3.6.1	0.020833333333333332	0.000999000999000999	0
