EC	enrich_score	p_val	where
2	0.0612356478950246	0.000999000999000999	844
2.4	0.0670391061452514	0.000999000999000999	179
2.4.1	0.06832298136645963	0.000999000999000999	179
