EC	enrich_score	p_val	where
3	0.047261009667024706	0.000999000999000999	431
3.1	0.03481012658227848	0.000999000999000999	16
3.1.1	0.009345794392523364	0.000999000999000999	1
3.1.8	0.2	0.000999000999000999	11
