EC	enrich_score	p_val	where
2	0.10716238381629306	0.000999000999000999	1284
2.4	0.22625698324022347	0.000999000999000999	224
2.4.1	0.22981366459627328	0.000999000999000999	190
