EC	enrich_score	p_val	where
1	0.6461816538635337	0.000999000999000999	2358
1.1	0.08179419525065963	0.000999000999000999	279
1.1.1	0.08794326241134752	0.000999000999000999	279
