EC	enrich_score	p_val	where
2	0.05084745762711865	0.000999000999000999	585
2.4	0.05307262569832402	0.000999000999000999	109
2.4.1	0.052795031055900624	0.000999000999000999	109
