EC	enrich_score	p_val	where
6	0.0707070707070707	0.000999000999000999	16
2	0.021323127392017496	0.000999000999000999	725
6.3	0.0958904109589041	0.000999000999000999	16
6.3.1	0.08333333333333333	0.000999000999000999	0
6.3.2	0.10810810810810811	0.000999000999000999	13
