EC	enrich_score	p_val	where
2	0.045379989065062874	0.000999000999000999	522
2.4	0.04748603351955307	0.000999000999000999	72
2.4.1	0.046583850931677016	0.000999000999000999	72
