EC	enrich_score	p_val	where
3	0.0021482277121374865	0.023976023976023976	6
