EC	enrich_score	p_val	where
1	0.6475372797107998	0.000999000999000999	2354
1.14	0.008665511265164644	0.000999000999000999	45
1.1	0.04353562005277045	0.000999000999000999	684
1.14.13	0.028089887640449437	0.000999000999000999	45
1.1.1	0.04680851063829787	0.000999000999000999	684
