EC	enrich_score	p_val	where
2	0.11755057408419901	0.000999000999000999	461
2.1	0.6934865900383141	0.000999000999000999	429
2.1.1	0.793859649122807	0.000999000999000999	429
