EC	enrich_score	p_val	where
4	0.006944444444444444	0.000999000999000999	10
4.1	0.022222222222222223	0.000999000999000999	10
4.1.1	0.046153846153846156	0.000999000999000999	10
