EC	enrich_score	p_val	where
1	0.29597830998644375	0.000999000999000999	1493
1.1	0.030343007915567283	0.000999000999000999	161
1.1.1	0.032624113475177303	0.000999000999000999	161
