EC	enrich_score	p_val	where
2	0.08857299070530344	0.000999000999000999	1240
2.3	0.24688279301745636	0.000999000999000999	362
2.3.1	0.2418478260869565	0.000999000999000999	362
