EC	enrich_score	p_val	where
1	0.6466335291459557	0.000999000999000999	2352
1.1	0.08839050131926121	0.000999000999000999	488
1.1.1	0.0950354609929078	0.000999000999000999	488
