EC	enrich_score	p_val	where
1	0.6475372797107998	0.000999000999000999	2361
1.1	0.09234828496042216	0.000999000999000999	303
1.1.1	0.09929078014184398	0.000999000999000999	303
