EC	enrich_score	p_val	where
1	0.6466335291459557	0.000999000999000999	2354
1.1	0.08970976253298153	0.000999000999000999	612
1.1.1	0.09645390070921986	0.000999000999000999	612
