EC	enrich_score	p_val	where
2	0.1202843083652269	0.000999000999000999	473
2.1	0.7126436781609196	0.000999000999000999	408
2.1.1	0.8157894736842105	0.000999000999000999	408
