EC	enrich_score	p_val	where
1	0.004970628106642567	0.000999000999000999	49
1.4	0.05128205128205128	0.000999000999000999	4
1.4.3	0.09090909090909091	0.000999000999000999	4
