EC	enrich_score	p_val	where
4	0.015046296296296295	0.000999000999000999	53
4.2	0.016985138004246284	0.000999000999000999	24
4.2.1	0.028169014084507043	0.000999000999000999	24
