EC	enrich_score	p_val	where
1	0.1640307275192047	0.000999000999000999	763
1.1	0.021108179419525065	0.000999000999000999	183
1.1.1	0.02269503546099291	0.000999000999000999	183
