EC	enrich_score	p_val	where
1	0.6466335291459557	0.000999000999000999	2352
1.1	0.09498680738786279	0.000999000999000999	343
1.1.1	0.10212765957446808	0.000999000999000999	343
