EC	enrich_score	p_val	where
3	0.022556390977443608	0.000999000999000999	233
3.5	0.06274509803921569	0.000999000999000999	56
3.5.1	0.006896551724137931	0.000999000999000999	0
3.5.2	0.07692307692307693	0.000999000999000999	13
