EC	enrich_score	p_val	where
1	0.17035698147311343	0.000999000999000999	799
1.1	0.021108179419525065	0.000999000999000999	178
1.1.1	0.02269503546099291	0.000999000999000999	178
