EC	enrich_score	p_val	where
5	0.0019801980198019802	0.023976023976023976	1
3	0.004296455424274973	0.001998001998001998	128
5.3	0.006711409395973154	0.000999000999000999	1
5.3.1	0.016666666666666666	0.000999000999000999	1
