EC	enrich_score	p_val	where
4	0.003472222222222222	0.003996003996003996	8
4.2	0.004246284501061571	0.005994005994005994	2
4.2.1	0.007042253521126761	0.000999000999000999	2
