EC	enrich_score	p_val	where
3	0.013963480128893663	0.000999000999000999	286
