EC	enrich_score	p_val	where
2	0.11973756150902132	0.000999000999000999	480
2.1	0.7126436781609196	0.000999000999000999	409
2.1.1	0.8157894736842105	0.000999000999000999	409
