EC	enrich_score	p_val	where
3	0.0397422126745435	0.000999000999000999	184
3.4	0.15294117647058825	0.000999000999000999	12
3.4.13	0.5	0.000999000999000999	12
