EC	enrich_score	p_val	where
1	0.6475372797107998	0.000999000999000999	2364
1.1	0.0712401055408971	0.000999000999000999	1223
1.1.1	0.07659574468085106	0.000999000999000999	1223
