EC	enrich_score	p_val	where
2	0.10661563696008748	0.000999000999000999	444
2.1	0.6168582375478927	0.000999000999000999	412
2.1.1	0.706140350877193	0.000999000999000999	412
