EC	enrich_score	p_val	where
3	0.011815252416756176	0.000999000999000999	134
3.1	0.006329113924050633	0.000999000999000999	7
3.1.1	0.018691588785046728	0.000999000999000999	7
