EC	enrich_score	p_val	where
1	0.6475372797107998	0.000999000999000999	2350
1.5	0.010869565217391304	0.000999000999000999	29
1.14	0.005199306759098787	0.000999000999000999	48
1.1	0.052770448548812667	0.000999000999000999	1950
1.5.1	0.01694915254237288	0.000999000999000999	29
1.14.13	0.016853932584269662	0.000999000999000999	48
1.1.1	0.05673758865248227	0.000999000999000999	1950
