EC	enrich_score	p_val	where
3	0.07411385606874328	0.000999000999000999	720
3.6	0.061224489795918366	0.000999000999000999	24
3.1	0.0189873417721519	0.000999000999000999	79
3.6.1	0.0625	0.000999000999000999	24
