EC	enrich_score	p_val	where
3	0.03866809881847476	0.000999000999000999	235
3.1	0.015822784810126583	0.000999000999000999	34
3.1.1	0.028037383177570093	0.000999000999000999	11
