EC	enrich_score	p_val	where
2	0.01202843083652269	0.000999000999000999	154
2.3	0.004987531172069825	0.000999000999000999	4
2.3.1	0.005434782608695652	0.000999000999000999	4
