EC	enrich_score	p_val	where
3	0.0053705692803437165	0.000999000999000999	12
3.4	0.047058823529411764	0.000999000999000999	10
3.4.13	0.11538461538461539	0.000999000999000999	9
