EC	enrich_score	p_val	where
3	0.021482277121374866	0.000999000999000999	37
3.2	0.08053691275167785	0.000999000999000999	28
3.2.1	0.08391608391608392	0.000999000999000999	28
