EC	enrich_score	p_val	where
2	0.024603608529250958	0.000999000999000999	327
2.4	0.0223463687150838	0.000999000999000999	41
2.4.1	0.024844720496894408	0.000999000999000999	41
