EC	enrich_score	p_val	where
3	0.0021482277121374865	0.023976023976023976	5
2	0.02952433023510115	0.000999000999000999	489
3.2	0.013422818791946308	0.000999000999000999	5
2.4	0.07541899441340782	0.000999000999000999	168
3.2.1	0.013986013986013986	0.000999000999000999	5
2.4.1	0.07763975155279502	0.000999000999000999	168
