EC	enrich_score	p_val	where
2	0.10278840896664844	0.000999000999000999	1273
2.4	0.22346368715083798	0.000999000999000999	237
2.4.1	0.2236024844720497	0.000999000999000999	194
