EC	enrich_score	p_val	where
3	0.007518796992481203	0.000999000999000999	80
2	0.04045926735921269	0.000999000999000999	853
3.2	0.020134228187919462	0.000999000999000999	80
2.4	0.10893854748603352	0.000999000999000999	278
3.2.1	0.02097902097902098	0.000999000999000999	80
2.4.1	0.09627329192546584	0.000999000999000999	278
