EC	enrich_score	p_val	where
1	0.6479891549932218	0.000999000999000999	2357
1.14	0.02772963604852686	0.000999000999000999	118
1.1	0.06728232189973615	0.000999000999000999	1848
1.14.12	0.2127659574468085	0.000999000999000999	97
1.1.1	0.07234042553191489	0.000999000999000999	1848
