EC	enrich_score	p_val	where
2	0.0825587752870421	0.000999000999000999	1017
2.4	0.1340782122905028	0.000999000999000999	267
2.4.1	0.13354037267080746	0.000999000999000999	259
