EC	enrich_score	p_val	where
2	0.055768179332968834	0.000999000999000999	707
2.4	0.16201117318435754	0.000999000999000999	289
2.4.1	0.16149068322981366	0.000999000999000999	289
