EC	enrich_score	p_val	where
2	0.047566976489885185	0.000999000999000999	1040
2.3	0.06234413965087282	0.000999000999000999	88
2.3.1	0.06793478260869565	0.000999000999000999	88
