EC	enrich_score	p_val	where
2	0.026243849097867686	0.000999000999000999	310
2.4	0.025139664804469275	0.000999000999000999	36
2.4.1	0.027950310559006212	0.000999000999000999	36
