EC	enrich_score	p_val	where
2	0.11973756150902132	0.000999000999000999	487
2.1	0.7509578544061303	0.000999000999000999	408
2.1.1	0.8596491228070176	0.000999000999000999	408
