EC	enrich_score	p_val	where
2	0.06889010388190268	0.000999000999000999	896
2.3	0.07231920199501247	0.000999000999000999	69
2.3.1	0.07880434782608696	0.000999000999000999	69
