EC	enrich_score	p_val	where
1	0.3167645729778581	0.000999000999000999	1627
1.3	0.018691588785046728	0.000999000999000999	13
1.3.1	0.02247191011235955	0.000999000999000999	13
