EC	enrich_score	p_val	where
1	0.6479891549932218	0.000999000999000999	2357
1.14	0.01386481802426343	0.000999000999000999	111
1.1	0.059366754617414245	0.000999000999000999	1889
1.14.12	0.1276595744680851	0.000999000999000999	108
1.1.1	0.06382978723404255	0.000999000999000999	1889
