EC	enrich_score	p_val	where
1	0.6479891549932218	0.000999000999000999	2364
1.14	0.01733102253032929	0.000999000999000999	138
1.1	0.06200527704485488	0.000999000999000999	1840
1.14.12	0.0425531914893617	0.000999000999000999	78
1.1.1	0.06666666666666667	0.000999000999000999	1840
