EC	enrich_score	p_val	where
3	0.018259935553168637	0.000999000999000999	91
5	0.12079207920792079	0.000999000999000999	399
3.5	0.050980392156862744	0.000999000999000999	91
3.5.1	0.006896551724137931	0.000999000999000999	11
3.5.4	0.058823529411764705	0.000999000999000999	51
