EC	enrich_score	p_val	where
1	0.0018075011296882061	0.023976023976023976	15
