EC	enrich_score	p_val	where
3	0.011815252416756176	0.000999000999000999	49
3.5	0.00784313725490196	0.000999000999000999	7
3.4	0.03529411764705882	0.000999000999000999	12
3.5.1	0.013793103448275862	0.000999000999000999	7
