EC	enrich_score	p_val	where
2	0.08583925642427556	0.000999000999000999	766
2.7	0.4095238095238095	0.000999000999000999	536
2.7.3	0.1111111111111111	0.000999000999000999	8
2.7.7	0.02857142857142857	0.000999000999000999	17
2.7.1	0.05263157894736842	0.000999000999000999	454
