EC	enrich_score	p_val	where
1	0.6479891549932218	0.000999000999000999	2367
1.14	0.01386481802426343	0.000999000999000999	74
1.1	0.05672823218997362	0.000999000999000999	1909
1.14.12	0.1276595744680851	0.000999000999000999	64
1.1.1	0.06099290780141844	0.000999000999000999	1909
