EC	enrich_score	p_val	where
1	0.6479891549932218	0.000999000999000999	2356
1.5	0.021739130434782608	0.000999000999000999	34
1.1	0.052770448548812667	0.000999000999000999	1711
1.5.1	0.03389830508474576	0.000999000999000999	34
1.1.1	0.05673758865248227	0.000999000999000999	1711
