EC	enrich_score	p_val	where
2	0.11973756150902132	0.000999000999000999	485
2.1	0.7547892720306514	0.000999000999000999	418
2.1.1	0.8640350877192983	0.000999000999000999	418
