EC	enrich_score	p_val	where
2	0.04264625478403499	0.000999000999000999	1215
2.7	0.025396825396825397	0.000999000999000999	41
2.7.1	0.017543859649122806	0.000999000999000999	3
