EC	enrich_score	p_val	where
3	0.03007518796992481	0.000999000999000999	142
3.5	0.07058823529411765	0.000999000999000999	101
3.5.5	0.08333333333333333	0.000999000999000999	1
3.5.1	0.04827586206896552	0.000999000999000999	23
