EC	enrich_score	p_val	where
1	0.6484410302756439	0.000999000999000999	2365
1.17	0.125	0.000999000999000999	63
1.14	0.01386481802426343	0.000999000999000999	152
1.1	0.06200527704485488	0.000999000999000999	1826
1.14.13	0.0056179775280898875	0.000999000999000999	58
1.17.1	0.2	0.000999000999000999	63
1.1.1	0.06666666666666667	0.000999000999000999	1826
