EC	enrich_score	p_val	where
1	0.6479891549932218	0.000999000999000999	2366
1.14	0.02772963604852686	0.000999000999000999	122
1.1	0.0633245382585752	0.000999000999000999	1834
1.14.12	0.2127659574468085	0.000999000999000999	103
1.1.1	0.06808510638297872	0.000999000999000999	1834
