EC	enrich_score	p_val	where
2	0.015855658829961726	0.000999000999000999	63
2.8	0.2840909090909091	0.000999000999000999	63
2.8.3	0.3424657534246575	0.000999000999000999	63
