EC	enrich_score	p_val	where
5	0.015841584158415842	0.000999000999000999	29
5.5	0.11428571428571428	0.000999000999000999	29
5.5.1	0.11428571428571428	0.000999000999000999	29
