EC	enrich_score	p_val	where
1	0.6479891549932218	0.000999000999000999	2356
1.1	0.10026385224274406	0.000999000999000999	226
1.1.1	0.10780141843971631	0.000999000999000999	226
