EC	enrich_score	p_val	where
2	0.11700382722799343	0.000999000999000999	441
2.1	0.7279693486590039	0.000999000999000999	424
2.1.1	0.8333333333333334	0.000999000999000999	424
