EC	enrich_score	p_val	where
1	0.6484410302756439	0.000999000999000999	2355
1.1	0.017150395778364115	0.000999000999000999	938
1.1.1	0.018439716312056736	0.000999000999000999	938
