EC	enrich_score	p_val	where
1	0.6479891549932218	0.000999000999000999	2357
1.14	0.012131715771230503	0.000999000999000999	101
1.1	0.05804749340369393	0.000999000999000999	1890
1.14.12	0.14893617021276595	0.000999000999000999	101
1.1.1	0.062411347517730496	0.000999000999000999	1890
