EC	enrich_score	p_val	where
5	0.0039603960396039604	0.001998001998001998	3
5.3	0.013422818791946308	0.000999000999000999	3
5.3.2	0.06666666666666667	0.000999000999000999	0
