EC	enrich_score	p_val	where
1	0.2227745142340714	0.000999000999000999	1277
1.3	0.12149532710280374	0.000999000999000999	42
1.3.1	0.14606741573033707	0.000999000999000999	42
