EC	enrich_score	p_val	where
1	0.6479891549932218	0.000999000999000999	2357
1.3	0.018691588785046728	0.000999000999000999	87
1.1	0.059366754617414245	0.000999000999000999	1889
1.3.1	0.02247191011235955	0.000999000999000999	87
1.1.1	0.06382978723404255	0.000999000999000999	1889
