EC	enrich_score	p_val	where
3	0.0053705692803437165	0.000999000999000999	7
3.7	0.18518518518518517	0.000999000999000999	7
3.7.1	0.18518518518518517	0.000999000999000999	7
