EC	enrich_score	p_val	where
4	0.004629629629629629	0.000999000999000999	27
3	0.015037593984962405	0.000999000999000999	283
4.5	0.3333333333333333	0.000999000999000999	1
4.5.1	0.3333333333333333	0.000999000999000999	1
