EC	enrich_score	p_val	where
6	0.010101010101010102	0.000999000999000999	10
2	0.09568069983597595	0.000999000999000999	1147
6.3	0.0136986301369863	0.000999000999000999	10
2.4	0.19273743016759776	0.000999000999000999	433
6.3.2	0.02702702702702703	0.000999000999000999	10
2.4.1	0.15838509316770186	0.000999000999000999	433
