EC	enrich_score	p_val	where
1	0.6484410302756439	0.000999000999000999	2366
1.14	0.008665511265164644	0.000999000999000999	101
1.1	0.0633245382585752	0.000999000999000999	1835
1.14.13	0.02247191011235955	0.000999000999000999	99
1.1.1	0.06808510638297872	0.000999000999000999	1835
