EC	enrich_score	p_val	where
1	0.6475372797107998	0.000999000999000999	2361
1.14	0.008665511265164644	0.000999000999000999	107
1.1	0.0633245382585752	0.000999000999000999	1835
1.14.13	0.016853932584269662	0.000999000999000999	94
1.1.1	0.06808510638297872	0.000999000999000999	1835
