EC	enrich_score	p_val	where
1	0.6479891549932218	0.000999000999000999	2364
1.3	0.028037383177570093	0.000999000999000999	110
1.14	0.010398613518197574	0.000999000999000999	179
1.1	0.0633245382585752	0.000999000999000999	1836
1.14.12	0.02127659574468085	0.000999000999000999	82
1.3.1	0.033707865168539325	0.000999000999000999	110
1.1.1	0.06808510638297872	0.000999000999000999	1836
