EC	enrich_score	p_val	where
1	0.6475372797107998	0.000999000999000999	2361
1.3	0.014018691588785047	0.000999000999000999	111
1.14	0.005199306759098787	0.000999000999000999	142
1.1	0.06464379947229551	0.000999000999000999	1843
1.3.1	0.016853932584269662	0.000999000999000999	111
1.14.12	0.06382978723404255	0.000999000999000999	142
1.1.1	0.06950354609929078	0.000999000999000999	1843
