EC	enrich_score	p_val	where
6	0.020202020202020204	0.000999000999000999	12
2	0.07654455986878075	0.000999000999000999	1517
6.2	0.14285714285714285	0.000999000999000999	12
2.3	0.08478802992518704	0.000999000999000999	200
6.2.1	0.14285714285714285	0.000999000999000999	12
2.3.1	0.08152173913043478	0.000999000999000999	200
