EC	enrich_score	p_val	where
3	0.05800214822771214	0.000999000999000999	237
3.1	0.03481012658227848	0.000999000999000999	46
3.1.8	0.7	0.000999000999000999	6
