EC	enrich_score	p_val	where
4	0.0023148148148148147	0.008991008991008992	12
2	0.08583925642427556	0.000999000999000999	766
4.1	0.007407407407407408	0.000999000999000999	12
2.7	0.4253968253968254	0.000999000999000999	451
4.1.1	0.015384615384615385	0.000999000999000999	12
2.7.1	0.17543859649122806	0.000999000999000999	358
