EC	enrich_score	p_val	where
1	0.6479891549932218	0.000999000999000999	2357
1.3	0.028037383177570093	0.000999000999000999	107
1.14	0.01559792027729636	0.000999000999000999	166
1.1	0.06464379947229551	0.000999000999000999	1799
1.3.1	0.033707865168539325	0.000999000999000999	107
1.14.12	0.10638297872340426	0.000999000999000999	156
1.1.1	0.06950354609929078	0.000999000999000999	1799
