EC	enrich_score	p_val	where
1	0.6479891549932218	0.000999000999000999	2356
1.3	0.009345794392523364	0.000999000999000999	56
1.1	0.06200527704485488	0.000999000999000999	1807
1.3.1	0.011235955056179775	0.000999000999000999	56
1.1.1	0.06666666666666667	0.000999000999000999	1807
