EC	enrich_score	p_val	where
1	0.0018075011296882061	0.023976023976023976	28
1.13	0.023809523809523808	0.000999000999000999	17
1.13.11	0.02702702702702703	0.000999000999000999	17
