EC	enrich_score	p_val	where
1	0.004066877541798464	0.001998001998001998	20
1.11	0.029411764705882353	0.000999000999000999	5
1.11.1	0.04	0.000999000999000999	5
