EC	enrich_score	p_val	where
4	0.004629629629629629	0.000999000999000999	24
5	0.06336633663366337	0.000999000999000999	443
4.99	0.07142857142857142	0.000999000999000999	2
4.99.1	0.07142857142857142	0.000999000999000999	2
