EC	enrich_score	p_val	where
3	0.011815252416756176	0.000999000999000999	80
5	0.1603960396039604	0.000999000999000999	346
3.5	0.03529411764705882	0.000999000999000999	37
3.5.4	0.058823529411764705	0.000999000999000999	3
