EC	enrich_score	p_val	where
3	0.031149301825993556	0.000999000999000999	131
5	0.11089108910891089	0.000999000999000999	395
3.5	0.09411764705882353	0.000999000999000999	81
3.5.4	0.11764705882352941	0.000999000999000999	9
