EC	enrich_score	p_val	where
2	0.024603608529250958	0.000999000999000999	70
2.6	0.20833333333333334	0.000999000999000999	70
2.6.1	0.2102803738317757	0.000999000999000999	70
