EC	enrich_score	p_val	where
3	0.01288936627282492	0.000999000999000999	65
5	0.16633663366336635	0.000999000999000999	342
3.5	0.03137254901960784	0.000999000999000999	55
3.5.4	0.11764705882352941	0.000999000999000999	16
