EC	enrich_score	p_val	where
3	0.0322234156820623	0.000999000999000999	65
5	0.10495049504950495	0.000999000999000999	361
3.5	0.08627450980392157	0.000999000999000999	52
3.5.1	0.08275862068965517	0.000999000999000999	24
