EC	enrich_score	p_val	where
3	0.061224489795918366	0.000999000999000999	354
3.8	0.1	0.000999000999000999	0
3.5	0.03137254901960784	0.000999000999000999	119
3.8.1	0.1	0.000999000999000999	0
3.5.99	0.2	0.000999000999000999	6
