EC	enrich_score	p_val	where
1	0.6475372797107998	0.000999000999000999	2355
1.14	0.008665511265164644	0.000999000999000999	15
1.1	0.023746701846965697	0.000999000999000999	1006
1.14.13	0.028089887640449437	0.000999000999000999	15
1.1.1	0.02553191489361702	0.000999000999000999	1006
