EC	enrich_score	p_val	where
2	0.08365226899945326	0.000999000999000999	1580
2.7	0.16507936507936508	0.000999000999000999	699
2.7.1	0.07017543859649122	0.000999000999000999	39
