EC	enrich_score	p_val	where
1	0.6484410302756439	0.000999000999000999	2366
1.14	0.029462738301559793	0.000999000999000999	96
1.1	0.0633245382585752	0.000999000999000999	1830
1.14.12	0.23404255319148937	0.000999000999000999	96
1.1.1	0.06808510638297872	0.000999000999000999	1830
