EC	enrich_score	p_val	where
2	0.05467468562055768	0.000999000999000999	1261
2.4	0.01675977653631285	0.000999000999000999	64
2.4.1	0.012422360248447204	0.000999000999000999	64
