EC	enrich_score	p_val	where
6	0.050505050505050504	0.000999000999000999	17
2	0.02186987424822307	0.000999000999000999	1664
2.7	0.0031746031746031746	0.005994005994005994	0
6.4	0.1111111111111111	0.000999000999000999	4
2.7.1	0.005847953216374269	0.000999000999000999	0
6.4.1	0.1111111111111111	0.000999000999000999	4
