EC	enrich_score	p_val	where
2	0.09786768726079825	0.000999000999000999	414
2.1	0.5747126436781609	0.000999000999000999	413
2.1.1	0.6578947368421053	0.000999000999000999	413
