EC	enrich_score	p_val	where
1	0.6475372797107998	0.000999000999000999	2361
1.5	0.010869565217391304	0.000999000999000999	76
1.1	0.0712401055408971	0.000999000999000999	1815
1.5.1	0.01694915254237288	0.000999000999000999	76
1.1.1	0.07659574468085106	0.000999000999000999	1815
