EC	enrich_score	p_val	where
3	0.02685284640171858	0.000999000999000999	184
3.3	0.037037037037037035	0.000999000999000999	3
3.3.2	0.04	0.000999000999000999	3
