EC	enrich_score	p_val	where
3	0.0021482277121374865	0.023976023976023976	8
2	0.057408419901585565	0.000999000999000999	875
3.1	0.006329113924050633	0.000999000999000999	8
2.7	0.009523809523809525	0.000999000999000999	37
2.4	0.002793296089385475	0.005994005994005994	508
3.1.4	0.08695652173913043	0.000999000999000999	8
2.7.7	0.04285714285714286	0.000999000999000999	37
