EC	enrich_score	p_val	where
4	0.034722222222222224	0.000999000999000999	105
4.2	0.03821656050955414	0.000999000999000999	105
4.2.1	0.06338028169014084	0.000999000999000999	105
