EC	enrich_score	p_val	where
1	0.6484410302756439	0.000999000999000999	2355
1.2	0.005154639175257732	0.000999000999000999	17
1.14	0.005199306759098787	0.000999000999000999	26
1.1	0.013192612137203167	0.000999000999000999	805
1.2.1	0.005780346820809248	0.000999000999000999	17
1.14.13	0.016853932584269662	0.000999000999000999	26
1.1.1	0.014184397163120567	0.000999000999000999	805
