EC	enrich_score	p_val	where
1	0.6479891549932218	0.000999000999000999	2356
1.3	0.009345794392523364	0.000999000999000999	37
1.1	0.0870712401055409	0.000999000999000999	573
1.3.1	0.011235955056179775	0.000999000999000999	37
1.1.1	0.09361702127659574	0.000999000999000999	573
