EC	enrich_score	p_val	where
1	0.6479891549932218	0.000999000999000999	2357
1.1	0.08311345646437995	0.000999000999000999	207
1.1.1	0.08936170212765958	0.000999000999000999	207
