EC	enrich_score	p_val	where
1	0.6479891549932218	0.000999000999000999	2358
1.2	0.010309278350515464	0.000999000999000999	60
1.14	0.019064124783362217	0.000999000999000999	102
1.1	0.0633245382585752	0.000999000999000999	1831
1.2.1	0.011560693641618497	0.000999000999000999	60
1.1.1	0.06808510638297872	0.000999000999000999	1831
