EC	enrich_score	p_val	where
2	0.10278840896664844	0.000999000999000999	424
2.1	0.6015325670498084	0.000999000999000999	400
2.1.1	0.6885964912280702	0.000999000999000999	400
