EC	enrich_score	p_val	where
1	0.648892905558066	0.000999000999000999	2367
1.5	0.043478260869565216	0.000999000999000999	7
1.5.1	0.06779661016949153	0.000999000999000999	7
