EC	enrich_score	p_val	where
4	0.12962962962962962	0.000999000999000999	269
4.2	0.23779193205944799	0.000999000999000999	269
4.2.3	0.64	0.000999000999000999	269
