EC	enrich_score	p_val	where
1	0.6484410302756439	0.000999000999000999	2366
1.17	0.125	0.000999000999000999	48
1.14	0.010398613518197574	0.000999000999000999	74
1.1	0.0633245382585752	0.000999000999000999	1833
1.17.1	0.2	0.000999000999000999	48
1.14.12	0.0425531914893617	0.000999000999000999	74
1.1.1	0.06808510638297872	0.000999000999000999	1833
