EC	enrich_score	p_val	where
1	0.6479891549932218	0.000999000999000999	2357
1.1	0.05672823218997362	0.000999000999000999	1908
1.1.1	0.06099290780141844	0.000999000999000999	1908
