EC	enrich_score	p_val	where
3	0.05477980665950591	0.000999000999000999	297
3.5	0.11372549019607843	0.000999000999000999	130
3.5.1	0.0896551724137931	0.000999000999000999	13
