EC	enrich_score	p_val	where
1	0.6484410302756439	0.000999000999000999	2355
1.14	0.0034662045060658577	0.005994005994005994	32
1.1	0.05408970976253298	0.000999000999000999	1766
1.14.13	0.011235955056179775	0.000999000999000999	32
1.1.1	0.05815602836879433	0.000999000999000999	1766
