EC	enrich_score	p_val	where
1	0.004518752824220515	0.000999000999000999	84
1.13	0.015873015873015872	0.000999000999000999	10
1.13.11	0.018018018018018018	0.000999000999000999	10
