EC	enrich_score	p_val	where
4	0.004629629629629629	0.000999000999000999	6
2	0.008201202843083653	0.000999000999000999	211
4.1	0.014814814814814815	0.000999000999000999	6
4.1.3	0.021739130434782608	0.000999000999000999	3
4.1.2	0.025	0.000999000999000999	6
