EC	enrich_score	p_val	where
4	0.006944444444444444	0.000999000999000999	15
3	0.0053705692803437165	0.000999000999000999	151
4.2	0.004246284501061571	0.005994005994005994	1
4.2.1	0.007042253521126761	0.000999000999000999	1
