EC	enrich_score	p_val	where
2	0.015855658829961726	0.000999000999000999	60
2.6	0.13425925925925927	0.000999000999000999	60
2.6.1	0.13551401869158877	0.000999000999000999	60
