EC	enrich_score	p_val	where
3	0.00644468313641246	0.000999000999000999	14
3.1	0.0189873417721519	0.000999000999000999	14
3.1.1	0.056074766355140186	0.000999000999000999	14
