EC	enrich_score	p_val	where
1	0.6479891549932218	0.000999000999000999	2357
1.5	0.03260869565217391	0.000999000999000999	24
1.1	0.05013192612137203	0.000999000999000999	720
1.5.1	0.05084745762711865	0.000999000999000999	24
1.1.1	0.05390070921985816	0.000999000999000999	720
