EC	enrich_score	p_val	where
1	0.004970628106642567	0.000999000999000999	26
1.13	0.047619047619047616	0.000999000999000999	25
1.13.11	0.05405405405405406	0.000999000999000999	25
