EC	enrich_score	p_val	where
2	0.09294696555494805	0.000999000999000999	988
2.7	0.3396825396825397	0.000999000999000999	442
2.7.1	0.17543859649122806	0.000999000999000999	213
