EC	enrich_score	p_val	where
4	0.0023148148148148147	0.008991008991008992	6
4.2	0.004246284501061571	0.005994005994005994	6
4.2.1	0.007042253521126761	0.000999000999000999	6
