EC	enrich_score	p_val	where
2	0.002733734281027884	0.005994005994005994	16
2.6	0.023148148148148147	0.000999000999000999	16
2.6.1	0.02336448598130841	0.000999000999000999	16
