EC	enrich_score	p_val	where
1	0.6466335291459557	0.000999000999000999	2354
1.1	0.09762532981530343	0.000999000999000999	1002
1.1.1	0.1049645390070922	0.000999000999000999	1002
