EC	enrich_score	p_val	where
2	0.13285948605795517	0.000999000999000999	694
2.4	0.3994413407821229	0.000999000999000999	544
2.4.1	0.36335403726708076	0.000999000999000999	449
