EC	enrich_score	p_val	where
2	0.0032804811372334607	0.003996003996003996	6
2.4	0.01675977653631285	0.000999000999000999	6
2.4.1	0.018633540372670808	0.000999000999000999	6
