EC	enrich_score	p_val	where
2	0.03608529250956807	0.000999000999000999	480
2.4	0.07262569832402235	0.000999000999000999	215
2.4.1	0.06521739130434782	0.000999000999000999	131
