EC	enrich_score	p_val	where
1	0.6479891549932218	0.000999000999000999	2357
1.3	0.004672897196261682	0.005994005994005994	70
1.1	0.06728232189973615	0.000999000999000999	1819
1.3.1	0.0056179775280898875	0.000999000999000999	70
1.1.1	0.07234042553191489	0.000999000999000999	1819
