EC	enrich_score	p_val	where
1	0.0031631269769543608	0.005994005994005994	42
1.10	0.058823529411764705	0.000999000999000999	2
1.13	0.015873015873015872	0.000999000999000999	16
1.10.3	0.058823529411764705	0.000999000999000999	2
