EC	enrich_score	p_val	where
1	0.6475372797107998	0.000999000999000999	2361
1.1	0.08970976253298153	0.000999000999000999	302
1.1.1	0.09645390070921986	0.000999000999000999	302
