EC	enrich_score	p_val	where
1	0.005422503389064619	0.000999000999000999	68
1.21	0.16666666666666666	0.000999000999000999	2
1.21.98	0.5	0.000999000999000999	2
