EC	enrich_score	p_val	where
3	0.02900107411385607	0.000999000999000999	88
3.1	0.0031645569620253164	0.005994005994005994	1
3.2	0.006711409395973154	0.000999000999000999	26
3.1.4	0.043478260869565216	0.000999000999000999	1
3.2.1	0.006993006993006993	0.000999000999000999	26
