EC	enrich_score	p_val	where
3	0.021482277121374866	0.000999000999000999	256
3.2	0.013422818791946308	0.000999000999000999	7
3.2.1	0.013986013986013986	0.000999000999000999	7
