EC	enrich_score	p_val	where
2	0.002733734281027884	0.005994005994005994	40
2.5	0.005813953488372093	0.000999000999000999	7
2.5.1	0.005813953488372093	0.000999000999000999	7
