EC	enrich_score	p_val	where
1	0.6484410302756439	0.000999000999000999	2366
1.5	0.010869565217391304	0.000999000999000999	38
1.1	0.027704485488126648	0.000999000999000999	763
1.5.1	0.01694915254237288	0.000999000999000999	38
1.1.1	0.029787234042553193	0.000999000999000999	763
