EC	enrich_score	p_val	where
5	0.0039603960396039604	0.001998001998001998	11
1	0.0027112516945323093	0.008991008991008992	56
1.13	0.007936507936507936	0.000999000999000999	5
5.5	0.02857142857142857	0.000999000999000999	11
1.13.12	0.07142857142857142	0.000999000999000999	5
5.5.1	0.02857142857142857	0.000999000999000999	11
