EC	enrich_score	p_val	where
1	0.004066877541798464	0.001998001998001998	89
1.13	0.03968253968253968	0.000999000999000999	32
1.13.11	0.02702702702702703	0.000999000999000999	32
