EC	enrich_score	p_val	where
1	0.004066877541798464	0.001998001998001998	71
1.21	0.16666666666666666	0.000999000999000999	6
1.21.98	0.5	0.000999000999000999	6
