EC	enrich_score	p_val	where
1	0.013556258472661545	0.000999000999000999	121
1.14	0.045060658578856154	0.000999000999000999	100
1.14.11	0.1702127659574468	0.000999000999000999	49
