EC	enrich_score	p_val	where
1	0.009941256213285133	0.000999000999000999	93
1.14	0.038128249566724434	0.000999000999000999	93
1.14.11	0.23404255319148937	0.000999000999000999	58
