EC	enrich_score	p_val	where
1	0.010845006778129237	0.000999000999000999	75
1.14	0.0415944540727903	0.000999000999000999	75
1.14.20	0.2	0.000999000999000999	32
1.14.11	0.1276595744680851	0.000999000999000999	64
