EC	enrich_score	p_val	where
3	0.004296455424274973	0.001998001998001998	42
