EC	enrich_score	p_val	where
3	0.02577873254564984	0.000999000999000999	138
3.1	0.06329113924050633	0.000999000999000999	138
3.1.1	0.028037383177570093	0.000999000999000999	3
