EC	enrich_score	p_val	where
2	0.04264625478403499	0.000999000999000999	479
2.3	0.10972568578553615	0.000999000999000999	183
2.3.1	0.10869565217391304	0.000999000999000999	135
