EC	enrich_score	p_val	where
6	0.06060606060606061	0.000999000999000999	19
2	0.10770913067249863	0.000999000999000999	1217
6.2	0.2857142857142857	0.000999000999000999	19
2.3	0.10224438902743142	0.000999000999000999	269
6.2.1	0.2857142857142857	0.000999000999000999	19
2.3.1	0.10054347826086957	0.000999000999000999	269
