EC	enrich_score	p_val	where
5	0.04950495049504951	0.000999000999000999	77
5.4	0.17355371900826447	0.000999000999000999	42
5.4.99	0.3387096774193548	0.000999000999000999	42
