EC	enrich_score	p_val	where
5	0.0039603960396039604	0.001998001998001998	1
4	0.005787037037037037	0.000999000999000999	14
5.3	0.013422818791946308	0.000999000999000999	1
5.3.2	0.13333333333333333	0.000999000999000999	1
