EC	enrich_score	p_val	where
2	0.06943685073810825	0.000999000999000999	900
2.3	0.08977556109725686	0.000999000999000999	271
2.3.1	0.08695652173913043	0.000999000999000999	271
