EC	enrich_score	p_val	where
1	0.6272028920018075	0.000999000999000999	2505
1.1	0.03562005277044855	0.000999000999000999	785
1.1.1	0.03829787234042553	0.000999000999000999	785
