EC	enrich_score	p_val	where
2	0.034991798797156914	0.000999000999000999	556
2.4	0.06424581005586592	0.000999000999000999	242
2.4.1	0.046583850931677016	0.000999000999000999	242
