EC	enrich_score	p_val	where
2	0.03936577364680153	0.000999000999000999	529
2.4	0.05865921787709497	0.000999000999000999	225
2.4.1	0.040372670807453416	0.000999000999000999	225
