EC	enrich_score	p_val	where
4	0.02546296296296296	0.000999000999000999	127
4.2	0.01910828025477707	0.000999000999000999	21
4.2.1	0.03169014084507042	0.000999000999000999	21
