EC	enrich_score	p_val	where
2	0.05850191361399672	0.000999000999000999	703
2.4	0.08659217877094973	0.000999000999000999	338
2.4.1	0.07763975155279502	0.000999000999000999	338
