EC	enrich_score	p_val	where
1	0.6479891549932218	0.000999000999000999	2356
1.3	0.004672897196261682	0.005994005994005994	84
1.1	0.05804749340369393	0.000999000999000999	1576
1.3.1	0.0056179775280898875	0.000999000999000999	84
1.1.1	0.062411347517730496	0.000999000999000999	1576
