EC	enrich_score	p_val	where
2	0.06670311645708037	0.000999000999000999	1250
2.4	0.1424581005586592	0.000999000999000999	330
2.4.1	0.13354037267080746	0.000999000999000999	330
