EC	enrich_score	p_val	where
3	0.007518796992481203	0.000999000999000999	47
2	0.0612356478950246	0.000999000999000999	882
3.2	0.026845637583892617	0.000999000999000999	38
2.4	0.08100558659217877	0.000999000999000999	380
3.2.1	0.027972027972027972	0.000999000999000999	38
2.4.1	0.046583850931677016	0.000999000999000999	380
