EC	enrich_score	p_val	where
2	0.008747949699289229	0.000999000999000999	51
2.6	0.06481481481481481	0.000999000999000999	51
2.6.1	0.06542056074766354	0.000999000999000999	51
