EC	enrich_score	p_val	where
1	0.6475372797107998	0.000999000999000999	2360
1.5	0.021739130434782608	0.000999000999000999	33
1.1	0.044854881266490766	0.000999000999000999	840
1.5.1	0.03389830508474576	0.000999000999000999	33
1.1.1	0.04822695035460993	0.000999000999000999	840
