EC	enrich_score	p_val	where
4	0.005787037037037037	0.000999000999000999	7
3	0.0021482277121374865	0.023976023976023976	158
4.2	0.004246284501061571	0.005994005994005994	1
4.1	0.003703703703703704	0.005994005994005994	7
4.2.1	0.007042253521126761	0.000999000999000999	1
4.1.1	0.007692307692307693	0.000999000999000999	7
