EC	enrich_score	p_val	where
2	0.08201202843083652	0.000999000999000999	1162
2.3	0.07481296758104738	0.000999000999000999	226
2.3.1	0.07608695652173914	0.000999000999000999	138
