EC	enrich_score	p_val	where
2	0.0825587752870421	0.000999000999000999	430
2.1	0.42528735632183906	0.000999000999000999	427
2.1.1	0.4824561403508772	0.000999000999000999	373
