EC	enrich_score	p_val	where
6	0.06060606060606061	0.000999000999000999	19
2	0.1082558775287042	0.000999000999000999	1180
6.2	0.35714285714285715	0.000999000999000999	16
2.3	0.08229426433915212	0.000999000999000999	319
6.2.1	0.35714285714285715	0.000999000999000999	16
2.3.1	0.07880434782608696	0.000999000999000999	319
