EC	enrich_score	p_val	where
2	0.1224712957900492	0.000999000999000999	628
2.4	0.3463687150837989	0.000999000999000999	568
2.4.1	0.30434782608695654	0.000999000999000999	556
