EC	enrich_score	p_val	where
2	0.08365226899945326	0.000999000999000999	665
2.3	0.32917705735660846	0.000999000999000999	415
2.3.1	0.30978260869565216	0.000999000999000999	415
