EC	enrich_score	p_val	where
1	0.6470854044283778	0.000999000999000999	2363
1.14	0.0034662045060658577	0.005994005994005994	8
1.1	0.01978891820580475	0.000999000999000999	1111
1.14.13	0.011235955056179775	0.000999000999000999	8
1.1.1	0.02127659574468085	0.000999000999000999	1111
