EC	enrich_score	p_val	where
5	0.011881188118811881	0.000999000999000999	5
3	0.0053705692803437165	0.000999000999000999	280
5.3	0.040268456375838924	0.000999000999000999	5
5.3.1	0.1	0.000999000999000999	5
