EC	enrich_score	p_val	where
2	0.11262985237834883	0.000999000999000999	893
2.3	0.30673316708229426	0.000999000999000999	698
2.3.1	0.2798913043478261	0.000999000999000999	348
