EC	enrich_score	p_val	where
1	0.6475372797107998	0.000999000999000999	2361
1.1	0.07783641160949868	0.000999000999000999	318
1.1.1	0.08368794326241134	0.000999000999000999	318
