EC	enrich_score	p_val	where
2	0.11755057408419901	0.000999000999000999	488
2.1	0.6781609195402298	0.000999000999000999	488
2.1.1	0.7763157894736842	0.000999000999000999	488
