EC	enrich_score	p_val	where
1	0.6466335291459557	0.000999000999000999	2352
1.14	0.008665511265164644	0.000999000999000999	24
1.1	0.07255936675461741	0.000999000999000999	567
1.14.13	0.028089887640449437	0.000999000999000999	24
1.1.1	0.07801418439716312	0.000999000999000999	567
