EC	enrich_score	p_val	where
1	0.6466335291459557	0.000999000999000999	2353
1.14	0.008665511265164644	0.000999000999000999	56
1.1	0.055408970976253295	0.000999000999000999	671
1.14.13	0.028089887640449437	0.000999000999000999	56
1.1.1	0.059574468085106386	0.000999000999000999	671
