EC	enrich_score	p_val	where
1	0.6479891549932218	0.000999000999000999	2356
1.14	0.01386481802426343	0.000999000999000999	49
1.1	0.06068601583113457	0.000999000999000999	1805
1.14.13	0.0449438202247191	0.000999000999000999	49
1.1.1	0.06524822695035461	0.000999000999000999	1805
