EC	enrich_score	p_val	where
2	0.07873154729360306	0.000999000999000999	817
2.4	0.1452513966480447	0.000999000999000999	459
2.4.1	0.09316770186335403	0.000999000999000999	459
