EC	enrich_score	p_val	where
2	0.14488791689447786	0.000999000999000999	614
2.3	0.5810473815461347	0.000999000999000999	570
2.3.1	0.48641304347826086	0.000999000999000999	570
