EC	enrich_score	p_val	where
1	0.004970628106642567	0.000999000999000999	17
1.13	0.007936507936507936	0.000999000999000999	0
1.13.11	0.009009009009009009	0.000999000999000999	0
