EC	enrich_score	p_val	where
2	0.059595407326407876	0.000999000999000999	394
2.1	0.2567049808429119	0.000999000999000999	353
2.1.1	0.2850877192982456	0.000999000999000999	353
