EC	enrich_score	p_val	where
1	0.006778129236330773	0.000999000999000999	34
1.4	0.0641025641025641	0.000999000999000999	5
1.4.3	0.11363636363636363	0.000999000999000999	5
