EC	enrich_score	p_val	where
1	0.6479891549932218	0.000999000999000999	2358
1.3	0.02336448598130841	0.000999000999000999	95
1.14	0.010398613518197574	0.000999000999000999	172
1.1	0.059366754617414245	0.000999000999000999	1885
1.3.1	0.028089887640449437	0.000999000999000999	95
1.14.12	0.0425531914893617	0.000999000999000999	146
1.1.1	0.06382978723404255	0.000999000999000999	1885
