EC	enrich_score	p_val	where
1	0.6479891549932218	0.000999000999000999	2357
1.3	0.004672897196261682	0.005994005994005994	87
1.14	0.012131715771230503	0.000999000999000999	125
1.1	0.0633245382585752	0.000999000999000999	1831
1.3.1	0.0056179775280898875	0.000999000999000999	87
1.14.12	0.0851063829787234	0.000999000999000999	106
1.1.1	0.06808510638297872	0.000999000999000999	1831
