EC	enrich_score	p_val	where
2	0.12137780207763806	0.000999000999000999	641
2.4	0.3324022346368715	0.000999000999000999	637
2.4.1	0.2950310559006211	0.000999000999000999	637
