EC	enrich_score	p_val	where
3	0.0021482277121374865	0.023976023976023976	1
5	0.019801980198019802	0.000999000999000999	21
3.1	0.006329113924050633	0.000999000999000999	1
5.5	0.14285714285714285	0.000999000999000999	21
3.1.1	0.018691588785046728	0.000999000999000999	1
5.5.1	0.14285714285714285	0.000999000999000999	21
