EC	enrich_score	p_val	where
5	0.0297029702970297	0.000999000999000999	30
5.5	0.21428571428571427	0.000999000999000999	30
5.5.1	0.21428571428571427	0.000999000999000999	30
