EC	enrich_score	p_val	where
1	0.6484410302756439	0.000999000999000999	2365
1.3	0.014018691588785047	0.000999000999000999	124
1.14	0.02079722703639515	0.000999000999000999	165
1.1	0.0633245382585752	0.000999000999000999	1825
1.3.1	0.016853932584269662	0.000999000999000999	124
1.14.12	0.10638297872340426	0.000999000999000999	139
1.1.1	0.06808510638297872	0.000999000999000999	1825
