EC	enrich_score	p_val	where
2	0.11973756150902132	0.000999000999000999	1146
2.4	0.28212290502793297	0.000999000999000999	733
2.4.1	0.2484472049689441	0.000999000999000999	552
