EC	enrich_score	p_val	where
3	0.00644468313641246	0.000999000999000999	22
3.1	0.0031645569620253164	0.005994005994005994	2
3.1.1	0.009345794392523364	0.000999000999000999	2
