EC	enrich_score	p_val	where
2	0.1180973209404046	0.000999000999000999	480
2.1	0.7586206896551724	0.000999000999000999	411
2.1.1	0.868421052631579	0.000999000999000999	411
