EC	enrich_score	p_val	where
2	0.11536358665937671	0.000999000999000999	1218
2.3	0.256857855361596	0.000999000999000999	401
2.3.1	0.2418478260869565	0.000999000999000999	362
