EC	enrich_score	p_val	where
2	0.11208310552214325	0.000999000999000999	706
2.4	0.28212290502793297	0.000999000999000999	556
2.4.2	0.08571428571428572	0.000999000999000999	12
2.4.1	0.2329192546583851	0.000999000999000999	530
