EC	enrich_score	p_val	where
2	0.12083105522143248	0.000999000999000999	649
2.4	0.3435754189944134	0.000999000999000999	645
2.4.2	0.08571428571428572	0.000999000999000999	23
2.4.1	0.30124223602484473	0.000999000999000999	645
