EC	enrich_score	p_val	where
5	0.02178217821782178	0.000999000999000999	18
5.5	0.14285714285714285	0.000999000999000999	12
5.5.1	0.14285714285714285	0.000999000999000999	12
