EC	enrich_score	p_val	where
1	0.6479891549932218	0.000999000999000999	2364
1.14	0.025996533795493933	0.000999000999000999	115
1.1	0.06200527704485488	0.000999000999000999	1859
1.14.12	0.1702127659574468	0.000999000999000999	99
1.1.1	0.06666666666666667	0.000999000999000999	1859
