EC	enrich_score	p_val	where
2	0.026243849097867686	0.000999000999000999	110
2.6	0.2222222222222222	0.000999000999000999	110
2.6.1	0.22429906542056074	0.000999000999000999	110
