EC	enrich_score	p_val	where
4	0.0023148148148148147	0.008991008991008992	1
3	0.0021482277121374865	0.023976023976023976	7
4.1	0.007407407407407408	0.000999000999000999	1
3.7	0.07407407407407407	0.000999000999000999	7
4.1.2	0.025	0.000999000999000999	1
3.7.1	0.07407407407407407	0.000999000999000999	7
