EC	enrich_score	p_val	where
4	0.027777777777777776	0.000999000999000999	109
4.2	0.03184713375796178	0.000999000999000999	78
4.2.1	0.0528169014084507	0.000999000999000999	78
