EC	enrich_score	p_val	where
3	0.008592910848549946	0.000999000999000999	23
3.5	0.0196078431372549	0.000999000999000999	21
3.5.1	0.006896551724137931	0.000999000999000999	7
