EC	enrich_score	p_val	where
3	0.04833512352309345	0.000999000999000999	177
5	0.06336633663366337	0.000999000999000999	441
3.5	0.09019607843137255	0.000999000999000999	65
3.5.4	0.17647058823529413	0.000999000999000999	18
