EC	enrich_score	p_val	where
3	0.02900107411385607	0.000999000999000999	171
5	0.011881188118811881	0.000999000999000999	466
3.5	0.054901960784313725	0.000999000999000999	68
3.5.3	0.043478260869565216	0.000999000999000999	17
