EC	enrich_score	p_val	where
1	0.6475372797107998	0.000999000999000999	2360
1.1	0.03430079155672823	0.000999000999000999	1432
1.1.1	0.03687943262411347	0.000999000999000999	1432
