EC	enrich_score	p_val	where
1	0.6475372797107998	0.000999000999000999	2361
1.14	0.02772963604852686	0.000999000999000999	165
1.1	0.06200527704485488	0.000999000999000999	1846
1.14.13	0.0056179775280898875	0.000999000999000999	76
1.14.12	0.1276595744680851	0.000999000999000999	114
1.1.1	0.06666666666666667	0.000999000999000999	1846
