EC	enrich_score	p_val	where
3	0.022556390977443608	0.000999000999000999	59
5	0.16435643564356436	0.000999000999000999	324
3.5	0.07450980392156863	0.000999000999000999	59
3.5.4	0.20588235294117646	0.000999000999000999	15
