EC	enrich_score	p_val	where
5	0.007920792079207921	0.000999000999000999	4
3	0.007518796992481203	0.000999000999000999	106
5.4	0.03305785123966942	0.000999000999000999	4
3.5	0.011764705882352941	0.000999000999000999	106
5.4.4	0.23529411764705882	0.000999000999000999	4
