EC	enrich_score	p_val	where
1	0.6479891549932218	0.000999000999000999	2357
1.14	0.019064124783362217	0.000999000999000999	112
1.1	0.0633245382585752	0.000999000999000999	1831
1.14.12	0.02127659574468085	0.000999000999000999	90
1.14.13	0.016853932584269662	0.000999000999000999	102
1.1.1	0.06808510638297872	0.000999000999000999	1831
