EC	enrich_score	p_val	where
5	0.0019801980198019802	0.023976023976023976	4
5.3	0.006711409395973154	0.000999000999000999	4
5.3.2	0.06666666666666667	0.000999000999000999	4
