EC	enrich_score	p_val	where
1	0.6475372797107998	0.000999000999000999	2353
1.5	0.010869565217391304	0.000999000999000999	37
1.1	0.047493403693931395	0.000999000999000999	696
1.5.1	0.01694915254237288	0.000999000999000999	37
1.1.1	0.05106382978723404	0.000999000999000999	696
