EC	enrich_score	p_val	where
1	0.6479891549932218	0.000999000999000999	2357
1.1	0.05408970976253298	0.000999000999000999	1913
1.1.1	0.05815602836879433	0.000999000999000999	1913
