EC	enrich_score	p_val	where
1	0.6479891549932218	0.000999000999000999	2358
1.7	0.045454545454545456	0.000999000999000999	21
1.5	0.06521739130434782	0.000999000999000999	56
1.1	0.032981530343007916	0.000999000999000999	783
1.7.1	0.058823529411764705	0.000999000999000999	21
1.5.1	0.1016949152542373	0.000999000999000999	56
1.1.1	0.03546099290780142	0.000999000999000999	783
