EC	enrich_score	p_val	where
3	0.02577873254564984	0.000999000999000999	221
3.3	0.07407407407407407	0.000999000999000999	6
3.1	0.012658227848101266	0.000999000999000999	66
3.3.2	0.08	0.000999000999000999	6
