EC	enrich_score	p_val	where
3	0.02685284640171858	0.000999000999000999	87
5	0.12475247524752475	0.000999000999000999	367
3.3	0.037037037037037035	0.000999000999000999	2
3.8	0.4	0.000999000999000999	12
3.3.2	0.04	0.000999000999000999	2
3.8.1	0.4	0.000999000999000999	12
