EC	enrich_score	p_val	where
1	0.6479891549932218	0.000999000999000999	2354
1.5	0.010869565217391304	0.000999000999000999	64
1.1	0.05013192612137203	0.000999000999000999	762
1.5.1	0.01694915254237288	0.000999000999000999	64
1.1.1	0.05390070921985816	0.000999000999000999	762
