EC	enrich_score	p_val	where
3	0.0021482277121374865	0.023976023976023976	3
3.4	0.023529411764705882	0.000999000999000999	3
3.4.21	0.25	0.000999000999000999	0
