EC	enrich_score	p_val	where
1	0.6479891549932218	0.000999000999000999	2356
1.5	0.021739130434782608	0.000999000999000999	26
1.1	0.048812664907651716	0.000999000999000999	795
1.5.1	0.03389830508474576	0.000999000999000999	26
1.1.1	0.0524822695035461	0.000999000999000999	795
