EC	enrich_score	p_val	where
1	0.6479891549932218	0.000999000999000999	2357
1.3	0.004672897196261682	0.005994005994005994	31
1.5	0.06521739130434782	0.000999000999000999	70
1.1	0.0316622691292876	0.000999000999000999	778
1.3.1	0.0056179775280898875	0.000999000999000999	31
1.5.1	0.1016949152542373	0.000999000999000999	70
1.1.1	0.03404255319148936	0.000999000999000999	778
