EC	enrich_score	p_val	where
1	0.6475372797107998	0.000999000999000999	2357
1.1	0.03562005277044855	0.000999000999000999	1103
1.1.1	0.03829787234042553	0.000999000999000999	1103
