EC	enrich_score	p_val	where
1	0.6479891549932218	0.000999000999000999	2357
1.7	0.045454545454545456	0.000999000999000999	29
1.5	0.06521739130434782	0.000999000999000999	67
1.1	0.03430079155672823	0.000999000999000999	816
1.7.1	0.058823529411764705	0.000999000999000999	29
1.5.1	0.1016949152542373	0.000999000999000999	67
1.1.1	0.03687943262411347	0.000999000999000999	816
