EC	enrich_score	p_val	where
1	0.6479891549932218	0.000999000999000999	2357
1.5	0.021739130434782608	0.000999000999000999	35
1.1	0.0395778364116095	0.000999000999000999	761
1.5.1	0.03389830508474576	0.000999000999000999	35
1.1.1	0.0425531914893617	0.000999000999000999	761
