EC	enrich_score	p_val	where
3	0.024704618689581095	0.000999000999000999	98
3.3	0.037037037037037035	0.000999000999000999	2
3.1	0.03481012658227848	0.000999000999000999	98
3.3.2	0.04	0.000999000999000999	2
