EC	enrich_score	p_val	where
1	0.6479891549932218	0.000999000999000999	2357
1.14	0.012131715771230503	0.000999000999000999	119
1.1	0.0633245382585752	0.000999000999000999	1869
1.14.12	0.14893617021276595	0.000999000999000999	119
1.1.1	0.06808510638297872	0.000999000999000999	1869
