EC	enrich_score	p_val	where
1	0.6470854044283778	0.000999000999000999	2361
1.14	0.0034662045060658577	0.005994005994005994	11
1.1	0.025065963060686015	0.000999000999000999	920
1.14.13	0.011235955056179775	0.000999000999000999	11
1.1.1	0.02695035460992908	0.000999000999000999	920
