EC	enrich_score	p_val	where
1	0.6484410302756439	0.000999000999000999	2365
1.17	0.125	0.000999000999000999	55
1.14	0.0034662045060658577	0.005994005994005994	136
1.1	0.06200527704485488	0.000999000999000999	1825
1.14.13	0.0056179775280898875	0.000999000999000999	48
1.17.1	0.2	0.000999000999000999	55
1.1.1	0.06666666666666667	0.000999000999000999	1825
