EC	enrich_score	p_val	where
1	0.0027112516945323093	0.008991008991008992	9
2	0.04373974849644614	0.000999000999000999	532
1.8	0.06666666666666667	0.000999000999000999	1
1.3	0.009345794392523364	0.000999000999000999	9
2.3	0.04488778054862843	0.000999000999000999	85
1.8.1	0.13333333333333333	0.000999000999000999	1
1.3.1	0.011235955056179775	0.000999000999000999	9
2.3.1	0.04891304347826087	0.000999000999000999	85
