EC	enrich_score	p_val	where
1	0.6479891549932218	0.000999000999000999	2357
1.1	0.055408970976253295	0.000999000999000999	734
1.1.1	0.059574468085106386	0.000999000999000999	734
