EC	enrich_score	p_val	where
1	0.13465883416177135	0.000999000999000999	584
1.5	0.021739130434782608	0.000999000999000999	1
1.5.1	0.03389830508474576	0.000999000999000999	1
