EC	enrich_score	p_val	where
1	0.0027112516945323093	0.008991008991008992	28
1.5	0.021739130434782608	0.000999000999000999	1
1.5.3	0.08333333333333333	0.000999000999000999	1
