EC	enrich_score	p_val	where
3	0.011815252416756176	0.000999000999000999	470
3.1	0.00949367088607595	0.000999000999000999	38
3.1.4	0.08695652173913043	0.000999000999000999	29
