EC	enrich_score	p_val	where
1	0.041120650700406686	0.000999000999000999	170
1.1	0.00395778364116095	0.005994005994005994	4
1.2	0.05154639175257732	0.000999000999000999	84
1.1.1	0.00425531914893617	0.005994005994005994	4
1.2.1	0.057803468208092484	0.000999000999000999	84
