EC	enrich_score	p_val	where
3	0.00644468313641246	0.000999000999000999	54
5	0.14653465346534653	0.000999000999000999	373
3.8	0.1	0.000999000999000999	0
3.8.1	0.1	0.000999000999000999	0
