EC	enrich_score	p_val	where
2	0.09950792782941498	0.000999000999000999	1179
2.3	0.0798004987531172	0.000999000999000999	134
2.3.1	0.08695652173913043	0.000999000999000999	134
