EC	enrich_score	p_val	where
2	0.0519409513395298	0.000999000999000999	1012
2.3	0.07481296758104738	0.000999000999000999	137
2.3.1	0.07065217391304347	0.000999000999000999	137
