EC	enrich_score	p_val	where
4	0.005787037037037037	0.000999000999000999	24
4.1	0.011111111111111112	0.000999000999000999	24
4.1.99	0.07142857142857142	0.000999000999000999	0
