EC	enrich_score	p_val	where
2	0.1268452706396938	0.000999000999000999	490
2.3	0.5685785536159601	0.000999000999000999	479
2.3.1	0.4782608695652174	0.000999000999000999	467
