EC	enrich_score	p_val	where
2	0.10060142154182614	0.000999000999000999	1211
2.4	0.18435754189944134	0.000999000999000999	407
2.4.1	0.15527950310559005	0.000999000999000999	407
