EC	enrich_score	p_val	where
2	0.131765992345544	0.000999000999000999	728
2.4	0.3743016759776536	0.000999000999000999	523
2.4.1	0.35093167701863354	0.000999000999000999	444
