EC	enrich_score	p_val	where
2	0.02077638053581192	0.000999000999000999	58
2.5	0.22093023255813954	0.000999000999000999	58
2.5.1	0.22093023255813954	0.000999000999000999	58
