EC	enrich_score	p_val	where
2	0.13559322033898305	0.000999000999000999	651
2.3	0.5511221945137157	0.000999000999000999	484
2.3.1	0.4592391304347826	0.000999000999000999	484
