EC	enrich_score	p_val	where
2	0.06998359759431383	0.000999000999000999	872
2.3	0.06982543640897755	0.000999000999000999	65
2.3.1	0.07608695652173914	0.000999000999000999	65
