EC	enrich_score	p_val	where
1	0.0027112516945323093	0.008991008991008992	11
1.14	0.008665511265164644	0.000999000999000999	10
1.14.17	0.25	0.000999000999000999	0
1.14.11	0.06382978723404255	0.000999000999000999	10
