EC	enrich_score	p_val	where
2	0.13067249863313285	0.000999000999000999	709
2.1	0.0038314176245210726	0.005994005994005994	2
2.4	0.3770949720670391	0.000999000999000999	588
2.1.2	0.08333333333333333	0.000999000999000999	2
2.4.1	0.33229813664596275	0.000999000999000999	575
