EC	enrich_score	p_val	where
2	0.12411153635866594	0.000999000999000999	695
2.4	0.32122905027932963	0.000999000999000999	521
2.4.2	0.02857142857142857	0.000999000999000999	25
2.4.1	0.2826086956521739	0.000999000999000999	521
