EC	enrich_score	p_val	where
2	0.03608529250956807	0.000999000999000999	482
2.4	0.05307262569832402	0.000999000999000999	103
2.4.1	0.052795031055900624	0.000999000999000999	103
