EC	enrich_score	p_val	where
5	0.0039603960396039604	0.001998001998001998	7
5.99	0.5	0.000999000999000999	4
5.99.1	0.5	0.000999000999000999	4
