EC	enrich_score	p_val	where
5	0.21782178217821782	0.000999000999000999	274
5.1	0.1643835616438356	0.000999000999000999	274
