EC	enrich_score	p_val	where
1	0.6470854044283778	0.000999000999000999	2361
1.1	0.023746701846965697	0.000999000999000999	731
1.1.1	0.02553191489361702	0.000999000999000999	731
