EC	enrich_score	p_val	where
5	0.013861386138613862	0.000999000999000999	44
5.3	0.013422818791946308	0.000999000999000999	1
5.3.99	0.16666666666666666	0.000999000999000999	1
