EC	enrich_score	p_val	where
1	0.6479891549932218	0.000999000999000999	2356
1.1	0.07255936675461741	0.000999000999000999	1063
1.1.1	0.07801418439716312	0.000999000999000999	1063
