EC	enrich_score	p_val	where
4	0.0023148148148148147	0.008991008991008992	17
4.6	1.0	0.000999000999000999	15
4.6.1	1.0	0.000999000999000999	15
