EC	enrich_score	p_val	where
3	0.021482277121374866	0.000999000999000999	288
3.5	0.03137254901960784	0.000999000999000999	30
3.5.3	0.08695652173913043	0.000999000999000999	3
