EC	enrich_score	p_val	where
5	0.0019801980198019802	0.023976023976023976	2
4	0.005787037037037037	0.000999000999000999	36
5.3	0.006711409395973154	0.000999000999000999	2
5.3.1	0.016666666666666666	0.000999000999000999	2
