EC	enrich_score	p_val	where
2	0.13012575177692728	0.000999000999000999	730
2.4	0.36312849162011174	0.000999000999000999	567
2.4.1	0.32608695652173914	0.000999000999000999	513
