EC	enrich_score	p_val	where
5	0.0019801980198019802	0.023976023976023976	0
1	0.004970628106642567	0.000999000999000999	80
5.3	0.006711409395973154	0.000999000999000999	0
5.3.2	0.06666666666666667	0.000999000999000999	0
