EC	enrich_score	p_val	where
3	0.05692803437164339	0.000999000999000999	411
3.1	0.015822784810126583	0.000999000999000999	57
3.1.1	0.009345794392523364	0.000999000999000999	1
