EC	enrich_score	p_val	where
2	0.11755057408419901	0.000999000999000999	504
2.1	0.7432950191570882	0.000999000999000999	406
2.1.1	0.8508771929824561	0.000999000999000999	406
