EC	enrich_score	p_val	where
1	0.6479891549932218	0.000999000999000999	2364
1.5	0.05434782608695652	0.000999000999000999	52
1.1	0.03825857519788918	0.000999000999000999	784
1.5.1	0.0847457627118644	0.000999000999000999	52
1.1.1	0.04113475177304964	0.000999000999000999	784
