EC	enrich_score	p_val	where
1	0.6479891549932218	0.000999000999000999	2359
1.3	0.004672897196261682	0.005994005994005994	36
1.1	0.06068601583113457	0.000999000999000999	563
1.3.1	0.0056179775280898875	0.000999000999000999	36
1.1.1	0.06524822695035461	0.000999000999000999	563
