EC	enrich_score	p_val	where
6	0.1111111111111111	0.000999000999000999	49
2	0.0847457627118644	0.000999000999000999	768
6.3	0.1506849315068493	0.000999000999000999	49
2.7	0.3873015873015873	0.000999000999000999	666
6.3.4	0.23076923076923078	0.000999000999000999	24
2.7.1	0.011695906432748537	0.000999000999000999	488
