EC	enrich_score	p_val	where
6	0.020202020202020204	0.000999000999000999	14
2	0.07818480043739748	0.000999000999000999	1345
6.2	0.14285714285714285	0.000999000999000999	14
2.3	0.08229426433915212	0.000999000999000999	201
6.2.1	0.14285714285714285	0.000999000999000999	14
2.3.1	0.07880434782608696	0.000999000999000999	201
