EC	enrich_score	p_val	where
5	0.0019801980198019802	0.023976023976023976	0
3	0.0053705692803437165	0.000999000999000999	32
5.4	0.008264462809917356	0.000999000999000999	0
3.5	0.0196078431372549	0.000999000999000999	32
5.4.99	0.016129032258064516	0.000999000999000999	0
3.5.4	0.029411764705882353	0.000999000999000999	32
