EC	enrich_score	p_val	where
2	0.08365226899945326	0.000999000999000999	1175
2.3	0.13216957605985039	0.000999000999000999	178
2.3.1	0.1331521739130435	0.000999000999000999	146
