EC	enrich_score	p_val	where
2	0.08201202843083652	0.000999000999000999	443
2.1	0.42528735632183906	0.000999000999000999	393
2.1.1	0.4868421052631579	0.000999000999000999	393
