EC	enrich_score	p_val	where
2	0.09622744669218151	0.000999000999000999	445
2.1	0.5440613026819924	0.000999000999000999	406
2.1.1	0.6228070175438597	0.000999000999000999	406
