EC	enrich_score	p_val	where
2	0.09732094040459267	0.000999000999000999	450
2.1	0.5363984674329502	0.000999000999000999	398
2.1.1	0.6140350877192983	0.000999000999000999	398
