EC	enrich_score	p_val	where
5	0.013861386138613862	0.000999000999000999	25
5.3	0.013422818791946308	0.000999000999000999	1
5.5	0.04285714285714286	0.000999000999000999	25
5.3.3	0.03225806451612903	0.000999000999000999	1
5.5.1	0.04285714285714286	0.000999000999000999	25
