EC	enrich_score	p_val	where
4	0.006944444444444444	0.000999000999000999	6
5	0.013861386138613862	0.000999000999000999	32
4.2	0.012738853503184714	0.000999000999000999	6
5.5	0.05714285714285714	0.000999000999000999	24
4.2.1	0.02112676056338028	0.000999000999000999	6
5.5.1	0.05714285714285714	0.000999000999000999	24
