EC	enrich_score	p_val	where
2	0.09732094040459267	0.000999000999000999	454
2.1	0.5593869731800766	0.000999000999000999	403
2.1.1	0.6403508771929824	0.000999000999000999	403
