EC	enrich_score	p_val	where
1	0.0027112516945323093	0.008991008991008992	20
