EC	enrich_score	p_val	where
4	0.005787037037037037	0.000999000999000999	15
3	0.01933404940923738	0.000999000999000999	270
4.5	0.3333333333333333	0.000999000999000999	2
4.5.1	0.3333333333333333	0.000999000999000999	2
