EC	enrich_score	p_val	where
4	0.006944444444444444	0.000999000999000999	11
4.99	0.07142857142857142	0.000999000999000999	10
4.99.1	0.07142857142857142	0.000999000999000999	10
