EC	enrich_score	p_val	where
3	0.00966702470461869	0.000999000999000999	53
2	0.05467468562055768	0.000999000999000999	962
3.2	0.006711409395973154	0.000999000999000999	2
3.1	0.0031645569620253164	0.005994005994005994	5
3.2.1	0.006993006993006993	0.000999000999000999	2
3.1.4	0.043478260869565216	0.000999000999000999	5
