EC	enrich_score	p_val	where
3	0.0322234156820623	0.000999000999000999	191
3.5	0.047058823529411764	0.000999000999000999	41
3.5.4	0.029411764705882353	0.000999000999000999	0
3.5.1	0.013793103448275862	0.000999000999000999	19
