EC	enrich_score	p_val	where
3	0.024704618689581095	0.000999000999000999	105
5	0.10693069306930693	0.000999000999000999	385
3.3	0.037037037037037035	0.000999000999000999	2
3.8	0.1	0.000999000999000999	8
3.3.2	0.04	0.000999000999000999	2
3.8.1	0.1	0.000999000999000999	8
