EC	enrich_score	p_val	where
1	0.044283777677361046	0.000999000999000999	434
1.13	0.007936507936507936	0.000999000999000999	5
1.3	0.009345794392523364	0.000999000999000999	10
1.13.12	0.07142857142857142	0.000999000999000999	5
1.3.1	0.011235955056179775	0.000999000999000999	10
