EC	enrich_score	p_val	where
4	0.16087962962962962	0.000999000999000999	263
4.2	0.2951167728237792	0.000999000999000999	263
4.2.3	0.7942857142857143	0.000999000999000999	263
