EC	enrich_score	p_val	where
2	0.06506287588846364	0.000999000999000999	1179
2.7	0.01904761904761905	0.000999000999000999	23
2.4	0.036312849162011177	0.000999000999000999	372
2.7.7	0.08571428571428572	0.000999000999000999	23
