EC	enrich_score	p_val	where
2	0.12575177692728268	0.000999000999000999	636
2.4	0.36312849162011174	0.000999000999000999	585
2.4.1	0.3167701863354037	0.000999000999000999	582
