EC	enrich_score	p_val	where
5	0.0039603960396039604	0.001998001998001998	2
5.4	0.01652892561983471	0.000999000999000999	2
5.4.4	0.11764705882352941	0.000999000999000999	2
