EC	enrich_score	p_val	where
1	0.6484410302756439	0.000999000999000999	2365
1.14	0.03292894280762565	0.000999000999000999	155
1.1	0.06200527704485488	0.000999000999000999	1870
1.14.12	0.0851063829787234	0.000999000999000999	88
1.1.1	0.06666666666666667	0.000999000999000999	1870
