EC	enrich_score	p_val	where
1	0.6475372797107998	0.000999000999000999	2360
1.5	0.03260869565217391	0.000999000999000999	33
1.1	0.04353562005277045	0.000999000999000999	848
1.5.1	0.05084745762711865	0.000999000999000999	33
1.1.1	0.04680851063829787	0.000999000999000999	848
