EC	enrich_score	p_val	where
3	0.011815252416756176	0.000999000999000999	234
3.1	0.006329113924050633	0.000999000999000999	29
3.1.4	0.08695652173913043	0.000999000999000999	29
