EC	enrich_score	p_val	where
3	0.00966702470461869	0.000999000999000999	19
5	0.201980198019802	0.000999000999000999	288
3.5	0.00392156862745098	0.005994005994005994	2
5.1	0.1095890410958904	0.000999000999000999	288
3.5.99	0.06666666666666667	0.000999000999000999	2
