EC	enrich_score	p_val	where
2	0.1202843083652269	0.000999000999000999	986
2.3	0.24688279301745636	0.000999000999000999	402
2.3.1	0.23641304347826086	0.000999000999000999	360
