EC	enrich_score	p_val	where
5	0.007920792079207921	0.000999000999000999	10
5.3	0.026845637583892617	0.000999000999000999	10
5.3.2	0.26666666666666666	0.000999000999000999	10
