EC	enrich_score	p_val	where
1	0.0022593764121102574	0.008991008991008992	10
1.13	0.023809523809523808	0.000999000999000999	10
1.13.11	0.02702702702702703	0.000999000999000999	10
