EC	enrich_score	p_val	where
2	0.11098961180973209	0.000999000999000999	1154
2.3	0.24688279301745636	0.000999000999000999	384
2.3.1	0.2418478260869565	0.000999000999000999	384
