EC	enrich_score	p_val	where
2	0.0016402405686167304	0.023976023976023976	13
5	0.2079207920792079	0.000999000999000999	279
2.4	0.002793296089385475	0.005994005994005994	13
5.1	0.13013698630136986	0.000999000999000999	279
2.4.1	0.003105590062111801	0.005994005994005994	13
