EC	enrich_score	p_val	where
1	0.0018075011296882061	0.023976023976023976	10
1.13	0.031746031746031744	0.000999000999000999	10
1.13.11	0.036036036036036036	0.000999000999000999	10
