EC	enrich_score	p_val	where
2	0.059595407326407876	0.000999000999000999	1067
2.3	0.0798004987531172	0.000999000999000999	116
2.3.1	0.08695652173913043	0.000999000999000999	116
