EC	enrich_score	p_val	where
1	0.6484410302756439	0.000999000999000999	2365
1.3	0.014018691588785047	0.000999000999000999	70
1.1	0.05672823218997362	0.000999000999000999	1909
1.3.1	0.016853932584269662	0.000999000999000999	70
1.1.1	0.06099290780141844	0.000999000999000999	1909
