EC	enrich_score	p_val	where
1	0.19069136918210575	0.000999000999000999	1117
1.1	0.032981530343007916	0.000999000999000999	151
1.1.1	0.03546099290780142	0.000999000999000999	151
