EC	enrich_score	p_val	where
2	0.07053034445051941	0.000999000999000999	850
2.3	0.06733167082294264	0.000999000999000999	98
2.3.1	0.07336956521739131	0.000999000999000999	98
