EC	enrich_score	p_val	where
2	0.11262985237834883	0.000999000999000999	630
2.4	0.33519553072625696	0.000999000999000999	465
2.4.2	0.02857142857142857	0.000999000999000999	51
2.4.1	0.30434782608695654	0.000999000999000999	465
