EC	enrich_score	p_val	where
3	0.0021482277121374865	0.023976023976023976	20
3.2	0.006711409395973154	0.000999000999000999	2
3.2.1	0.006993006993006993	0.000999000999000999	2
