EC	enrich_score	p_val	where
5	0.005940594059405941	0.000999000999000999	3
5.5	0.04285714285714286	0.000999000999000999	3
5.5.1	0.04285714285714286	0.000999000999000999	3
