EC	enrich_score	p_val	where
1	0.6484410302756439	0.000999000999000999	2365
1.3	0.018691588785046728	0.000999000999000999	77
1.14	0.005199306759098787	0.000999000999000999	120
1.1	0.059366754617414245	0.000999000999000999	1840
1.3.1	0.02247191011235955	0.000999000999000999	77
1.1.1	0.06382978723404255	0.000999000999000999	1840
