EC	enrich_score	p_val	where
2	0.11645708037178787	0.000999000999000999	896
2.4	0.2877094972067039	0.000999000999000999	596
2.4.1	0.2546583850931677	0.000999000999000999	463
