EC	enrich_score	p_val	where
2	0.1202843083652269	0.000999000999000999	455
2.1	0.7394636015325671	0.000999000999000999	411
2.1.1	0.8464912280701754	0.000999000999000999	411
