EC	enrich_score	p_val	where
1	0.6484410302756439	0.000999000999000999	2365
1.3	0.014018691588785047	0.000999000999000999	80
1.1	0.05804749340369393	0.000999000999000999	1842
1.3.1	0.016853932584269662	0.000999000999000999	80
1.1.1	0.062411347517730496	0.000999000999000999	1842
