EC	enrich_score	p_val	where
2	0.1180973209404046	0.000999000999000999	1105
2.3	0.256857855361596	0.000999000999000999	395
2.3.1	0.24728260869565216	0.000999000999000999	392
