EC	enrich_score	p_val	where
2	0.10989611809732094	0.000999000999000999	843
2.4	0.3324022346368715	0.000999000999000999	468
2.4.1	0.30434782608695654	0.000999000999000999	417
