EC	enrich_score	p_val	where
2	0.10716238381629306	0.000999000999000999	1018
2.4	0.3016759776536313	0.000999000999000999	509
2.4.1	0.2701863354037267	0.000999000999000999	416
