EC	enrich_score	p_val	where
1	0.00903750564844103	0.000999000999000999	82
1.14	0.03119584055459272	0.000999000999000999	82
1.14.11	0.19148936170212766	0.000999000999000999	49
