EC	enrich_score	p_val	where
2	0.008201202843083653	0.000999000999000999	64
2.5	0.0755813953488372	0.000999000999000999	42
2.5.1	0.0755813953488372	0.000999000999000999	42
