EC	enrich_score	p_val	where
1	0.31857207410754634	0.000999000999000999	1676
1.1	0.027704485488126648	0.000999000999000999	167
1.1.1	0.029787234042553193	0.000999000999000999	167
