EC	enrich_score	p_val	where
3	0.00966702470461869	0.000999000999000999	55
3.5	0.011764705882352941	0.000999000999000999	6
3.5.1	0.006896551724137931	0.000999000999000999	0
3.5.4	0.029411764705882353	0.000999000999000999	6
