EC	enrich_score	p_val	where
1	0.0022593764121102574	0.008991008991008992	6
1.14	0.008665511265164644	0.000999000999000999	6
1.14.20	0.2	0.000999000999000999	5
