EC	enrich_score	p_val	where
4	0.0023148148148148147	0.008991008991008992	1
2	0.002186987424822307	0.008991008991008992	7
4.1	0.007407407407407408	0.000999000999000999	1
2.8	0.045454545454545456	0.000999000999000999	7
4.1.3	0.043478260869565216	0.000999000999000999	1
2.8.3	0.0547945205479452	0.000999000999000999	7
