EC	enrich_score	p_val	where
2	0.0989611809732094	0.000999000999000999	1126
2.3	0.256857855361596	0.000999000999000999	272
2.3.1	0.24456521739130435	0.000999000999000999	228
