EC	enrich_score	p_val	where
1	0.005422503389064619	0.000999000999000999	61
1.13	0.05555555555555555	0.000999000999000999	44
1.13.11	0.06306306306306306	0.000999000999000999	44
