EC	enrich_score	p_val	where
3	0.05692803437164339	0.000999000999000999	557
