EC	enrich_score	p_val	where
2	0.12192454893384364	0.000999000999000999	651
2.4	0.3407821229050279	0.000999000999000999	521
2.4.2	0.08571428571428572	0.000999000999000999	21
2.4.1	0.3105590062111801	0.000999000999000999	521
