EC	enrich_score	p_val	where
2	0.0967741935483871	0.000999000999000999	823
2.3	0.24937655860349128	0.000999000999000999	262
2.3.1	0.2418478260869565	0.000999000999000999	254
