EC	enrich_score	p_val	where
1	0.6479891549932218	0.000999000999000999	2357
1.3	0.004672897196261682	0.005994005994005994	77
1.14	0.008665511265164644	0.000999000999000999	97
1.1	0.05672823218997362	0.000999000999000999	1901
1.14.12	0.06382978723404255	0.000999000999000999	63
1.3.1	0.0056179775280898875	0.000999000999000999	77
1.1.1	0.06099290780141844	0.000999000999000999	1901
