EC	enrich_score	p_val	where
3	0.05477980665950591	0.000999000999000999	247
3.1	0.03164556962025317	0.000999000999000999	13
3.1.1	0.009345794392523364	0.000999000999000999	1
3.1.8	0.1	0.000999000999000999	5
