EC	enrich_score	p_val	where
1	0.6479891549932218	0.000999000999000999	2357
1.14	0.012131715771230503	0.000999000999000999	118
1.1	0.059366754617414245	0.000999000999000999	1889
1.14.12	0.1276595744680851	0.000999000999000999	116
1.1.1	0.06382978723404255	0.000999000999000999	1889
