EC	enrich_score	p_val	where
3	0.024704618689581095	0.000999000999000999	117
3.3	0.037037037037037035	0.000999000999000999	1
3.1	0.0031645569620253164	0.005994005994005994	18
3.3.2	0.04	0.000999000999000999	1
