EC	enrich_score	p_val	where
2	0.09732094040459267	0.000999000999000999	1001
2.3	0.34663341645885287	0.000999000999000999	332
2.3.1	0.33967391304347827	0.000999000999000999	319
