EC	enrich_score	p_val	where
1	0.6479891549932218	0.000999000999000999	2354
1.14	0.0034662045060658577	0.005994005994005994	34
1.1	0.047493403693931395	0.000999000999000999	818
1.14.13	0.011235955056179775	0.000999000999000999	34
1.1.1	0.05106382978723404	0.000999000999000999	818
