EC	enrich_score	p_val	where
2	0.0847457627118644	0.000999000999000999	766
2.7	0.3746031746031746	0.000999000999000999	693
2.7.1	0.12280701754385964	0.000999000999000999	433
