EC	enrich_score	p_val	where
3	0.01288936627282492	0.000999000999000999	135
5	0.100990099009901	0.000999000999000999	417
3.5	0.01568627450980392	0.000999000999000999	18
3.5.4	0.029411764705882353	0.000999000999000999	2
