EC	enrich_score	p_val	where
2	0.12957900492072172	0.000999000999000999	735
2.4	0.38268156424581007	0.000999000999000999	540
2.4.1	0.3447204968944099	0.000999000999000999	540
