EC	enrich_score	p_val	where
1	0.0018075011296882061	0.023976023976023976	4
1.5	0.043478260869565216	0.000999000999000999	4
1.5.3	0.16666666666666666	0.000999000999000999	4
