EC	enrich_score	p_val	where
1	0.6479891549932218	0.000999000999000999	2356
1.14	0.005199306759098787	0.000999000999000999	89
1.1	0.055408970976253295	0.000999000999000999	1947
1.14.13	0.0056179775280898875	0.000999000999000999	69
1.1.1	0.059574468085106386	0.000999000999000999	1947
