EC	enrich_score	p_val	where
2	0.06232914160743576	0.000999000999000999	840
2.7	0.0031746031746031746	0.005994005994005994	3
2.4	0.05027932960893855	0.000999000999000999	238
2.7.7	0.014285714285714285	0.000999000999000999	3
2.4.1	0.031055900621118012	0.000999000999000999	238
