EC	enrich_score	p_val	where
2	0.0038272279934390375	0.001998001998001998	12
3	0.004296455424274973	0.001998001998001998	144
2.4	0.019553072625698324	0.000999000999000999	12
2.4.2	0.2	0.000999000999000999	12
