EC	enrich_score	p_val	where
1	0.6479891549932218	0.000999000999000999	2356
1.3	0.004672897196261682	0.005994005994005994	34
1.5	0.010869565217391304	0.000999000999000999	38
1.1	0.048812664907651716	0.000999000999000999	835
1.3.1	0.0056179775280898875	0.000999000999000999	34
1.5.1	0.01694915254237288	0.000999000999000999	38
1.1.1	0.0524822695035461	0.000999000999000999	835
