EC	enrich_score	p_val	where
2	0.0038272279934390375	0.001998001998001998	10
3	0.015037593984962405	0.000999000999000999	145
2.4	0.019553072625698324	0.000999000999000999	10
2.4.2	0.2	0.000999000999000999	10
