EC	enrich_score	p_val	where
2	0.08857299070530344	0.000999000999000999	993
2.7	0.41904761904761906	0.000999000999000999	592
2.7.1	0.4152046783625731	0.000999000999000999	275
