EC	enrich_score	p_val	where
1	0.5472209670131044	0.000999000999000999	2627
1.1	0.002638522427440633	0.005994005994005994	3
1.1.1	0.0028368794326241137	0.005994005994005994	3
