EC	enrich_score	p_val	where
3	0.024704618689581095	0.000999000999000999	50
3.5	0.09019607843137255	0.000999000999000999	50
3.5.1	0.020689655172413793	0.000999000999000999	2
