EC	enrich_score	p_val	where
1	0.6479891549932218	0.000999000999000999	2357
1.14	0.008665511265164644	0.000999000999000999	62
1.1	0.051451187335092345	0.000999000999000999	1648
1.14.13	0.028089887640449437	0.000999000999000999	62
1.1.1	0.05531914893617021	0.000999000999000999	1648
