EC	enrich_score	p_val	where
2	0.13067249863313285	0.000999000999000999	534
2.3	0.5660847880299252	0.000999000999000999	471
2.3.1	0.48097826086956524	0.000999000999000999	471
