EC	enrich_score	p_val	where
6	0.030303030303030304	0.000999000999000999	10
6.3	0.0410958904109589	0.000999000999000999	10
6.3.1	0.08333333333333333	0.000999000999000999	0
