EC	enrich_score	p_val	where
1	0.0018075011296882061	0.023976023976023976	40
1.2	0.010309278350515464	0.000999000999000999	6
1.2.3	0.1111111111111111	0.000999000999000999	6
