EC	enrich_score	p_val	where
1	0.6479891549932218	0.000999000999000999	2360
1.3	0.004672897196261682	0.005994005994005994	16
1.1	0.03562005277044855	0.000999000999000999	837
1.3.1	0.0056179775280898875	0.000999000999000999	16
1.1.1	0.03829787234042553	0.000999000999000999	837
