EC	enrich_score	p_val	where
1	0.6484410302756439	0.000999000999000999	2355
1.5	0.010869565217391304	0.000999000999000999	32
1.1	0.044854881266490766	0.000999000999000999	778
1.5.1	0.01694915254237288	0.000999000999000999	32
1.1.1	0.04822695035460993	0.000999000999000999	778
