EC	enrich_score	p_val	where
3	0.04189044038668099	0.000999000999000999	469
3.3	0.07407407407407407	0.000999000999000999	7
3.3.2	0.08	0.000999000999000999	7
