EC	enrich_score	p_val	where
4	0.0023148148148148147	0.008991008991008992	11
