EC	enrich_score	p_val	where
1	0.6479891549932218	0.000999000999000999	2357
1.14	0.010398613518197574	0.000999000999000999	106
1.1	0.06068601583113457	0.000999000999000999	1562
1.14.12	0.1276595744680851	0.000999000999000999	106
1.1.1	0.06524822695035461	0.000999000999000999	1562
