EC	enrich_score	p_val	where
3	0.00644468313641246	0.000999000999000999	190
