EC	enrich_score	p_val	where
3	0.00966702470461869	0.000999000999000999	71
5	0.1702970297029703	0.000999000999000999	335
3.5	0.011764705882352941	0.000999000999000999	11
3.5.4	0.029411764705882353	0.000999000999000999	1
