EC	enrich_score	p_val	where
5	0.007920792079207921	0.000999000999000999	4
5.5	0.02857142857142857	0.000999000999000999	1
5.5.1	0.02857142857142857	0.000999000999000999	1
