EC	enrich_score	p_val	where
6	0.050505050505050504	0.000999000999000999	59
2	0.08529250956806998	0.000999000999000999	772
6.3	0.0684931506849315	0.000999000999000999	59
2.7	0.4222222222222222	0.000999000999000999	571
2.7.1	0.08187134502923976	0.000999000999000999	447
