EC	enrich_score	p_val	where
1	0.6475372797107998	0.000999000999000999	2360
1.1	0.05408970976253298	0.000999000999000999	833
1.1.1	0.05815602836879433	0.000999000999000999	833
