EC	enrich_score	p_val	where
3	0.013963480128893663	0.000999000999000999	65
3.1	0.0189873417721519	0.000999000999000999	23
3.1.1	0.037383177570093455	0.000999000999000999	23
