EC	enrich_score	p_val	where
2	0.12083105522143248	0.000999000999000999	458
2.1	0.7318007662835249	0.000999000999000999	414
2.1.1	0.8377192982456141	0.000999000999000999	414
