EC	enrich_score	p_val	where
2	0.0541279387643521	0.000999000999000999	674
2.7	0.15555555555555556	0.000999000999000999	674
2.7.1	0.07602339181286549	0.000999000999000999	42
