EC	enrich_score	p_val	where
4	0.003472222222222222	0.003996003996003996	14
3	0.00644468313641246	0.000999000999000999	203
5	0.061386138613861385	0.000999000999000999	469
4.99	0.14285714285714285	0.000999000999000999	11
4.99.1	0.14285714285714285	0.000999000999000999	11
