EC	enrich_score	p_val	where
2	0.004373974849644614	0.000999000999000999	7
2.2	0.3333333333333333	0.000999000999000999	5
2.2.1	0.3333333333333333	0.000999000999000999	5
