EC	enrich_score	p_val	where
3	0.031149301825993556	0.000999000999000999	545
3.1	0.03481012658227848	0.000999000999000999	133
3.1.4	0.043478260869565216	0.000999000999000999	15
