EC	enrich_score	p_val	where
1	0.20018075011296882	0.000999000999000999	1064
1.2	0.005154639175257732	0.000999000999000999	1
1.14	0.0034662045060658577	0.005994005994005994	4
1.2.1	0.005780346820809248	0.000999000999000999	1
1.14.13	0.011235955056179775	0.000999000999000999	4
