EC	enrich_score	p_val	where
5	0.22178217821782178	0.000999000999000999	266
5.1	0.1780821917808219	0.000999000999000999	266
5.1.3	0.014705882352941176	0.000999000999000999	4
