EC	enrich_score	p_val	where
1	0.0031631269769543608	0.005994005994005994	34
1.21	0.08333333333333333	0.000999000999000999	4
1.21.98	0.25	0.000999000999000999	4
