EC	enrich_score	p_val	where
4	0.14467592592592593	0.000999000999000999	254
4.2	0.2653927813163482	0.000999000999000999	254
4.2.3	0.7142857142857143	0.000999000999000999	254
