EC	enrich_score	p_val	where
4	0.15393518518518517	0.000999000999000999	253
4.2	0.2823779193205945	0.000999000999000999	253
4.2.3	0.76	0.000999000999000999	253
