EC	enrich_score	p_val	where
2	0.14160743575724438	0.000999000999000999	638
2.3	0.5536159600997507	0.000999000999000999	575
2.3.3	0.2	0.000999000999000999	8
2.3.1	0.45652173913043476	0.000999000999000999	575
