EC	enrich_score	p_val	where
1	0.005422503389064619	0.000999000999000999	90
1.14	0.008665511265164644	0.000999000999000999	18
1.14.11	0.02127659574468085	0.000999000999000999	0
