EC	enrich_score	p_val	where
5	0.1801980198019802	0.000999000999000999	306
5.1	0.03424657534246575	0.000999000999000999	306
