EC	enrich_score	p_val	where
2	0.004373974849644614	0.000999000999000999	33
2.6	0.009259259259259259	0.000999000999000999	2
2.1	0.0038314176245210726	0.005994005994005994	5
2.6.1	0.009345794392523364	0.000999000999000999	2
2.1.1	0.0043859649122807015	0.005994005994005994	5
