EC	enrich_score	p_val	where
1	0.6466335291459557	0.000999000999000999	2356
1.1	0.08443271767810026	0.000999000999000999	1165
1.1.1	0.09078014184397164	0.000999000999000999	1165
