EC	enrich_score	p_val	where
3	0.004296455424274973	0.001998001998001998	4
3.1	0.012658227848101266	0.000999000999000999	4
3.1.1	0.037383177570093455	0.000999000999000999	4
