EC	enrich_score	p_val	where
3	0.07518796992481203	0.000999000999000999	491
3.2	0.08053691275167785	0.000999000999000999	16
3.2.1	0.08391608391608392	0.000999000999000999	16
