EC	enrich_score	p_val	where
4	0.013888888888888888	0.000999000999000999	41
4.4	0.2033898305084746	0.000999000999000999	41
4.4.1	0.2033898305084746	0.000999000999000999	41
