EC	enrich_score	p_val	where
3	0.022556390977443608	0.000999000999000999	79
3.2	0.0738255033557047	0.000999000999000999	55
3.2.1	0.07692307692307693	0.000999000999000999	55
