EC	enrich_score	p_val	where
4	0.015046296296296295	0.000999000999000999	47
4.2	0.006369426751592357	0.000999000999000999	3
4.1	0.007407407407407408	0.000999000999000999	17
4.2.1	0.01056338028169014	0.000999000999000999	3
4.1.2	0.0125	0.000999000999000999	11
