EC	enrich_score	p_val	where
4	0.008101851851851851	0.000999000999000999	43
4.3	0.046511627906976744	0.000999000999000999	18
4.4	0.01694915254237288	0.000999000999000999	22
4.3.1	0.07142857142857142	0.000999000999000999	18
4.4.1	0.01694915254237288	0.000999000999000999	22
