EC	enrich_score	p_val	where
2	0.1180973209404046	0.000999000999000999	448
2.1	0.7318007662835249	0.000999000999000999	425
2.1.1	0.8377192982456141	0.000999000999000999	425
