EC	enrich_score	p_val	where
2	0.11153635866593767	0.000999000999000999	1019
2.4	0.30726256983240224	0.000999000999000999	471
2.4.1	0.2732919254658385	0.000999000999000999	471
