EC	enrich_score	p_val	where
2	0.055768179332968834	0.000999000999000999	578
2.3	0.059850374064837904	0.000999000999000999	95
2.3.1	0.06521739130434782	0.000999000999000999	95
