EC	enrich_score	p_val	where
2	0.12356478950246036	0.000999000999000999	670
2.4	0.3575418994413408	0.000999000999000999	478
2.4.1	0.32608695652173914	0.000999000999000999	452
