EC	enrich_score	p_val	where
2	0.02241662110442865	0.000999000999000999	518
2.4	0.00558659217877095	0.000999000999000999	7
2.4.1	0.006211180124223602	0.000999000999000999	7
