EC	enrich_score	p_val	where
3	0.00966702470461869	0.000999000999000999	28
3.4	0.047058823529411764	0.000999000999000999	9
3.4.17	0.1111111111111111	0.000999000999000999	0
3.4.16	0.1	0.000999000999000999	6
