EC	enrich_score	p_val	where
2	0.13121924548933844	0.000999000999000999	703
2.4	0.39385474860335196	0.000999000999000999	597
2.4.1	0.35403726708074534	0.000999000999000999	560
