EC	enrich_score	p_val	where
2	0.09513395297977037	0.000999000999000999	1225
2.4	0.06983240223463687	0.000999000999000999	353
2.4.2	0.02857142857142857	0.000999000999000999	0
2.4.1	0.021739130434782608	0.000999000999000999	68
