EC	enrich_score	p_val	where
1	0.6475372797107998	0.000999000999000999	2361
1.5	0.021739130434782608	0.000999000999000999	86
1.1	0.0633245382585752	0.000999000999000999	1838
1.5.1	0.03389830508474576	0.000999000999000999	86
1.1.1	0.06808510638297872	0.000999000999000999	1838
