EC	enrich_score	p_val	where
2	0.12575177692728268	0.000999000999000999	649
2.4	0.3407821229050279	0.000999000999000999	573
2.4.1	0.2857142857142857	0.000999000999000999	573
