EC	enrich_score	p_val	where
2	0.002186987424822307	0.008991008991008992	9
3	0.05370569280343716	0.000999000999000999	427
2.1	0.01532567049808429	0.000999000999000999	9
3.5	0.01568627450980392	0.000999000999000999	84
2.1.3	0.2222222222222222	0.000999000999000999	9
