EC	enrich_score	p_val	where
2	0.009841443411700382	0.000999000999000999	48
2.5	0.10465116279069768	0.000999000999000999	48
2.5.1	0.10465116279069768	0.000999000999000999	48
