EC	enrich_score	p_val	where
2	0.018589393110989613	0.000999000999000999	49
2.5	0.19767441860465115	0.000999000999000999	49
2.5.1	0.19767441860465115	0.000999000999000999	49
