EC	enrich_score	p_val	where
6	0.13131313131313133	0.000999000999000999	40
2	0.005467468562055768	0.000999000999000999	1327
6.4	0.4444444444444444	0.000999000999000999	3
6.3	0.0136986301369863	0.000999000999000999	31
6.4.1	0.4444444444444444	0.000999000999000999	3
