EC	enrich_score	p_val	where
3	0.01933404940923738	0.000999000999000999	153
3.1	0.028481012658227847	0.000999000999000999	64
3.1.1	0.04672897196261682	0.000999000999000999	64
