EC	enrich_score	p_val	where
2	0.047566976489885185	0.000999000999000999	680
2.7	0.006349206349206349	0.000999000999000999	1
2.7.7	0.02857142857142857	0.000999000999000999	1
