EC	enrich_score	p_val	where
2	0.1180973209404046	0.000999000999000999	481
2.1	0.7203065134099617	0.000999000999000999	433
2.1.1	0.8245614035087719	0.000999000999000999	433
