EC	enrich_score	p_val	where
1	0.6475372797107998	0.000999000999000999	2360
1.1	0.06992084432717678	0.000999000999000999	1832
1.1.1	0.075177304964539	0.000999000999000999	1832
