EC	enrich_score	p_val	where
1	0.6479891549932218	0.000999000999000999	2356
1.1	0.07519788918205805	0.000999000999000999	340
1.1.1	0.08085106382978724	0.000999000999000999	340
