EC	enrich_score	p_val	where
3	0.00322234156820623	0.005994005994005994	5
2	0.03936577364680153	0.000999000999000999	1369
3.6	0.061224489795918366	0.000999000999000999	5
2.7	0.06031746031746032	0.000999000999000999	113
3.6.1	0.0625	0.000999000999000999	5
