EC	enrich_score	p_val	where
3	0.021482277121374866	0.000999000999000999	96
3.5	0.027450980392156862	0.000999000999000999	11
3.5.1	0.04827586206896552	0.000999000999000999	11
