EC	enrich_score	p_val	where
2	0.09185347184253691	0.000999000999000999	465
2.1	0.49808429118773945	0.000999000999000999	465
2.1.1	0.5614035087719298	0.000999000999000999	465
