EC	enrich_score	p_val	where
2	0.08747949699289229	0.000999000999000999	442
2.1	0.4904214559386973	0.000999000999000999	394
2.1.1	0.5614035087719298	0.000999000999000999	394
