EC	enrich_score	p_val	where
3	0.018259935553168637	0.000999000999000999	37
3.6	0.02040816326530612	0.000999000999000999	4
3.1	0.028481012658227847	0.000999000999000999	37
3.6.1	0.020833333333333332	0.000999000999000999	4
3.1.3	0.06557377049180328	0.000999000999000999	35
