EC	enrich_score	p_val	where
1	0.2702214188883868	0.000999000999000999	1485
1.1	0.002638522427440633	0.005994005994005994	1
1.1.1	0.0028368794326241137	0.005994005994005994	1
