EC	enrich_score	p_val	where
3	0.00322234156820623	0.005994005994005994	8
2	0.037178786221979225	0.000999000999000999	1140
3.6	0.061224489795918366	0.000999000999000999	8
2.7	0.0761904761904762	0.000999000999000999	557
3.6.1	0.0625	0.000999000999000999	8
