EC	enrich_score	p_val	where
2	0.08911973756150902	0.000999000999000999	399
2.1	0.5019157088122606	0.000999000999000999	399
2.1.1	0.5745614035087719	0.000999000999000999	399
