EC	enrich_score	p_val	where
3	0.0322234156820623	0.000999000999000999	316
3.3	0.037037037037037035	0.000999000999000999	3
3.3.2	0.04	0.000999000999000999	3
