EC	enrich_score	p_val	where
1	0.3366470854044284	0.000999000999000999	1623
1.14	0.005199306759098787	0.000999000999000999	2
1.14.13	0.016853932584269662	0.000999000999000999	2
