EC	enrich_score	p_val	where
1	0.6466335291459557	0.000999000999000999	2353
1.1	0.025065963060686015	0.000999000999000999	674
1.1.1	0.02695035460992908	0.000999000999000999	674
