EC	enrich_score	p_val	where
3	0.0021482277121374865	0.023976023976023976	29
2	0.07107709130672499	0.000999000999000999	1477
3.6	0.04081632653061224	0.000999000999000999	29
2.7	0.11746031746031746	0.000999000999000999	576
3.6.1	0.041666666666666664	0.000999000999000999	29
