EC	enrich_score	p_val	where
3	0.0021482277121374865	0.023976023976023976	2
5	0.02574257425742574	0.000999000999000999	30
3.1	0.006329113924050633	0.000999000999000999	2
5.5	0.18571428571428572	0.000999000999000999	30
3.1.1	0.018691588785046728	0.000999000999000999	2
5.5.1	0.18571428571428572	0.000999000999000999	30
