EC	enrich_score	p_val	where
1	0.0018075011296882061	0.023976023976023976	26
1.3	0.004672897196261682	0.005994005994005994	6
1.3.3	0.03571428571428571	0.000999000999000999	6
