EC	enrich_score	p_val	where
1	0.6479891549932218	0.000999000999000999	2356
1.5	0.010869565217391304	0.000999000999000999	50
1.1	0.055408970976253295	0.000999000999000999	1739
1.5.1	0.01694915254237288	0.000999000999000999	50
1.1.1	0.059574468085106386	0.000999000999000999	1739
