EC	enrich_score	p_val	where
3	0.010741138560687433	0.000999000999000999	60
3.1	0.00949367088607595	0.000999000999000999	18
