EC	enrich_score	p_val	where
2	0.11864406779661017	0.000999000999000999	451
2.1	0.7318007662835249	0.000999000999000999	434
2.1.1	0.8377192982456141	0.000999000999000999	434
