EC	enrich_score	p_val	where
1	0.6470854044283778	0.000999000999000999	2359
1.1	0.08179419525065963	0.000999000999000999	695
1.1.1	0.08794326241134752	0.000999000999000999	695
