EC	enrich_score	p_val	where
1	0.6484410302756439	0.000999000999000999	2365
1.3	0.056074766355140186	0.000999000999000999	100
1.1	0.0633245382585752	0.000999000999000999	1875
1.3.1	0.06741573033707865	0.000999000999000999	100
1.1.1	0.06808510638297872	0.000999000999000999	1875
