EC	enrich_score	p_val	where
3	0.01933404940923738	0.000999000999000999	416
3.1	0.0189873417721519	0.000999000999000999	15
3.1.1	0.009345794392523364	0.000999000999000999	10
3.1.8	0.1	0.000999000999000999	14
