EC	enrich_score	p_val	where
2	0.006014215418261345	0.000999000999000999	31
2.5	0.06395348837209303	0.000999000999000999	31
2.5.1	0.06395348837209303	0.000999000999000999	31
