EC	enrich_score	p_val	where
2	0.0065609622744669215	0.000999000999000999	30
2.5	0.06976744186046512	0.000999000999000999	30
2.5.1	0.06976744186046512	0.000999000999000999	30
