EC	enrich_score	p_val	where
5	0.009900990099009901	0.000999000999000999	17
5.4	0.04132231404958678	0.000999000999000999	17
5.4.99	0.08064516129032258	0.000999000999000999	17
