EC	enrich_score	p_val	where
1	0.6479891549932218	0.000999000999000999	2357
1.3	0.02336448598130841	0.000999000999000999	114
1.14	0.006932409012131715	0.000999000999000999	160
1.1	0.06068601583113457	0.000999000999000999	1838
1.3.1	0.028089887640449437	0.000999000999000999	114
1.14.12	0.02127659574468085	0.000999000999000999	130
1.1.1	0.06524822695035461	0.000999000999000999	1838
