EC	enrich_score	p_val	where
2	0.014215418261344996	0.000999000999000999	49
2.5	0.040697674418604654	0.000999000999000999	21
2.5.1	0.040697674418604654	0.000999000999000999	21
