EC	enrich_score	p_val	where
1	0.12291007681879801	0.000999000999000999	458
1.3	0.009345794392523364	0.000999000999000999	2
1.1	0.006596306068601583	0.000999000999000999	128
1.3.1	0.011235955056179775	0.000999000999000999	2
1.1.1	0.0070921985815602835	0.000999000999000999	128
