EC	enrich_score	p_val	where
1	0.6479891549932218	0.000999000999000999	2357
1.5	0.021739130434782608	0.000999000999000999	28
1.14	0.0034662045060658577	0.005994005994005994	105
1.1	0.05804749340369393	0.000999000999000999	584
1.5.1	0.03389830508474576	0.000999000999000999	28
1.14.13	0.011235955056179775	0.000999000999000999	105
1.1.1	0.062411347517730496	0.000999000999000999	584
