EC	enrich_score	p_val	where
6	0.12121212121212122	0.000999000999000999	23
2	0.1273920174958994	0.000999000999000999	1181
6.2	0.8571428571428571	0.000999000999000999	23
2.3	0.1745635910224439	0.000999000999000999	535
6.2.1	0.8571428571428571	0.000999000999000999	23
2.3.1	0.14130434782608695	0.000999000999000999	535
