EC	enrich_score	p_val	where
1	0.08359692724807953	0.000999000999000999	374
1.2	0.14432989690721648	0.000999000999000999	63
1.2.1	0.16184971098265896	0.000999000999000999	63
