EC	enrich_score	p_val	where
2	0.01202843083652269	0.000999000999000999	66
2.5	0.05232558139534884	0.000999000999000999	9
2.5.1	0.05232558139534884	0.000999000999000999	9
