EC	enrich_score	p_val	where
1	0.6479891549932218	0.000999000999000999	2357
1.14	0.0034662045060658577	0.005994005994005994	72
1.1	0.05672823218997362	0.000999000999000999	1600
1.14.19	0.03333333333333333	0.000999000999000999	54
1.1.1	0.06099290780141844	0.000999000999000999	1600
