EC	enrich_score	p_val	where
1	0.6479891549932218	0.000999000999000999	2356
1.1	0.05804749340369393	0.000999000999000999	1634
1.1.1	0.062411347517730496	0.000999000999000999	1634
