EC	enrich_score	p_val	where
3	0.010741138560687433	0.000999000999000999	37
3.7	0.037037037037037035	0.000999000999000999	1
3.1	0.015822784810126583	0.000999000999000999	28
3.7.1	0.037037037037037035	0.000999000999000999	1
3.1.1	0.04672897196261682	0.000999000999000999	28
