EC	enrich_score	p_val	where
2	0.0541279387643521	0.000999000999000999	568
2.4	0.013966480446927373	0.000999000999000999	291
2.4.1	0.012422360248447204	0.000999000999000999	66
