EC	enrich_score	p_val	where
1	0.6073203795752372	0.000999000999000999	2410
1.1	0.013192612137203167	0.000999000999000999	822
1.1.1	0.014184397163120567	0.000999000999000999	822
