EC	enrich_score	p_val	where
3	0.036519871106337275	0.000999000999000999	241
3.1	0.03481012658227848	0.000999000999000999	181
3.1.1	0.009345794392523364	0.000999000999000999	1
