EC	enrich_score	p_val	where
3	0.0021482277121374865	0.023976023976023976	11
2	0.004920721705850191	0.000999000999000999	272
2.7	0.0031746031746031746	0.005994005994005994	0
3.6	0.04081632653061224	0.000999000999000999	11
2.7.7	0.014285714285714285	0.000999000999000999	0
3.6.1	0.041666666666666664	0.000999000999000999	11
