EC	enrich_score	p_val	where
1	0.6484410302756439	0.000999000999000999	2355
1.1	0.04617414248021108	0.000999000999000999	795
1.1.1	0.04964539007092199	0.000999000999000999	795
