EC	enrich_score	p_val	where
3	0.024704618689581095	0.000999000999000999	582
3.1	0.012658227848101266	0.000999000999000999	27
3.1.7	0.08333333333333333	0.000999000999000999	19
