EC	enrich_score	p_val	where
1	0.6475372797107998	0.000999000999000999	2355
1.14	0.005199306759098787	0.000999000999000999	45
1.1	0.048812664907651716	0.000999000999000999	712
1.14.13	0.016853932584269662	0.000999000999000999	45
1.1.1	0.0524822695035461	0.000999000999000999	712
