EC	enrich_score	p_val	where
3	0.010741138560687433	0.000999000999000999	96
