EC	enrich_score	p_val	where
1	0.6479891549932218	0.000999000999000999	2357
1.3	0.004672897196261682	0.005994005994005994	33
1.5	0.043478260869565216	0.000999000999000999	62
1.1	0.03562005277044855	0.000999000999000999	733
1.3.1	0.0056179775280898875	0.000999000999000999	33
1.5.1	0.06779661016949153	0.000999000999000999	62
1.1.1	0.03829787234042553	0.000999000999000999	733
