EC	enrich_score	p_val	where
3	0.027926960257787327	0.000999000999000999	91
3.2	0.08053691275167785	0.000999000999000999	44
3.2.1	0.08391608391608392	0.000999000999000999	44
