EC	enrich_score	p_val	where
1	0.00587437867148667	0.000999000999000999	16
5	0.19801980198019803	0.000999000999000999	280
1.11	0.38235294117647056	0.000999000999000999	16
5.1	0.0958904109589041	0.000999000999000999	280
1.11.1	0.28	0.000999000999000999	14
