EC	enrich_score	p_val	where
1	0.00903750564844103	0.000999000999000999	101
1.14	0.019064124783362217	0.000999000999000999	32
1.14.11	0.0851063829787234	0.000999000999000999	10
