EC	enrich_score	p_val	where
6	0.0707070707070707	0.000999000999000999	14
2	0.028430836522689993	0.000999000999000999	1318
6.3	0.0958904109589041	0.000999000999000999	14
6.3.2	0.10810810810810811	0.000999000999000999	13
