EC	enrich_score	p_val	where
1	0.3782196113872571	0.000999000999000999	2223
1.5	0.021739130434782608	0.000999000999000999	2
1.14	0.0034662045060658577	0.005994005994005994	19
1.5.1	0.03389830508474576	0.000999000999000999	2
1.14.13	0.011235955056179775	0.000999000999000999	19
