EC	enrich_score	p_val	where
2	0.12575177692728268	0.000999000999000999	620
2.4	0.3659217877094972	0.000999000999000999	573
2.4.1	0.32608695652173914	0.000999000999000999	570
