EC	enrich_score	p_val	where
6	0.12121212121212122	0.000999000999000999	49
2	0.01366867140513942	0.000999000999000999	1272
6.3	0.0958904109589041	0.000999000999000999	44
6.3.2	0.02702702702702703	0.000999000999000999	0
