EC	enrich_score	p_val	where
1	0.032083145051965654	0.000999000999000999	189
1.8	0.1	0.000999000999000999	2
1.8.1	0.2	0.000999000999000999	2
