EC	enrich_score	p_val	where
1	0.184365115228197	0.000999000999000999	1116
1.14	0.005199306759098787	0.000999000999000999	3
1.3	0.028037383177570093	0.000999000999000999	167
1.14.13	0.016853932584269662	0.000999000999000999	3
1.3.1	0.033707865168539325	0.000999000999000999	167
