EC	enrich_score	p_val	where
1	0.006778129236330773	0.000999000999000999	20
5	0.19405940594059407	0.000999000999000999	284
1.11	0.38235294117647056	0.000999000999000999	16
5.1	0.0821917808219178	0.000999000999000999	284
1.11.2	0.1111111111111111	0.000999000999000999	0
1.11.1	0.28	0.000999000999000999	12
