EC	enrich_score	p_val	where
2	0.07599781301257517	0.000999000999000999	539
2.3	0.24937655860349128	0.000999000999000999	339
2.3.1	0.2554347826086957	0.000999000999000999	339
