EC	enrich_score	p_val	where
3	0.027926960257787327	0.000999000999000999	72
3.1	0.06329113924050633	0.000999000999000999	61
3.1.3	0.13934426229508196	0.000999000999000999	49
