EC	enrich_score	p_val	where
4	0.1550925925925926	0.000999000999000999	251
4.2	0.28450106157112526	0.000999000999000999	251
4.2.3	0.7657142857142857	0.000999000999000999	251
