EC	enrich_score	p_val	where
2	0.12903225806451613	0.000999000999000999	612
2.4	0.3854748603351955	0.000999000999000999	576
2.4.1	0.36024844720496896	0.000999000999000999	467
