EC	enrich_score	p_val	where
2	0.004373974849644614	0.000999000999000999	31
3	0.00644468313641246	0.000999000999000999	61
2.4	0.013966480446927373	0.000999000999000999	28
2.4.2	0.14285714285714285	0.000999000999000999	28
