EC	enrich_score	p_val	where
2	0.10005467468562056	0.000999000999000999	407
2.1	0.5938697318007663	0.000999000999000999	377
2.1.1	0.6798245614035088	0.000999000999000999	377
