EC	enrich_score	p_val	where
1	0.004970628106642567	0.000999000999000999	26
1.13	0.0873015873015873	0.000999000999000999	26
1.13.11	0.0990990990990991	0.000999000999000999	26
