EC	enrich_score	p_val	where
4	0.006944444444444444	0.000999000999000999	114
4.2	0.006369426751592357	0.000999000999000999	6
4.2.1	0.01056338028169014	0.000999000999000999	6
