EC	enrich_score	p_val	where
2	0.13121924548933844	0.000999000999000999	686
2.4	0.3575418994413408	0.000999000999000999	559
2.4.1	0.32608695652173914	0.000999000999000999	553
