EC	enrich_score	p_val	where
4	0.003472222222222222	0.003996003996003996	2
2	0.002186987424822307	0.008991008991008992	58
4.2	0.006369426751592357	0.000999000999000999	2
2.6	0.018518518518518517	0.000999000999000999	58
4.2.1	0.01056338028169014	0.000999000999000999	2
2.6.1	0.018691588785046728	0.000999000999000999	58
