EC	enrich_score	p_val	where
3	0.0719656283566058	0.000999000999000999	529
3.1	0.0031645569620253164	0.005994005994005994	0
3.5	0.00392156862745098	0.005994005994005994	2
3.1.1	0.009345794392523364	0.000999000999000999	0
3.5.1	0.006896551724137931	0.000999000999000999	2
