EC	enrich_score	p_val	where
2	0.06943685073810825	0.000999000999000999	874
2.4	0.1564245810055866	0.000999000999000999	242
2.4.1	0.14906832298136646	0.000999000999000999	242
