EC	enrich_score	p_val	where
5	0.0019801980198019802	0.023976023976023976	0
4	0.010416666666666666	0.000999000999000999	56
5.3	0.006711409395973154	0.000999000999000999	0
4.1	0.007407407407407408	0.000999000999000999	5
5.3.1	0.016666666666666666	0.000999000999000999	0
4.1.2	0.025	0.000999000999000999	5
