EC	enrich_score	p_val	where
5	0.015841584158415842	0.000999000999000999	10
5.5	0.1	0.000999000999000999	9
5.5.1	0.1	0.000999000999000999	9
