EC	enrich_score	p_val	where
1	0.648892905558066	0.000999000999000999	2367
1.5	0.010869565217391304	0.000999000999000999	18
1.1	0.014511873350923483	0.000999000999000999	756
1.5.1	0.01694915254237288	0.000999000999000999	18
1.1.1	0.015602836879432624	0.000999000999000999	756
