EC	enrich_score	p_val	where
2	0.1202843083652269	0.000999000999000999	461
2.1	0.7432950191570882	0.000999000999000999	425
2.1.1	0.8508771929824561	0.000999000999000999	425
