EC	enrich_score	p_val	where
2	0.03608529250956807	0.000999000999000999	865
2.7	0.025396825396825397	0.000999000999000999	17
2.7.7	0.11428571428571428	0.000999000999000999	17
