EC	enrich_score	p_val	where
4	0.016203703703703703	0.000999000999000999	47
4.1	0.014814814814814815	0.000999000999000999	45
