EC	enrich_score	p_val	where
1	0.0022593764121102574	0.008991008991008992	16
5	0.005940594059405941	0.000999000999000999	40
1.13	0.03968253968253968	0.000999000999000999	16
5.5	0.014285714285714285	0.000999000999000999	35
1.13.11	0.04504504504504504	0.000999000999000999	16
5.5.1	0.014285714285714285	0.000999000999000999	35
