EC	enrich_score	p_val	where
2	0.013121924548933843	0.000999000999000999	40
2.5	0.03488372093023256	0.000999000999000999	19
2.5.1	0.03488372093023256	0.000999000999000999	19
