EC	enrich_score	p_val	where
2	0.0038272279934390375	0.001998001998001998	260
2.1	0.0038314176245210726	0.005994005994005994	16
