EC	enrich_score	p_val	where
2	0.03936577364680153	0.000999000999000999	470
2.4	0.05865921787709497	0.000999000999000999	152
2.4.2	0.02857142857142857	0.000999000999000999	1
2.4.1	0.059006211180124224	0.000999000999000999	152
