EC	enrich_score	p_val	where
5	0.053465346534653464	0.000999000999000999	97
5.4	0.17355371900826447	0.000999000999000999	31
5.4.99	0.3387096774193548	0.000999000999000999	31
