EC	enrich_score	p_val	where
3	0.04189044038668099	0.000999000999000999	402
3.6	0.08163265306122448	0.000999000999000999	12
3.1	0.0189873417721519	0.000999000999000999	76
3.6.1	0.08333333333333333	0.000999000999000999	12
