EC	enrich_score	p_val	where
4	0.005787037037037037	0.000999000999000999	4
5	0.011881188118811881	0.000999000999000999	38
4.2	0.004246284501061571	0.005994005994005994	1
4.1	0.003703703703703704	0.005994005994005994	4
4.2.1	0.007042253521126761	0.000999000999000999	1
4.1.99	0.07142857142857142	0.000999000999000999	4
