EC	enrich_score	p_val	where
1	0.6484410302756439	0.000999000999000999	2353
1.2	0.010309278350515464	0.000999000999000999	2
1.14	0.005199306759098787	0.000999000999000999	33
1.1	0.018469656992084433	0.000999000999000999	822
1.2.1	0.011560693641618497	0.000999000999000999	2
1.14.13	0.016853932584269662	0.000999000999000999	33
1.1.1	0.019858156028368795	0.000999000999000999	822
