EC	enrich_score	p_val	where
1	0.6479891549932218	0.000999000999000999	2358
1.14	0.02079722703639515	0.000999000999000999	99
1.1	0.0633245382585752	0.000999000999000999	1831
1.14.12	0.0851063829787234	0.000999000999000999	81
1.1.1	0.06808510638297872	0.000999000999000999	1831
