EC	enrich_score	p_val	where
2	0.12411153635866594	0.000999000999000999	654
2.4	0.3547486033519553	0.000999000999000999	481
2.4.1	0.3198757763975155	0.000999000999000999	475
