EC	enrich_score	p_val	where
4	0.1597222222222222	0.000999000999000999	259
4.2	0.2929936305732484	0.000999000999000999	259
4.2.3	0.7885714285714286	0.000999000999000999	259
