EC	enrich_score	p_val	where
2	0.056861673045379986	0.000999000999000999	699
2.7	0.20317460317460317	0.000999000999000999	579
2.7.1	0.04093567251461988	0.000999000999000999	82
