EC	enrich_score	p_val	where
3	0.00322234156820623	0.005994005994005994	64
2	0.0612356478950246	0.000999000999000999	1272
3.2	0.013422818791946308	0.000999000999000999	5
2.4	0.10614525139664804	0.000999000999000999	415
3.2.1	0.013986013986013986	0.000999000999000999	5
2.4.1	0.055900621118012424	0.000999000999000999	415
