EC	enrich_score	p_val	where
2	0.11262985237834883	0.000999000999000999	1212
2.3	0.30174563591022446	0.000999000999000999	350
2.3.1	0.2907608695652174	0.000999000999000999	350
