EC	enrich_score	p_val	where
1	0.1789426118391324	0.000999000999000999	824
1.14	0.005199306759098787	0.000999000999000999	3
1.3	0.018691588785046728	0.000999000999000999	178
1.14.13	0.016853932584269662	0.000999000999000999	3
1.3.1	0.02247191011235955	0.000999000999000999	178
