EC	enrich_score	p_val	where
4	0.12152777777777778	0.000999000999000999	287
4.2	0.2229299363057325	0.000999000999000999	287
4.2.3	0.6	0.000999000999000999	287
