EC	enrich_score	p_val	where
4	0.02546296296296296	0.000999000999000999	45
4.2	0.04670912951167728	0.000999000999000999	45
4.2.3	0.12571428571428572	0.000999000999000999	45
