EC	enrich_score	p_val	where
3	0.007518796992481203	0.000999000999000999	37
3.5	0.023529411764705882	0.000999000999000999	35
3.5.4	0.058823529411764705	0.000999000999000999	35
