EC	enrich_score	p_val	where
5	0.0039603960396039604	0.001998001998001998	8
5.5	0.02857142857142857	0.000999000999000999	8
5.5.1	0.02857142857142857	0.000999000999000999	8
