EC	enrich_score	p_val	where
4	0.10185185185185185	0.000999000999000999	327
4.2	0.18683651804670912	0.000999000999000999	327
4.2.3	0.5028571428571429	0.000999000999000999	327
