EC	enrich_score	p_val	where
4	0.1261574074074074	0.000999000999000999	299
4.2	0.23142250530785563	0.000999000999000999	299
4.2.3	0.6228571428571429	0.000999000999000999	299
