EC	enrich_score	p_val	where
5	0.005940594059405941	0.000999000999000999	16
5.5	0.02857142857142857	0.000999000999000999	1
5.5.1	0.02857142857142857	0.000999000999000999	1
