EC	enrich_score	p_val	where
4	0.12384259259259259	0.000999000999000999	285
4.2	0.22717622080679406	0.000999000999000999	285
4.2.3	0.6114285714285714	0.000999000999000999	285
