EC	enrich_score	p_val	where
2	0.1366867140513942	0.000999000999000999	1678
2.7	0.12698412698412698	0.000999000999000999	473
2.7.1	0.07602339181286549	0.000999000999000999	20
