EC	enrich_score	p_val	where
5	0.053465346534653464	0.000999000999000999	82
5.4	0.18181818181818182	0.000999000999000999	32
5.4.99	0.3548387096774194	0.000999000999000999	32
