EC	enrich_score	p_val	where
2	0.014215418261344996	0.000999000999000999	27
3	0.021482277121374866	0.000999000999000999	328
2.4	0.07262569832402235	0.000999000999000999	27
2.4.1	0.08074534161490683	0.000999000999000999	27
