EC	enrich_score	p_val	where
4	0.009259259259259259	0.000999000999000999	13
3	0.045112781954887216	0.000999000999000999	261
4.2	0.010615711252653927	0.000999000999000999	5
4.2.1	0.017605633802816902	0.000999000999000999	5
