EC	enrich_score	p_val	where
2	0.13340623291416073	0.000999000999000999	708
2.4	0.4134078212290503	0.000999000999000999	587
2.4.1	0.38509316770186336	0.000999000999000999	587
