EC	enrich_score	p_val	where
2	0.0016402405686167304	0.023976023976023976	2
4	0.011574074074074073	0.000999000999000999	130
2.2	0.16666666666666666	0.000999000999000999	2
2.2.1	0.16666666666666666	0.000999000999000999	2
