EC	enrich_score	p_val	where
5	0.20594059405940593	0.000999000999000999	296
5.1	0.1232876712328767	0.000999000999000999	296
