EC	enrich_score	p_val	where
5	0.0019801980198019802	0.023976023976023976	2
3	0.0021482277121374865	0.023976023976023976	101
3.7	0.037037037037037035	0.000999000999000999	0
5.5	0.014285714285714285	0.000999000999000999	2
3.7.1	0.037037037037037035	0.000999000999000999	0
5.5.1	0.014285714285714285	0.000999000999000999	2
