EC	enrich_score	p_val	where
3	0.06337271750805586	0.000999000999000999	190
3.2	0.026845637583892617	0.000999000999000999	12
3.2.1	0.027972027972027972	0.000999000999000999	12
