EC	enrich_score	p_val	where
4	0.0023148148148148147	0.008991008991008992	6
2	0.0032804811372334607	0.003996003996003996	28
4.3	0.023255813953488372	0.000999000999000999	2
4.3.3	0.2	0.000999000999000999	2
