EC	enrich_score	p_val	where
5	0.0019801980198019802	0.023976023976023976	6
1	0.0018075011296882061	0.023976023976023976	26
1.23	0.2	0.000999000999000999	0
5.3	0.006711409395973154	0.000999000999000999	6
1.23.5	1.0	0.000999000999000999	0
5.3.99	0.08333333333333333	0.000999000999000999	6
