EC	enrich_score	p_val	where
1	0.3041120650700407	0.000999000999000999	1593
1.3	0.07476635514018691	0.000999000999000999	45
1.3.1	0.0898876404494382	0.000999000999000999	45
