EC	enrich_score	p_val	where
1	0.012652507907817443	0.000999000999000999	117
1.14	0.04679376083188908	0.000999000999000999	113
1.14.11	0.2978723404255319	0.000999000999000999	71
