EC	enrich_score	p_val	where
2	0.011481683980317113	0.000999000999000999	82
2.1	0.07279693486590039	0.000999000999000999	67
2.1.1	0.08333333333333333	0.000999000999000999	67
