EC	enrich_score	p_val	where
1	0.6475372797107998	0.000999000999000999	2361
1.2	0.010309278350515464	0.000999000999000999	74
1.1	0.06464379947229551	0.000999000999000999	1831
1.2.1	0.011560693641618497	0.000999000999000999	74
1.1.1	0.06950354609929078	0.000999000999000999	1831
