EC	enrich_score	p_val	where
1	0.0063262539539087215	0.000999000999000999	30
1.14	0.024263431542461005	0.000999000999000999	30
1.14.11	0.02127659574468085	0.000999000999000999	2
1.14.20	0.15	0.000999000999000999	12
