EC	enrich_score	p_val	where
1	0.6475372797107998	0.000999000999000999	2350
1.5	0.010869565217391304	0.000999000999000999	33
1.14	0.0034662045060658577	0.005994005994005994	42
1.1	0.052770448548812667	0.000999000999000999	1948
1.5.1	0.01694915254237288	0.000999000999000999	33
1.14.13	0.011235955056179775	0.000999000999000999	42
1.1.1	0.05673758865248227	0.000999000999000999	1948
