EC	enrich_score	p_val	where
2	0.09404045926735921	0.000999000999000999	643
2.3	0.3167082294264339	0.000999000999000999	361
2.3.1	0.3125	0.000999000999000999	361
