EC	enrich_score	p_val	where
1	0.010845006778129237	0.000999000999000999	93
1.14	0.0415944540727903	0.000999000999000999	93
1.14.20	0.2	0.000999000999000999	25
1.14.11	0.0851063829787234	0.000999000999000999	93
