EC	enrich_score	p_val	where
5	0.007920792079207921	0.000999000999000999	11
5.4	0.008264462809917356	0.000999000999000999	0
5.1	0.00684931506849315	0.000999000999000999	4
5.4.3	0.07142857142857142	0.000999000999000999	0
5.1.1	0.021739130434782608	0.000999000999000999	4
