EC	enrich_score	p_val	where
2	0.0016402405686167304	0.023976023976023976	23
2.4	0.008379888268156424	0.000999000999000999	23
2.4.2	0.08571428571428572	0.000999000999000999	23
