EC	enrich_score	p_val	where
1	0.6475372797107998	0.000999000999000999	2352
1.5	0.010869565217391304	0.000999000999000999	17
1.1	0.03825857519788918	0.000999000999000999	1621
1.5.1	0.01694915254237288	0.000999000999000999	17
1.1.1	0.04113475177304964	0.000999000999000999	1621
