EC	enrich_score	p_val	where
1	0.0072300045187528245	0.000999000999000999	92
1.13	0.09523809523809523	0.000999000999000999	92
1.13.11	0.0990990990990991	0.000999000999000999	79
