EC	enrich_score	p_val	where
2	0.12903225806451613	0.000999000999000999	539
2.3	0.5685785536159601	0.000999000999000999	471
2.3.1	0.483695652173913	0.000999000999000999	471
