EC	enrich_score	p_val	where
3	0.04940923737916219	0.000999000999000999	272
3.5	0.011764705882352941	0.000999000999000999	3
3.5.1	0.013793103448275862	0.000999000999000999	2
