EC	enrich_score	p_val	where
2	0.027884089666484417	0.000999000999000999	98
2.6	0.2361111111111111	0.000999000999000999	98
2.6.1	0.2383177570093458	0.000999000999000999	98
