EC	enrich_score	p_val	where
3	0.01933404940923738	0.000999000999000999	201
3.2	0.020134228187919462	0.000999000999000999	40
3.2.1	0.02097902097902098	0.000999000999000999	40
