EC	enrich_score	p_val	where
1	0.0027112516945323093	0.008991008991008992	19
1.4	0.038461538461538464	0.000999000999000999	6
1.4.3	0.06818181818181818	0.000999000999000999	6
