EC	enrich_score	p_val	where
3	0.00966702470461869	0.000999000999000999	10
3.1	0.00949367088607595	0.000999000999000999	4
3.1.1	0.028037383177570093	0.000999000999000999	4
