EC	enrich_score	p_val	where
5	0.011881188118811881	0.000999000999000999	11
5.3	0.026845637583892617	0.000999000999000999	11
5.3.99	0.08333333333333333	0.000999000999000999	3
5.3.3	0.03225806451612903	0.000999000999000999	11
