EC	enrich_score	p_val	where
3	0.00322234156820623	0.005994005994005994	36
3.4	0.011764705882352941	0.000999000999000999	9
3.4.21	0.25	0.000999000999000999	9
