EC	enrich_score	p_val	where
2	0.1366867140513942	0.000999000999000999	645
2.3	0.5536159600997507	0.000999000999000999	482
2.3.1	0.46195652173913043	0.000999000999000999	482
