EC	enrich_score	p_val	where
5	0.005940594059405941	0.000999000999000999	4
5.4	0.024793388429752067	0.000999000999000999	4
5.4.3	0.21428571428571427	0.000999000999000999	4
