EC	enrich_score	p_val	where
3	0.0021482277121374865	0.023976023976023976	7
5	0.21188118811881188	0.000999000999000999	272
5.1	0.14383561643835616	0.000999000999000999	272
