EC	enrich_score	p_val	where
3	0.008592910848549946	0.000999000999000999	106
2	0.0038272279934390375	0.001998001998001998	805
2.4	0.0111731843575419	0.000999000999000999	9
3.2	0.026845637583892617	0.000999000999000999	36
2.4.1	0.012422360248447204	0.000999000999000999	9
3.2.1	0.027972027972027972	0.000999000999000999	36
