EC	enrich_score	p_val	where
2	0.002186987424822307	0.008991008991008992	7
3	0.007518796992481203	0.000999000999000999	102
2.4	0.0111731843575419	0.000999000999000999	7
3.2	0.026845637583892617	0.000999000999000999	51
2.4.1	0.012422360248447204	0.000999000999000999	7
3.2.1	0.027972027972027972	0.000999000999000999	51
