EC	enrich_score	p_val	where
3	0.01933404940923738	0.000999000999000999	148
5	0.0594059405940594	0.000999000999000999	460
3.5	0.050980392156862744	0.000999000999000999	74
3.5.1	0.006896551724137931	0.000999000999000999	12
3.5.4	0.08823529411764706	0.000999000999000999	43
