EC	enrich_score	p_val	where
3	0.00966702470461869	0.000999000999000999	104
2	0.007107709130672498	0.000999000999000999	792
2.4	0.008379888268156424	0.000999000999000999	5
3.2	0.026845637583892617	0.000999000999000999	42
2.4.1	0.009316770186335404	0.000999000999000999	5
3.2.1	0.027972027972027972	0.000999000999000999	42
