EC	enrich_score	p_val	where
4	0.003472222222222222	0.003996003996003996	6
