EC	enrich_score	p_val	where
2	0.0634226353198469	0.000999000999000999	1026
2.4	0.11452513966480447	0.000999000999000999	435
2.4.1	0.07763975155279502	0.000999000999000999	324
