EC	enrich_score	p_val	where
2	0.11919081465281575	0.000999000999000999	473
2.1	0.735632183908046	0.000999000999000999	408
2.1.1	0.8421052631578947	0.000999000999000999	408
