EC	enrich_score	p_val	where
2	0.11044286495352652	0.000999000999000999	824
2.4	0.3575418994413408	0.000999000999000999	497
2.4.1	0.32919254658385094	0.000999000999000999	497
