EC	enrich_score	p_val	where
2	0.11919081465281575	0.000999000999000999	473
2.1	0.7394636015325671	0.000999000999000999	405
2.1.1	0.8464912280701754	0.000999000999000999	405
