EC	enrich_score	p_val	where
2	0.007654455986878075	0.000999000999000999	64
2.8	0.125	0.000999000999000999	55
2.8.3	0.1506849315068493	0.000999000999000999	55
