EC	enrich_score	p_val	where
4	0.013888888888888888	0.000999000999000999	33
4.2	0.014861995753715499	0.000999000999000999	13
4.2.1	0.02464788732394366	0.000999000999000999	13
