EC	enrich_score	p_val	where
1	0.09986443741527339	0.000999000999000999	521
1.3	0.004672897196261682	0.005994005994005994	2
1.3.1	0.0056179775280898875	0.000999000999000999	2
