EC	enrich_score	p_val	where
1	0.6475372797107998	0.000999000999000999	2358
1.14	0.0034662045060658577	0.005994005994005994	48
1.1	0.030343007915567283	0.000999000999000999	694
1.14.13	0.011235955056179775	0.000999000999000999	48
1.1.1	0.032624113475177303	0.000999000999000999	694
