EC	enrich_score	p_val	where
2	0.0032804811372334607	0.003996003996003996	21
2.5	0.023255813953488372	0.000999000999000999	21
2.5.1	0.023255813953488372	0.000999000999000999	21
