EC	enrich_score	p_val	where
1	0.0027112516945323093	0.008991008991008992	14
1.10	0.058823529411764705	0.000999000999000999	1
1.10.3	0.058823529411764705	0.000999000999000999	1
