EC	enrich_score	p_val	where
1	0.004518752824220515	0.000999000999000999	47
5	0.13267326732673268	0.000999000999000999	332
1.7	0.09090909090909091	0.000999000999000999	1
1.7.3	0.6666666666666666	0.000999000999000999	1
