EC	enrich_score	p_val	where
1	0.6475372797107998	0.000999000999000999	2357
1.1	0.06728232189973615	0.000999000999000999	629
1.1.1	0.07234042553191489	0.000999000999000999	629
