EC	enrich_score	p_val	where
3	0.06874328678839957	0.000999000999000999	578
3.6	0.04081632653061224	0.000999000999000999	7
3.1	0.0379746835443038	0.000999000999000999	159
3.6.1	0.041666666666666664	0.000999000999000999	7
3.1.3	0.04918032786885246	0.000999000999000999	31
