EC	enrich_score	p_val	where
2	0.12137780207763806	0.000999000999000999	667
2.4	0.3240223463687151	0.000999000999000999	667
2.4.1	0.2857142857142857	0.000999000999000999	667
