EC	enrich_score	p_val	where
1	0.6470854044283778	0.000999000999000999	2359
1.1	0.10290237467018469	0.000999000999000999	193
1.1.1	0.11063829787234042	0.000999000999000999	193
