EC	enrich_score	p_val	where
2	0.12192454893384364	0.000999000999000999	765
2.4	0.32122905027932963	0.000999000999000999	653
2.4.1	0.2826086956521739	0.000999000999000999	653
