EC	enrich_score	p_val	where
1	0.6466335291459557	0.000999000999000999	2354
1.14	0.005199306759098787	0.000999000999000999	37
1.1	0.079155672823219	0.000999000999000999	700
1.14.13	0.016853932584269662	0.000999000999000999	37
1.1.1	0.0851063829787234	0.000999000999000999	700
