EC	enrich_score	p_val	where
2	0.01530891197375615	0.000999000999000999	51
2.5	0.16279069767441862	0.000999000999000999	51
2.5.1	0.16279069767441862	0.000999000999000999	51
