EC	enrich_score	p_val	where
3	0.02577873254564984	0.000999000999000999	298
3.5	0.0392156862745098	0.000999000999000999	59
3.5.3	0.2608695652173913	0.000999000999000999	10
