EC	enrich_score	p_val	where
6	0.010101010101010102	0.000999000999000999	10
2	0.009294696555494806	0.000999000999000999	844
2.7	0.0031746031746031746	0.005994005994005994	0
6.3	0.0136986301369863	0.000999000999000999	10
2.7.7	0.014285714285714285	0.000999000999000999	0
6.3.1	0.08333333333333333	0.000999000999000999	10
