EC	enrich_score	p_val	where
3	0.007518796992481203	0.000999000999000999	130
3.2	0.006711409395973154	0.000999000999000999	1
3.2.1	0.006993006993006993	0.000999000999000999	1
