EC	enrich_score	p_val	where
3	0.010741138560687433	0.000999000999000999	56
2	0.05248769819573537	0.000999000999000999	888
3.2	0.053691275167785234	0.000999000999000999	26
2.4	0.03910614525139665	0.000999000999000999	273
3.2.1	0.055944055944055944	0.000999000999000999	26
2.4.1	0.024844720496894408	0.000999000999000999	273
