EC	enrich_score	p_val	where
2	0.06889010388190268	0.000999000999000999	1282
2.3	0.12468827930174564	0.000999000999000999	164
2.3.1	0.12771739130434784	0.000999000999000999	159
