EC	enrich_score	p_val	where
2	0.0032804811372334607	0.003996003996003996	21
2.3	0.004987531172069825	0.000999000999000999	1
2.8	0.022727272727272728	0.000999000999000999	21
2.3.1	0.005434782608695652	0.000999000999000999	1
2.8.3	0.0273972602739726	0.000999000999000999	21
