EC	enrich_score	p_val	where
1	0.0031631269769543608	0.005994005994005994	28
5	0.0019801980198019802	0.023976023976023976	85
1.13	0.05555555555555555	0.000999000999000999	28
1.13.11	0.06306306306306306	0.000999000999000999	28
