EC	enrich_score	p_val	where
3	0.004296455424274973	0.001998001998001998	4
5	0.21584158415841584	0.000999000999000999	268
3.5	0.00392156862745098	0.005994005994005994	1
3.13	0.3333333333333333	0.000999000999000999	4
5.1	0.15753424657534246	0.000999000999000999	268
3.5.5	0.08333333333333333	0.000999000999000999	1
3.13.1	0.3333333333333333	0.000999000999000999	4
