EC	enrich_score	p_val	where
5	0.02178217821782178	0.000999000999000999	13
5.5	0.15714285714285714	0.000999000999000999	13
5.5.1	0.15714285714285714	0.000999000999000999	13
