EC	enrich_score	p_val	where
3	0.004296455424274973	0.001998001998001998	20
2	0.02077638053581192	0.000999000999000999	404
3.2	0.026845637583892617	0.000999000999000999	20
2.4	0.002793296089385475	0.005994005994005994	151
3.2.1	0.027972027972027972	0.000999000999000999	20
