EC	enrich_score	p_val	where
2	0.002186987424822307	0.008991008991008992	33
