EC	enrich_score	p_val	where
3	0.004296455424274973	0.001998001998001998	93
3.6	0.02040816326530612	0.000999000999000999	4
3.6.1	0.020833333333333332	0.000999000999000999	4
