EC	enrich_score	p_val	where
2	0.06506287588846364	0.000999000999000999	379
2.1	0.3065134099616858	0.000999000999000999	344
2.1.1	0.3508771929824561	0.000999000999000999	344
