EC	enrich_score	p_val	where
4	0.032407407407407406	0.000999000999000999	41
4.2	0.055201698513800426	0.000999000999000999	41
4.2.1	0.09154929577464789	0.000999000999000999	41
