EC	enrich_score	p_val	where
1	0.07410754631721644	0.000999000999000999	418
1.3	0.009345794392523364	0.000999000999000999	4
1.3.1	0.011235955056179775	0.000999000999000999	4
