EC	enrich_score	p_val	where
3	0.021482277121374866	0.000999000999000999	107
3.1	0.012658227848101266	0.000999000999000999	3
3.1.1	0.037383177570093455	0.000999000999000999	3
