EC	enrich_score	p_val	where
4	0.02662037037037037	0.000999000999000999	93
4.2	0.021231422505307854	0.000999000999000999	91
4.2.1	0.035211267605633804	0.000999000999000999	91
