EC	enrich_score	p_val	where
2	0.056314926189174414	0.000999000999000999	356
2.1	0.24904214559386972	0.000999000999000999	314
2.1.1	0.2850877192982456	0.000999000999000999	314
