EC	enrich_score	p_val	where
1	0.005422503389064619	0.000999000999000999	35
1.14	0.010398613518197574	0.000999000999000999	14
1.14.11	0.10638297872340426	0.000999000999000999	9
