EC	enrich_score	p_val	where
2	0.11755057408419901	0.000999000999000999	493
2.1	0.7011494252873564	0.000999000999000999	484
2.1.1	0.8026315789473685	0.000999000999000999	484
