EC	enrich_score	p_val	where
2	0.09458720612356479	0.000999000999000999	1261
2.3	0.29925187032418954	0.000999000999000999	410
2.3.1	0.28804347826086957	0.000999000999000999	410
