EC	enrich_score	p_val	where
3	0.010741138560687433	0.000999000999000999	51
3.4	0.03529411764705882	0.000999000999000999	11
3.4.17	0.1111111111111111	0.000999000999000999	2
