EC	enrich_score	p_val	where
3	0.008592910848549946	0.000999000999000999	42
3.1	0.012658227848101266	0.000999000999000999	11
3.1.8	0.3	0.000999000999000999	8
