EC	enrich_score	p_val	where
2	0.09841443411700383	0.000999000999000999	1685
2.7	0.044444444444444446	0.000999000999000999	314
2.7.1	0.017543859649122806	0.000999000999000999	26
