EC	enrich_score	p_val	where
1	0.6484410302756439	0.000999000999000999	2366
1.14	0.029462738301559793	0.000999000999000999	69
1.1	0.059366754617414245	0.000999000999000999	1785
1.14.13	0.08426966292134831	0.000999000999000999	69
1.1.1	0.06382978723404255	0.000999000999000999	1785
