EC	enrich_score	p_val	where
3	0.01933404940923738	0.000999000999000999	43
3.5	0.06274509803921569	0.000999000999000999	43
3.5.2	0.15384615384615385	0.000999000999000999	5
