EC	enrich_score	p_val	where
1	0.6457297785811116	0.000999000999000999	2351
1.1	0.040897097625329816	0.000999000999000999	1077
1.1.1	0.04397163120567376	0.000999000999000999	1077
