EC	enrich_score	p_val	where
4	0.1284722222222222	0.000999000999000999	234
4.2	0.2356687898089172	0.000999000999000999	234
4.2.3	0.6228571428571429	0.000999000999000999	234
