EC	enrich_score	p_val	where
4	0.12731481481481483	0.000999000999000999	237
4.2	0.23354564755838642	0.000999000999000999	237
4.2.3	0.6171428571428571	0.000999000999000999	237
