EC	enrich_score	p_val	where
3	0.03329752953813104	0.000999000999000999	104
3.2	0.12751677852348994	0.000999000999000999	38
3.2.1	0.13286713286713286	0.000999000999000999	38
