EC	enrich_score	p_val	where
3	0.03759398496240601	0.000999000999000999	201
3.1	0.006329113924050633	0.000999000999000999	19
3.1.7	0.16666666666666666	0.000999000999000999	19
