EC	enrich_score	p_val	where
1	0.27428829643018526	0.000999000999000999	1469
1.3	0.009345794392523364	0.000999000999000999	9
1.3.1	0.011235955056179775	0.000999000999000999	9
