EC	enrich_score	p_val	where
2	0.007654455986878075	0.000999000999000999	37
2.4	0.030726256983240222	0.000999000999000999	29
2.4.2	0.3142857142857143	0.000999000999000999	29
