EC	enrich_score	p_val	where
2	0.13067249863313285	0.000999000999000999	671
2.4	0.39106145251396646	0.000999000999000999	627
2.4.1	0.35403726708074534	0.000999000999000999	542
