EC	enrich_score	p_val	where
2	0.055768179332968834	0.000999000999000999	706
2.4	0.08379888268156424	0.000999000999000999	186
2.4.1	0.07453416149068323	0.000999000999000999	186
