EC	enrich_score	p_val	where
1	0.0036150022593764122	0.003996003996003996	33
1.13	0.06349206349206349	0.000999000999000999	33
1.13.11	0.07207207207207207	0.000999000999000999	33
