EC	enrich_score	p_val	where
2	0.014762165117550574	0.000999000999000999	33
3	0.00966702470461869	0.000999000999000999	153
2.4	0.07541899441340782	0.000999000999000999	33
2.4.1	0.08385093167701864	0.000999000999000999	33
