EC	enrich_score	p_val	where
3	0.00322234156820623	0.005994005994005994	38
2	0.05467468562055768	0.000999000999000999	780
2.7	0.0031746031746031746	0.005994005994005994	4
2.7.7	0.014285714285714285	0.000999000999000999	4
