EC	enrich_score	p_val	where
5	0.0039603960396039604	0.001998001998001998	3
5.4	0.008264462809917356	0.000999000999000999	0
5.4.1	0.3333333333333333	0.000999000999000999	0
