EC	enrich_score	p_val	where
2	0.07490431930016403	0.000999000999000999	960
2.4	0.1340782122905028	0.000999000999000999	415
2.4.1	0.08695652173913043	0.000999000999000999	415
