EC	enrich_score	p_val	where
4	0.005787037037037037	0.000999000999000999	19
4.2	0.008492569002123142	0.000999000999000999	6
4.2.3	0.022857142857142857	0.000999000999000999	6
