EC	enrich_score	p_val	where
6	0.12121212121212122	0.000999000999000999	42
2	0.06178239475123018	0.000999000999000999	727
6.3	0.1643835616438356	0.000999000999000999	42
2.7	0.24761904761904763	0.000999000999000999	598
6.3.2	0.24324324324324326	0.000999000999000999	25
