EC	enrich_score	p_val	where
6	0.1111111111111111	0.000999000999000999	36
2	0.0612356478950246	0.000999000999000999	676
6.3	0.1506849315068493	0.000999000999000999	36
2.7	0.23174603174603176	0.000999000999000999	671
6.3.2	0.1891891891891892	0.000999000999000999	19
