EC	enrich_score	p_val	where
2	0.08693275013668672	0.000999000999000999	995
2.7	0.43174603174603177	0.000999000999000999	543
2.7.1	0.4619883040935672	0.000999000999000999	211
