EC	enrich_score	p_val	where
3	0.027926960257787327	0.000999000999000999	158
3.1	0.0379746835443038	0.000999000999000999	50
3.1.4	0.13043478260869565	0.000999000999000999	2
3.1.3	0.01639344262295082	0.000999000999000999	21
