EC	enrich_score	p_val	where
3	0.0021482277121374865	0.023976023976023976	23
3.1	0.0031645569620253164	0.005994005994005994	1
3.1.8	0.1	0.000999000999000999	1
