EC	enrich_score	p_val	where
2	0.0541279387643521	0.000999000999000999	1594
2.7	0.025396825396825397	0.000999000999000999	70
2.7.7	0.014285714285714285	0.000999000999000999	4
