EC	enrich_score	p_val	where
5	0.0019801980198019802	0.023976023976023976	3
5.5	0.014285714285714285	0.000999000999000999	3
5.5.1	0.014285714285714285	0.000999000999000999	3
