EC	enrich_score	p_val	where
2	0.09841443411700383	0.000999000999000999	431
2.1	0.5478927203065134	0.000999000999000999	421
2.1.1	0.6271929824561403	0.000999000999000999	421
