EC	enrich_score	p_val	where
1	0.0031631269769543608	0.005994005994005994	41
1.10	0.11764705882352941	0.000999000999000999	10
1.10.3	0.11764705882352941	0.000999000999000999	10
