EC	enrich_score	p_val	where
3	0.0053705692803437165	0.000999000999000999	18
3.5	0.011764705882352941	0.000999000999000999	4
3.5.1	0.006896551724137931	0.000999000999000999	0
