EC	enrich_score	p_val	where
3	0.02685284640171858	0.000999000999000999	155
3.1	0.060126582278481014	0.000999000999000999	43
3.1.4	0.08695652173913043	0.000999000999000999	5
3.1.3	0.05737704918032787	0.000999000999000999	41
