EC	enrich_score	p_val	where
2	0.0825587752870421	0.000999000999000999	582
2.3	0.3117206982543641	0.000999000999000999	378
2.3.1	0.29347826086956524	0.000999000999000999	357
