EC	enrich_score	p_val	where
2	0.06943685073810825	0.000999000999000999	917
2.3	0.1745635910224439	0.000999000999000999	313
2.3.1	0.17391304347826086	0.000999000999000999	313
