EC	enrich_score	p_val	where
3	0.00322234156820623	0.005994005994005994	7
2	0.05084745762711865	0.000999000999000999	773
3.5	0.00392156862745098	0.005994005994005994	0
3.5.1	0.006896551724137931	0.000999000999000999	0
