EC	enrich_score	p_val	where
2	0.14270092946965554	0.000999000999000999	805
2.3	0.4389027431421446	0.000999000999000999	661
2.3.1	0.3641304347826087	0.000999000999000999	661
