EC	enrich_score	p_val	where
4	0.006944444444444444	0.000999000999000999	13
4.99	0.14285714285714285	0.000999000999000999	6
4.99.1	0.14285714285714285	0.000999000999000999	6
