EC	enrich_score	p_val	where
4	0.0023148148148148147	0.008991008991008992	6
5	0.007920792079207921	0.000999000999000999	18
5.3	0.006711409395973154	0.000999000999000999	0
5.3.1	0.016666666666666666	0.000999000999000999	0
