EC	enrich_score	p_val	where
2	0.09841443411700383	0.000999000999000999	428
2.1	0.5823754789272031	0.000999000999000999	428
2.1.1	0.6666666666666666	0.000999000999000999	428
