EC	enrich_score	p_val	where
2	0.06779661016949153	0.000999000999000999	972
2.7	0.0031746031746031746	0.005994005994005994	2
2.4	0.0223463687150838	0.000999000999000999	226
2.7.7	0.014285714285714285	0.000999000999000999	2
