EC	enrich_score	p_val	where
2	0.10224166211044286	0.000999000999000999	1826
2.7	0.3746031746031746	0.000999000999000999	694
2.7.1	0.4093567251461988	0.000999000999000999	270
