EC	enrich_score	p_val	where
2	0.01202843083652269	0.000999000999000999	97
2.5	0.12790697674418605	0.000999000999000999	97
2.5.1	0.12790697674418605	0.000999000999000999	97
