EC	enrich_score	p_val	where
2	0.013121924548933843	0.000999000999000999	81
2.5	0.13953488372093023	0.000999000999000999	81
2.5.1	0.13953488372093023	0.000999000999000999	81
