EC	enrich_score	p_val	where
1	0.004066877541798464	0.001998001998001998	28
1.4	0.01282051282051282	0.000999000999000999	3
1.5	0.010869565217391304	0.000999000999000999	6
1.4.3	0.022727272727272728	0.000999000999000999	3
1.5.3	0.041666666666666664	0.000999000999000999	6
