EC	enrich_score	p_val	where
6	0.030303030303030304	0.000999000999000999	76
2	0.0847457627118644	0.000999000999000999	741
6.3	0.0410958904109589	0.000999000999000999	76
2.7	0.3968253968253968	0.000999000999000999	640
2.7.3	0.1111111111111111	0.000999000999000999	12
