EC	enrich_score	p_val	where
1	0.6479891549932218	0.000999000999000999	2357
1.5	0.010869565217391304	0.000999000999000999	66
1.1	0.06068601583113457	0.000999000999000999	1610
1.5.1	0.01694915254237288	0.000999000999000999	66
1.1.1	0.06524822695035461	0.000999000999000999	1610
