EC	enrich_score	p_val	where
1	0.00587437867148667	0.000999000999000999	31
1.13	0.10317460317460317	0.000999000999000999	31
1.13.11	0.11711711711711711	0.000999000999000999	31
