EC	enrich_score	p_val	where
3	0.013963480128893663	0.000999000999000999	102
3.6	0.02040816326530612	0.000999000999000999	5
3.6.1	0.020833333333333332	0.000999000999000999	5
