EC	enrich_score	p_val	where
3	0.02577873254564984	0.000999000999000999	286
3.1	0.02531645569620253	0.000999000999000999	38
3.1.3	0.01639344262295082	0.000999000999000999	6
