EC	enrich_score	p_val	where
2	0.10661563696008748	0.000999000999000999	452
2.1	0.6091954022988506	0.000999000999000999	407
2.1.1	0.6973684210526315	0.000999000999000999	407
