EC	enrich_score	p_val	where
3	0.04618689581095596	0.000999000999000999	131
3.5	0.00392156862745098	0.005994005994005994	1
3.4	0.18823529411764706	0.000999000999000999	64
3.5.1	0.006896551724137931	0.000999000999000999	1
3.4.19	0.041666666666666664	0.000999000999000999	19
