EC	enrich_score	p_val	where
1	0.0036150022593764122	0.003996003996003996	24
1.5	0.021739130434782608	0.000999000999000999	3
1.5.1	0.03389830508474576	0.000999000999000999	3
