EC	enrich_score	p_val	where
3	0.036519871106337275	0.000999000999000999	76
3.1	0.10126582278481013	0.000999000999000999	76
3.1.3	0.13934426229508196	0.000999000999000999	34
