EC	enrich_score	p_val	where
2	0.08529250956806998	0.000999000999000999	808
2.7	0.44126984126984126	0.000999000999000999	489
2.7.1	0.42105263157894735	0.000999000999000999	179
