EC	enrich_score	p_val	where
3	0.00322234156820623	0.005994005994005994	50
5	0.1702970297029703	0.000999000999000999	316
