EC	enrich_score	p_val	where
5	0.22376237623762377	0.000999000999000999	263
5.1	0.18493150684931506	0.000999000999000999	263
5.1.3	0.029411764705882353	0.000999000999000999	1
