EC	enrich_score	p_val	where
1	0.39765024853140535	0.000999000999000999	2138
1.3	0.004672897196261682	0.005994005994005994	8
1.3.1	0.0056179775280898875	0.000999000999000999	8
