EC	enrich_score	p_val	where
2	0.007107709130672498	0.000999000999000999	38
2.5	0.06395348837209303	0.000999000999000999	18
2.5.1	0.06395348837209303	0.000999000999000999	18
