EC	enrich_score	p_val	where
3	0.02577873254564984	0.000999000999000999	259
3.5	0.050980392156862744	0.000999000999000999	64
3.5.1	0.006896551724137931	0.000999000999000999	11
3.5.4	0.11764705882352941	0.000999000999000999	49
