EC	enrich_score	p_val	where
2	0.10934937124111536	0.000999000999000999	532
2.1	0.6283524904214559	0.000999000999000999	430
2.1.1	0.7192982456140351	0.000999000999000999	430
