EC	enrich_score	p_val	where
1	0.0018075011296882061	0.023976023976023976	6
1.4	0.02564102564102564	0.000999000999000999	2
1.4.3	0.045454545454545456	0.000999000999000999	2
