EC	enrich_score	p_val	where
3	0.02900107411385607	0.000999000999000999	148
3.1	0.07278481012658228	0.000999000999000999	83
3.1.4	0.08695652173913043	0.000999000999000999	9
3.1.3	0.09016393442622951	0.000999000999000999	37
