EC	enrich_score	p_val	where
2	0.11973756150902132	0.000999000999000999	489
2.1	0.6934865900383141	0.000999000999000999	477
2.1.1	0.793859649122807	0.000999000999000999	477
