EC	enrich_score	p_val	where
2	0.11262985237834883	0.000999000999000999	1069
2.4	0.276536312849162	0.000999000999000999	394
2.4.1	0.2639751552795031	0.000999000999000999	394
