EC	enrich_score	p_val	where
1	0.6466335291459557	0.000999000999000999	2354
1.1	0.11873350923482849	0.000999000999000999	881
1.1.1	0.1276595744680851	0.000999000999000999	881
