EC	enrich_score	p_val	where
3	0.06766917293233082	0.000999000999000999	311
3.5	0.1607843137254902	0.000999000999000999	127
3.5.1	0.11724137931034483	0.000999000999000999	25
