EC	enrich_score	p_val	where
3	0.04403866809881848	0.000999000999000999	390
3.1	0.056962025316455694	0.000999000999000999	53
3.1.3	0.09836065573770492	0.000999000999000999	53
