EC	enrich_score	p_val	where
3	0.01611170784103115	0.000999000999000999	181
3.5	0.01568627450980392	0.000999000999000999	8
3.5.1	0.013793103448275862	0.000999000999000999	8
