EC	enrich_score	p_val	where
2	0.09841443411700383	0.000999000999000999	1093
2.3	0.3316708229426434	0.000999000999000999	424
2.3.1	0.3233695652173913	0.000999000999000999	424
