EC	enrich_score	p_val	where
1	0.6461816538635337	0.000999000999000999	2355
1.1	0.0712401055408971	0.000999000999000999	741
1.1.1	0.07659574468085106	0.000999000999000999	741
