EC	enrich_score	p_val	where
1	0.6479891549932218	0.000999000999000999	2356
1.8	0.06666666666666667	0.000999000999000999	62
1.1	0.05672823218997362	0.000999000999000999	1946
1.8.1	0.13333333333333333	0.000999000999000999	62
1.1.1	0.06099290780141844	0.000999000999000999	1946
