EC	enrich_score	p_val	where
2	0.05467468562055768	0.000999000999000999	1584
2.7	0.05396825396825397	0.000999000999000999	60
2.7.1	0.05263157894736842	0.000999000999000999	29
