EC	enrich_score	p_val	where
3	0.01611170784103115	0.000999000999000999	121
3.2	0.026845637583892617	0.000999000999000999	9
3.2.1	0.027972027972027972	0.000999000999000999	9
