EC	enrich_score	p_val	where
2	0.1202843083652269	0.000999000999000999	487
2.1	0.7088122605363985	0.000999000999000999	412
2.1.1	0.8114035087719298	0.000999000999000999	412
