EC	enrich_score	p_val	where
2	0.12083105522143248	0.000999000999000999	764
2.4	0.2988826815642458	0.000999000999000999	755
2.4.1	0.2391304347826087	0.000999000999000999	618
