EC	enrich_score	p_val	where
2	0.09841443411700383	0.000999000999000999	1570
2.7	0.044444444444444446	0.000999000999000999	320
2.7.1	0.011695906432748537	0.000999000999000999	26
