EC	enrich_score	p_val	where
3	0.00644468313641246	0.000999000999000999	30
2	0.009841443411700382	0.000999000999000999	245
2.7	0.006349206349206349	0.000999000999000999	6
2.7.7	0.02857142857142857	0.000999000999000999	6
