EC	enrich_score	p_val	where
1	0.6484410302756439	0.000999000999000999	2355
1.3	0.004672897196261682	0.005994005994005994	18
1.14	0.0034662045060658577	0.005994005994005994	71
1.1	0.018469656992084433	0.000999000999000999	1002
1.3.1	0.0056179775280898875	0.000999000999000999	18
1.14.13	0.011235955056179775	0.000999000999000999	71
1.1.1	0.019858156028368795	0.000999000999000999	1002
