EC	enrich_score	p_val	where
1	0.6479891549932218	0.000999000999000999	2357
1.2	0.005154639175257732	0.000999000999000999	25
1.14	0.005199306759098787	0.000999000999000999	54
1.1	0.052770448548812667	0.000999000999000999	2011
1.2.1	0.005780346820809248	0.000999000999000999	25
1.14.13	0.011235955056179775	0.000999000999000999	30
1.1.1	0.05673758865248227	0.000999000999000999	2011
