EC	enrich_score	p_val	where
1	0.6479891549932218	0.000999000999000999	2357
1.14	0.029462738301559793	0.000999000999000999	100
1.1	0.0633245382585752	0.000999000999000999	1829
1.14.12	0.2553191489361702	0.000999000999000999	94
1.1.1	0.06808510638297872	0.000999000999000999	1829
