EC	enrich_score	p_val	where
3	0.09237379162191192	0.000999000999000999	643
3.2	0.040268456375838924	0.000999000999000999	54
3.2.1	0.04195804195804196	0.000999000999000999	54
