EC	enrich_score	p_val	where
2	0.14106068890103882	0.000999000999000999	808
2.4	0.4245810055865922	0.000999000999000999	607
2.4.1	0.40683229813664595	0.000999000999000999	593
