EC	enrich_score	p_val	where
3	0.02900107411385607	0.000999000999000999	175
2	0.021323127392017496	0.000999000999000999	1145
3.2	0.10738255033557047	0.000999000999000999	96
3.2.1	0.11188811188811189	0.000999000999000999	96
