EC	enrich_score	p_val	where
3	0.0397422126745435	0.000999000999000999	173
5	0.041584158415841586	0.000999000999000999	454
3.5	0.09411764705882353	0.000999000999000999	90
3.5.1	0.013793103448275862	0.000999000999000999	6
