EC	enrich_score	p_val	where
5	0.027722772277227723	0.000999000999000999	14
3	0.00644468313641246	0.000999000999000999	152
5.4	0.11570247933884298	0.000999000999000999	14
5.4.2	0.56	0.000999000999000999	14
