EC	enrich_score	p_val	where
4	0.016203703703703703	0.000999000999000999	25
4.1	0.05185185185185185	0.000999000999000999	25
4.1.1	0.1076923076923077	0.000999000999000999	25
