EC	enrich_score	p_val	where
4	0.0023148148148148147	0.008991008991008992	1
4.3	0.046511627906976744	0.000999000999000999	1
4.3.1	0.07142857142857142	0.000999000999000999	1
