EC	enrich_score	p_val	where
5	0.0039603960396039604	0.001998001998001998	1
4	0.003472222222222222	0.003996003996003996	26
5.3	0.013422818791946308	0.000999000999000999	1
5.3.1	0.03333333333333333	0.000999000999000999	1
