EC	enrich_score	p_val	where
3	0.03759398496240601	0.000999000999000999	169
3.1	0.006329113924050633	0.000999000999000999	8
3.1.8	0.2	0.000999000999000999	8
