EC	enrich_score	p_val	where
3	0.02577873254564984	0.000999000999000999	235
5	0.019801980198019802	0.000999000999000999	509
3.5	0.047058823529411764	0.000999000999000999	93
3.5.1	0.006896551724137931	0.000999000999000999	11
3.5.4	0.08823529411764706	0.000999000999000999	44
