EC	enrich_score	p_val	where
1	0.5770447356529598	0.000999000999000999	2589
1.1	0.0395778364116095	0.000999000999000999	765
1.1.1	0.0425531914893617	0.000999000999000999	765
