EC	enrich_score	p_val	where
2	0.1016949152542373	0.000999000999000999	917
2.7	0.05714285714285714	0.000999000999000999	95
2.4	0.07262569832402235	0.000999000999000999	742
2.7.7	0.24285714285714285	0.000999000999000999	41
