EC	enrich_score	p_val	where
1	0.0027112516945323093	0.008991008991008992	7
1.10	0.23529411764705882	0.000999000999000999	3
1.10.3	0.23529411764705882	0.000999000999000999	3
