EC	enrich_score	p_val	where
2	0.024603608529250958	0.000999000999000999	314
2.4	0.002793296089385475	0.005994005994005994	0
2.4.1	0.003105590062111801	0.005994005994005994	0
