EC	enrich_score	p_val	where
2	0.027884089666484417	0.000999000999000999	1047
2.7	0.02857142857142857	0.000999000999000999	18
2.7.7	0.11428571428571428	0.000999000999000999	17
