EC	enrich_score	p_val	where
3	0.00322234156820623	0.005994005994005994	2
3.7	0.1111111111111111	0.000999000999000999	2
3.7.1	0.1111111111111111	0.000999000999000999	2
