EC	enrich_score	p_val	where
3	0.07733619763694952	0.000999000999000999	308
3.5	0.13725490196078433	0.000999000999000999	121
3.5.1	0.09655172413793103	0.000999000999000999	18
