EC	enrich_score	p_val	where
3	0.0021482277121374865	0.023976023976023976	14
3.7	0.037037037037037035	0.000999000999000999	9
3.7.1	0.037037037037037035	0.000999000999000999	9
