EC	enrich_score	p_val	where
2	0.07763805358119191	0.000999000999000999	729
2.3	0.0773067331670823	0.000999000999000999	68
2.3.1	0.08423913043478261	0.000999000999000999	68
