EC	enrich_score	p_val	where
2	0.06724986331328595	0.000999000999000999	526
2.3	0.20199501246882792	0.000999000999000999	294
2.3.1	0.20923913043478262	0.000999000999000999	294
