EC	enrich_score	p_val	where
1	0.48712155445097155	0.000999000999000999	2088
1.6	0.23076923076923078	0.000999000999000999	3
1.6.3	0.5	0.000999000999000999	3
