EC	enrich_score	p_val	where
1	0.6448260280162675	0.000999000999000999	2468
1.6	0.23076923076923078	0.000999000999000999	2
1.1	0.014511873350923483	0.000999000999000999	845
1.6.3	0.5	0.000999000999000999	2
1.1.1	0.015602836879432624	0.000999000999000999	845
