EC	enrich_score	p_val	where
6	0.1111111111111111	0.000999000999000999	47
6.4	0.1111111111111111	0.000999000999000999	0
6.3	0.0821917808219178	0.000999000999000999	35
6.4.1	0.1111111111111111	0.000999000999000999	0
6.3.2	0.08108108108108109	0.000999000999000999	13
