EC	enrich_score	p_val	where
3	0.00322234156820623	0.005994005994005994	10
5	0.21386138613861386	0.000999000999000999	274
3.3	0.037037037037037035	0.000999000999000999	4
5.1	0.1506849315068493	0.000999000999000999	274
3.3.2	0.04	0.000999000999000999	4
