EC	enrich_score	p_val	where
4	0.003472222222222222	0.003996003996003996	4
4.1	0.007407407407407408	0.000999000999000999	3
4.1.2	0.025	0.000999000999000999	3
