EC	enrich_score	p_val	where
2	0.14270092946965554	0.000999000999000999	655
2.3	0.5511221945137157	0.000999000999000999	529
2.3.3	0.23333333333333334	0.000999000999000999	18
2.3.1	0.453804347826087	0.000999000999000999	483
