EC	enrich_score	p_val	where
1	0.6479891549932218	0.000999000999000999	2356
1.3	0.014018691588785047	0.000999000999000999	50
1.1	0.06200527704485488	0.000999000999000999	1860
1.3.1	0.016853932584269662	0.000999000999000999	50
1.1.1	0.06666666666666667	0.000999000999000999	1860
