EC	enrich_score	p_val	where
2	0.011481683980317113	0.000999000999000999	89
2.8	0.19318181818181818	0.000999000999000999	89
2.8.3	0.1780821917808219	0.000999000999000999	89
