EC	enrich_score	p_val	where
1	0.6479891549932218	0.000999000999000999	2356
1.1	0.07387862796833773	0.000999000999000999	306
1.1.1	0.07943262411347518	0.000999000999000999	306
