EC	enrich_score	p_val	where
3	0.034371643394199784	0.000999000999000999	108
3.1	0.0759493670886076	0.000999000999000999	105
3.1.3	0.1557377049180328	0.000999000999000999	39
