EC	enrich_score	p_val	where
2	0.002186987424822307	0.008991008991008992	9
3	0.04940923737916219	0.000999000999000999	752
2.4	0.0111731843575419	0.000999000999000999	9
3.2	0.04697986577181208	0.000999000999000999	66
2.4.1	0.012422360248447204	0.000999000999000999	9
3.2.1	0.04895104895104895	0.000999000999000999	66
