EC	enrich_score	p_val	where
2	0.10333515582285402	0.000999000999000999	1890
2.3	0.30673316708229426	0.000999000999000999	353
2.3.1	0.3016304347826087	0.000999000999000999	349
