EC	enrich_score	p_val	where
3	0.03329752953813104	0.000999000999000999	109
3.5	0.011764705882352941	0.000999000999000999	6
3.4	0.023529411764705882	0.000999000999000999	102
3.5.1	0.020689655172413793	0.000999000999000999	6
