EC	enrich_score	p_val	where
4	0.005787037037037037	0.000999000999000999	4
3	0.023630504833512353	0.000999000999000999	290
4.4	0.0847457627118644	0.000999000999000999	4
4.4.1	0.0847457627118644	0.000999000999000999	4
