EC	enrich_score	p_val	where
4	0.05092592592592592	0.000999000999000999	424
4.2	0.08917197452229299	0.000999000999000999	424
4.2.3	0.19428571428571428	0.000999000999000999	424
