EC	enrich_score	p_val	where
2	0.09185347184253691	0.000999000999000999	922
2.7	0.4507936507936508	0.000999000999000999	459
2.7.1	0.52046783625731	0.000999000999000999	168
