EC	enrich_score	p_val	where
3	0.008592910848549946	0.000999000999000999	49
3.4	0.011764705882352941	0.000999000999000999	2
3.4.16	0.1	0.000999000999000999	2
