EC	enrich_score	p_val	where
2	0.0847457627118644	0.000999000999000999	754
2.7	0.4222222222222222	0.000999000999000999	515
2.7.1	0.14619883040935672	0.000999000999000999	396
