EC	enrich_score	p_val	where
2	0.1060688901038819	0.000999000999000999	1071
2.4	0.19832402234636873	0.000999000999000999	404
2.4.1	0.17080745341614906	0.000999000999000999	383
