EC	enrich_score	p_val	where
4	0.004629629629629629	0.000999000999000999	10
4.1	0.007407407407407408	0.000999000999000999	1
4.1.1	0.015384615384615385	0.000999000999000999	1
