EC	enrich_score	p_val	where
1	0.6470854044283778	0.000999000999000999	2360
1.2	0.005154639175257732	0.000999000999000999	10
1.1	0.0395778364116095	0.000999000999000999	906
1.2.1	0.005780346820809248	0.000999000999000999	10
1.1.1	0.0425531914893617	0.000999000999000999	906
