EC	enrich_score	p_val	where
3	0.04833512352309345	0.000999000999000999	181
3.5	0.00784313725490196	0.000999000999000999	10
3.5.1	0.006896551724137931	0.000999000999000999	4
