EC	enrich_score	p_val	where
3	0.00966702470461869	0.000999000999000999	63
5	0.1702970297029703	0.000999000999000999	335
3.5	0.00392156862745098	0.005994005994005994	10
