EC	enrich_score	p_val	where
3	0.00322234156820623	0.005994005994005994	5
2	0.011481683980317113	0.000999000999000999	123
3.4	0.03529411764705882	0.000999000999000999	5
3.4.21	0.25	0.000999000999000999	0
