EC	enrich_score	p_val	where
4	0.10648148148148148	0.000999000999000999	347
4.2	0.19532908704883228	0.000999000999000999	347
4.2.3	0.5142857142857142	0.000999000999000999	347
