EC	enrich_score	p_val	where
2	0.07381082558775287	0.000999000999000999	988
2.4	0.11452513966480447	0.000999000999000999	194
2.4.1	0.10869565217391304	0.000999000999000999	192
