EC	enrich_score	p_val	where
1	0.6479891549932218	0.000999000999000999	2357
1.3	0.009345794392523364	0.000999000999000999	27
1.5	0.021739130434782608	0.000999000999000999	44
1.1	0.04353562005277045	0.000999000999000999	1785
1.3.1	0.011235955056179775	0.000999000999000999	27
1.5.1	0.03389830508474576	0.000999000999000999	44
1.1.1	0.04680851063829787	0.000999000999000999	1785
