EC	enrich_score	p_val	where
1	0.6466335291459557	0.000999000999000999	2359
1.1	0.018469656992084433	0.000999000999000999	1041
1.1.1	0.019858156028368795	0.000999000999000999	1041
