EC	enrich_score	p_val	where
1	0.0027112516945323093	0.008991008991008992	8
1.14	0.006932409012131715	0.000999000999000999	3
1.14.20	0.2	0.000999000999000999	3
