EC	enrich_score	p_val	where
5	0.011881188118811881	0.000999000999000999	53
5.5	0.07142857142857142	0.000999000999000999	11
5.5.1	0.07142857142857142	0.000999000999000999	11
