EC	enrich_score	p_val	where
2	0.11372334609075997	0.000999000999000999	501
2.3	0.4912718204488778	0.000999000999000999	465
2.3.1	0.4320652173913043	0.000999000999000999	465
