EC	enrich_score	p_val	where
1	0.6479891549932218	0.000999000999000999	2357
1.14	0.012131715771230503	0.000999000999000999	76
1.1	0.052770448548812667	0.000999000999000999	1941
1.14.13	0.02247191011235955	0.000999000999000999	73
1.1.1	0.05673758865248227	0.000999000999000999	1941
