EC	enrich_score	p_val	where
3	0.0021482277121374865	0.023976023976023976	4
2	0.0896664844177146	0.000999000999000999	1095
3.2	0.013422818791946308	0.000999000999000999	4
2.4	0.10893854748603352	0.000999000999000999	571
3.2.2	0.3333333333333333	0.000999000999000999	4
2.4.2	0.02857142857142857	0.000999000999000999	9
2.4.1	0.009316770186335404	0.000999000999000999	544
