EC	enrich_score	p_val	where
2	0.0847457627118644	0.000999000999000999	442
2.1	0.4789272030651341	0.000999000999000999	379
2.1.1	0.5482456140350878	0.000999000999000999	379
