EC	enrich_score	p_val	where
1	0.359692724807953	0.000999000999000999	2159
1.3	0.08878504672897196	0.000999000999000999	121
1.3.1	0.10674157303370786	0.000999000999000999	121
