EC	enrich_score	p_val	where
3	0.04403866809881848	0.000999000999000999	559
3.1	0.0759493670886076	0.000999000999000999	87
3.1.3	0.07377049180327869	0.000999000999000999	23
