EC	enrich_score	p_val	where
3	0.0021482277121374865	0.023976023976023976	19
2	0.08802624384909787	0.000999000999000999	784
3.6	0.04081632653061224	0.000999000999000999	19
2.7	0.4095238095238095	0.000999000999000999	647
3.6.1	0.041666666666666664	0.000999000999000999	19
2.7.1	0.06432748538011696	0.000999000999000999	462
