EC	enrich_score	p_val	where
2	0.002186987424822307	0.008991008991008992	23
2.5	0.011627906976744186	0.000999000999000999	17
2.5.1	0.011627906976744186	0.000999000999000999	17
