EC	enrich_score	p_val	where
2	0.01366867140513942	0.000999000999000999	319
2.3	0.004987531172069825	0.000999000999000999	2
2.3.1	0.005434782608695652	0.000999000999000999	2
