EC	enrich_score	p_val	where
3	0.024704618689581095	0.000999000999000999	172
5	0.07920792079207921	0.000999000999000999	436
3.8	0.1	0.000999000999000999	2
3.8.1	0.1	0.000999000999000999	2
