EC	enrich_score	p_val	where
5	0.0019801980198019802	0.023976023976023976	4
1	0.0022593764121102574	0.008991008991008992	12
5.3	0.006711409395973154	0.000999000999000999	4
1.1	0.00395778364116095	0.005994005994005994	12
5.3.1	0.016666666666666666	0.000999000999000999	4
1.1.3	0.08823529411764706	0.000999000999000999	12
