EC	enrich_score	p_val	where
1	0.6479891549932218	0.000999000999000999	2358
1.1	0.08443271767810026	0.000999000999000999	925
1.1.1	0.09078014184397164	0.000999000999000999	925
