EC	enrich_score	p_val	where
1	0.2684139177586986	0.000999000999000999	1476
1.3	0.0514018691588785	0.000999000999000999	116
1.3.1	0.06179775280898876	0.000999000999000999	116
