EC	enrich_score	p_val	where
2	0.1323127392017496	0.000999000999000999	722
2.4	0.39385474860335196	0.000999000999000999	557
2.4.1	0.35714285714285715	0.000999000999000999	557
