EC	enrich_score	p_val	where
2	0.014215418261344996	0.000999000999000999	331
2.3	0.004987531172069825	0.000999000999000999	1
2.3.1	0.005434782608695652	0.000999000999000999	1
