EC	enrich_score	p_val	where
3	0.007518796992481203	0.000999000999000999	44
3.1	0.00949367088607595	0.000999000999000999	8
3.1.1	0.028037383177570093	0.000999000999000999	8
