EC	enrich_score	p_val	where
2	0.002186987424822307	0.008991008991008992	20
2.5	0.023255813953488372	0.000999000999000999	20
2.5.1	0.023255813953488372	0.000999000999000999	20
