EC	enrich_score	p_val	where
2	0.002733734281027884	0.005994005994005994	87
5	0.05148514851485148	0.000999000999000999	449
2.7	0.0031746031746031746	0.005994005994005994	0
2.7.1	0.005847953216374269	0.000999000999000999	0
