EC	enrich_score	p_val	where
2	0.037178786221979225	0.000999000999000999	545
2.4	0.01675977653631285	0.000999000999000999	40
2.4.2	0.02857142857142857	0.000999000999000999	1
2.4.1	0.012422360248447204	0.000999000999000999	40
