EC	enrich_score	p_val	where
1	0.6475372797107998	0.000999000999000999	2361
1.2	0.010309278350515464	0.000999000999000999	88
1.14	0.010398613518197574	0.000999000999000999	114
1.1	0.0633245382585752	0.000999000999000999	1834
1.2.1	0.011560693641618497	0.000999000999000999	88
1.14.13	0.011235955056179775	0.000999000999000999	114
1.1.1	0.06808510638297872	0.000999000999000999	1834
