EC	enrich_score	p_val	where
1	0.0072300045187528245	0.000999000999000999	93
1.21	0.16666666666666666	0.000999000999000999	9
1.21.98	0.5	0.000999000999000999	9
