EC	enrich_score	p_val	where
1	0.0022593764121102574	0.008991008991008992	52
1.3	0.009345794392523364	0.000999000999000999	14
1.3.98	0.2	0.000999000999000999	13
