EC	enrich_score	p_val	where
3	0.00644468313641246	0.000999000999000999	53
3.5	0.00392156862745098	0.005994005994005994	3
3.5.1	0.006896551724137931	0.000999000999000999	3
