EC	enrich_score	p_val	where
3	0.0021482277121374865	0.023976023976023976	7
3.1	0.006329113924050633	0.000999000999000999	7
3.1.1	0.018691588785046728	0.000999000999000999	7
