EC	enrich_score	p_val	where
3	0.03329752953813104	0.000999000999000999	163
5	0.05148514851485148	0.000999000999000999	444
3.8	0.1	0.000999000999000999	1
3.5	0.00392156862745098	0.005994005994005994	5
3.8.1	0.1	0.000999000999000999	1
