EC	enrich_score	p_val	where
1	0.6479891549932218	0.000999000999000999	2354
1.14	0.005199306759098787	0.000999000999000999	21
1.1	0.021108179419525065	0.000999000999000999	1002
1.14.13	0.016853932584269662	0.000999000999000999	21
1.1.1	0.02269503546099291	0.000999000999000999	1002
