EC	enrich_score	p_val	where
6	0.010101010101010102	0.000999000999000999	21
2	0.0590486604702023	0.000999000999000999	882
2.7	0.009523809523809525	0.000999000999000999	5
6.3	0.0136986301369863	0.000999000999000999	21
2.7.1	0.017543859649122806	0.000999000999000999	5
