EC	enrich_score	p_val	where
2	0.1082558775287042	0.000999000999000999	1113
2.4	0.18994413407821228	0.000999000999000999	438
2.4.1	0.17391304347826086	0.000999000999000999	438
