EC	enrich_score	p_val	where
3	0.018259935553168637	0.000999000999000999	169
2	0.007107709130672498	0.000999000999000999	1125
2.4	0.002793296089385475	0.005994005994005994	0
3.2	0.03355704697986577	0.000999000999000999	28
2.4.1	0.003105590062111801	0.005994005994005994	0
3.2.1	0.03496503496503497	0.000999000999000999	28
