EC	enrich_score	p_val	where
2	0.08529250956806998	0.000999000999000999	738
2.7	0.4444444444444444	0.000999000999000999	482
2.7.1	0.23976608187134502	0.000999000999000999	272
