EC	enrich_score	p_val	where
1	0.6484410302756439	0.000999000999000999	2365
1.17	0.125	0.000999000999000999	58
1.14	0.01559792027729636	0.000999000999000999	102
1.1	0.06200527704485488	0.000999000999000999	1825
1.14.13	0.0056179775280898875	0.000999000999000999	52
1.17.1	0.2	0.000999000999000999	58
1.14.12	0.02127659574468085	0.000999000999000999	102
1.1.1	0.06666666666666667	0.000999000999000999	1825
