EC	enrich_score	p_val	where
2	0.002186987424822307	0.008991008991008992	7
2.6	0.018518518518518517	0.000999000999000999	7
2.6.1	0.018691588785046728	0.000999000999000999	7
