EC	enrich_score	p_val	where
6	0.1111111111111111	0.000999000999000999	58
2	0.02241662110442865	0.000999000999000999	1132
6.4	0.1111111111111111	0.000999000999000999	10
6.3	0.0684931506849315	0.000999000999000999	27
6.4.1	0.1111111111111111	0.000999000999000999	10
6.3.2	0.02702702702702703	0.000999000999000999	16
