EC	enrich_score	p_val	where
2	0.09622744669218151	0.000999000999000999	1183
2.4	0.22625698324022347	0.000999000999000999	267
2.4.1	0.2329192546583851	0.000999000999000999	267
