EC	enrich_score	p_val	where
3	0.007518796992481203	0.000999000999000999	24
3.7	0.18518518518518517	0.000999000999000999	12
3.7.1	0.18518518518518517	0.000999000999000999	12
