EC	enrich_score	p_val	where
1	0.6466335291459557	0.000999000999000999	2353
1.1	0.040897097625329816	0.000999000999000999	1058
1.1.1	0.04397163120567376	0.000999000999000999	1058
