EC	enrich_score	p_val	where
2	0.028977583378895572	0.000999000999000999	304
2.4	0.0335195530726257	0.000999000999000999	103
2.4.1	0.031055900621118012	0.000999000999000999	103
