EC	enrich_score	p_val	where
2	0.11864406779661017	0.000999000999000999	474
2.1	0.7088122605363985	0.000999000999000999	468
2.1.1	0.8114035087719298	0.000999000999000999	468
