EC	enrich_score	p_val	where
4	0.11574074074074074	0.000999000999000999	249
4.2	0.21231422505307856	0.000999000999000999	249
4.2.3	0.56	0.000999000999000999	249
