EC	enrich_score	p_val	where
1	0.6466335291459557	0.000999000999000999	2353
1.1	0.07519788918205805	0.000999000999000999	300
1.1.1	0.08085106382978724	0.000999000999000999	300
