EC	enrich_score	p_val	where
3	0.0397422126745435	0.000999000999000999	387
