EC	enrich_score	p_val	where
1	0.013104383190239493	0.000999000999000999	100
1.14	0.045060658578856154	0.000999000999000999	87
1.14.11	0.2978723404255319	0.000999000999000999	30
