EC	enrich_score	p_val	where
2	0.11372334609075997	0.000999000999000999	520
2.1	0.6513409961685823	0.000999000999000999	520
2.1.1	0.7368421052631579	0.000999000999000999	520
