EC	enrich_score	p_val	where
3	0.03544575725026853	0.000999000999000999	131
3.5	0.03137254901960784	0.000999000999000999	11
3.5.1	0.04827586206896552	0.000999000999000999	9
