EC	enrich_score	p_val	where
2	0.002186987424822307	0.008991008991008992	7
4	0.013888888888888888	0.000999000999000999	111
2.8	0.045454545454545456	0.000999000999000999	7
4.2	0.016985138004246284	0.000999000999000999	111
2.8.3	0.0547945205479452	0.000999000999000999	7
4.2.1	0.028169014084507043	0.000999000999000999	111
