EC	enrich_score	p_val	where
2	0.002186987424822307	0.008991008991008992	7
4	0.017361111111111112	0.000999000999000999	100
2.8	0.045454545454545456	0.000999000999000999	7
4.2	0.02335456475583864	0.000999000999000999	100
2.8.3	0.0547945205479452	0.000999000999000999	7
4.2.1	0.03873239436619718	0.000999000999000999	100
