EC	enrich_score	p_val	where
3	0.0053705692803437165	0.000999000999000999	12
3.4	0.023529411764705882	0.000999000999000999	3
3.4.17	0.1111111111111111	0.000999000999000999	2
