EC	enrich_score	p_val	where
2	0.0016402405686167304	0.023976023976023976	6
4	0.0023148148148148147	0.008991008991008992	41
2.8	0.03409090909090909	0.000999000999000999	6
2.8.3	0.0410958904109589	0.000999000999000999	6
