EC	enrich_score	p_val	where
1	0.6475372797107998	0.000999000999000999	2353
1.1	0.08839050131926121	0.000999000999000999	533
1.1.1	0.0950354609929078	0.000999000999000999	533
