EC	enrich_score	p_val	where
3	0.0021482277121374865	0.023976023976023976	2
3.4	0.023529411764705882	0.000999000999000999	2
3.4.23	0.6666666666666666	0.000999000999000999	2
