EC	enrich_score	p_val	where
6	0.020202020202020204	0.000999000999000999	14
2	0.08146528157463094	0.000999000999000999	1055
6.2	0.14285714285714285	0.000999000999000999	14
2.3	0.09226932668329177	0.000999000999000999	211
6.2.1	0.14285714285714285	0.000999000999000999	14
2.3.1	0.08967391304347826	0.000999000999000999	211
