EC	enrich_score	p_val	where
1	0.008133755083596927	0.000999000999000999	112
1.14	0.02079722703639515	0.000999000999000999	29
1.14.11	0.06382978723404255	0.000999000999000999	5
