EC	enrich_score	p_val	where
2	0.03116457080371788	0.000999000999000999	350
2.3	0.007481296758104738	0.000999000999000999	6
2.3.1	0.008152173913043478	0.000999000999000999	6
