EC	enrich_score	p_val	where
2	0.13613996719518862	0.000999000999000999	714
2.3	0.5610972568578554	0.000999000999000999	574
2.3.1	0.46467391304347827	0.000999000999000999	574
