EC	enrich_score	p_val	where
2	0.035538545653362494	0.000999000999000999	519
2.4	0.00558659217877095	0.000999000999000999	24
