EC	enrich_score	p_val	where
1	0.3149570718481699	0.000999000999000999	1598
1.3	0.06074766355140187	0.000999000999000999	57
1.3.1	0.07303370786516854	0.000999000999000999	57
