EC	enrich_score	p_val	where
3	0.0021482277121374865	0.023976023976023976	20
2	0.08638600328048114	0.000999000999000999	797
3.6	0.04081632653061224	0.000999000999000999	20
2.7	0.38095238095238093	0.000999000999000999	680
3.6.1	0.041666666666666664	0.000999000999000999	20
2.7.1	0.05847953216374269	0.000999000999000999	470
