EC	enrich_score	p_val	where
1	0.0031631269769543608	0.005994005994005994	29
