EC	enrich_score	p_val	where
6	0.0707070707070707	0.000999000999000999	27
6.3	0.0684931506849315	0.000999000999000999	27
6.3.1	0.08333333333333333	0.000999000999000999	10
