EC	enrich_score	p_val	where
3	0.05155746509129968	0.000999000999000999	108
5	0.02574257425742574	0.000999000999000999	440
3.1	0.012658227848101266	0.000999000999000999	4
3.5	0.047058823529411764	0.000999000999000999	62
3.1.1	0.037383177570093455	0.000999000999000999	4
