EC	enrich_score	p_val	where
3	0.06659505907626208	0.000999000999000999	475
3.1	0.04430379746835443	0.000999000999000999	112
3.1.1	0.009345794392523364	0.000999000999000999	0
