EC	enrich_score	p_val	where
1	0.6484410302756439	0.000999000999000999	2365
1.3	0.009345794392523364	0.000999000999000999	88
1.1	0.055408970976253295	0.000999000999000999	1906
1.3.1	0.011235955056179775	0.000999000999000999	88
1.1.1	0.059574468085106386	0.000999000999000999	1906
