EC	enrich_score	p_val	where
1	0.6479891549932218	0.000999000999000999	2368
1.1	0.026385224274406333	0.000999000999000999	1852
1.1.1	0.028368794326241134	0.000999000999000999	1852
