EC	enrich_score	p_val	where
2	0.13504647348277748	0.000999000999000999	718
2.3	0.571072319201995	0.000999000999000999	472
2.3.1	0.48641304347826086	0.000999000999000999	472
