EC	enrich_score	p_val	where
2	0.08365226899945326	0.000999000999000999	783
2.7	0.4031746031746032	0.000999000999000999	534
2.7.7	0.02857142857142857	0.000999000999000999	9
2.7.1	0.07602339181286549	0.000999000999000999	399
