EC	enrich_score	p_val	where
2	0.0016402405686167304	0.023976023976023976	18
3	0.023630504833512353	0.000999000999000999	347
2.5	0.005813953488372093	0.000999000999000999	16
2.5.1	0.005813953488372093	0.000999000999000999	16
