EC	enrich_score	p_val	where
2	0.07381082558775287	0.000999000999000999	1011
2.7	0.025396825396825397	0.000999000999000999	34
2.4	0.06424581005586592	0.000999000999000999	401
2.7.7	0.11428571428571428	0.000999000999000999	34
2.4.1	0.006211180124223602	0.000999000999000999	381
