EC	enrich_score	p_val	where
3	0.00322234156820623	0.005994005994005994	15
5	0.21386138613861386	0.000999000999000999	280
3.5	0.011764705882352941	0.000999000999000999	15
5.1	0.1506849315068493	0.000999000999000999	280
3.5.3	0.13043478260869565	0.000999000999000999	15
