EC	enrich_score	p_val	where
3	0.0021482277121374865	0.023976023976023976	13
2	0.0825587752870421	0.000999000999000999	766
3.6	0.04081632653061224	0.000999000999000999	13
2.7	0.38412698412698415	0.000999000999000999	719
3.6.1	0.041666666666666664	0.000999000999000999	13
