EC	enrich_score	p_val	where
6	0.04040404040404041	0.000999000999000999	34
2	0.04319300164024057	0.000999000999000999	2031
6.3	0.0273972602739726	0.000999000999000999	15
2.7	0.01904761904761905	0.000999000999000999	374
6.3.1	0.08333333333333333	0.000999000999000999	13
