EC	enrich_score	p_val	where
3	0.024704618689581095	0.000999000999000999	452
3.2	0.11409395973154363	0.000999000999000999	47
3.2.1	0.11888111888111888	0.000999000999000999	47
