EC	enrich_score	p_val	where
3	0.03866809881847476	0.000999000999000999	478
3.2	0.1476510067114094	0.000999000999000999	51
3.2.1	0.15384615384615385	0.000999000999000999	51
