EC	enrich_score	p_val	where
2	0.09458720612356479	0.000999000999000999	1016
2.3	0.314214463840399	0.000999000999000999	448
2.3.1	0.3016304347826087	0.000999000999000999	318
