EC	enrich_score	p_val	where
3	0.00322234156820623	0.005994005994005994	30
3.5	0.011764705882352941	0.000999000999000999	30
3.5.4	0.058823529411764705	0.000999000999000999	29
