EC	enrich_score	p_val	where
1	0.00858563036601898	0.000999000999000999	60
1.14	0.029462738301559793	0.000999000999000999	60
1.14.11	0.2978723404255319	0.000999000999000999	47
