EC	enrich_score	p_val	where
2	0.0519409513395298	0.000999000999000999	573
2.4	0.07262569832402235	0.000999000999000999	78
2.4.1	0.07453416149068323	0.000999000999000999	78
