EC	enrich_score	p_val	where
1	0.6470854044283778	0.000999000999000999	2354
1.1	0.036939313984168866	0.000999000999000999	1092
1.1.1	0.03971631205673759	0.000999000999000999	1092
