EC	enrich_score	p_val	where
2	0.08091853471842538	0.000999000999000999	664
2.7	0.41904761904761906	0.000999000999000999	575
2.7.1	0.4327485380116959	0.000999000999000999	258
