EC	enrich_score	p_val	where
3	0.04296455424274973	0.000999000999000999	261
3.5	0.09019607843137255	0.000999000999000999	91
3.5.1	0.013793103448275862	0.000999000999000999	4
3.5.2	0.07692307692307693	0.000999000999000999	10
