EC	enrich_score	p_val	where
1	0.0031631269769543608	0.005994005994005994	38
1.21	0.16666666666666666	0.000999000999000999	17
1.21.98	0.5	0.000999000999000999	17
