EC	enrich_score	p_val	where
3	0.011815252416756176	0.000999000999000999	67
3.5	0.01568627450980392	0.000999000999000999	25
3.5.4	0.029411764705882353	0.000999000999000999	16
