EC	enrich_score	p_val	where
1	0.010393131495707185	0.000999000999000999	74
1.14	0.036395147313691506	0.000999000999000999	74
1.14.11	0.3404255319148936	0.000999000999000999	46
