EC	enrich_score	p_val	where
2	0.008201202843083653	0.000999000999000999	34
2.6	0.06018518518518518	0.000999000999000999	34
2.6.1	0.06074766355140187	0.000999000999000999	34
