EC	enrich_score	p_val	where
1	0.0036150022593764122	0.003996003996003996	32
