EC	enrich_score	p_val	where
5	0.0019801980198019802	0.023976023976023976	20
3	0.007518796992481203	0.000999000999000999	96
5.3	0.006711409395973154	0.000999000999000999	20
3.1	0.0031645569620253164	0.005994005994005994	29
5.3.1	0.016666666666666666	0.000999000999000999	20
3.1.3	0.00819672131147541	0.000999000999000999	29
