EC	enrich_score	p_val	where
2	0.07818480043739748	0.000999000999000999	1130
2.3	0.13216957605985039	0.000999000999000999	213
2.3.1	0.1331521739130435	0.000999000999000999	213
