EC	enrich_score	p_val	where
1	0.008133755083596927	0.000999000999000999	49
1.14	0.02772963604852686	0.000999000999000999	49
1.14.11	0.2765957446808511	0.000999000999000999	36
