EC	enrich_score	p_val	where
5	0.21386138613861386	0.000999000999000999	275
5.1	0.1506849315068493	0.000999000999000999	275
