EC	enrich_score	p_val	where
4	0.008101851851851851	0.000999000999000999	12
5	0.011881188118811881	0.000999000999000999	36
4.2	0.014861995753715499	0.000999000999000999	12
4.2.1	0.02464788732394366	0.000999000999000999	12
