EC	enrich_score	p_val	where
6	0.020202020202020204	0.000999000999000999	25
2	0.05084745762711865	0.000999000999000999	1427
6.3	0.0273972602739726	0.000999000999000999	25
2.7	0.09523809523809523	0.000999000999000999	619
6.3.5	0.2857142857142857	0.000999000999000999	25
