EC	enrich_score	p_val	where
3	0.00322234156820623	0.005994005994005994	5
5	0.1900990099009901	0.000999000999000999	288
3.1	0.00949367088607595	0.000999000999000999	5
5.1	0.0684931506849315	0.000999000999000999	288
3.1.3	0.01639344262295082	0.000999000999000999	1
