EC	enrich_score	p_val	where
2	0.10224166211044286	0.000999000999000999	929
2.7	0.4507936507936508	0.000999000999000999	501
2.7.1	0.5614035087719298	0.000999000999000999	223
