EC	enrich_score	p_val	where
2	0.09404045926735921	0.000999000999000999	1866
2.7	0.33650793650793653	0.000999000999000999	426
2.7.1	0.21637426900584794	0.000999000999000999	120
