EC	enrich_score	p_val	where
3	0.0053705692803437165	0.000999000999000999	70
5	0.17227722772277226	0.000999000999000999	335
3.5	0.00392156862745098	0.005994005994005994	17
5.1	0.00684931506849315	0.000999000999000999	335
3.5.4	0.029411764705882353	0.000999000999000999	17
