EC	enrich_score	p_val	where
2	0.08419901585565882	0.000999000999000999	812
2.7	0.44126984126984126	0.000999000999000999	484
2.7.1	0.3684210526315789	0.000999000999000999	240
