EC	enrich_score	p_val	where
3	0.0021482277121374865	0.023976023976023976	20
2	0.08693275013668672	0.000999000999000999	749
3.6	0.04081632653061224	0.000999000999000999	20
2.7	0.40634920634920635	0.000999000999000999	611
3.6.1	0.041666666666666664	0.000999000999000999	20
2.7.1	0.09941520467836257	0.000999000999000999	439
