EC	enrich_score	p_val	where
3	0.0021482277121374865	0.023976023976023976	1
2	0.14215418261344998	0.000999000999000999	712
3.1	0.006329113924050633	0.000999000999000999	1
2.3	0.516209476309227	0.000999000999000999	553
3.1.2	0.05555555555555555	0.000999000999000999	1
2.3.1	0.45108695652173914	0.000999000999000999	479
