EC	enrich_score	p_val	where
3	0.0021482277121374865	0.023976023976023976	7
2	0.0032804811372334607	0.003996003996003996	74
5	0.10891089108910891	0.000999000999000999	398
2.4	0.002793296089385475	0.005994005994005994	1
2.4.1	0.003105590062111801	0.005994005994005994	1
