EC	enrich_score	p_val	where
3	0.0021482277121374865	0.023976023976023976	5
2	0.13395297977036633	0.000999000999000999	771
3.1	0.006329113924050633	0.000999000999000999	5
2.3	0.4389027431421446	0.000999000999000999	602
3.1.2	0.05555555555555555	0.000999000999000999	5
2.3.1	0.3695652173913043	0.000999000999000999	602
