EC	enrich_score	p_val	where
3	0.05370569280343716	0.000999000999000999	220
3.1	0.09177215189873418	0.000999000999000999	151
3.1.3	0.02459016393442623	0.000999000999000999	56
