EC	enrich_score	p_val	where
2	0.011481683980317113	0.000999000999000999	81
2.5	0.12209302325581395	0.000999000999000999	81
2.5.1	0.12209302325581395	0.000999000999000999	81
