EC	enrich_score	p_val	where
1	0.6479891549932218	0.000999000999000999	2356
1.5	0.010869565217391304	0.000999000999000999	39
1.3	0.004672897196261682	0.005994005994005994	41
1.1	0.052770448548812667	0.000999000999000999	1664
1.5.1	0.01694915254237288	0.000999000999000999	39
1.3.1	0.0056179775280898875	0.000999000999000999	41
1.1.1	0.05673758865248227	0.000999000999000999	1664
