EC	enrich_score	p_val	where
2	0.06232914160743576	0.000999000999000999	993
2.1	0.0038314176245210726	0.005994005994005994	2
2.4	0.002793296089385475	0.005994005994005994	43
2.1.2	0.08333333333333333	0.000999000999000999	2
