EC	enrich_score	p_val	where
1	0.6479891549932218	0.000999000999000999	2356
1.14	0.0034662045060658577	0.005994005994005994	53
1.1	0.051451187335092345	0.000999000999000999	1951
1.14.13	0.011235955056179775	0.000999000999000999	53
1.1.1	0.05531914893617021	0.000999000999000999	1951
