EC	enrich_score	p_val	where
6	0.020202020202020204	0.000999000999000999	11
6.3	0.0273972602739726	0.000999000999000999	11
6.3.2	0.05405405405405406	0.000999000999000999	11
