EC	enrich_score	p_val	where
6	0.010101010101010102	0.000999000999000999	6
2	0.036632039365773646	0.000999000999000999	790
6.3	0.0136986301369863	0.000999000999000999	6
2.7	0.0031746031746031746	0.005994005994005994	12
2.4	0.025139664804469275	0.000999000999000999	219
6.3.1	0.08333333333333333	0.000999000999000999	6
2.4.1	0.003105590062111801	0.005994005994005994	219
