EC	enrich_score	p_val	where
1	0.6479891549932218	0.000999000999000999	2356
1.3	0.018691588785046728	0.000999000999000999	55
1.1	0.06728232189973615	0.000999000999000999	1827
1.3.1	0.02247191011235955	0.000999000999000999	55
1.1.1	0.07234042553191489	0.000999000999000999	1827
