EC	enrich_score	p_val	where
1	0.6479891549932218	0.000999000999000999	2357
1.14	0.005199306759098787	0.000999000999000999	90
1.1	0.06068601583113457	0.000999000999000999	1622
1.14.19	0.03333333333333333	0.000999000999000999	58
1.1.1	0.06524822695035461	0.000999000999000999	1622
