EC	enrich_score	p_val	where
3	0.007518796992481203	0.000999000999000999	30
3.5	0.00392156862745098	0.005994005994005994	0
3.4	0.011764705882352941	0.000999000999000999	5
3.5.1	0.006896551724137931	0.000999000999000999	0
