EC	enrich_score	p_val	where
3	0.02577873254564984	0.000999000999000999	137
3.1	0.056962025316455694	0.000999000999000999	52
3.1.3	0.07377049180327869	0.000999000999000999	23
