EC	enrich_score	p_val	where
2	0.07107709130672499	0.000999000999000999	824
2.4	0.17039106145251395	0.000999000999000999	255
2.4.1	0.16459627329192547	0.000999000999000999	235
