EC	enrich_score	p_val	where
2	0.01038819026790596	0.000999000999000999	95
2.4	0.036312849162011177	0.000999000999000999	75
2.4.1	0.040372670807453416	0.000999000999000999	75
