EC	enrich_score	p_val	where
3	0.015037593984962405	0.000999000999000999	112
3.5	0.047058823529411764	0.000999000999000999	112
3.5.1	0.013793103448275862	0.000999000999000999	5
