EC	enrich_score	p_val	where
1	0.004518752824220515	0.000999000999000999	14
1.1	0.0079155672823219	0.000999000999000999	5
1.1.3	0.17647058823529413	0.000999000999000999	5
