EC	enrich_score	p_val	where
2	0.14106068890103882	0.000999000999000999	825
2.3	0.4239401496259352	0.000999000999000999	596
2.3.1	0.3641304347826087	0.000999000999000999	518
