EC	enrich_score	p_val	where
3	0.03544575725026853	0.000999000999000999	175
3.5	0.03137254901960784	0.000999000999000999	37
3.5.1	0.006896551724137931	0.000999000999000999	6
3.5.2	0.038461538461538464	0.000999000999000999	8
