EC	enrich_score	p_val	where
2	0.09950792782941498	0.000999000999000999	982
2.7	0.4253968253968254	0.000999000999000999	579
2.7.1	0.45614035087719296	0.000999000999000999	220
