EC	enrich_score	p_val	where
2	0.0032804811372334607	0.003996003996003996	11
2.6	0.027777777777777776	0.000999000999000999	11
2.6.1	0.028037383177570093	0.000999000999000999	11
