EC	enrich_score	p_val	where
6	0.020202020202020204	0.000999000999000999	14
2	0.09404045926735921	0.000999000999000999	1257
6.2	0.14285714285714285	0.000999000999000999	14
2.3	0.09226932668329177	0.000999000999000999	185
6.2.1	0.14285714285714285	0.000999000999000999	14
2.3.1	0.08967391304347826	0.000999000999000999	175
