EC	enrich_score	p_val	where
3	0.008592910848549946	0.000999000999000999	13
3.1	0.02531645569620253	0.000999000999000999	13
3.1.1	0.04672897196261682	0.000999000999000999	6
