EC	enrich_score	p_val	where
5	0.005940594059405941	0.000999000999000999	6
3	0.023630504833512353	0.000999000999000999	136
5.4	0.024793388429752067	0.000999000999000999	6
3.2	0.087248322147651	0.000999000999000999	47
5.4.99	0.04838709677419355	0.000999000999000999	6
3.2.1	0.09090909090909091	0.000999000999000999	47
