EC	enrich_score	p_val	where
2	0.06287588846364134	0.000999000999000999	1756
2.7	0.022222222222222223	0.000999000999000999	110
2.7.7	0.014285714285714285	0.000999000999000999	9
2.7.1	0.011695906432748537	0.000999000999000999	25
