EC	enrich_score	p_val	where
2	0.131765992345544	0.000999000999000999	678
2.4	0.39664804469273746	0.000999000999000999	547
2.4.1	0.36024844720496896	0.000999000999000999	547
