EC	enrich_score	p_val	where
3	0.011815252416756176	0.000999000999000999	95
5	0.1306930693069307	0.000999000999000999	383
3.5	0.00392156862745098	0.005994005994005994	18
