EC	enrich_score	p_val	where
3	0.013963480128893663	0.000999000999000999	101
3.2	0.013422818791946308	0.000999000999000999	91
3.2.1	0.013986013986013986	0.000999000999000999	91
