EC	enrich_score	p_val	where
1	0.6479891549932218	0.000999000999000999	2356
1.1	0.06068601583113457	0.000999000999000999	1814
1.1.1	0.06524822695035461	0.000999000999000999	1814
