EC	enrich_score	p_val	where
3	0.02577873254564984	0.000999000999000999	83
3.2	0.08053691275167785	0.000999000999000999	54
3.2.1	0.08391608391608392	0.000999000999000999	54
