EC	enrich_score	p_val	where
1	0.00903750564844103	0.000999000999000999	67
1.14	0.03119584055459272	0.000999000999000999	67
1.14.20	0.05	0.000999000999000999	4
1.14.11	0.2553191489361702	0.000999000999000999	67
