EC	enrich_score	p_val	where
3	0.05692803437164339	0.000999000999000999	652
3.1	0.012658227848101266	0.000999000999000999	23
3.1.7	0.16666666666666666	0.000999000999000999	15
