EC	enrich_score	p_val	where
3	0.05477980665950591	0.000999000999000999	354
3.5	0.043137254901960784	0.000999000999000999	22
3.5.1	0.05517241379310345	0.000999000999000999	15
