EC	enrich_score	p_val	where
1	0.0036150022593764122	0.003996003996003996	28
1.14	0.01386481802426343	0.000999000999000999	28
1.14.11	0.1276595744680851	0.000999000999000999	28
