EC	enrich_score	p_val	where
3	0.024704618689581095	0.000999000999000999	121
3.2	0.06711409395973154	0.000999000999000999	66
3.2.1	0.06993006993006994	0.000999000999000999	66
