EC	enrich_score	p_val	where
2	0.045926735921268454	0.000999000999000999	674
2.4	0.07541899441340782	0.000999000999000999	163
2.4.1	0.07142857142857142	0.000999000999000999	163
