EC	enrich_score	p_val	where
6	0.06060606060606061	0.000999000999000999	23
2	0.08638600328048114	0.000999000999000999	784
6.3	0.0821917808219178	0.000999000999000999	23
2.7	0.3682539682539683	0.000999000999000999	673
6.3.2	0.10810810810810811	0.000999000999000999	23
2.7.1	0.06432748538011696	0.000999000999000999	470
