EC	enrich_score	p_val	where
3	0.036519871106337275	0.000999000999000999	212
3.2	0.06711409395973154	0.000999000999000999	128
3.2.1	0.06993006993006994	0.000999000999000999	128
