EC	enrich_score	p_val	where
1	0.0018075011296882061	0.023976023976023976	11
1.11	0.029411764705882353	0.000999000999000999	2
1.13	0.007936507936507936	0.000999000999000999	4
1.11.1	0.04	0.000999000999000999	2
1.13.11	0.009009009009009009	0.000999000999000999	4
