EC	enrich_score	p_val	where
2	0.045379989065062874	0.000999000999000999	686
2.4	0.0782122905027933	0.000999000999000999	177
2.4.1	0.06832298136645963	0.000999000999000999	148
