EC	enrich_score	p_val	where
2	0.10005467468562056	0.000999000999000999	1133
2.4	0.20949720670391062	0.000999000999000999	287
2.4.1	0.21428571428571427	0.000999000999000999	287
