EC	enrich_score	p_val	where
5	0.007920792079207921	0.000999000999000999	5
5.3	0.026845637583892617	0.000999000999000999	5
5.3.3	0.06451612903225806	0.000999000999000999	5
