EC	enrich_score	p_val	where
2	0.06178239475123018	0.000999000999000999	753
2.4	0.12290502793296089	0.000999000999000999	180
2.4.1	0.12422360248447205	0.000999000999000999	175
