EC	enrich_score	p_val	where
3	0.010741138560687433	0.000999000999000999	102
5	0.13861386138613863	0.000999000999000999	373
3.5	0.00784313725490196	0.000999000999000999	17
3.5.4	0.029411764705882353	0.000999000999000999	16
