EC	enrich_score	p_val	where
3	0.034371643394199784	0.000999000999000999	421
3.2	0.12080536912751678	0.000999000999000999	43
3.2.1	0.1258741258741259	0.000999000999000999	43
