EC	enrich_score	p_val	where
1	0.6479891549932218	0.000999000999000999	2356
1.3	0.004672897196261682	0.005994005994005994	65
1.1	0.059366754617414245	0.000999000999000999	1810
1.3.1	0.0056179775280898875	0.000999000999000999	65
1.1.1	0.06382978723404255	0.000999000999000999	1810
