EC	enrich_score	p_val	where
5	0.21188118811881188	0.000999000999000999	276
5.1	0.14383561643835616	0.000999000999000999	276
