EC	enrich_score	p_val	where
2	0.002186987424822307	0.008991008991008992	16
4	0.003472222222222222	0.003996003996003996	56
2.5	0.023255813953488372	0.000999000999000999	16
4.2	0.006369426751592357	0.000999000999000999	56
4.2.3	0.011428571428571429	0.000999000999000999	1
2.5.1	0.023255813953488372	0.000999000999000999	16
