EC	enrich_score	p_val	where
1	0.0027112516945323093	0.008991008991008992	38
1.10	0.11764705882352941	0.000999000999000999	10
1.10.3	0.11764705882352941	0.000999000999000999	10
