EC	enrich_score	p_val	where
3	0.0021482277121374865	0.023976023976023976	19
2	0.08638600328048114	0.000999000999000999	771
3.6	0.04081632653061224	0.000999000999000999	19
2.7	0.4031746031746032	0.000999000999000999	662
3.6.1	0.041666666666666664	0.000999000999000999	19
2.7.1	0.05847953216374269	0.000999000999000999	458
