EC	enrich_score	p_val	where
3	0.018259935553168637	0.000999000999000999	111
2	0.04264625478403499	0.000999000999000999	1114
3.2	0.0738255033557047	0.000999000999000999	70
3.2.1	0.07692307692307693	0.000999000999000999	70
