EC	enrich_score	p_val	where
5	0.0039603960396039604	0.001998001998001998	6
5.3	0.013422818791946308	0.000999000999000999	6
5.3.3	0.03225806451612903	0.000999000999000999	6
