EC	enrich_score	p_val	where
4	0.10069444444444445	0.000999000999000999	337
4.2	0.18471337579617833	0.000999000999000999	337
4.2.3	0.4857142857142857	0.000999000999000999	337
