EC	enrich_score	p_val	where
1	0.0036150022593764122	0.003996003996003996	17
5	0.20396039603960395	0.000999000999000999	281
1.16	0.25	0.000999000999000999	0
1.13	0.007936507936507936	0.000999000999000999	6
5.1	0.11643835616438356	0.000999000999000999	281
1.16.3	0.3333333333333333	0.000999000999000999	0
1.13.11	0.009009009009009009	0.000999000999000999	6
