EC	enrich_score	p_val	where
5	0.0039603960396039604	0.001998001998001998	5
5.3	0.006711409395973154	0.000999000999000999	3
5.3.2	0.06666666666666667	0.000999000999000999	3
