EC	enrich_score	p_val	where
3	0.00644468313641246	0.000999000999000999	13
3.5	0.023529411764705882	0.000999000999000999	13
3.5.2	0.07692307692307693	0.000999000999000999	1
