EC	enrich_score	p_val	where
1	0.6470854044283778	0.000999000999000999	2359
1.1	0.05804749340369393	0.000999000999000999	789
1.1.1	0.062411347517730496	0.000999000999000999	789
