EC	enrich_score	p_val	where
3	0.004296455424274973	0.001998001998001998	10
2	0.009294696555494806	0.000999000999000999	105
3.4	0.011764705882352941	0.000999000999000999	0
3.4.16	0.1	0.000999000999000999	0
