EC	enrich_score	p_val	where
1	0.0027112516945323093	0.008991008991008992	13
1.13	0.03968253968253968	0.000999000999000999	11
1.13.11	0.04504504504504504	0.000999000999000999	11
