EC	enrich_score	p_val	where
1	0.6475372797107998	0.000999000999000999	2353
1.3	0.004672897196261682	0.005994005994005994	49
1.1	0.0633245382585752	0.000999000999000999	711
1.3.1	0.0056179775280898875	0.000999000999000999	49
1.1.1	0.06808510638297872	0.000999000999000999	711
