EC	enrich_score	p_val	where
2	0.004920721705850191	0.000999000999000999	26
2.8	0.045454545454545456	0.000999000999000999	25
2.8.3	0.0410958904109589	0.000999000999000999	21
