EC	enrich_score	p_val	where
6	0.050505050505050504	0.000999000999000999	16
2	0.004373974849644614	0.000999000999000999	340
6.4	0.1111111111111111	0.000999000999000999	9
6.3	0.0410958904109589	0.000999000999000999	16
6.4.1	0.1111111111111111	0.000999000999000999	9
6.3.2	0.02702702702702703	0.000999000999000999	16
