EC	enrich_score	p_val	where
6	0.0707070707070707	0.000999000999000999	42
6.4	0.1111111111111111	0.000999000999000999	10
6.3	0.0684931506849315	0.000999000999000999	42
6.4.1	0.1111111111111111	0.000999000999000999	10
6.3.2	0.02702702702702703	0.000999000999000999	17
