EC	enrich_score	p_val	where
2	0.002733734281027884	0.005994005994005994	31
