EC	enrich_score	p_val	where
3	0.0021482277121374865	0.023976023976023976	3
3.5	0.00392156862745098	0.005994005994005994	1
3.5.1	0.006896551724137931	0.000999000999000999	1
