EC	enrich_score	p_val	where
6	0.06060606060606061	0.000999000999000999	60
2	0.0016402405686167304	0.023976023976023976	370
6.4	0.1111111111111111	0.000999000999000999	8
6.3	0.0410958904109589	0.000999000999000999	20
6.4.1	0.1111111111111111	0.000999000999000999	8
6.3.2	0.02702702702702703	0.000999000999000999	12
