EC	enrich_score	p_val	where
2	0.018042646254784037	0.000999000999000999	50
2.5	0.19186046511627908	0.000999000999000999	50
2.5.1	0.19186046511627908	0.000999000999000999	50
