EC	enrich_score	p_val	where
3	0.03866809881847476	0.000999000999000999	199
3.1	0.012658227848101266	0.000999000999000999	26
3.1.3	0.02459016393442623	0.000999000999000999	3
