EC	enrich_score	p_val	where
1	0.0022593764121102574	0.008991008991008992	35
3	0.0021482277121374865	0.023976023976023976	365
