EC	enrich_score	p_val	where
5	0.005940594059405941	0.000999000999000999	5
5.3	0.013422818791946308	0.000999000999000999	3
5.3.3	0.03225806451612903	0.000999000999000999	3
