EC	enrich_score	p_val	where
5	0.011881188118811881	0.000999000999000999	11
5.4	0.008264462809917356	0.000999000999000999	3
5.5	0.02857142857142857	0.000999000999000999	11
5.4.99	0.016129032258064516	0.000999000999000999	3
5.5.1	0.02857142857142857	0.000999000999000999	11
