EC	enrich_score	p_val	where
4	0.059027777777777776	0.000999000999000999	384
4.2	0.10828025477707007	0.000999000999000999	384
4.2.3	0.26857142857142857	0.000999000999000999	384
