EC	enrich_score	p_val	where
3	0.008592910848549946	0.000999000999000999	49
5	0.17623762376237623	0.000999000999000999	320
3.5	0.00784313725490196	0.000999000999000999	3
5.1	0.02054794520547945	0.000999000999000999	320
3.5.99	0.13333333333333333	0.000999000999000999	3
