EC	enrich_score	p_val	where
1	0.6475372797107998	0.000999000999000999	2358
1.14	0.0034662045060658577	0.005994005994005994	45
1.5	0.010869565217391304	0.000999000999000999	83
1.1	0.047493403693931395	0.000999000999000999	723
1.14.13	0.011235955056179775	0.000999000999000999	45
1.5.1	0.01694915254237288	0.000999000999000999	83
1.1.1	0.05106382978723404	0.000999000999000999	723
