EC	enrich_score	p_val	where
3	0.00966702470461869	0.000999000999000999	37
3.4	0.011764705882352941	0.000999000999000999	0
3.4.16	0.1	0.000999000999000999	0
