EC	enrich_score	p_val	where
2	0.1273920174958994	0.000999000999000999	948
2.3	0.543640897755611	0.000999000999000999	506
2.3.1	0.45652173913043476	0.000999000999000999	462
