EC	enrich_score	p_val	where
3	0.0053705692803437165	0.000999000999000999	58
3.5	0.00784313725490196	0.000999000999000999	3
3.5.1	0.013793103448275862	0.000999000999000999	3
