EC	enrich_score	p_val	where
1	0.11974694984184366	0.000999000999000999	567
1.14	0.0034662045060658577	0.005994005994005994	1
1.3	0.004672897196261682	0.005994005994005994	14
1.14.13	0.011235955056179775	0.000999000999000999	1
1.3.1	0.0056179775280898875	0.000999000999000999	14
