EC	enrich_score	p_val	where
1	0.6479891549932218	0.000999000999000999	2358
1.2	0.005154639175257732	0.000999000999000999	33
1.3	0.009345794392523364	0.000999000999000999	69
1.1	0.05408970976253298	0.000999000999000999	2007
1.2.1	0.005780346820809248	0.000999000999000999	33
1.3.1	0.011235955056179775	0.000999000999000999	69
1.1.1	0.05815602836879433	0.000999000999000999	2007
