EC	enrich_score	p_val	where
1	0.6484410302756439	0.000999000999000999	2355
1.3	0.009345794392523364	0.000999000999000999	59
1.1	0.051451187335092345	0.000999000999000999	865
1.3.1	0.011235955056179775	0.000999000999000999	59
1.1.1	0.05531914893617021	0.000999000999000999	865
