EC	enrich_score	p_val	where
2	0.13996719518862766	0.000999000999000999	566
2.3	0.5561097256857855	0.000999000999000999	399
2.3.1	0.46467391304347827	0.000999000999000999	399
