EC	enrich_score	p_val	where
1	0.2923633077270673	0.000999000999000999	1109
1.5	0.010869565217391304	0.000999000999000999	4
1.14	0.0034662045060658577	0.005994005994005994	10
1.5.1	0.01694915254237288	0.000999000999000999	4
1.14.13	0.011235955056179775	0.000999000999000999	10
