EC	enrich_score	p_val	where
3	0.004296455424274973	0.001998001998001998	16
3.1	0.006329113924050633	0.000999000999000999	5
3.1.1	0.018691588785046728	0.000999000999000999	5
