EC	enrich_score	p_val	where
3	0.01933404940923738	0.000999000999000999	49
3.2	0.040268456375838924	0.000999000999000999	26
3.2.1	0.04195804195804196	0.000999000999000999	26
