EC	enrich_score	p_val	where
2	0.002186987424822307	0.008991008991008992	5
3	0.021482277121374866	0.000999000999000999	122
2.4	0.0111731843575419	0.000999000999000999	5
3.2	0.006711409395973154	0.000999000999000999	20
3.1	0.006329113924050633	0.000999000999000999	53
2.4.2	0.11428571428571428	0.000999000999000999	5
