EC	enrich_score	p_val	where
3	0.008592910848549946	0.000999000999000999	115
3.2	0.006711409395973154	0.000999000999000999	5
3.2.1	0.006993006993006993	0.000999000999000999	5
