EC	enrich_score	p_val	where
1	0.6479891549932218	0.000999000999000999	1985
1.3	0.004672897196261682	0.005994005994005994	3
1.5	0.010869565217391304	0.000999000999000999	10
1.1	0.025065963060686015	0.000999000999000999	1145
1.3.1	0.0056179775280898875	0.000999000999000999	3
1.5.1	0.01694915254237288	0.000999000999000999	10
1.1.1	0.02695035460992908	0.000999000999000999	1145
