EC	enrich_score	p_val	where
3	0.04296455424274973	0.000999000999000999	154
5	0.0039603960396039604	0.001998001998001998	429
3.5	0.07450980392156863	0.000999000999000999	24
3.5.4	0.29411764705882354	0.000999000999000999	18
