EC	enrich_score	p_val	where
2	0.05030071077091307	0.000999000999000999	687
2.4	0.008379888268156424	0.000999000999000999	4
2.4.2	0.08571428571428572	0.000999000999000999	4
