EC	enrich_score	p_val	where
3	0.01933404940923738	0.000999000999000999	161
3.2	0.03355704697986577	0.000999000999000999	24
3.2.1	0.03496503496503497	0.000999000999000999	24
