EC	enrich_score	p_val	where
3	0.027926960257787327	0.000999000999000999	76
3.2	0.0738255033557047	0.000999000999000999	30
3.2.1	0.07692307692307693	0.000999000999000999	30
