EC	enrich_score	p_val	where
3	0.04296455424274973	0.000999000999000999	79
3.2	0.1476510067114094	0.000999000999000999	27
3.2.1	0.15384615384615385	0.000999000999000999	27
