EC	enrich_score	p_val	where
1	0.6479891549932218	0.000999000999000999	1985
1.5	0.03260869565217391	0.000999000999000999	6
1.1	0.040897097625329816	0.000999000999000999	1436
1.5.1	0.05084745762711865	0.000999000999000999	6
1.1.1	0.04397163120567376	0.000999000999000999	1436
