EC	enrich_score	p_val	where
1	0.5386353366470854	0.000999000999000999	1780
1.6	0.15384615384615385	0.000999000999000999	4
1.6.3	0.3333333333333333	0.000999000999000999	4
