EC	enrich_score	p_val	where
1	0.6479891549932218	0.000999000999000999	1993
1.6	0.07692307692307693	0.000999000999000999	6
1.1	0.00395778364116095	0.005994005994005994	657
1.6.3	0.16666666666666666	0.000999000999000999	6
1.1.1	0.00425531914893617	0.005994005994005994	657
