EC	enrich_score	p_val	where
3	0.01288936627282492	0.000999000999000999	143
3.2	0.006711409395973154	0.000999000999000999	6
3.2.1	0.006993006993006993	0.000999000999000999	6
