EC	enrich_score	p_val	where
3	0.011815252416756176	0.000999000999000999	36
3.2	0.006711409395973154	0.000999000999000999	12
