EC	enrich_score	p_val	where
1	0.236782647989155	0.000999000999000999	940
1.14	0.005199306759098787	0.000999000999000999	15
1.14.13	0.016853932584269662	0.000999000999000999	15
