EC	enrich_score	p_val	where
3	0.01611170784103115	0.000999000999000999	42
