EC	enrich_score	p_val	where
3	0.0006269592476489029	0.01098901098901099	6
2	0.1748056607534383	0.000999000999000999	3451
3.6	0.001976284584980237	0.000999000999000999	4
2.4	0.5201137748882568	0.000999000999000999	2135
3.6.1|3	0.045454545454545456	0.000999000999000999	3
2.4.1	0.4496439471007121	0.000999000999000999	2135
