EC	enrich_score	p_val	where
2	0.16224835559099063	0.000999000999000999	4665
2.4	0.39496139780577	0.000999000999000999	1913
2.4.1	0.2990844354018311	0.000999000999000999	1814
