EC	enrich_score	p_val	where
3	0.004545454545454545	0.000999000999000999	50
2	0.1124177795495316	0.000999000999000999	4486
3.2	0.021706586826347306	0.000999000999000999	50
2.4	0.13774888256806175	0.000999000999000999	1712
3.2.1	0.024369747899159664	0.000999000999000999	50
2.4.1	0.056968463886063074	0.000999000999000999	1026
