EC	enrich_score	p_val	where
1	0.021755108040570337	0.000999000999000999	3221
1.3	0.0006920415224913495	0.001998001998001998	0
1.1	0.0016910935738444193	0.000999000999000999	29
1.3.5	0.010638297872340425	0.000999000999000999	0
1.1.5	0.009523809523809525	0.000999000999000999	20
