EC	enrich_score	p_val	where
1	0.47427605468175804	0.000999000999000999	7589
1.1	0.014374295377677565	0.000999000999000999	316
1.1.1	0.014623172103487065	0.000999000999000999	168
