EC	enrich_score	p_val	where
3	0.020219435736677116	0.000999000999000999	242
3.4	0.07711442786069651	0.000999000999000999	169
3.4.13	0.06451612903225806	0.000999000999000999	8
