EC	enrich_score	p_val	where
6	0.07538461538461538	0.000999000999000999	202
2	0.08550926848714371	0.000999000999000999	6478
6.3	0.05232558139534884	0.000999000999000999	69
6.3.-	0.7142857142857143	0.000999000999000999	8
