EC	enrich_score	p_val	where
1	0.0008084668528590327	0.003996003996003996	16
1.14	0.0024218405988551297	0.000999000999000999	16
1.14.14	0.007907979870596693	0.000999000999000999	16
