EC	enrich_score	p_val	where
2	0.17022124775762407	0.000999000999000999	4246
2.4	0.44941080861438437	0.000999000999000999	1913
2.4.1|2	0.017241379310344827	0.000999000999000999	4
2.4.1	0.3743641912512716	0.000999000999000999	1854
