EC	enrich_score	p_val	where
5	0.005738880918220947	0.000999000999000999	7
1	0.01359694252535646	0.000999000999000999	2468
1.8	0.0029498525073746312	0.000999000999000999	0
5.4	0.02702702702702703	0.000999000999000999	7
1.8.99	0.041666666666666664	0.000999000999000999	0
5.4.4	0.1	0.000999000999000999	7
