EC	enrich_score	p_val	where
1	0.023886520652653242	0.000999000999000999	1031
1.14	0.04117129018053721	0.000999000999000999	543
1.14.14	0.007189072609633357	0.000999000999000999	99
