EC	enrich_score	p_val	where
1	0.003086873438189034	0.000999000999000999	398
1.11	0.006779661016949152	0.000999000999000999	1
1.11.1	0.008	0.000999000999000999	1
