EC	enrich_score	p_val	where
1	0.0019109216522122593	0.000999000999000999	72
1.1	0.0005636978579481398	0.002997002997002997	2
1.1.1	0.0007499062617172854	0.000999000999000999	2
