EC	enrich_score	p_val	where
2	0.002292206497907116	0.000999000999000999	27
3	0.045768025078369905	0.000999000999000999	1511
2.4	0.006095083299471759	0.000999000999000999	23
2.4.1	0.0076297049847405905	0.000999000999000999	23
