EC	enrich_score	p_val	where
2	0.12826390273071556	0.000999000999000999	2041
2.3	0.4599756196668021	0.000999000999000999	2038
2.3.1	0.4350619550252409	0.000999000999000999	2038
