EC	enrich_score	p_val	where
1	0.32162281346464794	0.000999000999000999	7129
1.1	0.03720405862457723	0.000999000999000999	168
1.1.1	0.045744281964754406	0.000999000999000999	168
