EC	enrich_score	p_val	where
2	0.06458042654973091	0.000999000999000999	5190
2.3	0.04591629418935392	0.000999000999000999	248
2.3.1	0.030289123451124368	0.000999000999000999	212
