EC	enrich_score	p_val	where
2	0.10045844129958142	0.000999000999000999	2178
2.3	0.34213734254368144	0.000999000999000999	1610
2.3.1	0.31574116567232674	0.000999000999000999	1610
