EC	enrich_score	p_val	where
1	0.0004409819197412906	0.030969030969030968	7
1.21	0.042105263157894736	0.000999000999000999	3
1.21.3	0.2	0.000999000999000999	3
