EC	enrich_score	p_val	where
2	0.08481164042256328	0.000999000999000999	3611
2.4	0.024380333197887037	0.000999000999000999	560
2.4.1	0.023397761953204477	0.000999000999000999	50
