EC	enrich_score	p_val	where
3	0.0006269592476489029	0.01098901098901099	22
3.5	0.004624277456647399	0.000999000999000999	22
3.5.3	0.037037037037037035	0.000999000999000999	6
