EC	enrich_score	p_val	where
1	0.019109216522122593	0.000999000999000999	1634
1.21	0.042105263157894736	0.000999000999000999	3
1.21.98	0.15384615384615385	0.000999000999000999	1
