EC	enrich_score	p_val	where
6	0.0007692307692307692	0.004995004995004995	11
2	0.07125772373928643	0.000999000999000999	6794
2.7	0.014049172102358254	0.000999000999000999	217
2.7.7	0.04819277108433735	0.000999000999000999	71
