EC	enrich_score	p_val	where
2	0.0013952561291608531	0.000999000999000999	50
2.8	0.022123893805309734	0.000999000999000999	9
2.8.1	0.08264462809917356	0.000999000999000999	9
