EC	enrich_score	p_val	where
4	0.06466876971608833	0.000999000999000999	249
4.2	0.12146596858638743	0.000999000999000999	201
4.2.1	0.18613138686131386	0.000999000999000999	201
