EC	enrich_score	p_val	where
1	0.0019109216522122593	0.000999000999000999	28
1.3	0.017993079584775088	0.000999000999000999	28
1.3.99	0.004975124378109453	0.000999000999000999	6
1.3.8	0.08163265306122448	0.000999000999000999	28
