EC	enrich_score	p_val	where
1	0.010069087167426136	0.000999000999000999	578
1.3	0.05951557093425606	0.000999000999000999	99
1.3.8	0.05442176870748299	0.000999000999000999	21
