EC	enrich_score	p_val	where
1	0.135087461414082	0.000999000999000999	2641
1.6	0.004761904761904762	0.000999000999000999	0
1.6.5	0.006993006993006993	0.000999000999000999	0
