EC	enrich_score	p_val	where
1	0.0004409819197412906	0.030969030969030968	7
2	0.12228423360574048	0.000999000999000999	1842
1.2	0.005763688760806916	0.000999000999000999	7
2.3	0.46119463632669644	0.000999000999000999	1702
1.2.3	0.018867924528301886	0.000999000999000999	2
1.2.7	0.06666666666666667	0.000999000999000999	7
2.3.1	0.43919229004130333	0.000999000999000999	1702
