EC	enrich_score	p_val	where
4	0.0010515247108307045	0.000999000999000999	1
3	0.007836990595611285	0.000999000999000999	1287
4.2	0.0020942408376963353	0.000999000999000999	1
4.2.3	0.007352941176470588	0.000999000999000999	1
