EC	enrich_score	p_val	where
3	0.04373040752351097	0.000999000999000999	1120
3.2	0.06437125748502993	0.000999000999000999	340
3.2.1	0.06386554621848739	0.000999000999000999	340
