EC	enrich_score	p_val	where
1	0.0072027046891077464	0.000999000999000999	130
1.8	0.038348082595870206	0.000999000999000999	22
1.8.4	0.1625	0.000999000999000999	22
