EC	enrich_score	p_val	where
1	0.47427605468175804	0.000999000999000999	7587
1.1	0.03015783540022548	0.000999000999000999	605
1.1.1	0.021372328458942633	0.000999000999000999	605
