EC	enrich_score	p_val	where
1	0.47427605468175804	0.000999000999000999	7606
1.1	0.032130777903043965	0.000999000999000999	609
1.1.1	0.018747656542932135	0.000999000999000999	432
