EC	enrich_score	p_val	where
2	0.0029898345624875425	0.000999000999000999	34
2.3	0.012190166598943519	0.000999000999000999	34
2.3.1	0.013767783386874713	0.000999000999000999	34
