EC	enrich_score	p_val	where
1	0.096354549463472	0.000999000999000999	7184
1.10	0.08843537414965986	0.000999000999000999	12
1.10.99	0.08333333333333333	0.000999000999000999	0
1.10.5	0.4444444444444444	0.000999000999000999	9
