EC	enrich_score	p_val	where
6	0.004615384615384616	0.000999000999000999	10
2	0.13414391070360773	0.000999000999000999	4842
6.5	0.17142857142857143	0.000999000999000999	10
2.7	0.01655795283492223	0.000999000999000999	243
2.7.9	0.045454545454545456	0.000999000999000999	0
6.5.1	0.17142857142857143	0.000999000999000999	10
