EC	enrich_score	p_val	where
2	0.003488140322902133	0.000999000999000999	101
2.1	0.016822429906542057	0.000999000999000999	29
2.1.1	0.011821974965229486	0.000999000999000999	29
