EC	enrich_score	p_val	where
1	0.4732470968690284	0.000999000999000999	7621
1.2	0.004803073967339097	0.000999000999000999	4
1.1	0.001972942502818489	0.000999000999000999	646
1.2.1|1	0.03571428571428571	0.000999000999000999	0
1.2.1	0.003937007874015748	0.000999000999000999	4
1.1.1	0.0011248593925759281	0.000999000999000999	23
