EC	enrich_score	p_val	where
4	0.011566771819137749	0.000999000999000999	32
1	0.020138174334852273	0.000999000999000999	1702
4.1	0.03893805309734513	0.000999000999000999	32
4.1.1	0.07407407407407407	0.000999000999000999	32
