EC	enrich_score	p_val	where
2	0.001993223041658362	0.000999000999000999	41
1	0.056519182713508746	0.000999000999000999	1165
2.3	0.008126777732629013	0.000999000999000999	41
2.3.1	0.009178522257916476	0.000999000999000999	41
