EC	enrich_score	p_val	where
3	0.0034482758620689655	0.000999000999000999	131
2	0.004983057604145904	0.000999000999000999	976
3.1	0.005007511266900351	0.000999000999000999	11
3.1.1	0.013262599469496022	0.000999000999000999	11
