EC	enrich_score	p_val	where
1	0.4743495516683816	0.000999000999000999	7607
1.6	0.004761904761904762	0.000999000999000999	0
1.14	0.001321003963011889	0.000999000999000999	38
1.6.5	0.006993006993006993	0.000999000999000999	0
1.14.12	0.04580152671755725	0.000999000999000999	38
