EC	enrich_score	p_val	where
2	0.10653777157663942	0.000999000999000999	6641
2.4	0.17553839902478668	0.000999000999000999	1061
2.4.1	0.1017293997965412	0.000999000999000999	767
