EC	enrich_score	p_val	where
2	0.0014949172812437712	0.000999000999000999	21
2.7	0.0015052684395383843	0.000999000999000999	5
2.5	0.015706806282722512	0.000999000999000999	21
2.7.8	0.00909090909090909	0.000999000999000999	5
2.5.1	0.01282051282051282	0.000999000999000999	21
