EC	enrich_score	p_val	where
6	0.12692307692307692	0.000999000999000999	198
2	0.10873031692246363	0.000999000999000999	5554
6.2	0.30184804928131415	0.000999000999000999	198
2.3	0.00650142218610321	0.000999000999000999	1522
6.2.1	0.2662337662337662	0.000999000999000999	198
