EC	enrich_score	p_val	where
1	0.47427605468175804	0.000999000999000999	7618
1.14	0.008586525759577279	0.000999000999000999	161
1.14.14	0.002156721782890007	0.000999000999000999	4
