EC	enrich_score	p_val	where
2	0.0004983057604145904	0.01998001998001998	6
2.3	0.0020316944331572532	0.000999000999000999	6
2.3.1	0.002294630564479119	0.000999000999000999	6
