EC	enrich_score	p_val	where
1	0.47214464206967516	0.000999000999000999	7584
1.1	0.030439684329199548	0.000999000999000999	136
1.1.1	0.0359955005624297	0.000999000999000999	136
