EC	enrich_score	p_val	where
1	0.0016169337057180655	0.000999000999000999	39
2	0.12138728323699421	0.000999000999000999	4836
1.2	0.0009606147934678194	0.000999000999000999	2
1.1	0.0005636978579481398	0.002997002997002997	23
1.2.1	0.0013123359580052493	0.000999000999000999	2
1.1.1	0.0007499062617172854	0.000999000999000999	23
