EC	enrich_score	p_val	where
1	0.0026458915184477435	0.000999000999000999	50
5	0.10186513629842181	0.000999000999000999	351
1.1	0.0008455467869222097	0.000999000999000999	4
1.17	0.003289473684210526	0.000999000999000999	10
5.1	0.015873015873015872	0.000999000999000999	351
1.1.99	0.012345679012345678	0.000999000999000999	4
