EC	enrich_score	p_val	where
1	0.4743495516683816	0.000999000999000999	7588
1.5	0.0029154518950437317	0.000999000999000999	4
1.1	0.024239007891770012	0.000999000999000999	581
1.5.1	0.006756756756756757	0.000999000999000999	4
1.1.1	0.016122984626921636	0.000999000999000999	131
