EC	enrich_score	p_val	where
2	0.09178792106836756	0.000999000999000999	2624
2.3	0.29906542056074764	0.000999000999000999	1536
2.3.1	0.2776502983019734	0.000999000999000999	1531
