EC	enrich_score	p_val	where
2	0.15796292605142515	0.000999000999000999	4646
2.4	0.3185696871190573	0.000999000999000999	1976
2.4.1	0.22533062054933875	0.000999000999000999	1379
