EC	enrich_score	p_val	where
2	0.1504883396452063	0.000999000999000999	5013
2.4	0.21779764323445755	0.000999000999000999	1542
2.4.99	0.11678832116788321	0.000999000999000999	22
2.4.1	0.14903357070193285	0.000999000999000999	1065
