EC	enrich_score	p_val	where
6	0.043076923076923075	0.000999000999000999	157
2	0.032788519035280045	0.000999000999000999	2243
6.2	0.01026694045174538	0.000999000999000999	19
2.7	0.12192674360260913	0.000999000999000999	2243
6.2.1	0.010822510822510822	0.000999000999000999	19
