EC	enrich_score	p_val	where
1	0.03623401440540938	0.000999000999000999	6119
1.7	0.004464285714285714	0.000999000999000999	24
1.14	0.00044033465433729633	0.002997002997002997	58
1.14.14	0.0007189072609633358	0.000999000999000999	17
1.7.3	0.037037037037037035	0.000999000999000999	24
