EC	enrich_score	p_val	where
4	0.002103049421661409	0.000999000999000999	7
3	0.003134796238244514	0.000999000999000999	62
2	0.12049033286824795	0.000999000999000999	5078
4.6	0.10526315789473684	0.000999000999000999	7
3.1	0.005007511266900351	0.000999000999000999	56
4.6.1	0.10526315789473684	0.000999000999000999	7
3.1.27	0.14285714285714285	0.000999000999000999	15
