EC	enrich_score	p_val	where
3	0.003761755485893417	0.000999000999000999	52
3.4	0.0236318407960199	0.000999000999000999	37
3.4.11	0.013513513513513514	0.000999000999000999	3
