EC	enrich_score	p_val	where
2	0.12168626669324298	0.000999000999000999	5512
2.4	0.19179195449004469	0.000999000999000999	1090
2.4.1	0.1342828077314344	0.000999000999000999	1026
