EC	enrich_score	p_val	where
2	0.127765596970301	0.000999000999000999	1499
2.1	0.7052959501557632	0.000999000999000999	1479
2.1.1	0.721835883171071	0.000999000999000999	1479
