EC	enrich_score	p_val	where
2	0.003986446083316724	0.000999000999000999	105
2.6	0.09382716049382717	0.000999000999000999	105
2.6.1	0.08579088471849866	0.000999000999000999	105
