EC	enrich_score	p_val	where
2	0.001295594977077935	0.000999000999000999	102
2.8	0.011061946902654867	0.000999000999000999	13
2.8.3	0.04807692307692308	0.000999000999000999	13
