EC	enrich_score	p_val	where
5	0.03299856527977044	0.000999000999000999	25
1	0.02675290313097163	0.000999000999000999	2054
5.3	0.10952380952380952	0.000999000999000999	25
5.3.3	0.23376623376623376	0.000999000999000999	20
