EC	enrich_score	p_val	where
1	0.4719241511098045	0.000999000999000999	7566
1.1	0.030439684329199548	0.000999000999000999	270
1.1.1	0.03562054743157105	0.000999000999000999	146
