EC	enrich_score	p_val	where
2	0.10344827586206896	0.000999000999000999	1406
2.1	0.5800623052959502	0.000999000999000999	1132
2.1.1	0.5890125173852573	0.000999000999000999	1132
