EC	enrich_score	p_val	where
3	0.01206896551724138	0.000999000999000999	344
3.1	0.012018027040560842	0.000999000999000999	155
3.1.3	0.03076923076923077	0.000999000999000999	155
