EC	enrich_score	p_val	where
1	0.4740555637218874	0.000999000999000999	7611
1.21	0.010526315789473684	0.000999000999000999	1
1.1	0.0011273957158962795	0.000999000999000999	13
1.21.1	0.25	0.000999000999000999	1
1.1.1	0.0007499062617172854	0.000999000999000999	4
