EC	enrich_score	p_val	where
2	0.16434123978473192	0.000999000999000999	4366
2.7	0.006522829904666332	0.000999000999000999	13
2.4	0.16334823242584315	0.000999000999000999	2082
2.7.7	0.0391566265060241	0.000999000999000999	13
2.4.1	0.035096642929806715	0.000999000999000999	1683
