EC	enrich_score	p_val	where
3	0.01598746081504702	0.000999000999000999	279
3.1	0.026539809714571858	0.000999000999000999	255
3.1.1	0.021220159151193633	0.000999000999000999	20
