EC	enrich_score	p_val	where
1	0.47339409084227546	0.000999000999000999	7622
1.21	0.010526315789473684	0.000999000999000999	0
1.2	0.0009606147934678194	0.000999000999000999	2
1.3	0.0006920415224913495	0.001998001998001998	17
1.21.1	0.25	0.000999000999000999	0
1.2.1	0.0013123359580052493	0.000999000999000999	2
1.3.1	0.0013774104683195593	0.000999000999000999	17
