EC	enrich_score	p_val	where
1	0.003380861384683228	0.000999000999000999	300
1.14	0.0019815059445178335	0.000999000999000999	9
1.14.99	0.025423728813559324	0.000999000999000999	9
