EC	enrich_score	p_val	where
1	0.022416580920182273	0.000999000999000999	2274
1.14	0.022236900044033465	0.000999000999000999	178
1.14.11|1	0.3225806451612903	0.000999000999000999	19
1.14.11	0.03558718861209965	0.000999000999000999	52
