EC	enrich_score	p_val	where
3	0.0032915360501567397	0.000999000999000999	538
3.2	0.0029940119760479044	0.000999000999000999	13
3.2.1	0.0033613445378151263	0.000999000999000999	13
