EC	enrich_score	p_val	where
1	0.4743495516683816	0.000999000999000999	7617
1.7	0.004464285714285714	0.000999000999000999	3
1.14	0.0015411712901805372	0.000999000999000999	112
1.7.1	0.014705882352941176	0.000999000999000999	3
1.14.13	0.0027397260273972603	0.000999000999000999	8
