EC	enrich_score	p_val	where
3	0.045454545454545456	0.000999000999000999	578
3.4	0.0845771144278607	0.000999000999000999	170
3.4.11	0.04054054054054054	0.000999000999000999	14
