EC	enrich_score	p_val	where
1	0.0019844186388358076	0.000999000999000999	31
2	0.10045844129958142	0.000999000999000999	5089
1.17	0.003289473684210526	0.000999000999000999	1
1.1	0.002536640360766629	0.000999000999000999	25
1.17.1	0.021739130434782608	0.000999000999000999	1
1.1.1	0.003374578177727784	0.000999000999000999	25
