EC	enrich_score	p_val	where
6	0.2561538461538462	0.000999000999000999	533
2	0.14530595973689456	0.000999000999000999	7806
6.2	0.4127310061601643	0.000999000999000999	306
6.2.1	0.3787878787878788	0.000999000999000999	306
