EC	enrich_score	p_val	where
1	0.0074231956489783915	0.000999000999000999	277
1.1	0.0014092446448703494	0.000999000999000999	12
1.1.5	0.009523809523809525	0.000999000999000999	1
