EC	enrich_score	p_val	where
2	0.09627267291209886	0.000999000999000999	5272
2.3	0.04632263307598537	0.000999000999000999	239
2.3.1	0.04130335016062414	0.000999000999000999	239
