EC	enrich_score	p_val	where
1	0.4727326179626635	0.000999000999000999	7583
1.1	0.0346674182638106	0.000999000999000999	180
1.1.1	0.03637045369328834	0.000999000999000999	177
