EC	enrich_score	p_val	where
1	0.007864177568719682	0.000999000999000999	780
1.3	0.05674740484429066	0.000999000999000999	111
1.3.3	0.09433962264150944	0.000999000999000999	36
