EC	enrich_score	p_val	where
2	0.07703807056009568	0.000999000999000999	5088
2.3	0.05404307192198293	0.000999000999000999	202
2.3.1	0.05002294630564479	0.000999000999000999	202
