EC	enrich_score	p_val	where
1	0.4723651330295458	0.000999000999000999	7591
1.1	0.0031003382187147687	0.000999000999000999	27
1.1.1	0.004124484439445069	0.000999000999000999	27
