EC	enrich_score	p_val	where
1	0.0006614728796119359	0.01098901098901099	13
5	0.14347202295552366	0.000999000999000999	310
1.9	0.045454545454545456	0.000999000999000999	2
1.7	0.004464285714285714	0.000999000999000999	4
5.1	0.1693121693121693	0.000999000999000999	310
1.9.6	0.125	0.000999000999000999	2
1.7.99	0.03225806451612903	0.000999000999000999	4
