EC	enrich_score	p_val	where
1	0.4714831691900632	0.000999000999000999	7540
1.2	0.0019212295869356388	0.000999000999000999	3
1.1	0.007609921082299887	0.000999000999000999	44
1.2.1	0.0026246719160104987	0.000999000999000999	3
1.1.1	0.010123734533183352	0.000999000999000999	44
