EC	enrich_score	p_val	where
5	0.018651362984218076	0.000999000999000999	25
5.3	0.047619047619047616	0.000999000999000999	14
5.3.1	0.11494252873563218	0.000999000999000999	14
