EC	enrich_score	p_val	where
1	0.4744965456416287	0.000999000999000999	7653
1.3	0.007612456747404845	0.000999000999000999	12
1.3.1	0.015151515151515152	0.000999000999000999	12
