EC	enrich_score	p_val	where
2	0.0006976280645804266	0.007992007992007992	37
2.5	0.008726003490401396	0.000999000999000999	4
2.5.1	0.009157509157509158	0.000999000999000999	4
