EC	enrich_score	p_val	where
2	0.04634243571855691	0.000999000999000999	8657
