EC	enrich_score	p_val	where
3	0.0020376175548589342	0.000999000999000999	64
3.5	0.006936416184971098	0.000999000999000999	39
3.5.4	0.041237113402061855	0.000999000999000999	39
