EC	enrich_score	p_val	where
2	0.09128961530795296	0.000999000999000999	4053
2.3	0.25396180414465663	0.000999000999000999	1594
2.3.1	0.22900413033501607	0.000999000999000999	1594
