EC	enrich_score	p_val	where
6	0.043076923076923075	0.000999000999000999	154
2	0.06129160853099462	0.000999000999000999	8772
2.7	0.0005017561465127947	0.002997002997002997	0
6.3	0.011627906976744186	0.000999000999000999	34
2.7.6	0.05555555555555555	0.000999000999000999	0
