EC	enrich_score	p_val	where
2	0.12108829978074546	0.000999000999000999	2360
2.3	0.43722064201544086	0.000999000999000999	1792
2.3.1	0.41211564938044976	0.000999000999000999	1792
