EC	enrich_score	p_val	where
3	0.0007836990595611285	0.004995004995004995	12
1	0.007864177568719682	0.000999000999000999	1246
1.14	0.00022016732716864817	0.014985014985014986	1
3.5	0.005780346820809248	0.000999000999000999	12
1.14.14	0.0007189072609633358	0.000999000999000999	1
3.5.1	0.008561643835616438	0.000999000999000999	12
