EC	enrich_score	p_val	where
2	0.033486147099860475	0.000999000999000999	4287
2.8	0.004424778761061947	0.000999000999000999	1
2.8.3	0.019230769230769232	0.000999000999000999	1
