EC	enrich_score	p_val	where
3	0.04122257053291536	0.000999000999000999	1169
3.2	0.07335329341317365	0.000999000999000999	418
3.2.1	0.07226890756302522	0.000999000999000999	418
