EC	enrich_score	p_val	where
2	0.17281243771177995	0.000999000999000999	4628
2.4	0.4636326696464852	0.000999000999000999	1769
2.4.1|2	0.04310344827586207	0.000999000999000999	20
2.4.1	0.4104781281790437	0.000999000999000999	1769
