EC	enrich_score	p_val	where
1	0.47258562398941645	0.000999000999000999	7632
1.1	0.0062006764374295375	0.000999000999000999	55
1.1.1	0.008248968878890138	0.000999000999000999	55
