EC	enrich_score	p_val	where
1	0.048214023225047774	0.000999000999000999	5849
1.5	0.008746355685131196	0.000999000999000999	2
1.5.3	0.05660377358490566	0.000999000999000999	2
