EC	enrich_score	p_val	where
1	0.4712626782301926	0.000999000999000999	7576
1.1	0.02254791431792559	0.000999000999000999	147
1.1.1|1	0.005714285714285714	0.000999000999000999	0
1.1.1	0.02249718785151856	0.000999000999000999	147
