EC	enrich_score	p_val	where
4	0.0026288117770767614	0.000999000999000999	5
2	0.002292206497907116	0.000999000999000999	92
4.1	0.008849557522123894	0.000999000999000999	5
4.1.99	0.06578947368421052	0.000999000999000999	5
