EC	enrich_score	p_val	where
3	0.00438871473354232	0.000999000999000999	93
3.5	0.019653179190751446	0.000999000999000999	21
3.5.1	0.025684931506849314	0.000999000999000999	21
