EC	enrich_score	p_val	where
1	0.0009554608261061297	0.002997002997002997	20
1.14	0.0028621752531924264	0.000999000999000999	20
1.14.14	0.006470165348670022	0.000999000999000999	9
