EC	enrich_score	p_val	where
4	0.0015772870662460567	0.000999000999000999	33
5	0.0028694404591104736	0.000999000999000999	461
4.1	0.0017699115044247787	0.000999000999000999	3
4.1.1	0.003367003367003367	0.000999000999000999	3
