EC	enrich_score	p_val	where
6	0.0038461538461538464	0.000999000999000999	19
2	0.0600956747059996	0.000999000999000999	7171
2.7	0.009533366783743101	0.000999000999000999	174
2.7.11	0.007575757575757576	0.000999000999000999	1
