EC	enrich_score	p_val	where
4	0.0005257623554153522	0.01998001998001998	0
1	0.003674849331177422	0.000999000999000999	704
4.3	0.008695652173913044	0.000999000999000999	0
1.14	0.00022016732716864817	0.014985014985014986	2
4.3.2	0.0625	0.000999000999000999	0
1.14.13	0.0009132420091324201	0.000999000999000999	2
