EC	enrich_score	p_val	where
1	0.47185065412318095	0.000999000999000999	7575
1.1	0.022829763246899663	0.000999000999000999	268
1.1.1	0.0281214848143982	0.000999000999000999	191
