EC	enrich_score	p_val	where
4	0.04784437434279706	0.000999000999000999	150
4.2	0.09528795811518324	0.000999000999000999	150
4.2.1	0.14963503649635038	0.000999000999000999	149
