EC	enrich_score	p_val	where
2	0.011560693641618497	0.000999000999000999	298
2.3	0.02478667208451849	0.000999000999000999	99
2.3.1	0.02569986232216613	0.000999000999000999	98
