EC	enrich_score	p_val	where
2	0.08012756627466613	0.000999000999000999	2421
2.3	0.22186103210077204	0.000999000999000999	1148
2.3.1	0.2028453418999541	0.000999000999000999	1148
