EC	enrich_score	p_val	where
1	0.008305159488460973	0.000999000999000999	1788
1.17	0.003289473684210526	0.000999000999000999	0
1.13	0.00234192037470726	0.000999000999000999	2
1.17.3	0.027777777777777776	0.000999000999000999	0
1.13.11	0.0034482758620689655	0.000999000999000999	2
