EC	enrich_score	p_val	where
2	0.0716563683476181	0.000999000999000999	1071
2.1	0.3333333333333333	0.000999000999000999	992
2.1.1	0.33031988873435325	0.000999000999000999	992
