EC	enrich_score	p_val	where
1	0.009187123327943554	0.000999000999000999	742
1.3	0.05813148788927336	0.000999000999000999	105
1.3.8	0.10204081632653061	0.000999000999000999	32
