EC	enrich_score	p_val	where
1	0.47412906070851096	0.000999000999000999	7589
1.1	0.03354002254791432	0.000999000999000999	211
1.1.1	0.04311961004874391	0.000999000999000999	211
