EC	enrich_score	p_val	where
2	0.0015945784333266893	0.000999000999000999	20
2.5	0.027923211169284468	0.000999000999000999	20
2.5.1	0.029304029304029304	0.000999000999000999	20
