EC	enrich_score	p_val	where
1	0.00036748493311774215	0.04695304695304695	46
1.14	0.00044033465433729633	0.002997002997002997	43
1.5	0.0029154518950437317	0.000999000999000999	46
1.14.19	0.004008016032064128	0.000999000999000999	43
1.5.99	0.014492753623188406	0.000999000999000999	46
