EC	enrich_score	p_val	where
3	0.0028213166144200625	0.000999000999000999	47
3.5	0.020809248554913295	0.000999000999000999	47
3.5.2	0.041666666666666664	0.000999000999000999	13
