EC	enrich_score	p_val	where
1	0.027414376010583566	0.000999000999000999	5618
1.1	0.0014092446448703494	0.000999000999000999	57
1.1.99	0.0205761316872428	0.000999000999000999	57
