EC	enrich_score	p_val	where
3	0.05454545454545454	0.000999000999000999	904
3.4	0.13930348258706468	0.000999000999000999	190
3.4.22	0.03508771929824561	0.000999000999000999	6
