EC	enrich_score	p_val	where
2	0.17261311540761412	0.000999000999000999	4706
2.4	0.43478260869565216	0.000999000999000999	1759
2.4.1|2	0.07758620689655173	0.000999000999000999	13
2.4.1	0.36927772126144454	0.000999000999000999	1759
