EC	enrich_score	p_val	where
6	0.033846153846153845	0.000999000999000999	59
2	0.034482758620689655	0.000999000999000999	2122
6.3	0.07364341085271318	0.000999000999000999	59
2.7	0.13045659809332663	0.000999000999000999	2122
6.3.2	0.09698996655518395	0.000999000999000999	49
