EC	enrich_score	p_val	where
2	0.07753637632051026	0.000999000999000999	5069
2.7	0.004515805318615153	0.000999000999000999	8
2.7.7	0.009036144578313253	0.000999000999000999	2
