EC	enrich_score	p_val	where
4	0.00946372239747634	0.000999000999000999	23
4.1	0.03185840707964602	0.000999000999000999	23
4.1.1	0.06060606060606061	0.000999000999000999	23
