EC	enrich_score	p_val	where
1	0.4733205938556519	0.000999000999000999	7605
1.1	0.06764374295377677	0.000999000999000999	326
1.1.1	0.0824896887889014	0.000999000999000999	326
