EC	enrich_score	p_val	where
3	0.0009404388714733542	0.002997002997002997	6
2	0.10314929240582021	0.000999000999000999	5993
3.6	0.003952569169960474	0.000999000999000999	6
2.7	0.007024586051179127	0.000999000999000999	172
3.6.1	0.016597510373443983	0.000999000999000999	6
