EC	enrich_score	p_val	where
2	0.17281243771177995	0.000999000999000999	3741
2.4	0.4989841527834214	0.000999000999000999	1977
2.4.1	0.4313326551373347	0.000999000999000999	1977
