EC	enrich_score	p_val	where
6	0.2946153846153846	0.000999000999000999	744
2	0.16753039665138528	0.000999000999000999	9470
6.2	0.32854209445585214	0.000999000999000999	222
6.2.1	0.3116883116883117	0.000999000999000999	222
