EC	enrich_score	p_val	where
1	0.00036748493311774215	0.04695304695304695	4
1.1	0.0014092446448703494	0.000999000999000999	4
1.1.-	0.10714285714285714	0.000999000999000999	2
