EC	enrich_score	p_val	where
1	0.020432162281346464	0.000999000999000999	1183
1.14	0.013650374284456186	0.000999000999000999	516
1.14.15	0.003401360544217687	0.000999000999000999	0
1.14.14	0.002875629043853343	0.000999000999000999	17
