EC	enrich_score	p_val	where
4	0.0015772870662460567	0.000999000999000999	2
4.3	0.02608695652173913	0.000999000999000999	2
4.3.2	0.0625	0.000999000999000999	0
4.3.2|4	0.5	0.000999000999000999	2
