EC	enrich_score	p_val	where
2	0.07046043452262309	0.000999000999000999	4094
2.7	0.009533366783743101	0.000999000999000999	39
2.7.7	0.009036144578313253	0.000999000999000999	2
2.7.8	0.012121212121212121	0.000999000999000999	38
