EC	enrich_score	p_val	where
3	0.0025078369905956114	0.000999000999000999	15
2	0.03478174207693841	0.000999000999000999	4004
3.4	0.01990049751243781	0.000999000999000999	15
3.4.21	0.0967741935483871	0.000999000999000999	15
