EC	enrich_score	p_val	where
1	0.0013229457592238718	0.000999000999000999	26
1.3	0.006228373702422145	0.000999000999000999	21
1.3.5	0.09574468085106383	0.000999000999000999	21
