EC	enrich_score	p_val	where
2	0.1217859278453259	0.000999000999000999	1746
2.3	0.46525802519301096	0.000999000999000999	1739
2.3.1	0.4419458467186783	0.000999000999000999	1739
