EC	enrich_score	p_val	where
2	0.00039864460833167234	0.04695304695304695	3
1	0.06629428193444069	0.000999000999000999	1562
2.5	0.0034904013961605585	0.000999000999000999	1
2.5.1	0.003663003663003663	0.000999000999000999	1
