EC	enrich_score	p_val	where
2	0.1720151484951166	0.000999000999000999	4108
2.4	0.5002031694433158	0.000999000999000999	2038
2.4.1	0.4237029501525941	0.000999000999000999	2038
