EC	enrich_score	p_val	where
1	0.4744230486550051	0.000999000999000999	7601
1.14	0.004403346543372964	0.000999000999000999	107
1.14.13	0.0018264840182648401	0.000999000999000999	4
