EC	enrich_score	p_val	where
1	0.006688225782742908	0.000999000999000999	969
1.14	0.001321003963011889	0.000999000999000999	14
1.14.99	0.011299435028248588	0.000999000999000999	3
