EC	enrich_score	p_val	where
1	0.4737615757753932	0.000999000999000999	7578
1.14	0.0015411712901805372	0.000999000999000999	28
1.1	0.009301014656144307	0.000999000999000999	588
1.14.13|1	0.02857142857142857	0.000999000999000999	0
1.14.13	0.0036529680365296802	0.000999000999000999	14
1.1.1	0.006749156355455568	0.000999000999000999	398
