EC	enrich_score	p_val	where
2	0.001195933824995017	0.000999000999000999	31
2.5	0.010471204188481676	0.000999000999000999	9
2.5.1	0.01098901098901099	0.000999000999000999	9
