EC	enrich_score	p_val	where
1	0.47383507276201675	0.000999000999000999	7627
1.1	0.043968432919954906	0.000999000999000999	499
1.1.1	0.051368578927634044	0.000999000999000999	360
