EC	enrich_score	p_val	where
1	0.4743495516683816	0.000999000999000999	7617
1.1	0.0011273957158962795	0.000999000999000999	9
1.3	0.0020761245674740486	0.000999000999000999	39
1.1.1	0.0014998125234345708	0.000999000999000999	9
