EC	enrich_score	p_val	where
2	0.008371536774965119	0.000999000999000999	174
2.1	0.017445482866043614	0.000999000999000999	75
2.1.1	0.01808066759388039	0.000999000999000999	75
