EC	enrich_score	p_val	where
2	0.1687263304763803	0.000999000999000999	4678
2.4	0.38114587566030067	0.000999000999000999	1798
2.4.1|2	0.05172413793103448	0.000999000999000999	14
2.4.1	0.3046795523906409	0.000999000999000999	1523
