EC	enrich_score	p_val	where
2	0.15856089296392267	0.000999000999000999	3505
2.4	0.2864689150751727	0.000999000999000999	2095
2.4.1	0.18413021363173956	0.000999000999000999	1597
