EC	enrich_score	p_val	where
1	0.47412906070851096	0.000999000999000999	7602
1.1	0.040304396843292	0.000999000999000999	486
1.1.1	0.02699662542182227	0.000999000999000999	291
