EC	enrich_score	p_val	where
3	0.03793103448275862	0.000999000999000999	2114
3.5	0.0011560693641618498	0.000999000999000999	2
3.2	0.009730538922155689	0.000999000999000999	24
3.2.1	0.010084033613445379	0.000999000999000999	23
