EC	enrich_score	p_val	where
4	0.0015772870662460567	0.000999000999000999	7
4.1	0.0035398230088495575	0.000999000999000999	5
4.1.1	0.006734006734006734	0.000999000999000999	5
