EC	enrich_score	p_val	where
2	0.10623878812039067	0.000999000999000999	1301
2.1	0.5750778816199377	0.000999000999000999	1104
2.1.1	0.5820584144645341	0.000999000999000999	1104
