EC	enrich_score	p_val	where
1	0.4743495516683816	0.000999000999000999	7619
1.14	0.004623513870541612	0.000999000999000999	49
1.14.12	0.10687022900763359	0.000999000999000999	48
