EC	enrich_score	p_val	where
3	0.00438871473354232	0.000999000999000999	153
3.2	0.0029940119760479044	0.000999000999000999	5
3.2.1	0.0025210084033613447	0.000999000999000999	2
