EC	enrich_score	p_val	where
5	0.03012912482065997	0.000999000999000999	27
5.4	0.14189189189189189	0.000999000999000999	27
5.4.99	0.2625	0.000999000999000999	27
