EC	enrich_score	p_val	where
2	0.004285429539565478	0.000999000999000999	109
2.8	0.028761061946902654	0.000999000999000999	21
2.8.3	0.125	0.000999000999000999	21
