EC	enrich_score	p_val	where
1	0.03006026752903131	0.000999000999000999	1016
1.14	0.05328049317481286	0.000999000999000999	851
1.14.14	0.008626887131560028	0.000999000999000999	52
