EC	enrich_score	p_val	where
2	0.07594179788718358	0.000999000999000999	4876
2.4	0.05404307192198293	0.000999000999000999	1032
2.4.1	0.006612410986775178	0.000999000999000999	265
