EC	enrich_score	p_val	where
2	0.06458042654973091	0.000999000999000999	5398
2.3	0.047541649735879724	0.000999000999000999	249
2.3.1	0.04222120238641579	0.000999000999000999	246
