EC	enrich_score	p_val	where
4	0.0031545741324921135	0.000999000999000999	10
4.4	0.03821656050955414	0.000999000999000999	10
4.4.1	0.038461538461538464	0.000999000999000999	10
