EC	enrich_score	p_val	where
3	0.01818181818181818	0.000999000999000999	379
3.5	0.011560693641618497	0.000999000999000999	43
3.5.1	0.011986301369863013	0.000999000999000999	42
