EC	enrich_score	p_val	where
1	0.47427605468175804	0.000999000999000999	7589
1.1	0.011555806087936866	0.000999000999000999	152
1.1.1	0.007124109486314211	0.000999000999000999	152
