EC	enrich_score	p_val	where
3	0.0014106583072100312	0.000999000999000999	94
2	0.0006976280645804266	0.007992007992007992	157
2.4	0.0016253555465258025	0.000999000999000999	3
3.2	0.0029940119760479044	0.000999000999000999	15
2.4.1	0.002034587995930824	0.000999000999000999	3
3.2.1	0.0033613445378151263	0.000999000999000999	15
