EC	enrich_score	p_val	where
6	0.0876923076923077	0.000999000999000999	377
2	0.0794299382100857	0.000999000999000999	7070
6.3	0.07751937984496124	0.000999000999000999	102
6.3.2|6	0.14285714285714285	0.000999000999000999	0
6.3.2	0.023411371237458192	0.000999000999000999	11
