EC	enrich_score	p_val	where
1	0.010657063060414524	0.000999000999000999	1435
1.1	0.0014092446448703494	0.000999000999000999	47
1.1.99	0.0205761316872428	0.000999000999000999	47
