EC	enrich_score	p_val	where
4	0.003680336487907466	0.000999000999000999	9
5	0.06025824964131994	0.000999000999000999	391
4.1	0.012389380530973451	0.000999000999000999	9
4.1.2	0.05982905982905983	0.000999000999000999	9
