EC	enrich_score	p_val	where
1	0.4744965456416287	0.000999000999000999	7597
1.3	0.001384083044982699	0.000999000999000999	34
1.1	0.005918827508455468	0.000999000999000999	161
1.1.1	0.0011248593925759281	0.000999000999000999	44
