EC	enrich_score	p_val	where
3	0.025078369905956112	0.000999000999000999	1151
3.1	0.06860290435653481	0.000999000999000999	335
3.1.3	0.009615384615384616	0.000999000999000999	169
