EC	enrich_score	p_val	where
6	0.043076923076923075	0.000999000999000999	220
2	0.10005979669124974	0.000999000999000999	6985
6.1	0.0049261083743842365	0.000999000999000999	0
6.3	0.013565891472868217	0.000999000999000999	56
2.7	0.05920722528850978	0.000999000999000999	2186
6.1.3	0.16666666666666666	0.000999000999000999	0
