EC	enrich_score	p_val	where
1	0.4743495516683816	0.000999000999000999	7603
1.2	0.002881844380403458	0.000999000999000999	9
1.1	0.0011273957158962795	0.000999000999000999	94
1.2.1|1	0.03571428571428571	0.000999000999000999	6
1.2.1	0.0013123359580052493	0.000999000999000999	9
1.1.1	0.0007499062617172854	0.000999000999000999	24
