EC	enrich_score	p_val	where
3	0.018652037617554858	0.000999000999000999	724
3.1	0.02704056084126189	0.000999000999000999	236
3.1.1	0.029177718832891247	0.000999000999000999	40
