EC	enrich_score	p_val	where
3	0.0014106583072100312	0.000999000999000999	19
3.2	0.006736526946107785	0.000999000999000999	19
3.2.2	0.06870229007633588	0.000999000999000999	19
