EC	enrich_score	p_val	where
2	0.0005979669124975084	0.013986013986013986	7
3	0.023510971786833857	0.000999000999000999	502
2.7	0.0030105368790767687	0.000999000999000999	7
3.1	0.06860290435653481	0.000999000999000999	352
2.7.1	0.006896551724137931	0.000999000999000999	7
3.1.3	0.025	0.000999000999000999	220
