EC	enrich_score	p_val	where
1	0.15177127737762752	0.000999000999000999	4117
1.1	0.0014092446448703494	0.000999000999000999	61
1.2	0.09125840537944284	0.000999000999000999	209
1.1.1	0.0018747656542932134	0.000999000999000999	61
1.2.1	0.12467191601049869	0.000999000999000999	209
