EC	enrich_score	p_val	where
1	0.11715419667793621	0.000999000999000999	2322
1.2	0.022094140249759846	0.000999000999000999	36
1.2.1	0.01837270341207349	0.000999000999000999	33
