EC	enrich_score	p_val	where
5	0.021520803443328552	0.000999000999000999	14
1	0.003527855357930325	0.000999000999000999	136
5.3	0.06190476190476191	0.000999000999000999	14
1.1	0.009019165727170236	0.000999000999000999	102
5.3.1	0.14942528735632185	0.000999000999000999	14
