EC	enrich_score	p_val	where
1	0.4716301631633103	0.000999000999000999	7561
1.1	0.018602029312288614	0.000999000999000999	257
1.1.1	0.021747281589801274	0.000999000999000999	257
