EC	enrich_score	p_val	where
1	0.01455240335146259	0.000999000999000999	1493
