EC	enrich_score	p_val	where
2	0.041658361570659753	0.000999000999000999	1850
2.7	0.1851480180632213	0.000999000999000999	925
2.7.11	0.09848484848484848	0.000999000999000999	14
2.7.1	0.08850574712643679	0.000999000999000999	689
