EC	enrich_score	p_val	where
1	0.4719241511098045	0.000999000999000999	7565
1.14	0.0006605019815059445	0.001998001998001998	4
1.1	0.005073280721533258	0.000999000999000999	101
1.14.13	0.0027397260273972603	0.000999000999000999	4
1.1.1	0.0044994375703037125	0.000999000999000999	101
