EC	enrich_score	p_val	where
1|1	0.08333333333333333	0.000999000999000999	0
1	0.47398206673526383	0.000999000999000999	7586
1|1.1	0.1111111111111111	0.000999000999000999	0
1.14	0.005284015852047556	0.000999000999000999	175
1|1.1.1	0.3333333333333333	0.000999000999000999	0
