EC	enrich_score	p_val	where
1	0.005585770983389681	0.000999000999000999	442
1.4	0.013605442176870748	0.000999000999000999	7
1.4.3	0.02877697841726619	0.000999000999000999	7
