EC	enrich_score	p_val	where
2	0.001195933824995017	0.000999000999000999	54
2.1	0.006230529595015576	0.000999000999000999	11
2.1.1	0.006954102920723227	0.000999000999000999	11
