EC	enrich_score	p_val	where
1	0.47457004262825225	0.000999000999000999	7654
1.3	0.011072664359861591	0.000999000999000999	26
1.3.1	0.02203856749311295	0.000999000999000999	26
