EC	enrich_score	p_val	where
1	0.018668234602381303	0.000999000999000999	2745
1.97	0.022727272727272728	0.000999000999000999	2
1.97.1	0.023255813953488372	0.000999000999000999	2
