EC	enrich_score	p_val	where
2	0.001993223041658362	0.000999000999000999	20
2.7	0.010035122930255895	0.000999000999000999	20
2.7.8	0.06060606060606061	0.000999000999000999	20
