EC	enrich_score	p_val	where
2	0.1724137931034483	0.000999000999000999	3616
2.4	0.4693214140593255	0.000999000999000999	2239
2.4.1|2	0.008620689655172414	0.000999000999000999	3
2.4.1	0.3799593082400814	0.000999000999000999	2196
