EC	enrich_score	p_val	where
1	0.0013964427458474202	0.000999000999000999	83
1.1	0.0002818489289740699	0.014985014985014986	0
1.14	0.001100836635843241	0.000999000999000999	13
1.1.-	0.03571428571428571	0.000999000999000999	0
1.14.14	0.0014378145219266715	0.000999000999000999	3
