EC	enrich_score	p_val	where
3	0.0280564263322884	0.000999000999000999	669
3.4	0.05472636815920398	0.000999000999000999	205
3.4.13	0.10752688172043011	0.000999000999000999	28
