EC	enrich_score	p_val	where
1	0.0019844186388358076	0.000999000999000999	116
1.14	0.00044033465433729633	0.002997002997002997	46
1.14.-	0.015873015873015872	0.000999000999000999	46
