EC	enrich_score	p_val	where
3	0.012695924764890282	0.000999000999000999	101
3.1	0.02954431647471207	0.000999000999000999	101
3.1.3	0.10961538461538461	0.000999000999000999	101
