EC	enrich_score	p_val	where
1	0.007129207702484198	0.000999000999000999	1222
1.3	0.0020761245674740486	0.000999000999000999	2
1.3.99	0.014925373134328358	0.000999000999000999	2
