EC	enrich_score	p_val	where
1	0.47185065412318095	0.000999000999000999	7544
1.3	0.06228373702422145	0.000999000999000999	241
1.3.1	0.11019283746556474	0.000999000999000999	241
