EC	enrich_score	p_val	where
1	0.002057915625459356	0.000999000999000999	113
1.1	0.007046223224351747	0.000999000999000999	112
1.1.99	0.0205761316872428	0.000999000999000999	4
