EC	enrich_score	p_val	where
1	0.00036748493311774215	0.04695304695304695	4
2	0.001195933824995017	0.000999000999000999	25
1.14	0.001100836635843241	0.000999000999000999	4
2.5	0.020942408376963352	0.000999000999000999	25
1.14.14	0.0035945363048166786	0.000999000999000999	4
2.5.1	0.02197802197802198	0.000999000999000999	25
