EC	enrich_score	p_val	where
3	0.02946708463949843	0.000999000999000999	984
3.1	0.028042063094641963	0.000999000999000999	193
3.1.6	0.15714285714285714	0.000999000999000999	18
