EC	enrich_score	p_val	where
1	0.061075995884168746	0.000999000999000999	5676
1.3	0.0006920415224913495	0.001998001998001998	12
1.1	0.0005636978579481398	0.002997002997002997	55
1.3.3	0.009433962264150943	0.000999000999000999	12
