EC	enrich_score	p_val	where
2	0.12338050627865259	0.000999000999000999	6746
2.4	0.20398212108898822	0.000999000999000999	1143
2.4.1|2	0.008620689655172414	0.000999000999000999	0
2.4.1	0.14191251271617497	0.000999000999000999	973
