EC	enrich_score	p_val	where
3	0.0020376175548589342	0.000999000999000999	27
1	0.001837424665588711	0.000999000999000999	2717
3.4	0.007462686567164179	0.000999000999000999	5
3.4.16	0.022222222222222223	0.000999000999000999	0
3.4.17	0.05	0.000999000999000999	5
