EC	enrich_score	p_val	where
1	0.47464353961487576	0.000999000999000999	7605
1.1	0.008173618940248028	0.000999000999000999	207
1.1.1	0.006374203224596925	0.000999000999000999	207
