EC	enrich_score	p_val	where
2	0.01405222244369145	0.000999000999000999	3317
2.3	0.003250711093051605	0.000999000999000999	25
2.3.2	0.04597701149425287	0.000999000999000999	25
