EC	enrich_score	p_val	where
2	0.0010962726729120988	0.000999000999000999	89
5	0.024390243902439025	0.000999000999000999	416
2.1	0.004361370716510903	0.000999000999000999	6
2.1.1	0.004867872044506259	0.000999000999000999	6
