EC	enrich_score	p_val	where
2	0.03727327087901136	0.000999000999000999	2243
2.7	0.1821374811841445	0.000999000999000999	729
2.7.1	0.21264367816091953	0.000999000999000999	299
