EC	enrich_score	p_val	where
1	0.011759517859767749	0.000999000999000999	1315
1.13	0.01639344262295082	0.000999000999000999	14
1.13.11	0.02413793103448276	0.000999000999000999	14
