EC	enrich_score	p_val	where
1	0.47346758782889903	0.000999000999000999	7612
1.1	0.001972942502818489	0.000999000999000999	11
1.1.1	0.0026246719160104987	0.000999000999000999	11
