EC	enrich_score	p_val	where
1	0.03851242099073938	0.000999000999000999	3558
1.14	0.012989872302950243	0.000999000999000999	393
1.14.15	0.003401360544217687	0.000999000999000999	2
1.14.14	0.002875629043853343	0.000999000999000999	28
