EC	enrich_score	p_val	where
1|1	0.08333333333333333	0.000999000999000999	0
1	0.47457004262825225	0.000999000999000999	7594
1|1.1	0.1111111111111111	0.000999000999000999	0
1.1	0.004227733934611048	0.000999000999000999	29
1|1.1.1|1	0.16666666666666666	0.000999000999000999	0
1.1.1	0.0026246719160104987	0.000999000999000999	29
