EC	enrich_score	p_val	where
4	0.0026288117770767614	0.000999000999000999	8
4.4	0.025477707006369428	0.000999000999000999	3
4.4.1	0.02564102564102564	0.000999000999000999	3
