EC	enrich_score	p_val	where
4	0.0026288117770767614	0.000999000999000999	4
4.3	0.043478260869565216	0.000999000999000999	4
4.3.3	0.2631578947368421	0.000999000999000999	4
