EC	enrich_score	p_val	where
2	0.14749850508271875	0.000999000999000999	6407
2.4	0.24095895977245022	0.000999000999000999	1381
2.4.1	0.1683621566632757	0.000999000999000999	748
