EC	enrich_score	p_val	where
1	0.01741878582978098	0.000999000999000999	1927
1.14	0.029502421840598855	0.000999000999000999	241
1.14.19	0.10020040080160321	0.000999000999000999	98
