EC	enrich_score	p_val	where
1	0.4736145818021461	0.000999000999000999	7592
1.1	0.009301014656144307	0.000999000999000999	155
1.1.1	0.012373453318335208	0.000999000999000999	155
