EC	enrich_score	p_val	where
1	0.4717771571365574	0.000999000999000999	7574
1.14	0.0015411712901805372	0.000999000999000999	31
1.14.13	0.0018264840182648401	0.000999000999000999	1
