EC	enrich_score	p_val	where
2	0.14530595973689456	0.000999000999000999	5423
2.4	0.24827305973181635	0.000999000999000999	1311
2.4.1	0.193794506612411	0.000999000999000999	766
