EC	enrich_score	p_val	where
1	0.4743495516683816	0.000999000999000999	7606
1.14	0.002201673271686482	0.000999000999000999	127
1.14.12	0.03816793893129771	0.000999000999000999	9
