EC	enrich_score	p_val	where
2	0.16723141319513654	0.000999000999000999	3838
2.4	0.4900446972775295	0.000999000999000999	2346
2.4.1	0.41149542217700913	0.000999000999000999	2152
