EC	enrich_score	p_val	where
1	0.01837424665588711	0.000999000999000999	2311
1.1	0.002254791431792559	0.000999000999000999	7
1.1.5	0.06666666666666667	0.000999000999000999	6
