EC	enrich_score	p_val	where
1	0.0031603704248125827	0.000999000999000999	543
