EC	enrich_score	p_val	where
2	0.027307155670719552	0.000999000999000999	7818
2.7	0.011038635223281485	0.000999000999000999	352
2.7.4	0.006896551724137931	0.000999000999000999	2
