EC	enrich_score	p_val	where
2	0.0018935618895754435	0.000999000999000999	40
3	0.03432601880877743	0.000999000999000999	823
2.4	0.005282405526208858	0.000999000999000999	12
2.4.1	0.006612410986775178	0.000999000999000999	12
