EC	enrich_score	p_val	where
1	0.4733205938556519	0.000999000999000999	7584
1.1	0.008173618940248028	0.000999000999000999	33
1.1.1	0.010873640794900637	0.000999000999000999	33
