EC	enrich_score	p_val	where
2	0.11829778752242376	0.000999000999000999	1752
2.3	0.45225518082080457	0.000999000999000999	1752
2.3.1	0.4272602111060119	0.000999000999000999	1752
