EC	enrich_score	p_val	where
4	0.0005257623554153522	0.01998001998001998	3
1	0.007349698662354844	0.000999000999000999	2452
