EC	enrich_score	p_val	where
1	0.47383507276201675	0.000999000999000999	7577
1.1	0.0005636978579481398	0.002997002997002997	3
1.14	0.0015411712901805372	0.000999000999000999	44
1.1.1	0.0007499062617172854	0.000999000999000999	3
1.14.13	0.0036529680365296802	0.000999000999000999	14
