EC	enrich_score	p_val	where
1	0.05350580626194326	0.000999000999000999	4548
1.11	0.003389830508474576	0.000999000999000999	26
1.14	0.00044033465433729633	0.002997002997002997	56
1.11.-	0.3333333333333333	0.000999000999000999	26
1.14.18	0.007692307692307693	0.000999000999000999	33
