EC	enrich_score	p_val	where
3	0.004545454545454545	0.000999000999000999	33
3.1	0.013520280420630946	0.000999000999000999	33
3.1.1	0.03050397877984085	0.000999000999000999	33
