EC	enrich_score	p_val	where
2	0.09437911102252342	0.000999000999000999	2666
2.3	0.30069077610727346	0.000999000999000999	2102
2.3.1|2	0.03636363636363636	0.000999000999000999	1
2.3.1	0.2693896282698486	0.000999000999000999	1615
