EC	enrich_score	p_val	where
3	0.0225705329153605	0.000999000999000999	840
3.1	0.03655483224837256	0.000999000999000999	534
3.1.4	0.05309734513274336	0.000999000999000999	39
