EC	enrich_score	p_val	where
4	0.0015772870662460567	0.000999000999000999	5
4.3	0.02608695652173913	0.000999000999000999	5
4.3.3	0.15789473684210525	0.000999000999000999	5
