EC	enrich_score	p_val	where
1	0.002204909598706453	0.000999000999000999	115
1.13	0.0117096018735363	0.000999000999000999	5
1.13.12	0.05319148936170213	0.000999000999000999	5
