EC	enrich_score	p_val	where
1	0.47412906070851096	0.000999000999000999	7574
1.1	0.014656144306651634	0.000999000999000999	1257
1.1.1	0.0026246719160104987	0.000999000999000999	29
