EC	enrich_score	p_val	where
2	0.1455052820410604	0.000999000999000999	4995
2.4	0.24217797643234457	0.000999000999000999	1425
2.4.1	0.19277721261444558	0.000999000999000999	714
