EC	enrich_score	p_val	where
1	0.003380861384683228	0.000999000999000999	56
1.97	0.022727272727272728	0.000999000999000999	0
1.11	0.003389830508474576	0.000999000999000999	14
1.8	0.0058997050147492625	0.000999000999000999	56
1.97.1	0.023255813953488372	0.000999000999000999	0
1.11.1	0.004	0.000999000999000999	14
