EC	enrich_score	p_val	where
2	0.09687063982459637	0.000999000999000999	5966
2.7	0.019568489713998997	0.000999000999000999	206
2.7.8	0.06060606060606061	0.000999000999000999	37
