EC	enrich_score	p_val	where
4	0.0005257623554153522	0.01998001998001998	0
3	0.014576802507836991	0.000999000999000999	351
2	0.004086107235399641	0.000999000999000999	2467
4.2	0.0010471204188481676	0.000999000999000999	0
2.4	0.0004063388866314506	0.002997002997002997	5
3.2	0.03592814371257485	0.000999000999000999	324
4.2.2	0.020833333333333332	0.000999000999000999	0
2.4.1	0.000508646998982706	0.013986013986013986	5
3.2.1	0.03697478991596639	0.000999000999000999	324
