EC	enrich_score	p_val	where
4	0.0005257623554153522	0.01998001998001998	6
5	0.12625538020086083	0.000999000999000999	329
4.1	0.0017699115044247787	0.000999000999000999	6
5.1	0.10582010582010581	0.000999000999000999	329
4.1.2	0.008547008547008548	0.000999000999000999	6
