EC	enrich_score	p_val	where
2	0.07893163244967112	0.000999000999000999	4240
2.4	0.0016253555465258025	0.000999000999000999	3
2.4.1	0.000508646998982706	0.013986013986013986	0
2.4.99	0.014598540145985401	0.000999000999000999	3
