EC	enrich_score	p_val	where
2	0.005381702212477576	0.000999000999000999	79
2.6	0.13333333333333333	0.000999000999000999	79
2.6.1	0.12332439678284182	0.000999000999000999	79
