EC	enrich_score	p_val	where
1	0.0034543583713067764	0.000999000999000999	257
1.7	0.004464285714285714	0.000999000999000999	1
1.7.3	0.037037037037037035	0.000999000999000999	1
