EC	enrich_score	p_val	where
1	0.0016169337057180655	0.000999000999000999	22
2	0.011760015945784333	0.000999000999000999	3471
1.3	0.006920415224913495	0.000999000999000999	20
1.3.1	0.013774104683195593	0.000999000999000999	20
