EC	enrich_score	p_val	where
2	0.0005979669124975084	0.013986013986013986	18
3	0.007210031347962382	0.000999000999000999	214
3.6	0.001976284584980237	0.000999000999000999	1
3.6.1	0.008298755186721992	0.000999000999000999	1
