EC	enrich_score	p_val	where
2	0.11680287024117998	0.000999000999000999	4899
2.7	0.0030105368790767687	0.000999000999000999	20
2.4	0.08248679398618448	0.000999000999000999	1155
2.4.2	0.004405286343612335	0.000999000999000999	0
2.7.8	0.01818181818181818	0.000999000999000999	20
2.4.1	0.02695829094608342	0.000999000999000999	837
