EC	enrich_score	p_val	where
1	0.47457004262825225	0.000999000999000999	7596
1.1	0.015783540022547914	0.000999000999000999	143
1.1.1	0.008998875140607425	0.000999000999000999	66
