EC	enrich_score	p_val	where
1	0.47383507276201675	0.000999000999000999	7602
1.1	0.0002818489289740699	0.014985014985014986	4
1.14	0.0033025099075297227	0.000999000999000999	38
1.1.1	0.0003749531308586427	0.013986013986013986	4
1.14.13	0.0036529680365296802	0.000999000999000999	21
