EC	enrich_score	p_val	where
3	0.014420062695924765	0.000999000999000999	119
3.2	0.05538922155688623	0.000999000999000999	119
3.2.1	0.05546218487394958	0.000999000999000999	119
