EC	enrich_score	p_val	where
6	0.015384615384615385	0.000999000999000999	68
2	0.039665138529001394	0.000999000999000999	1883
6.3	0.027131782945736434	0.000999000999000999	68
2.7	0.15855494229804315	0.000999000999000999	1883
6.3.2	0.0033444816053511705	0.000999000999000999	0
