EC	enrich_score	p_val	where
5	0.010043041606886656	0.000999000999000999	10
1	0.009040129354696457	0.000999000999000999	978
5.4	0.0472972972972973	0.000999000999000999	10
1.13	0.06323185011709602	0.000999000999000999	65
5.4.4	0.35	0.000999000999000999	10
1.13.11	0.08620689655172414	0.000999000999000999	65
