EC	enrich_score	p_val	where
2	0.005481363364560494	0.000999000999000999	328
