EC	enrich_score	p_val	where
3	0.0040752351097178684	0.000999000999000999	64
3.1	0.0035052578868302454	0.000999000999000999	12
3.1.3	0.0019230769230769232	0.000999000999000999	0
