EC	enrich_score	p_val	where
4	0.005257623554153523	0.000999000999000999	20
4.1	0.0017699115044247787	0.000999000999000999	5
4.2	0.004188481675392671	0.000999000999000999	20
4.1.1	0.003367003367003367	0.000999000999000999	5
4.2.1	0.0072992700729927005	0.000999000999000999	20
