EC	enrich_score	p_val	where
2	0.15806258720350808	0.000999000999000999	4509
2.4	0.13774888256806175	0.000999000999000999	1985
