EC	enrich_score	p_val	where
1	0.013449948552109363	0.000999000999000999	3912
1.14	0.006164685160722149	0.000999000999000999	60
1.14.11	0.021352313167259787	0.000999000999000999	9
