EC	enrich_score	p_val	where
1	0.47383507276201675	0.000999000999000999	7594
1.1	0.03720405862457723	0.000999000999000999	229
1.1.1	0.047994000749906264	0.000999000999000999	229
