EC	enrich_score	p_val	where
2	0.12158660554116006	0.000999000999000999	1758
2.3	0.46160097521332794	0.000999000999000999	1715
2.3.1	0.43919229004130333	0.000999000999000999	1714
