EC	enrich_score	p_val	where
1	0.1175951785976775	0.000999000999000999	2296
1.4	0.006802721088435374	0.000999000999000999	1
1.5	0.0029154518950437317	0.000999000999000999	5
1.4.1	0.03125	0.000999000999000999	1
1.5.1	0.006756756756756757	0.000999000999000999	5
