EC	enrich_score	p_val	where
2	0.17171616503886786	0.000999000999000999	3850
2.4	0.510361641609102	0.000999000999000999	2000
2.4.1	0.44455747711088506	0.000999000999000999	2000
