EC	enrich_score	p_val	where
2	0.12218457245365756	0.000999000999000999	1861
2.3	0.4624136529865908	0.000999000999000999	1743
2.3.1	0.440110142267095	0.000999000999000999	1710
