EC	enrich_score	p_val	where
6	0.0007692307692307692	0.004995004995004995	0
6.-	0.5	0.000999000999000999	0
6.-.-	0.5	0.000999000999000999	0
