EC	enrich_score	p_val	where
1	0.0004409819197412906	0.030969030969030968	5
2	0.001195933824995017	0.000999000999000999	60
5	0.08895265423242468	0.000999000999000999	358
1.14	0.001321003963011889	0.000999000999000999	5
1.14.14	0.004313443565780014	0.000999000999000999	5
