EC	enrich_score	p_val	where
1	0.47346758782889903	0.000999000999000999	7597
1.3	0.021453287197231833	0.000999000999000999	40
1.3.1	0.03443526170798898	0.000999000999000999	40
