EC	enrich_score	p_val	where
2	0.01504883396452063	0.000999000999000999	228
2.8	0.3230088495575221	0.000999000999000999	215
2.8.2	0.6931216931216931	0.000999000999000999	213
