EC	enrich_score	p_val	where
2	0.08062587203508073	0.000999000999000999	4321
2.3	0.18000812677773262	0.000999000999000999	1402
2.3.1	0.16108306562643415	0.000999000999000999	1373
