EC	enrich_score	p_val	where
1	0.0014699397324709686	0.000999000999000999	97
1.1	0.002254791431792559	0.000999000999000999	8
1.1.3	0.005405405405405406	0.000999000999000999	0
1.1.99	0.012345679012345678	0.000999000999000999	5
