EC	enrich_score	p_val	where
2	0.1736097269284433	0.000999000999000999	3636
2.4	0.46160097521332794	0.000999000999000999	2307
2.4.1	0.37945066124109866	0.000999000999000999	2095
