EC	enrich_score	p_val	where
1	0.002204909598706453	0.000999000999000999	77
1.13	0.00702576112412178	0.000999000999000999	4
1.13.12	0.031914893617021274	0.000999000999000999	4
