EC	enrich_score	p_val	where
2	0.17291209886386286	0.000999000999000999	3391
2.4	0.48760666395774077	0.000999000999000999	2244
2.4.1	0.4084435401831129	0.000999000999000999	1870
