EC	enrich_score	p_val	where
6	0.0007692307692307692	0.004995004995004995	1
2	0.03896751046442097	0.000999000999000999	929
6.3	0.001937984496124031	0.000999000999000999	1
2.7	0.1921726041144004	0.000999000999000999	929
6.3.1	0.015873015873015872	0.000999000999000999	1
2.7.3	0.03571428571428571	0.000999000999000999	11
