EC	enrich_score	p_val	where
4	0.0005257623554153522	0.01998001998001998	0
1	0.00896663236807291	0.000999000999000999	1665
4.3	0.008695652173913044	0.000999000999000999	0
4.3.99	0.2	0.000999000999000999	0
