EC	enrich_score	p_val	where
2	0.08640621885588998	0.000999000999000999	4256
2.3	0.10483543275091427	0.000999000999000999	1648
2.3.1	0.08031206975676916	0.000999000999000999	1030
