EC	enrich_score	p_val	where
4	0.0057833859095688745	0.000999000999000999	10
4.1	0.019469026548672566	0.000999000999000999	10
4.1.1	0.037037037037037035	0.000999000999000999	10
