EC	enrich_score	p_val	where
3	0.02115987460815047	0.000999000999000999	892
3.2	0.02470059880239521	0.000999000999000999	302
3.2.1	0.018487394957983194	0.000999000999000999	113
