EC	enrich_score	p_val	where
2	0.1201913494119992	0.000999000999000999	1893
2.3	0.44656643640796423	0.000999000999000999	1638
2.3.1	0.42404772831574117	0.000999000999000999	1597
