EC	enrich_score	p_val	where
3	0.02445141065830721	0.000999000999000999	534
3.5	0.0023121387283236996	0.000999000999000999	2
3.4	0.04477611940298507	0.000999000999000999	172
3.5.1	0.003424657534246575	0.000999000999000999	2
