EC	enrich_score	p_val	where
1	0.0008819638394825813	0.002997002997002997	11
1.1	0.0033821871476888386	0.000999000999000999	11
1.1.99	0.037037037037037035	0.000999000999000999	10
