EC	enrich_score	p_val	where
6	0.17692307692307693	0.000999000999000999	435
2	0.11720151484951166	0.000999000999000999	5798
6.2	0.33880903490759756	0.000999000999000999	274
6.2.1	0.2943722943722944	0.000999000999000999	248
