EC	enrich_score	p_val	where
1	0.4655299132735558	0.000999000999000999	7970
1.3	0.07474048442906574	0.000999000999000999	217
1.3.1	0.1349862258953168	0.000999000999000999	217
