EC	enrich_score	p_val	where
1	0.009187123327943554	0.000999000999000999	6225
1.3	0.005536332179930796	0.000999000999000999	7
1.3.99	0.03482587064676617	0.000999000999000999	6
