EC	enrich_score	p_val	where
4	0.003680336487907466	0.000999000999000999	7
1	0.02300455681317066	0.000999000999000999	2463
4.2	0.0010471204188481676	0.000999000999000999	2
4.1	0.005309734513274336	0.000999000999000999	7
1.13	0.00234192037470726	0.000999000999000999	67
4.1.2	0.008547008547008548	0.000999000999000999	0
4.2.1	0.0018248175182481751	0.000999000999000999	2
