EC	enrich_score	p_val	where
2	0.0016942395854096072	0.000999000999000999	98
2.1	0.001869158878504673	0.000999000999000999	4
2.1.3	0.07692307692307693	0.000999000999000999	4
