EC	enrich_score	p_val	where
1	0.009334117301190652	0.000999000999000999	293
1.3	0.0837370242214533	0.000999000999000999	238
1.3.8	0.09523809523809523	0.000999000999000999	81
