EC	enrich_score	p_val	where
2	0.00039864460833167234	0.04695304695304695	3
1	0.001028957812729678	0.000999000999000999	1282
2.3	0.001219016659894352	0.000999000999000999	2
2.3.2	0.017241379310344827	0.000999000999000999	2
