EC	enrich_score	p_val	where
2	0.005780346820809248	0.000999000999000999	123
2.7	0.02408429503261415	0.000999000999000999	123
2.7.1	0.04827586206896552	0.000999000999000999	64
