EC	enrich_score	p_val	where
2	0.00259118995415587	0.000999000999000999	44
2.6	0.05925925925925926	0.000999000999000999	44
2.6.1	0.058981233243967826	0.000999000999000999	44
