EC	enrich_score	p_val	where
4	0.0005257623554153522	0.01998001998001998	0
3	0.006426332288401254	0.000999000999000999	191
4.1	0.0017699115044247787	0.000999000999000999	0
3.4	0.004975124378109453	0.000999000999000999	119
4.1.1	0.003367003367003367	0.000999000999000999	0
