EC	enrich_score	p_val	where
1	0.003895340291048067	0.000999000999000999	259
1.21	0.031578947368421054	0.000999000999000999	3
1.21.99	0.1	0.000999000999000999	3
