EC	enrich_score	p_val	where
3	0.03652037617554859	0.000999000999000999	1259
3.2	0.06362275449101797	0.000999000999000999	268
3.2.1	0.06638655462184874	0.000999000999000999	268
