EC	enrich_score	p_val	where
2	0.127765596970301	0.000999000999000999	1598
2.1	0.7109034267912773	0.000999000999000999	1329
2.1.1	0.7294853963838664	0.000999000999000999	1329
