EC	enrich_score	p_val	where
1	0.018153755696016464	0.000999000999000999	854
1.14	0.02509907529722589	0.000999000999000999	287
1.14.14	0.007189072609633357	0.000999000999000999	67
