EC	enrich_score	p_val	where
4	0.0010515247108307045	0.000999000999000999	5
4.1	0.0035398230088495575	0.000999000999000999	5
4.1.3	0.021739130434782608	0.000999000999000999	1
