EC	enrich_score	p_val	where
1	0.47302660590915774	0.000999000999000999	7636
1.14	0.0024218405988551297	0.000999000999000999	58
1.14.13	0.0018264840182648401	0.000999000999000999	1
