EC	enrich_score	p_val	where
1	0.4748640305747464	0.000999000999000999	7602
1.3	0.0006920415224913495	0.001998001998001998	1
1.14	0.0019815059445178335	0.000999000999000999	57
1.3.1	0.0013774104683195593	0.000999000999000999	1
