EC	enrich_score	p_val	where
1	0.03858591797736293	0.000999000999000999	2536
1.1	0.0002818489289740699	0.014985014985014986	5
