EC	enrich_score	p_val	where
2	0.00727526410205302	0.000999000999000999	109
2.6	0.17037037037037037	0.000999000999000999	104
2.6.1	0.16353887399463807	0.000999000999000999	104
