EC	enrich_score	p_val	where
1	0.47427605468175804	0.000999000999000999	7587
1.1	0.009582863585118376	0.000999000999000999	93
1.1.1	0.01124859392575928	0.000999000999000999	93
