EC	enrich_score	p_val	where
1	0.025135969425253566	0.000999000999000999	2474
