EC	enrich_score	p_val	where
2	0.0015945784333266893	0.000999000999000999	29
5	0.07890961262553801	0.000999000999000999	356
2.4	0.00650142218610321	0.000999000999000999	29
2.4.1	0.00508646998982706	0.000999000999000999	25
