EC	enrich_score	p_val	where
1	0.4744230486550051	0.000999000999000999	7596
1.1	0.004509582863585118	0.000999000999000999	178
1.1.1	0.0037495313085864268	0.000999000999000999	60
