EC	enrich_score	p_val	where
1	0.009260620314567102	0.000999000999000999	306
1.3	0.08166089965397924	0.000999000999000999	250
1.3.8	0.07482993197278912	0.000999000999000999	79
