EC	enrich_score	p_val	where
1	0.4744230486550051	0.000999000999000999	7592
1.1	0.026211950394588502	0.000999000999000999	387
1.1.1	0.021747281589801274	0.000999000999000999	358
