EC	enrich_score	p_val	where
1	0.4725121270027929	0.000999000999000999	7589
1.3	0.01522491349480969	0.000999000999000999	28
1.14	0.0015411712901805372	0.000999000999000999	221
1.3.1	0.030303030303030304	0.000999000999000999	28
