EC	enrich_score	p_val	where
6	0.023846153846153847	0.000999000999000999	183
2	0.06796890572055013	0.000999000999000999	7353
6.3	0.001937984496124031	0.000999000999000999	6
2.7	0.03562468640240843	0.000999000999000999	2039
2.7.6	0.1111111111111111	0.000999000999000999	1
