EC	enrich_score	p_val	where
1	0.018080258709392914	0.000999000999000999	5364
1.21	0.010526315789473684	0.000999000999000999	6
1.21.3	0.05	0.000999000999000999	6
