EC	enrich_score	p_val	where
3	0.0025078369905956114	0.000999000999000999	19
1	0.0009554608261061297	0.002997002997002997	634
3.3	0.07339449541284404	0.000999000999000999	19
3.3.2	0.07920792079207921	0.000999000999000999	19
