EC	enrich_score	p_val	where
3	0.021786833855799374	0.000999000999000999	638
2	0.017739685070759417	0.000999000999000999	3233
2.4	0.0008126777732629012	0.000999000999000999	5
3.2	0.038922155688622756	0.000999000999000999	620
2.4.1	0.000508646998982706	0.013986013986013986	1
3.2.1	0.03697478991596639	0.000999000999000999	417
