EC	enrich_score	p_val	where
6	0.14153846153846153	0.000999000999000999	284
2	0.11401235798285828	0.000999000999000999	5708
6.2	0.33675564681724846	0.000999000999000999	209
2.3	0.048354327509142626	0.000999000999000999	1693
6.2.1	0.30303030303030304	0.000999000999000999	209
2.3.1	0.008719596145020651	0.000999000999000999	1335
