EC	enrich_score	p_val	where
1	0.37182125532853155	0.000999000999000999	7786
1.3	0.002768166089965398	0.000999000999000999	3
1.14	0.00022016732716864817	0.014985014985014986	8
1.3.1	0.005509641873278237	0.000999000999000999	3
