EC	enrich_score	p_val	where
2	0.020829180785329877	0.000999000999000999	808
2.3	0.030475416497358798	0.000999000999000999	93
2.3.1	0.03166590178981184	0.000999000999000999	93
