EC	enrich_score	p_val	where
1	0.000514478906364839	0.01998001998001998	7
1.2	0.0009606147934678194	0.000999000999000999	1
1.4	0.017006802721088437	0.000999000999000999	7
1.2.98	0.25	0.000999000999000999	1
1.4.99	0.17391304347826086	0.000999000999000999	6
