EC	enrich_score	p_val	where
5	0.0014347202295552368	0.000999000999000999	0
2	0.00039864460833167234	0.04695304695304695	13
3	0.01896551724137931	0.000999000999000999	476
5.4	0.006756756756756757	0.000999000999000999	0
3.1	0.04556835252879319	0.000999000999000999	370
5.4.2	0.045454545454545456	0.000999000999000999	0
3.1.3	0.021153846153846155	0.000999000999000999	98
