EC	enrich_score	p_val	where
3	0.04827586206896552	0.000999000999000999	1681
3.2	0.08607784431137724	0.000999000999000999	399
3.2.1	0.08991596638655462	0.000999000999000999	399
