EC	enrich_score	p_val	where
4	0.0010515247108307045	0.000999000999000999	1
1	0.005732764956636778	0.000999000999000999	2947
4.3	0.008695652173913044	0.000999000999000999	0
4.3.1	0.014705882352941176	0.000999000999000999	0
