EC	enrich_score	p_val	where
1	0.47427605468175804	0.000999000999000999	7602
1.14	0.0006605019815059445	0.001998001998001998	2
1.1	0.0002818489289740699	0.014985014985014986	9
1.14.13	0.0027397260273972603	0.000999000999000999	2
