EC	enrich_score	p_val	where
4	0.009989484752891693	0.000999000999000999	27
1	0.024547993532265177	0.000999000999000999	1519
4.1	0.03008849557522124	0.000999000999000999	27
4.1.1	0.05723905723905724	0.000999000999000999	27
