EC	enrich_score	p_val	where
1	0.015434367190945172	0.000999000999000999	1057
1.13	0.03278688524590164	0.000999000999000999	14
1.13.11	0.04827586206896552	0.000999000999000999	14
