EC	enrich_score	p_val	where
2	0.07982858281841738	0.000999000999000999	1004
2.1	0.42492211838006233	0.000999000999000999	890
2.1.1	0.4283727399165508	0.000999000999000999	890
