EC	enrich_score	p_val	where
1	0.4712626782301926	0.000999000999000999	7535
1.1	0.008455467869222097	0.000999000999000999	49
1.1.1	0.010498687664041995	0.000999000999000999	45
