EC	enrich_score	p_val	where
1	0.47471703660149933	0.000999000999000999	7604
1.3	0.0006920415224913495	0.001998001998001998	1
1.8	0.0029498525073746312	0.000999000999000999	3
1.3.1	0.0013774104683195593	0.000999000999000999	1
1.8.1	0.009523809523809525	0.000999000999000999	3
