EC	enrich_score	p_val	where
2	0.12088897747657963	0.000999000999000999	2044
2.3	0.4327509142624949	0.000999000999000999	1706
2.3.1	0.41027994492886644	0.000999000999000999	1682
