EC	enrich_score	p_val	where
4	0.11251314405888538	0.000999000999000999	341
4.2	0.22198952879581152	0.000999000999000999	341
4.2.3	0.45588235294117646	0.000999000999000999	341
