EC	enrich_score	p_val	where
1	0.01683080993679259	0.000999000999000999	3509
1.14	0.009687362395420519	0.000999000999000999	54
1.14.13	0.0073059360730593605	0.000999000999000999	22
