EC	enrich_score	p_val	where
2	0.15666733107434722	0.000999000999000999	5123
2.4	0.2746850873628606	0.000999000999000999	1159
2.4.1|2	0.008620689655172414	0.000999000999000999	0
2.4.1	0.2121057985757884	0.000999000999000999	1086
