EC	enrich_score	p_val	where
1	0.01506688225782743	0.000999000999000999	2459
1.3	0.002768166089965398	0.000999000999000999	19
1.3.8	0.027210884353741496	0.000999000999000999	19
