EC	enrich_score	p_val	where
4	0.0015772870662460567	0.000999000999000999	7
1	0.023078053799794208	0.000999000999000999	2323
4.1	0.005309734513274336	0.000999000999000999	7
4.1.1	0.010101010101010102	0.000999000999000999	7
