EC	enrich_score	p_val	where
2	0.0016942395854096072	0.000999000999000999	30
5	0.08464849354375897	0.000999000999000999	350
2.4	0.00690776107273466	0.000999000999000999	30
2.4.1	0.005595116988809766	0.000999000999000999	30
