EC	enrich_score	p_val	where
2	0.0007972892166633447	0.003996003996003996	9
1	0.0012494487726003234	0.000999000999000999	198
2.1	0.004361370716510903	0.000999000999000999	6
2.1.1	0.0034770514603616135	0.000999000999000999	6
