EC	enrich_score	p_val	where
1	0.015654858150815815	0.000999000999000999	946
1.14	0.0024218405988551297	0.000999000999000999	105
1.14.14	0.005751258087706686	0.000999000999000999	7
