EC	enrich_score	p_val	where
1	0.001175951785976775	0.000999000999000999	22
1.3	0.0020761245674740486	0.000999000999000999	12
