EC	enrich_score	p_val	where
2	0.0044847518437313135	0.000999000999000999	183
2.7	0.0030105368790767687	0.000999000999000999	9
2.7.4	0.027586206896551724	0.000999000999000999	9
