EC	enrich_score	p_val	where
2	0.1598564879410006	0.000999000999000999	5485
2.7	0.031108881083793276	0.000999000999000999	229
2.4	0.049979683055668425	0.000999000999000999	2405
