EC	enrich_score	p_val	where
3	0.0020376175548589342	0.000999000999000999	24
3.5	0.015028901734104046	0.000999000999000999	24
3.5.4	0.09278350515463918	0.000999000999000999	24
