EC	enrich_score	p_val	where
1	0.0005879758929883875	0.013986013986013986	26
1.14	0.0006605019815059445	0.001998001998001998	2
1.14.99	0.005649717514124294	0.000999000999000999	1
