EC	enrich_score	p_val	where
1	0.47464353961487576	0.000999000999000999	7605
1.8	0.0029498525073746312	0.000999000999000999	25
1.1	0.0005636978579481398	0.002997002997002997	54
1.8.1	0.009523809523809525	0.000999000999000999	25
1.1.1	0.0007499062617172854	0.000999000999000999	54
