EC	enrich_score	p_val	where
1	0.033882110833455825	0.000999000999000999	1222
1.14	0.047556142668428	0.000999000999000999	378
1.14.15	0.003401360544217687	0.000999000999000999	0
