EC	enrich_score	p_val	where
1	0.0052182860502719385	0.000999000999000999	694
1.14	0.0030823425803610744	0.000999000999000999	18
1.14.11	0.042704626334519574	0.000999000999000999	11
