EC	enrich_score	p_val	where
1	0.0007349698662354843	0.004995004995004995	83
1.7	0.004464285714285714	0.000999000999000999	55
1.7.3	0.037037037037037035	0.000999000999000999	55
