EC	enrich_score	p_val	where
3	0.021316614420062698	0.000999000999000999	462
3.1	0.05958938407611417	0.000999000999000999	416
3.1.3	0.028846153846153848	0.000999000999000999	66
