EC	enrich_score	p_val	where
2	0.15756428144309348	0.000999000999000999	6061
2.4	0.2657456318569687	0.000999000999000999	1311
2.4.1	0.20854526958290945	0.000999000999000999	769
