EC	enrich_score	p_val	where
1	0.4728796119359106	0.000999000999000999	7586
1.1	0.011273957158962795	0.000999000999000999	1878
1.1.1	0.007874015748031496	0.000999000999000999	35
