EC	enrich_score	p_val	where
3	0.0012539184952978057	0.000999000999000999	316
2	0.09886386286625473	0.000999000999000999	6450
2.7	0.010035122930255895	0.000999000999000999	25
2.7.1	0.020689655172413793	0.000999000999000999	25
