EC	enrich_score	p_val	where
1	0.47457004262825225	0.000999000999000999	7608
1.1	0.013246899661781286	0.000999000999000999	433
1.1.1	0.006374203224596925	0.000999000999000999	431
