EC	enrich_score	p_val	where
2	0.1158062587203508	0.000999000999000999	2149
2.3	0.431938236489232	0.000999000999000999	2041
2.3.1	0.40431390546122076	0.000999000999000999	2041
