EC	enrich_score	p_val	where
1	0.07709833896810231	0.000999000999000999	1734
1.14	0.001100836635843241	0.000999000999000999	4
1.14.13	0.0036529680365296802	0.000999000999000999	3
