EC	enrich_score	p_val	where
1	0.045421137733352934	0.000999000999000999	8660
1.3	0.0006920415224913495	0.001998001998001998	9
1.1	0.0008455467869222097	0.000999000999000999	44
1.3.3	0.009433962264150943	0.000999000999000999	9
1.1.99	0.012345679012345678	0.000999000999000999	44
