EC	enrich_score	p_val	where
2	0.0035878014749850507	0.000999000999000999	82
2.3	0.009345794392523364	0.000999000999000999	40
2.3.1	0.010555300596603947	0.000999000999000999	40
