EC	enrich_score	p_val	where
2	0.009667131752043054	0.000999000999000999	313
2.8	0.01327433628318584	0.000999000999000999	46
2.8.3	0.057692307692307696	0.000999000999000999	46
