EC	enrich_score	p_val	where
2	0.024018337651983256	0.000999000999000999	673
3	0.01833855799373041	0.000999000999000999	1550
2.7	0.11690918213748118	0.000999000999000999	673
3.6	0.09980237154150198	0.000999000999000999	1550
2.7.1	0.004597701149425287	0.000999000999000999	6
3.6.3	0.07513661202185792	0.000999000999000999	1550
