EC	enrich_score	p_val	where
2	0.022423759218656567	0.000999000999000999	1820
2.5	0.005235602094240838	0.000999000999000999	7
2.5.1	0.005494505494505495	0.000999000999000999	7
