EC	enrich_score	p_val	where
1	0.4737615757753932	0.000999000999000999	7580
1.2	0.004803073967339097	0.000999000999000999	4
1.2.1	0.006561679790026247	0.000999000999000999	4
