EC	enrich_score	p_val	where
2	0.004086107235399641	0.000999000999000999	56
2.5	0.07155322862129145	0.000999000999000999	56
2.5.1	0.056776556776556776	0.000999000999000999	56
