EC	enrich_score	p_val	where
1	0.47383507276201675	0.000999000999000999	7601
1.1	0.021984216459977453	0.000999000999000999	632
1.1.1|1	0.005714285714285714	0.000999000999000999	0
1.1.1	0.015748031496062992	0.000999000999000999	154
