EC	enrich_score	p_val	where
2	0.07923061590591987	0.000999000999000999	2917
2.3	0.16375457131247462	0.000999000999000999	1544
2.3.1	0.14364387333639284	0.000999000999000999	1529
