EC	enrich_score	p_val	where
1	0.47346758782889903	0.000999000999000999	7620
1.1	0.048478015783540024	0.000999000999000999	554
1.1.1	0.05474315710536183	0.000999000999000999	391
