EC	enrich_score	p_val	where
1	0.47471703660149933	0.000999000999000999	7593
1.14	0.003742844561867019	0.000999000999000999	105
1.14.12	0.05343511450381679	0.000999000999000999	7
