EC	enrich_score	p_val	where
2	0.11799880406617501	0.000999000999000999	2133
2.3	0.42990654205607476	0.000999000999000999	2005
2.3.1	0.4020192748967416	0.000999000999000999	2005
