EC	enrich_score	p_val	where
2	0.005381702212477576	0.000999000999000999	2400
2.5	0.02617801047120419	0.000999000999000999	36
2.5.1	0.027472527472527472	0.000999000999000999	36
