EC	enrich_score	p_val	where
2	0.08012756627466613	0.000999000999000999	3589
2.3	0.07639171068671272	0.000999000999000999	1053
2.3.1	0.053694355208811384	0.000999000999000999	605
