EC	enrich_score	p_val	where
1	0.32794355431427313	0.000999000999000999	7590
1.6	0.023809523809523808	0.000999000999000999	4
1.6.5	0.03496503496503497	0.000999000999000999	4
