EC	enrich_score	p_val	where
1	0.17315890048508012	0.000999000999000999	3374
1.2	0.10470701248799232	0.000999000999000999	125
1.2.1	0.14304461942257218	0.000999000999000999	125
