EC	enrich_score	p_val	where
2	0.08122383894757823	0.000999000999000999	4266
2.3	0.20032507110930517	0.000999000999000999	1597
2.3.1	0.1780633318035796	0.000999000999000999	1486
