EC	enrich_score	p_val	where
3	0.003761755485893417	0.000999000999000999	101
2	0.06438110424556508	0.000999000999000999	4742
2.4	0.0036570499796830555	0.000999000999000999	31
3.2	0.005988023952095809	0.000999000999000999	101
3.2.1	0.0033613445378151263	0.000999000999000999	7
2.4.1	0.004577822990844354	0.000999000999000999	31
