EC	enrich_score	p_val	where
5	0.0014347202295552368	0.000999000999000999	0
3	0.04012539184952978	0.000999000999000999	2130
5.4	0.006756756756756757	0.000999000999000999	0
3.2	0.0007485029940119761	0.001998001998001998	2
5.4.2	0.045454545454545456	0.000999000999000999	0
3.2.1	0.0008403361344537816	0.000999000999000999	2
