EC	enrich_score	p_val	where
1	0.010436572100543877	0.000999000999000999	1186
1.14	0.00022016732716864817	0.014985014985014986	24
1.7	0.008928571428571428	0.000999000999000999	36
1.14.99	0.002824858757062147	0.000999000999000999	24
1.7.3	0.07407407407407407	0.000999000999000999	36
