EC	enrich_score	p_val	where
2	0.002491528802072952	0.000999000999000999	163
2.8	0.028761061946902654	0.000999000999000999	14
2.8.1	0.10743801652892562	0.000999000999000999	14
