EC	enrich_score	p_val	where
2	0.11401235798285828	0.000999000999000999	2104
2.3	0.42746850873628606	0.000999000999000999	1818
2.3.1	0.40018357044515834	0.000999000999000999	1738
