EC	enrich_score	p_val	where
2	0.02132748654574447	0.000999000999000999	1114
2.7	0.017561465127947817	0.000999000999000999	117
2.7.4	0.04827586206896552	0.000999000999000999	6
