EC	enrich_score	p_val	where
1	0.0016169337057180655	0.000999000999000999	33
1.5	0.011661807580174927	0.000999000999000999	5
1.5.99	0.043478260869565216	0.000999000999000999	2
