EC	enrich_score	p_val	where
2	0.0007972892166633447	0.003996003996003996	22
3	0.017084639498432603	0.000999000999000999	403
2.3	0.001219016659894352	0.000999000999000999	7
3.1	0.03104656985478217	0.000999000999000999	228
3.1.3	0.0019230769230769232	0.000999000999000999	0
2.3.1	0.0013767783386874712	0.000999000999000999	7
