EC	enrich_score	p_val	where
3	0.0012539184952978057	0.000999000999000999	17
3.4	0.0037313432835820895	0.000999000999000999	14
3.4.13|3	1.0	0.000999000999000999	0
