EC	enrich_score	p_val	where
1	0.47383507276201675	0.000999000999000999	7618
1.1	0.04425028184892897	0.000999000999000999	423
1.1.1	0.05211848518935133	0.000999000999000999	326
