EC	enrich_score	p_val	where
2	0.003986446083316724	0.000999000999000999	53
3	0.04467084639498432	0.000999000999000999	2077
3.1	0.000500751126690035	0.002997002997002997	0
2.4	0.016253555465258026	0.000999000999000999	53
3.2	0.011976047904191617	0.000999000999000999	224
3.1.4	0.004424778761061947	0.000999000999000999	0
2.4.1	0.02034587995930824	0.000999000999000999	53
3.2.1	0.0067226890756302525	0.000999000999000999	224
