EC	enrich_score	p_val	where
1	0.10252829633985007	0.000999000999000999	1923
1.2	0.01633045148895293	0.000999000999000999	27
1.2.1	0.011811023622047244	0.000999000999000999	27
