EC	enrich_score	p_val	where
3	0.00109717868338558	0.000999000999000999	6
2	0.04006378313733307	0.000999000999000999	1096
3.6	0.004940711462450593	0.000999000999000999	6
2.7	0.18866031108881084	0.000999000999000999	1056
3.6.1	0.02074688796680498	0.000999000999000999	6
