EC	enrich_score	p_val	where
1	0.47258562398941645	0.000999000999000999	7613
1.1	0.004509582863585118	0.000999000999000999	36
1.14	0.001321003963011889	0.000999000999000999	143
1.1.1	0.005999250093738283	0.000999000999000999	36
