EC	enrich_score	p_val	where
1	0.01403792444509775	0.000999000999000999	902
1.5	0.008746355685131196	0.000999000999000999	2
1.1	0.0008455467869222097	0.000999000999000999	24
1.5.5	0.2727272727272727	0.000999000999000999	2
