EC	enrich_score	p_val	where
2	0.022423759218656567	0.000999000999000999	531
2.1	0.0691588785046729	0.000999000999000999	354
2.1.1	0.07162726008344923	0.000999000999000999	354
