EC	enrich_score	p_val	where
1	0.02998677054240776	0.000999000999000999	1807
1.14	0.00022016732716864817	0.014985014985014986	1
1.5	0.0029154518950437317	0.000999000999000999	3
1.14.18	0.007692307692307693	0.000999000999000999	1
1.5.99	0.014492753623188406	0.000999000999000999	3
