EC	enrich_score	p_val	where
1	0.4743495516683816	0.000999000999000999	7592
1.1	0.036076662908680945	0.000999000999000999	266
1.1.1	0.03674540682414698	0.000999000999000999	230
