EC	enrich_score	p_val	where
1	0.0007349698662354843	0.004995004995004995	32
1.13	0.00234192037470726	0.000999000999000999	2
1.13.11	0.0034482758620689655	0.000999000999000999	2
