EC	enrich_score	p_val	where
1	0.21600764368660885	0.000999000999000999	3988
1.2	0.024015369836695485	0.000999000999000999	43
1.2.1	0.02230971128608924	0.000999000999000999	36
