EC	enrich_score	p_val	where
1	0.47412906070851096	0.000999000999000999	7614
1.14	0.003963011889035667	0.000999000999000999	37
1.14.13	0.006392694063926941	0.000999000999000999	7
