EC	enrich_score	p_val	where
6	0.07769230769230769	0.000999000999000999	598
2	0.07135738489136935	0.000999000999000999	7183
6.3	0.06201550387596899	0.000999000999000999	127
6.3.2	0.046822742474916385	0.000999000999000999	42
