EC	enrich_score	p_val	where
1	0.03175069822137292	0.000999000999000999	2646
1.14	0.0006605019815059445	0.001998001998001998	2
1.14.18	0.023076923076923078	0.000999000999000999	2
