EC	enrich_score	p_val	where
2	0.008172214470799282	0.000999000999000999	350
2.8	0.024336283185840708	0.000999000999000999	16
2.8.3	0.10576923076923077	0.000999000999000999	16
