EC	enrich_score	p_val	where
1	0.006467734822872262	0.000999000999000999	302
1.1	0.001972942502818489	0.000999000999000999	9
1.14	0.003963011889035667	0.000999000999000999	57
1.1.1	0.0007499062617172854	0.000999000999000999	1
