EC	enrich_score	p_val	where
4	0.11777076761303891	0.000999000999000999	389
4.2	0.2324607329842932	0.000999000999000999	389
4.2.3|4	0.018518518518518517	0.000999000999000999	0
4.2.3	0.4632352941176471	0.000999000999000999	338
