EC	enrich_score	p_val	where
2	0.03468208092485549	0.000999000999000999	3210
2.3	0.011377488825680617	0.000999000999000999	43
2.3.1	0.012849931161083065	0.000999000999000999	43
