EC	enrich_score	p_val	where
1	0.03263266206085551	0.000999000999000999	1394
1.14	0.05041831792162043	0.000999000999000999	700
1.14.14	0.013659237958303379	0.000999000999000999	192
