EC	enrich_score	p_val	where
4	0.0010515247108307045	0.000999000999000999	42
4.2	0.0020942408376963353	0.000999000999000999	42
4.2.1	0.0036496350364963502	0.000999000999000999	42
