EC	enrich_score	p_val	where
6	0.031538461538461536	0.000999000999000999	59
2	0.039366155072752644	0.000999000999000999	1773
6.3	0.06395348837209303	0.000999000999000999	43
2.7	0.16006021073758153	0.000999000999000999	1773
6.3.2	0.07692307692307693	0.000999000999000999	43
2.7.1	0.028735632183908046	0.000999000999000999	737
