EC	enrich_score	p_val	where
2	0.09796691249750847	0.000999000999000999	4403
2.3	0.05323039414872003	0.000999000999000999	297
2.3.1	0.04589261128958238	0.000999000999000999	177
