EC	enrich_score	p_val	where
3	0.014576802507836991	0.000999000999000999	452
3.2	0.02844311377245509	0.000999000999000999	152
3.2.1	0.031092436974789917	0.000999000999000999	57
