EC	enrich_score	p_val	where
2	0.0004983057604145904	0.01998001998001998	4
3	0.0322884012539185	0.000999000999000999	599
2.3	0.0020316944331572532	0.000999000999000999	4
3.1	0.04256384576865298	0.000999000999000999	280
2.3.1	0.002294630564479119	0.000999000999000999	4
3.1.1	0.05702917771883289	0.000999000999000999	108
