EC	enrich_score	p_val	where
2	0.0004983057604145904	0.01998001998001998	27
3	0.003605015673981191	0.000999000999000999	380
2.3	0.0004063388866314506	0.002997002997002997	3
2.3.1	0.0004589261128958238	0.013986013986013986	3
