EC	enrich_score	p_val	where
1	0.4724386300161693	0.000999000999000999	7568
1.1	0.02142051860202931	0.000999000999000999	110
1.1.1	0.02699662542182227	0.000999000999000999	110
