EC	enrich_score	p_val	where
2	0.1041459039266494	0.000999000999000999	4689
2.4	0.0642015440877692	0.000999000999000999	1300
2.4.1	0.012207527975584944	0.000999000999000999	37
