EC	enrich_score	p_val	where
1	0.4747905335881229	0.000999000999000999	7625
1.11	0.003389830508474576	0.000999000999000999	0
1.5	0.0058309037900874635	0.000999000999000999	3
1.11.1	0.004	0.000999000999000999	0
1.5.1	0.013513513513513514	0.000999000999000999	3
