EC	enrich_score	p_val	where
3	0.00909090909090909	0.000999000999000999	209
3.5	0.011560693641618497	0.000999000999000999	19
3.5.1	0.017123287671232876	0.000999000999000999	19
