EC	enrich_score	p_val	where
2	0.16842734702013154	0.000999000999000999	4011
2.4	0.3795205201137749	0.000999000999000999	2049
2.4.2|2	0.1	0.000999000999000999	2
2.4.2	0.048458149779735685	0.000999000999000999	19
2.4.1	0.2736520854526958	0.000999000999000999	2049
