EC	enrich_score	p_val	where
1	0.006173746876378068	0.000999000999000999	795
1.14	0.0028621752531924264	0.000999000999000999	38
1.14.14	0.002156721782890007	0.000999000999000999	14
