EC	enrich_score	p_val	where
1	0.00984859620755549	0.000999000999000999	1879
1.14	0.00022016732716864817	0.014985014985014986	0
1.14.14	0.0007189072609633358	0.000999000999000999	0
