EC	enrich_score	p_val	where
1	0.47310010289578125	0.000999000999000999	7620
1.1	0.0002818489289740699	0.014985014985014986	0
1.14	0.003742844561867019	0.000999000999000999	43
1.1.1|1	0.005714285714285714	0.000999000999000999	0
1.14.13	0.0045662100456621	0.000999000999000999	38
