EC	enrich_score	p_val	where
5	0.07890961262553801	0.000999000999000999	380
