EC	enrich_score	p_val	where
4	0.0005257623554153522	0.01998001998001998	0
2	0.002391867649990034	0.000999000999000999	88
4.3	0.008695652173913044	0.000999000999000999	0
4.3.2	0.0625	0.000999000999000999	0
