EC	enrich_score	p_val	where
1	0.47427605468175804	0.000999000999000999	7591
1.14	0.00044033465433729633	0.002997002997002997	13
1.14.12	0.007633587786259542	0.000999000999000999	8
