EC	enrich_score	p_val	where
1	0.4736145818021461	0.000999000999000999	7609
1.1	0.03410372040586246	0.000999000999000999	175
1.1.1	0.03974503187101612	0.000999000999000999	145
