EC	enrich_score	p_val	where
2	0.0004983057604145904	0.01998001998001998	12
3	0.0014106583072100312	0.000999000999000999	48
1	0.0008084668528590327	0.003996003996003996	2418
1.14	0.00044033465433729633	0.002997002997002997	1
2.1	0.003115264797507788	0.000999000999000999	12
3.1	0.0025037556334501754	0.000999000999000999	43
1.14.11	0.0035587188612099642	0.000999000999000999	0
2.1.1	0.0034770514603616135	0.000999000999000999	12
