EC	enrich_score	p_val	where
1	0.0033073643980596795	0.000999000999000999	54
1.8	0.04424778761061947	0.000999000999000999	19
1.8.4	0.15	0.000999000999000999	18
