EC	enrich_score	p_val	where
1	0.4739085697486403	0.000999000999000999	7617
1.1	0.05496054114994363	0.000999000999000999	644
1.1.1	0.05999250093738283	0.000999000999000999	638
