EC	enrich_score	p_val	where
1	0.022857562839923563	0.000999000999000999	3341
1.14	0.0024218405988551297	0.000999000999000999	11
1.14.15	0.006802721088435374	0.000999000999000999	4
