EC	enrich_score	p_val	where
1	0.0008084668528590327	0.003996003996003996	20
5	0.14347202295552366	0.000999000999000999	317
1.1	0.0005636978579481398	0.002997002997002997	8
5.1	0.1693121693121693	0.000999000999000999	317
1.1.3	0.010810810810810811	0.000999000999000999	8
