EC	enrich_score	p_val	where
2	0.0004983057604145904	0.01998001998001998	4
2.6	0.012345679012345678	0.000999000999000999	4
2.6.1	0.00804289544235925	0.000999000999000999	4
