EC	enrich_score	p_val	where
2	0.08092485549132948	0.000999000999000999	1655
2.3	0.27874847622917515	0.000999000999000999	1401
2.3.1	0.2565396971087655	0.000999000999000999	1297
