EC	enrich_score	p_val	where
1	0.0004409819197412906	0.030969030969030968	79
1.12	0.043478260869565216	0.000999000999000999	0
1.12.99	0.3333333333333333	0.000999000999000999	0
