EC	enrich_score	p_val	where
4	0.06992639327024185	0.000999000999000999	219
4.2	0.13298429319371727	0.000999000999000999	190
4.2.1	0.2062043795620438	0.000999000999000999	190
