EC	enrich_score	p_val	where
3	0.007210031347962382	0.000999000999000999	235
2	0.003787123779150887	0.000999000999000999	2516
3.2	0.020958083832335328	0.000999000999000999	86
3.2.1	0.018487394957983194	0.000999000999000999	86
