EC	enrich_score	p_val	where
1	0.004997795090401293	0.000999000999000999	1686
