EC	enrich_score	p_val	where
5	0.0028694404591104736	0.000999000999000999	1
1	0.024033514625900337	0.000999000999000999	1417
5.5	0.01904761904761905	0.000999000999000999	1
1.14	0.009907529722589167	0.000999000999000999	416
5.5.1	0.0196078431372549	0.000999000999000999	1
