EC	enrich_score	p_val	where
3	0.0028213166144200625	0.000999000999000999	21
1	0.004409819197412906	0.000999000999000999	1221
3.3	0.10091743119266056	0.000999000999000999	13
3.3.2	0.10891089108910891	0.000999000999000999	13
