EC	enrich_score	p_val	where
1	0.47221813905629867	0.000999000999000999	7595
1.1	0.009582863585118376	0.000999000999000999	64
1.1.1	0.007874015748031496	0.000999000999000999	63
