EC	enrich_score	p_val	where
4	0.0031545741324921135	0.000999000999000999	12
4.4	0.025477707006369428	0.000999000999000999	7
4.4.1	0.02564102564102564	0.000999000999000999	7
