EC	enrich_score	p_val	where
1	0.01749228281640453	0.000999000999000999	1830
1.14	0.00044033465433729633	0.002997002997002997	34
1.14.13	0.0018264840182648401	0.000999000999000999	34
