EC	enrich_score	p_val	where
2	0.0032888180187362966	0.000999000999000999	472
2.4	0.0004063388866314506	0.002997002997002997	0
2.4.99	0.0072992700729927005	0.000999000999000999	0
