EC	enrich_score	p_val	where
1	0.014919888284580332	0.000999000999000999	1155
1.14	0.01915455746367239	0.000999000999000999	183
1.14.11|1	0.25806451612903225	0.000999000999000999	17
1.14.11	0.0498220640569395	0.000999000999000999	60
