EC	enrich_score	p_val	where
2	0.014949172812437711	0.000999000999000999	209
2.8	0.3230088495575221	0.000999000999000999	209
2.8.2	0.6878306878306878	0.000999000999000999	209
