EC	enrich_score	p_val	where
2	0.0016942395854096072	0.000999000999000999	649
2.7	0.006522829904666332	0.000999000999000999	22
2.7.1	0.005747126436781609	0.000999000999000999	8
