EC	enrich_score	p_val	where
1	0.47354108481552254	0.000999000999000999	7572
1.1	0.07102593010146561	0.000999000999000999	555
1.1.1	0.09073865766779153	0.000999000999000999	465
