EC	enrich_score	p_val	where
1	0.0004409819197412906	0.030969030969030968	5
1.14	0.001321003963011889	0.000999000999000999	5
1.14.19	0.012024048096192385	0.000999000999000999	5
