EC	enrich_score	p_val	where
5	0.018651362984218076	0.000999000999000999	22
5.5	0.01904761904761905	0.000999000999000999	1
5.3	0.04285714285714286	0.000999000999000999	22
5.5.1	0.0196078431372549	0.000999000999000999	1
5.3.1	0.10344827586206896	0.000999000999000999	22
