EC	enrich_score	p_val	where
2	0.1030496312537373	0.000999000999000999	1285
2.1	0.550778816199377	0.000999000999000999	1081
2.1.1	0.5632823365785814	0.000999000999000999	1081
