EC	enrich_score	p_val	where
3	0.012539184952978056	0.000999000999000999	103
3.2	0.04790419161676647	0.000999000999000999	103
3.2.1	0.05378151260504202	0.000999000999000999	103
