EC	enrich_score	p_val	where
1	0.44693517565779806	0.000999000999000999	8248
1.1	0.04735062006764374	0.000999000999000999	204
1.1.1	0.05924259467566554	0.000999000999000999	204
