EC	enrich_score	p_val	where
3	0.032758620689655175	0.000999000999000999	792
3.1	0.05057586379569354	0.000999000999000999	299
3.1.3	0.05576923076923077	0.000999000999000999	66
