EC	enrich_score	p_val	where
2	0.12537372932031093	0.000999000999000999	1538
2.1	0.6766355140186916	0.000999000999000999	1507
2.1.1|2	0.02127659574468085	0.000999000999000999	1
2.1.1	0.6912378303198887	0.000999000999000999	1507
