EC	enrich_score	p_val	where
2	0.15238190153478173	0.000999000999000999	5325
2.4	0.24217797643234457	0.000999000999000999	1680
2.4.1	0.1866734486266531	0.000999000999000999	1176
