EC	enrich_score	p_val	where
4	0.0010515247108307045	0.000999000999000999	4
1	0.0021314126120829044	0.000999000999000999	272
4.1	0.0035398230088495575	0.000999000999000999	4
4.1.1	0.006734006734006734	0.000999000999000999	4
