EC	enrich_score	p_val	where
1	0.4742025576951345	0.000999000999000999	7596
1.1	0.0008455467869222097	0.000999000999000999	18
1.1.1	0.0011248593925759281	0.000999000999000999	18
