EC	enrich_score	p_val	where
1	0.4744965456416287	0.000999000999000999	7609
1.4	0.013605442176870748	0.000999000999000999	16
1.1	0.022266065388951522	0.000999000999000999	343
1.4.1	0.0625	0.000999000999000999	16
1.1.1	0.017622797150356206	0.000999000999000999	343
