EC	enrich_score	p_val	where
2	0.012856288618696431	0.000999000999000999	431
2.8	0.02654867256637168	0.000999000999000999	13
2.8.1	0.09917355371900827	0.000999000999000999	13
