EC	enrich_score	p_val	where
2	0.0010962726729120988	0.000999000999000999	11
3	0.04075235109717868	0.000999000999000999	2052
2.4	0.004469727752945957	0.000999000999000999	11
3.2	0.07784431137724551	0.000999000999000999	497
2.4.1	0.005595116988809766	0.000999000999000999	11
3.2.1	0.07899159663865546	0.000999000999000999	366
