EC	enrich_score	p_val	where
4	0.009989484752891693	0.000999000999000999	19
4.1	0.033628318584070796	0.000999000999000999	19
4.1.1	0.06397306397306397	0.000999000999000999	19
