EC	enrich_score	p_val	where
6	0.023076923076923078	0.000999000999000999	75
2	0.04096073350607933	0.000999000999000999	1176
6.3	0.04263565891472868	0.000999000999000999	35
2.7	0.19116909182137481	0.000999000999000999	1176
6.3.1	0.015873015873015872	0.000999000999000999	0
6.3.2	0.06688963210702341	0.000999000999000999	35
2.7.1	0.010344827586206896	0.000999000999000999	841
