EC	enrich_score	p_val	where
1	0.47457004262825225	0.000999000999000999	7594
1.1	0.021702367531003384	0.000999000999000999	188
1.1.1	0.01799775028121485	0.000999000999000999	161
