EC	enrich_score	p_val	where
1	0.4740555637218874	0.000999000999000999	7578
1.14	0.002642007926023778	0.000999000999000999	161
1.14.13	0.0045662100456621	0.000999000999000999	15
