EC	enrich_score	p_val	where
1	0.024547993532265177	0.000999000999000999	1019
1.14	0.04645530603258476	0.000999000999000999	634
1.14.99	0.005649717514124294	0.000999000999000999	1
1.14.14	0.007189072609633357	0.000999000999000999	167
