EC	enrich_score	p_val	where
4	0.0005257623554153522	0.01998001998001998	0
2	0.0666733107434722	0.000999000999000999	3352
4.1	0.0017699115044247787	0.000999000999000999	0
2.3	0.02519301097114994	0.000999000999000999	238
4.1.2|4	0.07692307692307693	0.000999000999000999	0
2.3.1	0.02569986232216613	0.000999000999000999	238
