EC	enrich_score	p_val	where
1	0.011171541966779362	0.000999000999000999	821
1.14	0.010347864376926464	0.000999000999000999	88
1.14.18	0.19230769230769232	0.000999000999000999	28
