EC	enrich_score	p_val	where
1	0.032265177127737764	0.000999000999000999	2259
1.14	0.007485689123734038	0.000999000999000999	383
1.14.14	0.002156721782890007	0.000999000999000999	2
