EC	enrich_score	p_val	where
4	0.00473186119873817	0.000999000999000999	9
1	0.005953255916507423	0.000999000999000999	1474
4.4	0.05732484076433121	0.000999000999000999	9
4.4.1	0.057692307692307696	0.000999000999000999	9
