EC	enrich_score	p_val	where
1	0.0034543583713067764	0.000999000999000999	223
1.1	0.009301014656144307	0.000999000999000999	35
1.1.99	0.0205761316872428	0.000999000999000999	4
