EC	enrich_score	p_val	where
1	0.4744965456416287	0.000999000999000999	7597
1.8	0.0029498525073746312	0.000999000999000999	7
1.3	0.004152249134948097	0.000999000999000999	24
1.1	0.0033821871476888386	0.000999000999000999	288
1.8.1	0.009523809523809525	0.000999000999000999	7
1.3.1	0.0013774104683195593	0.000999000999000999	23
