EC	enrich_score	p_val	where
1	0.47229163604292224	0.000999000999000999	7561
1.2	0.002881844380403458	0.000999000999000999	2
1.1	0.006764374295377677	0.000999000999000999	42
1.2.1	0.003937007874015748	0.000999000999000999	2
1.1.1	0.008998875140607425	0.000999000999000999	42
