EC	enrich_score	p_val	where
2	0.17131752043053616	0.000999000999000999	3526
2.4	0.47744819179195447	0.000999000999000999	2051
2.4.1	0.3947100712105799	0.000999000999000999	2028
