EC	enrich_score	p_val	where
3	0.0017241379310344827	0.000999000999000999	44
3.5	0.012716763005780347	0.000999000999000999	44
3.5.1	0.0136986301369863	0.000999000999000999	19
