EC	enrich_score	p_val	where
1	0.042187270321916805	0.000999000999000999	2465
1.3	0.01314878892733564	0.000999000999000999	21
1.14	0.0066050198150594455	0.000999000999000999	850
1.3.99	0.0945273631840796	0.000999000999000999	21
