EC	enrich_score	p_val	where
4	0.002103049421661409	0.000999000999000999	18
1	0.003380861384683228	0.000999000999000999	416
4.1	0.007079646017699115	0.000999000999000999	18
4.1.1	0.010101010101010102	0.000999000999000999	3
