EC	enrich_score	p_val	where
1	0.1006173746876378	0.000999000999000999	2164
1.14	0.0006605019815059445	0.001998001998001998	11
1.1	0.006764374295377677	0.000999000999000999	56
1.2	0.021133525456292025	0.000999000999000999	251
1.1.1	0.008998875140607425	0.000999000999000999	56
1.2.1	0.028871391076115485	0.000999000999000999	251
