EC	enrich_score	p_val	where
1	0.04240776128178745	0.000999000999000999	5448
1.1	0.0014092446448703494	0.000999000999000999	61
1.14	0.03368560105680317	0.000999000999000999	960
1.1.99	0.0205761316872428	0.000999000999000999	61
