EC	enrich_score	p_val	where
1	0.4728061149492871	0.000999000999000999	7606
1.1	0.015219842164599774	0.000999000999000999	135
1.1.1	0.018747656542932135	0.000999000999000999	135
