EC	enrich_score	p_val	where
2	0.11620490332868248	0.000999000999000999	2336
2.3	0.42503047541649736	0.000999000999000999	1474
2.3.1	0.4038549793483249	0.000999000999000999	1474
