EC	enrich_score	p_val	where
1	0.4739085697486403	0.000999000999000999	7588
1.1	0.03410372040586246	0.000999000999000999	165
1.1.1	0.043869516310461196	0.000999000999000999	165
