EC	enrich_score	p_val	where
1	0.47258562398941645	0.000999000999000999	7592
1.3	0.011764705882352941	0.000999000999000999	33
1.3.1	0.023415977961432508	0.000999000999000999	33
