EC	enrich_score	p_val	where
3	0.003761755485893417	0.000999000999000999	23
3.2	0.011976047904191617	0.000999000999000999	23
3.2.1	0.013445378151260505	0.000999000999000999	23
