EC	enrich_score	p_val	where
2	0.0005979669124975084	0.013986013986013986	30
5	0.0703012912482066	0.000999000999000999	386
2.1	0.0006230529595015577	0.001998001998001998	0
2.3	0.0004063388866314506	0.002997002997002997	3
2.1.4	0.25	0.000999000999000999	0
2.3.2	0.005747126436781609	0.000999000999000999	3
