EC	enrich_score	p_val	where
1	0.046303101572835514	0.000999000999000999	4103
1.1	0.0005636978579481398	0.002997002997002997	51
1.14	0.044033465433729636	0.000999000999000999	1380
1.1.99	0.00823045267489712	0.000999000999000999	51
1.14.14	0.002156721782890007	0.000999000999000999	92
