EC	enrich_score	p_val	where
2	0.09886386286625473	0.000999000999000999	1241
2.1	0.5190031152647975	0.000999000999000999	1195
2.1.1	0.527816411682893	0.000999000999000999	1195
