EC	enrich_score	p_val	where
2	0.0004983057604145904	0.01998001998001998	22
1	0.0011024547993532265	0.000999000999000999	54
1.1	0.0005636978579481398	0.002997002997002997	1
1.1.1	0.0007499062617172854	0.000999000999000999	1
