EC	enrich_score	p_val	where
4	0.021556256572029444	0.000999000999000999	52
4.2	0.04293193717277487	0.000999000999000999	52
4.2.3	0.10661764705882353	0.000999000999000999	44
