EC	enrich_score	p_val	where
2	0.10703607733705402	0.000999000999000999	5603
2.7	0.0035122930255895636	0.000999000999000999	17
2.7.7	0.009036144578313253	0.000999000999000999	2
