EC	enrich_score	p_val	where
1	0.025576951344994856	0.000999000999000999	2557
1.3|1	0.3333333333333333	0.000999000999000999	0
1.3|1.3	0.3333333333333333	0.000999000999000999	0
