EC	enrich_score	p_val	where
1	0.15529913273555784	0.000999000999000999	3238
1.14	0.0006605019815059445	0.001998001998001998	2
1.3	0.0034602076124567475	0.000999000999000999	38
1.14.12	0.007633587786259542	0.000999000999000999	0
1.14.13	0.0009132420091324201	0.000999000999000999	2
1.3.1	0.006887052341597796	0.000999000999000999	38
