EC	enrich_score	p_val	where
1	0.0004409819197412906	0.030969030969030968	5
1.3	0.004152249134948097	0.000999000999000999	5
1.3.99	0.009950248756218905	0.000999000999000999	1
