EC	enrich_score	p_val	where
1	0.006320740849625165	0.000999000999000999	207
1.8	0.0029498525073746312	0.000999000999000999	1
1.1	0.0005636978579481398	0.002997002997002997	4
1.8.5	0.025	0.000999000999000999	1
1.1.5	0.009523809523809525	0.000999000999000999	3
