EC	enrich_score	p_val	where
1	0.47412906070851096	0.000999000999000999	7583
1.3	0.0020761245674740486	0.000999000999000999	13
1.14	0.001100836635843241	0.000999000999000999	46
1.14.12	0.007633587786259542	0.000999000999000999	2
