EC	enrich_score	p_val	where
1	0.023225047773041307	0.000999000999000999	1154
1.14	0.04337296345222369	0.000999000999000999	356
1.14.15	0.013605442176870748	0.000999000999000999	4
1.14.-	0.015873015873015872	0.000999000999000999	17
