EC	enrich_score	p_val	where
2	0.0033884791708192145	0.000999000999000999	71
2.6	0.07901234567901234	0.000999000999000999	71
2.6.1	0.058981233243967826	0.000999000999000999	71
