EC	enrich_score	p_val	where
4	0.0010515247108307045	0.000999000999000999	1
3	0.0004702194357366771	0.030969030969030968	10
2	0.0363763205102651	0.000999000999000999	4205
4.1	0.0035398230088495575	0.000999000999000999	1
3.2	0.0007485029940119761	0.001998001998001998	6
4.1.99	0.02631578947368421	0.000999000999000999	1
3.2.2	0.007633587786259542	0.000999000999000999	6
