EC	enrich_score	p_val	where
4	0.11724500525762356	0.000999000999000999	389
4.2	0.23141361256544501	0.000999000999000999	389
4.2.3	0.45955882352941174	0.000999000999000999	352
