EC	enrich_score	p_val	where
1	0.05350580626194326	0.000999000999000999	3757
1.17	0.01644736842105263	0.000999000999000999	5
1.3	0.004844290657439446	0.000999000999000999	30
1.17.99	0.078125	0.000999000999000999	5
1.3.99	0.03482587064676617	0.000999000999000999	30
