EC	enrich_score	p_val	where
2	0.013354594379111023	0.000999000999000999	447
2.3	0.028037383177570093	0.000999000999000999	99
2.3.1	0.0289123451124369	0.000999000999000999	97
