EC	enrich_score	p_val	where
2	0.008371536774965119	0.000999000999000999	172
2.1	0.020560747663551402	0.000999000999000999	114
2.1.1	0.02086230876216968	0.000999000999000999	74
