EC	enrich_score	p_val	where
1	0.000514478906364839	0.01998001998001998	6
5	0.1492109038737446	0.000999000999000999	303
1.1	0.0016910935738444193	0.000999000999000999	5
5.1	0.19047619047619047	0.000999000999000999	303
1.1.99	0.00411522633744856	0.000999000999000999	0
1.1.2	0.03076923076923077	0.000999000999000999	5
