EC	enrich_score	p_val	where
2	0.014949172812437711	0.000999000999000999	210
2.8	0.3163716814159292	0.000999000999000999	206
2.8.2	0.6825396825396826	0.000999000999000999	206
