EC	enrich_score	p_val	where
1	0.0141114214317213	0.000999000999000999	956
1.14	0.010127697049757816	0.000999000999000999	368
1.14.14	0.002875629043853343	0.000999000999000999	14
