EC	enrich_score	p_val	where
1	0.04534764074672938	0.000999000999000999	4682
