EC	enrich_score	p_val	where
2	0.1223838947578234	0.000999000999000999	1825
2.3	0.46281999187322226	0.000999000999000999	1758
2.3.1	0.4405690683799908	0.000999000999000999	1712
