EC	enrich_score	p_val	where
3	0.026175548589341693	0.000999000999000999	630
2	0.03159258521028503	0.000999000999000999	3804
3.2	0.06661676646706587	0.000999000999000999	357
3.2.1	0.06974789915966387	0.000999000999000999	357
