EC	enrich_score	p_val	where
1	0.026091430251359696	0.000999000999000999	1779
1.14	0.00022016732716864817	0.014985014985014986	0
1.13	0.00936768149882904	0.000999000999000999	73
1.14.19	0.002004008016032064	0.000999000999000999	0
1.13.11	0.006896551724137931	0.000999000999000999	71
