EC	enrich_score	p_val	where
1	0.0019844186388358076	0.000999000999000999	71
5	0.08895265423242468	0.000999000999000999	368
1.21	0.031578947368421054	0.000999000999000999	3
1.21.99	0.1	0.000999000999000999	3
