EC	enrich_score	p_val	where
2	0.12058999402033088	0.000999000999000999	1769
2.3	0.4550995530272247	0.000999000999000999	1662
2.3.1	0.43322625057365766	0.000999000999000999	1662
