EC	enrich_score	p_val	where
6	0.0007692307692307692	0.004995004995004995	5
2	0.002890173410404624	0.000999000999000999	505
2.7	0.0010035122930255895	0.000999000999000999	2
2.7.7	0.006024096385542169	0.000999000999000999	2
