EC	enrich_score	p_val	where
2	0.04265497309148894	0.000999000999000999	1773
2.7	0.19668840943301555	0.000999000999000999	827
2.7.1	0.2632183908045977	0.000999000999000999	399
