EC	enrich_score	p_val	where
1	0.02631192121123034	0.000999000999000999	1690
1.2	0.004803073967339097	0.000999000999000999	6
1.2.3	0.05660377358490566	0.000999000999000999	3
