EC	enrich_score	p_val	where
1	0.009554608261061297	0.000999000999000999	229
1.14	0.023117569352708058	0.000999000999000999	213
1.14.11	0.26334519572953735	0.000999000999000999	119
