EC	enrich_score	p_val	where
6	0.003076923076923077	0.000999000999000999	9
2	0.030795295993621685	0.000999000999000999	706
3	0.009247648902821317	0.000999000999000999	1613
6.2	0.002053388090349076	0.000999000999000999	8
2.7	0.15102860010035124	0.000999000999000999	706
3.6	0.042490118577075096	0.000999000999000999	1613
2.7.1|2	0.058823529411764705	0.000999000999000999	1
6.2.1	0.0021645021645021645	0.000999000999000999	8
