EC	enrich_score	p_val	where
1	0.0004409819197412906	0.030969030969030968	16
1.14	0.00044033465433729633	0.002997002997002997	7
