EC	enrich_score	p_val	where
4	0.0010515247108307045	0.000999000999000999	22
1	0.0009554608261061297	0.002997002997002997	142
1.2	0.002881844380403458	0.000999000999000999	7
4.1	0.0035398230088495575	0.000999000999000999	22
4.1.3	0.021739130434782608	0.000999000999000999	0
