EC	enrich_score	p_val	where
1	0.2845803322063795	0.000999000999000999	9005
1.1	0.0008455467869222097	0.000999000999000999	4
1.14	0.0017613386173491853	0.000999000999000999	41
1.1.1	0.0011248593925759281	0.000999000999000999	4
