EC	enrich_score	p_val	where
1	0.0005879758929883875	0.013986013986013986	25
1.17	0.01644736842105263	0.000999000999000999	8
1.17.5	0.23809523809523808	0.000999000999000999	8
