EC	enrich_score	p_val	where
1	0.0012494487726003234	0.000999000999000999	82
1.13	0.00702576112412178	0.000999000999000999	8
1.13.12	0.02127659574468085	0.000999000999000999	1
