EC	enrich_score	p_val	where
2	0.005880007972892167	0.000999000999000999	114
2.6	0.13333333333333333	0.000999000999000999	64
2.6.1	0.128686327077748	0.000999000999000999	64
