EC	enrich_score	p_val	where
2	0.16792904125971697	0.000999000999000999	3592
2.4	0.41771637545713125	0.000999000999000999	1730
2.4.2	0.05726872246696035	0.000999000999000999	14
2.4.1	0.3570701932858596	0.000999000999000999	1407
