EC	enrich_score	p_val	where
1	0.4739085697486403	0.000999000999000999	7584
1.14	0.0035226772346983706	0.000999000999000999	45
1.14.13	0.0018264840182648401	0.000999000999000999	1
