EC	enrich_score	p_val	where
4	0.0015772870662460567	0.000999000999000999	4
3	0.00109717868338558	0.000999000999000999	18
1	0.0047038071439071	0.000999000999000999	2953
4.3	0.02608695652173913	0.000999000999000999	4
3.4	0.0024875621890547263	0.000999000999000999	14
4.3.1	0.04411764705882353	0.000999000999000999	4
