EC	enrich_score	p_val	where
2	0.029499701016543752	0.000999000999000999	1358
2.3	0.03778951645672491	0.000999000999000999	521
2.3.1	0.03212482790270767	0.000999000999000999	514
