EC	enrich_score	p_val	where
2	0.17351006577636038	0.000999000999000999	4062
2.4	0.4928890694839496	0.000999000999000999	2430
2.4.1	0.41149542217700913	0.000999000999000999	2132
