EC	enrich_score	p_val	where
2	0.08889774765796292	0.000999000999000999	4216
2.3	0.1694433157253149	0.000999000999000999	1288
2.3.1	0.15282239559430932	0.000999000999000999	1288
