EC	enrich_score	p_val	where
2	0.1488937612118796	0.000999000999000999	4905
2.7	0.025589563472152535	0.000999000999000999	101
2.7.7	0.05421686746987952	0.000999000999000999	23
