EC	enrich_score	p_val	where
3	0.0040752351097178684	0.000999000999000999	30
1	0.009334117301190652	0.000999000999000999	3148
3.4	0.014925373134328358	0.000999000999000999	30
3.4.24	0.11764705882352941	0.000999000999000999	7
