EC	enrich_score	p_val	where
2	0.0672712776559697	0.000999000999000999	3893
2.4	0.010158472165786265	0.000999000999000999	128
2.4.1	0.003560528992878942	0.000999000999000999	10
