EC	enrich_score	p_val	where
3	0.0040752351097178684	0.000999000999000999	47
3.4	0.021144278606965175	0.000999000999000999	46
3.4.11	0.006756756756756757	0.000999000999000999	1
3.4.13	0.03225806451612903	0.000999000999000999	6
