EC	enrich_score	p_val	where
2	0.008869842535379709	0.000999000999000999	145
2.7	0.04014049172102358	0.000999000999000999	102
2.7.1	0.09195402298850575	0.000999000999000999	102
