EC	enrich_score	p_val	where
2	0.001195933824995017	0.000999000999000999	11
2.4	0.004876066639577408	0.000999000999000999	11
2.4.2	0.05286343612334802	0.000999000999000999	11
