EC	enrich_score	p_val	where
3	0.003918495297805642	0.000999000999000999	100
3.1	0.0015022533800701052	0.000999000999000999	100
