EC	enrich_score	p_val	where
2	0.1217859278453259	0.000999000999000999	1950
2.3	0.45469321414059327	0.000999000999000999	1806
2.3.1	0.43322625057365766	0.000999000999000999	1652
