EC	enrich_score	p_val	where
1	0.4539908863736587	0.000999000999000999	8266
1.3	0.006228373702422145	0.000999000999000999	16
1.3.1	0.012396694214876033	0.000999000999000999	16
