EC	enrich_score	p_val	where
6	0.0038461538461538464	0.000999000999000999	22
2	0.011760015945784333	0.000999000999000999	2224
2.7	0.0005017561465127947	0.002997002997002997	0
2.7.11	0.007575757575757576	0.000999000999000999	0
