EC	enrich_score	p_val	where
2	0.0029898345624875425	0.000999000999000999	1154
2.7	0.007024586051179127	0.000999000999000999	23
2.7.1	0.004597701149425287	0.000999000999000999	5
