EC	enrich_score	p_val	where
5	0.01291248206599713	0.000999000999000999	16
1	0.02072615022784066	0.000999000999000999	3116
5.5	0.06666666666666667	0.000999000999000999	14
5.5.1	0.06862745098039216	0.000999000999000999	14
