EC	enrich_score	p_val	where
1	0.4732470968690284	0.000999000999000999	7606
1.1	0.07609921082299888	0.000999000999000999	1300
1.1.1|1	0.005714285714285714	0.000999000999000999	0
1.1.1	0.08323959505061868	0.000999000999000999	1300
