EC	enrich_score	p_val	where
2	0.041160055810245164	0.000999000999000999	8170
2.7	0.10436527847466132	0.000999000999000999	541
2.7.1	0.05862068965517241	0.000999000999000999	114
