EC	enrich_score	p_val	where
3	0.0006269592476489029	0.01098901098901099	4
3.5	0.0023121387283236996	0.000999000999000999	1
3.5.1	0.003424657534246575	0.000999000999000999	1
