EC	enrich_score	p_val	where
2	0.016344428941598564	0.000999000999000999	364
2.8	0.26327433628318586	0.000999000999000999	224
2.8.2	0.544973544973545	0.000999000999000999	224
