EC	enrich_score	p_val	where
4	0.002103049421661409	0.000999000999000999	11
4.1	0.0017699115044247787	0.000999000999000999	0
4.1.1	0.003367003367003367	0.000999000999000999	0
