EC	enrich_score	p_val	where
2	0.11869643213075542	0.000999000999000999	2171
2.3	0.44209670865501827	0.000999000999000999	1766
2.3.1	0.41762276273519966	0.000999000999000999	1766
