EC	enrich_score	p_val	where
4	0.09200841219768664	0.000999000999000999	293
4.2	0.181151832460733	0.000999000999000999	293
4.2.3	0.3713235294117647	0.000999000999000999	293
