EC	enrich_score	p_val	where
6	0.09923076923076923	0.000999000999000999	199
2	0.07155670719553518	0.000999000999000999	6408
6.2	0.01642710472279261	0.000999000999000999	9
6.3	0.023255813953488372	0.000999000999000999	69
6.2.1	0.017316017316017316	0.000999000999000999	9
