EC	enrich_score	p_val	where
2	0.10454454853498106	0.000999000999000999	5415
2.4	0.07964242177976433	0.000999000999000999	943
2.4.1	0.0340793489318413	0.000999000999000999	472
