EC	enrich_score	p_val	where
2	0.0005979669124975084	0.013986013986013986	10
2.7	0.0005017561465127947	0.002997002997002997	0
2.3	0.0004063388866314506	0.002997002997002997	2
2.7.1	0.0011494252873563218	0.000999000999000999	0
2.3.1	0.0004589261128958238	0.013986013986013986	2
