EC	enrich_score	p_val	where
1	0.4736880787887697	0.000999000999000999	7634
1.14	0.003742844561867019	0.000999000999000999	32
1.1	0.007046223224351747	0.000999000999000999	536
1.14.13	0.015525114155251141	0.000999000999000999	32
1.1.1	0.0018747656542932134	0.000999000999000999	536
