EC	enrich_score	p_val	where
6	0.006153846153846154	0.000999000999000999	65
2	0.035180386685270085	0.000999000999000999	2364
6.3	0.007751937984496124	0.000999000999000999	37
2.7	0.12092323130958355	0.000999000999000999	2334
2.7.14	0.25	0.000999000999000999	1
2.7.3	0.07142857142857142	0.000999000999000999	4
