EC	enrich_score	p_val	where
1	0.01506688225782743	0.000999000999000999	1665
1.5	0.0058309037900874635	0.000999000999000999	3
1.1	0.0014092446448703494	0.000999000999000999	11
1.5.5	0.18181818181818182	0.000999000999000999	3
1.1.5	0.047619047619047616	0.000999000999000999	11
