EC	enrich_score	p_val	where
1	0.008819638394825812	0.000999000999000999	2735
1.14	0.005063848524878908	0.000999000999000999	37
1.14.19	0.02004008016032064	0.000999000999000999	16
