EC	enrich_score	p_val	where
2	0.12557305162447677	0.000999000999000999	1533
2.1	0.7096573208722742	0.000999000999000999	1316
2.1.1	0.7280945757997218	0.000999000999000999	1316
