EC	enrich_score	p_val	where
1	0.004189328237542261	0.000999000999000999	124
1.3	0.0034602076124567475	0.000999000999000999	4
1.1	0.009019165727170236	0.000999000999000999	123
1.3.2	0.25	0.000999000999000999	3
