EC	enrich_score	p_val	where
3	0.011598746081504702	0.000999000999000999	159
3.4	0.03980099502487562	0.000999000999000999	45
3.4.14	0.024390243902439025	0.000999000999000999	0
3.4.19	0.22727272727272727	0.000999000999000999	22
