EC	enrich_score	p_val	where
2	0.03737293203109428	0.000999000999000999	3120
2.-	0.25	0.000999000999000999	1
2.4	0.015034538805363673	0.000999000999000999	89
2.-.-	0.25	0.000999000999000999	1
2.4.1	0.001525940996948118	0.000999000999000999	7
