EC	enrich_score	p_val	where
1	0.03865941496398648	0.000999000999000999	4099
1.1	0.0014092446448703494	0.000999000999000999	69
1.14	0.0015411712901805372	0.000999000999000999	278
1.1.99	0.0205761316872428	0.000999000999000999	69
