EC	enrich_score	p_val	where
1	0.4739085697486403	0.000999000999000999	7577
1.14	0.009687362395420519	0.000999000999000999	93
1.14.13	0.005479452054794521	0.000999000999000999	26
