EC	enrich_score	p_val	where
4	0.011041009463722398	0.000999000999000999	24
4.2	0.02198952879581152	0.000999000999000999	24
4.2.1	0.02737226277372263	0.000999000999000999	24
