EC	enrich_score	p_val	where
6	0.05846153846153846	0.000999000999000999	239
2	0.04983057604145904	0.000999000999000999	2918
6.1	0.0049261083743842365	0.000999000999000999	0
6.3	0.015503875968992248	0.000999000999000999	20
2.7	0.07275464124435524	0.000999000999000999	1590
6.1.1	0.0053475935828877	0.000999000999000999	0
6.3.2	0.0033444816053511705	0.000999000999000999	17
