EC	enrich_score	p_val	where
1	0.009628105247684845	0.000999000999000999	359
1.14	0.020035226772346985	0.000999000999000999	359
1.14.11	0.17793594306049823	0.000999000999000999	83
