EC	enrich_score	p_val	where
4	0.1167192429022082	0.000999000999000999	383
4.2	0.23036649214659685	0.000999000999000999	383
4.2.3|4	0.018518518518518517	0.000999000999000999	2
4.2.3	0.45955882352941174	0.000999000999000999	338
