EC	enrich_score	p_val	where
1	0.4742025576951345	0.000999000999000999	7619
1.1	0.05693348365276212	0.000999000999000999	555
1.1.1	0.062242219722534686	0.000999000999000999	555
