EC	enrich_score	p_val	where
3	0.0014106583072100312	0.000999000999000999	82
2	0.010265098664540562	0.000999000999000999	747
2.4	0.0016253555465258025	0.000999000999000999	3
3.2	0.006736526946107785	0.000999000999000999	82
2.4.2	0.004405286343612335	0.000999000999000999	0
2.4.1	0.000508646998982706	0.013986013986013986	2
3.2.1	0.007563025210084034	0.000999000999000999	82
