EC	enrich_score	p_val	where
1	0.47457004262825225	0.000999000999000999	7602
1.8	0.0058997050147492625	0.000999000999000999	29
1.1	0.005355129650507328	0.000999000999000999	90
1.8.1	0.01904761904761905	0.000999000999000999	29
1.1.1	0.006374203224596925	0.000999000999000999	90
