EC	enrich_score	p_val	where
1	0.47493752756137	0.000999000999000999	7589
1.3	0.0034602076124567475	0.000999000999000999	4
1.3.1	0.006887052341597796	0.000999000999000999	4
