EC	enrich_score	p_val	where
3	0.0014106583072100312	0.000999000999000999	13
3.5	0.003468208092485549	0.000999000999000999	2
3.1	0.000500751126690035	0.002997002997002997	13
3.5.1	0.005136986301369863	0.000999000999000999	2
