EC	enrich_score	p_val	where
2	0.12058999402033088	0.000999000999000999	5275
2.3	0.18569687119057293	0.000999000999000999	1249
2.3.1	0.15741165672326754	0.000999000999000999	1077
