EC	enrich_score	p_val	where
5	0.00430416068866571	0.000999000999000999	4
3	0.02304075235109718	0.000999000999000999	2126
5.4	0.02027027027027027	0.000999000999000999	4
3.2	0.04341317365269461	0.000999000999000999	172
5.4.99	0.0375	0.000999000999000999	4
3.2.1	0.040336134453781515	0.000999000999000999	172
