EC	enrich_score	p_val	where
1	0.042628252241658095	0.000999000999000999	3107
1.3	0.02560553633217993	0.000999000999000999	101
1.3.5	0.10638297872340426	0.000999000999000999	19
