EC	enrich_score	p_val	where
3	0.02037617554858934	0.000999000999000999	260
3.2	0.0561377245508982	0.000999000999000999	257
3.2.1	0.06134453781512605	0.000999000999000999	257
