EC	enrich_score	p_val	where
1	0.47229163604292224	0.000999000999000999	7601
1.1	0.0011273957158962795	0.000999000999000999	3
1.1.1	0.0014998125234345708	0.000999000999000999	3
