EC	enrich_score	p_val	where
3	0.0007836990595611285	0.004995004995004995	5
2	0.002890173410404624	0.000999000999000999	277
3.1	0.0025037556334501754	0.000999000999000999	5
3.1.4	0.022123893805309734	0.000999000999000999	5
