EC	enrich_score	p_val	where
1	0.003380861384683228	0.000999000999000999	225
1.1	0.0002818489289740699	0.014985014985014986	1
1.1.5	0.009523809523809525	0.000999000999000999	1
