EC	enrich_score	p_val	where
3	0.04122257053291536	0.000999000999000999	512
3.4	0.13059701492537312	0.000999000999000999	237
3.4.16	0.044444444444444446	0.000999000999000999	1
3.4.14	0.07317073170731707	0.000999000999000999	6
