EC	enrich_score	p_val	where
5	0.14347202295552366	0.000999000999000999	349
5.1	0.164021164021164	0.000999000999000999	311
