EC	enrich_score	p_val	where
1	0.009922093194179039	0.000999000999000999	597
1.3	0.05951557093425606	0.000999000999000999	98
1.3.8	0.047619047619047616	0.000999000999000999	17
