EC	enrich_score	p_val	where
3	0.006269592476489028	0.000999000999000999	69
3.2	0.02694610778443114	0.000999000999000999	47
3.2.1	0.02857142857142857	0.000999000999000999	47
