EC	enrich_score	p_val	where
1	0.4437013082463619	0.000999000999000999	9437
1.3	0.08027681660899653	0.000999000999000999	245
1.3.1	0.14600550964187328	0.000999000999000999	245
