EC	enrich_score	p_val	where
2	0.06986246761012557	0.000999000999000999	3406
2.3	0.1414059325477448	0.000999000999000999	975
2.3.1	0.12849931161083067	0.000999000999000999	971
