EC	enrich_score	p_val	where
1	0.012861972659120976	0.000999000999000999	540
1.14	0.013650374284456186	0.000999000999000999	329
1.14.15	0.03741496598639456	0.000999000999000999	21
