EC	enrich_score	p_val	where
1	0.47295310892253417	0.000999000999000999	7603
1.1	0.044813979706877116	0.000999000999000999	662
1.1.1	0.051368578927634044	0.000999000999000999	662
