EC	enrich_score	p_val	where
1	0.4742025576951345	0.000999000999000999	7620
1.1	0.001972942502818489	0.000999000999000999	13
1.1.1	0.0022497187851518562	0.000999000999000999	8
