EC	enrich_score	p_val	where
6	0.08615384615384615	0.000999000999000999	124
2	0.111919473789117	0.000999000999000999	5564
6.2	0.22176591375770022	0.000999000999000999	124
2.3	0.009752133279154815	0.000999000999000999	439
6.2.1	0.19913419913419914	0.000999000999000999	124
2.3.1	0.0036714089031665903	0.000999000999000999	439
