EC	enrich_score	p_val	where
1	0.003233867411436131	0.000999000999000999	109
1.1	0.007328072153325817	0.000999000999000999	55
1.1.3	0.016216216216216217	0.000999000999000999	4
1.1.99	0.012345679012345678	0.000999000999000999	16
