EC	enrich_score	p_val	where
1	0.0013964427458474202	0.000999000999000999	26
1.1	0.0002818489289740699	0.014985014985014986	0
1.17	0.019736842105263157	0.000999000999000999	15
1.1.98	0.034482758620689655	0.000999000999000999	0
1.17.4	0.07792207792207792	0.000999000999000999	15
