EC	enrich_score	p_val	where
3	0.0065830721003134795	0.000999000999000999	165
3.1	0.018527791687531298	0.000999000999000999	82
3.1.4	0.061946902654867256	0.000999000999000999	20
