EC	enrich_score	p_val	where
2	0.0004983057604145904	0.01998001998001998	38
3	0.008620689655172414	0.000999000999000999	395
2.3	0.0004063388866314506	0.002997002997002997	0
2.3.2	0.005747126436781609	0.000999000999000999	0
