EC	enrich_score	p_val	where
2	0.08222045046840741	0.000999000999000999	4344
2.3	0.00650142218610321	0.000999000999000999	86
2.3.1	0.0073428178063331805	0.000999000999000999	86
