EC	enrich_score	p_val	where
1	0.01264148169925033	0.000999000999000999	882
1.14	0.012549537648612946	0.000999000999000999	114
1.14.14	0.002875629043853343	0.000999000999000999	3
1.14.18	0.007692307692307693	0.000999000999000999	12
