EC	enrich_score	p_val	where
1	0.47383507276201675	0.000999000999000999	7624
1.1	0.06228861330326945	0.000999000999000999	300
1.1.1	0.07536557930258718	0.000999000999000999	300
