EC	enrich_score	p_val	where
2	0.11162049033286825	0.000999000999000999	2492
2.3	0.38886631450629827	0.000999000999000999	2029
2.3.1	0.35566773749426345	0.000999000999000999	1714
