EC	enrich_score	p_val	where
4	0.005257623554153523	0.000999000999000999	10
1	0.011612523886520653	0.000999000999000999	3245
4.3	0.08695652173913043	0.000999000999000999	10
4.3.1	0.14705882352941177	0.000999000999000999	10
