EC	enrich_score	p_val	where
4	0.00473186119873817	0.000999000999000999	17
1	0.031530207261502276	0.000999000999000999	1537
4.2	0.007329842931937173	0.000999000999000999	17
1.14	0.015191545574636724	0.000999000999000999	389
4.2.1	0.012773722627737226	0.000999000999000999	17
