EC	enrich_score	p_val	where
2	0.12647000199322303	0.000999000999000999	1541
2.1	0.7115264797507788	0.000999000999000999	1326
2.1.1	0.7301808066759388	0.000999000999000999	1326
