EC	enrich_score	p_val	where
4	0.0015772870662460567	0.000999000999000999	4
2	0.0017939007374925253	0.000999000999000999	36
4.4	0.01910828025477707	0.000999000999000999	4
2.8	0.011061946902654867	0.000999000999000999	20
4.4.1	0.019230769230769232	0.000999000999000999	4
2.8.1	0.04132231404958678	0.000999000999000999	20
