EC	enrich_score	p_val	where
2	0.12168626669324298	0.000999000999000999	1809
2.3	0.4595692807801707	0.000999000999000999	1735
2.3.1	0.4364387333639284	0.000999000999000999	1698
