EC	enrich_score	p_val	where
1	0.4737615757753932	0.000999000999000999	7578
1.1	0.0580608793686584	0.000999000999000999	907
1.1.1	0.06299212598425197	0.000999000999000999	907
