EC	enrich_score	p_val	where
1	0.4725121270027929	0.000999000999000999	7595
1.17	0.013157894736842105	0.000999000999000999	4
1.1	0.004227733934611048	0.000999000999000999	122
1.17.1	0.043478260869565216	0.000999000999000999	1
1.1.1	0.004124484439445069	0.000999000999000999	122
