EC	enrich_score	p_val	where
1	0.026532412171100986	0.000999000999000999	1872
1.14	0.0006605019815059445	0.001998001998001998	15
1.14.-	0.015873015873015872	0.000999000999000999	5
