EC	enrich_score	p_val	where
2	0.0029898345624875425	0.000999000999000999	140
2.5	0.010471204188481676	0.000999000999000999	18
2.5.1	0.01098901098901099	0.000999000999000999	18
