EC	enrich_score	p_val	where
2	0.064480765397648	0.000999000999000999	5420
2.7	0.004515805318615153	0.000999000999000999	18
2.7.1	0.0022988505747126436	0.000999000999000999	1
2.7.7	0.006024096385542169	0.000999000999000999	8
