EC	enrich_score	p_val	where
1	0.47412906070851096	0.000999000999000999	7602
1.3	0.0020761245674740486	0.000999000999000999	2
1.1	0.03410372040586246	0.000999000999000999	481
1.3.1	0.004132231404958678	0.000999000999000999	2
1.1.1	0.04236970378702662	0.000999000999000999	481
