EC	enrich_score	p_val	where
2	0.004285429539565478	0.000999000999000999	148
2.1	0.004984423676012461	0.000999000999000999	7
2.1.1	0.005563282336578581	0.000999000999000999	7
