EC	enrich_score	p_val	where
2	0.16384293402431732	0.000999000999000999	3934
2.4	0.44575375863470135	0.000999000999000999	1773
2.4.1	0.3814852492370295	0.000999000999000999	1732
