EC	enrich_score	p_val	where
1	0.044759664853741	0.000999000999000999	3455
1.3	0.021453287197231833	0.000999000999000999	126
1.3.5	0.07446808510638298	0.000999000999000999	15
