EC	enrich_score	p_val	where
4	0.054153522607781286	0.000999000999000999	439
4.2	0.10575916230366492	0.000999000999000999	439
4.2.3	0.09558823529411764	0.000999000999000999	47
