EC	enrich_score	p_val	where
5	0.018651362984218076	0.000999000999000999	18
1	0.022049095987064532	0.000999000999000999	2886
5.5	0.12380952380952381	0.000999000999000999	18
5.5.1	0.12745098039215685	0.000999000999000999	18
