EC	enrich_score	p_val	where
6	0.05692307692307692	0.000999000999000999	113
2	0.051425154474785725	0.000999000999000999	4453
6.1	0.3645320197044335	0.000999000999000999	113
6.1.1	0.37433155080213903	0.000999000999000999	113
