EC	enrich_score	p_val	where
1	0.4744230486550051	0.000999000999000999	7604
1.2	0.0009606147934678194	0.000999000999000999	12
1.1	0.009864712514092447	0.000999000999000999	192
1.2.1	0.0013123359580052493	0.000999000999000999	12
1.1.1	0.00862392200974878	0.000999000999000999	192
