EC	enrich_score	p_val	where
2	0.01913494119992027	0.000999000999000999	1257
2.3	0.016253555465258026	0.000999000999000999	50
2.3.1	0.018357044515832952	0.000999000999000999	50
