EC	enrich_score	p_val	where
1	0.006026752903130972	0.000999000999000999	987
1.14	0.008586525759577279	0.000999000999000999	43
1.14.15	0.003401360544217687	0.000999000999000999	2
1.14.13	0.0073059360730593605	0.000999000999000999	16
