EC	enrich_score	p_val	where
2	0.08969503687462627	0.000999000999000999	5450
2.3	0.05770012190166599	0.000999000999000999	173
2.3.1	0.05415328132170721	0.000999000999000999	173
