EC	enrich_score	p_val	where
1	0.02021167132147582	0.000999000999000999	2025
1.13	0.1686182669789227	0.000999000999000999	115
1.13.11	0.20689655172413793	0.000999000999000999	115
