EC	enrich_score	p_val	where
2	0.0030894957145704604	0.000999000999000999	42
2.6	0.04938271604938271	0.000999000999000999	21
2.6.1	0.05361930294906166	0.000999000999000999	21
