EC	enrich_score	p_val	where
4	0.010515247108307046	0.000999000999000999	29
4.2	0.018848167539267015	0.000999000999000999	29
4.2.1	0.032846715328467155	0.000999000999000999	29
