EC	enrich_score	p_val	where
1	0.005953255916507423	0.000999000999000999	449
1.13	0.03747072599531616	0.000999000999000999	39
1.13.11	0.041379310344827586	0.000999000999000999	39
