EC	enrich_score	p_val	where
1	0.24165809201822724	0.000999000999000999	5752
1.3	0.058823529411764705	0.000999000999000999	108
1.3.1	0.10606060606060606	0.000999000999000999	102
