EC	enrich_score	p_val	where
2	0.027805461431134142	0.000999000999000999	2286
2.3	0.030069077610727347	0.000999000999000999	383
2.3.3	0.02127659574468085	0.000999000999000999	1
2.3.1	0.023405231757687012	0.000999000999000999	146
