EC	enrich_score	p_val	where
2	0.0010962726729120988	0.000999000999000999	64
2.2	0.14285714285714285	0.000999000999000999	9
2.2.1	0.14285714285714285	0.000999000999000999	9
