EC	enrich_score	p_val	where
7	0.02727272727272727	0.000999000999000999	2
1	0.031162722328384535	0.000999000999000999	1805
7.1	0.10714285714285714	0.000999000999000999	2
7.1.1	0.1111111111111111	0.000999000999000999	2
