EC	enrich_score	p_val	where
3	0.00109717868338558	0.000999000999000999	15
2	0.041857683874825594	0.000999000999000999	5771
2.7	0.0005017561465127947	0.002997002997002997	3
3.1	0.0025037556334501754	0.000999000999000999	11
3.1.21	0.09090909090909091	0.000999000999000999	1
2.7.7	0.0030120481927710845	0.000999000999000999	3
