EC	enrich_score	p_val	where
1	0.009260620314567102	0.000999000999000999	276
1.3	0.08304498269896193	0.000999000999000999	239
1.3.8	0.09523809523809523	0.000999000999000999	77
