EC	enrich_score	p_val	where
2	0.01863663543950568	0.000999000999000999	253
2.1	0.0940809968847352	0.000999000999000999	253
2.1.1	0.09805285118219749	0.000999000999000999	253
