EC	enrich_score	p_val	where
5	0.014347202295552367	0.000999000999000999	29
1	0.006688225782742908	0.000999000999000999	905
5.5	0.08571428571428572	0.000999000999000999	21
5.5.1	0.08823529411764706	0.000999000999000999	21
