EC	enrich_score	p_val	where
6	0.004615384615384616	0.000999000999000999	5
2	0.07524416982260315	0.000999000999000999	5625
6.3	0.011627906976744186	0.000999000999000999	5
6.3.2	0.020066889632107024	0.000999000999000999	5
