EC	enrich_score	p_val	where
1	0.02065265324121711	0.000999000999000999	2500
1.14	0.020695728753852928	0.000999000999000999	424
1.14.15	0.027210884353741496	0.000999000999000999	8
