EC	enrich_score	p_val	where
2	0.002292206497907116	0.000999000999000999	100
2.3	0.0004063388866314506	0.002997002997002997	0
2.3.1	0.0004589261128958238	0.013986013986013986	0
