EC	enrich_score	p_val	where
1	0.4744965456416287	0.000999000999000999	7601
1.1	0.007328072153325817	0.000999000999000999	466
1.1.1	0.0003749531308586427	0.013986013986013986	6
