EC	enrich_score	p_val	where
5	0.00860832137733142	0.000999000999000999	27
1	0.00235190357195355	0.000999000999000999	165
5.3	0.01904761904761905	0.000999000999000999	27
1.1	0.004791431792559188	0.000999000999000999	121
1.1.99	0.024691358024691357	0.000999000999000999	9
5.3.1	0.04597701149425287	0.000999000999000999	27
