EC	enrich_score	p_val	where
1	0.47457004262825225	0.000999000999000999	7588
1.14	0.012769704975781594	0.000999000999000999	377
1.14.13	0.0009132420091324201	0.000999000999000999	0
1.14.14	0.0007189072609633358	0.000999000999000999	4
