EC	enrich_score	p_val	where
1	0.03219168014111421	0.000999000999000999	2238
1.2	0.0009606147934678194	0.000999000999000999	47
1.1	0.0002818489289740699	0.014985014985014986	55
1.14	0.03632760898282695	0.000999000999000999	909
1.2.99	0.038461538461538464	0.000999000999000999	47
1.1.99	0.00411522633744856	0.000999000999000999	55
