EC	enrich_score	p_val	where
1	0.4740555637218874	0.000999000999000999	7607
1.14	0.00022016732716864817	0.014985014985014986	5
1.1	0.0031003382187147687	0.000999000999000999	53
1.14.13	0.0009132420091324201	0.000999000999000999	5
1.1.1	0.004124484439445069	0.000999000999000999	53
