EC	enrich_score	p_val	where
1	0.027414376010583566	0.000999000999000999	3500
