EC	enrich_score	p_val	where
2	0.05760414590392665	0.000999000999000999	3858
2.3	0.039821210889882164	0.000999000999000999	323
2.3.1	0.03763194125745755	0.000999000999000999	323
