EC	enrich_score	p_val	where
2	0.09746860673709389	0.000999000999000999	5539
2.3	0.047541649735879724	0.000999000999000999	222
2.3.1|2	0.01818181818181818	0.000999000999000999	2
2.3.1	0.04268012849931161	0.000999000999000999	222
