EC	enrich_score	p_val	where
4	0.0005257623554153522	0.01998001998001998	0
1	0.022049095987064532	0.000999000999000999	2742
4.2	0.0010471204188481676	0.000999000999000999	0
1.14	0.00022016732716864817	0.014985014985014986	7
4.2.1	0.0018248175182481751	0.000999000999000999	0
1.14.14	0.0007189072609633358	0.000999000999000999	7
