EC	enrich_score	p_val	where
2	0.07703807056009568	0.000999000999000999	2917
2.3	0.1828524989841528	0.000999000999000999	1537
2.3.1	0.16154199173932995	0.000999000999000999	1537
