EC	enrich_score	p_val	where
2	0.12288220051823799	0.000999000999000999	1833
2.3	0.4632263307598537	0.000999000999000999	1748
2.3.1	0.4405690683799908	0.000999000999000999	1748
