EC	enrich_score	p_val	where
2	0.046442096870639826	0.000999000999000999	3048
2.7	0.19468138484696437	0.000999000999000999	642
2.7.1	0.25862068965517243	0.000999000999000999	453
