EC	enrich_score	p_val	where
3	0.00109717868338558	0.000999000999000999	28
3.5	0.008092485549132947	0.000999000999000999	28
3.5.1	0.003424657534246575	0.000999000999000999	27
