EC	enrich_score	p_val	where
6	0.0015384615384615385	0.000999000999000999	6
2	0.04514650189356189	0.000999000999000999	2804
2.7	0.1058705469141997	0.000999000999000999	2417
2.7.7	0.0030120481927710845	0.000999000999000999	0
