EC	enrich_score	p_val	where
3	0.005015673981191223	0.000999000999000999	49
3.1	0.01602403605408112	0.000999000999000999	49
3.1.1	0.042440318302387266	0.000999000999000999	49
