EC	enrich_score	p_val	where
1	0.021902102013817433	0.000999000999000999	1689
1.14	0.014751210920299428	0.000999000999000999	226
1.14.99	0.00847457627118644	0.000999000999000999	4
1.14.19	0.02004008016032064	0.000999000999000999	90
