EC	enrich_score	p_val	where
1	0.47295310892253417	0.000999000999000999	7558
1.2	0.013448607108549471	0.000999000999000999	31
1.2.1	0.01837270341207349	0.000999000999000999	31
