EC	enrich_score	p_val	where
1	0.4736880787887697	0.000999000999000999	7618
1.14	0.0024218405988551297	0.000999000999000999	20
1.1	0.004509582863585118	0.000999000999000999	1070
1.14.12	0.061068702290076333	0.000999000999000999	7
