EC	enrich_score	p_val	where
1	0.41055416727914157	0.000999000999000999	7453
1.3	0.002768166089965398	0.000999000999000999	4
1.3.1	0.005509641873278237	0.000999000999000999	4
