EC	enrich_score	p_val	where
6	0.008461538461538461	0.000999000999000999	33
2	0.040661750049830574	0.000999000999000999	1797
6.3	0.01744186046511628	0.000999000999000999	33
2.7	0.16658304064224785	0.000999000999000999	1789
2.7.11	0.007575757575757576	0.000999000999000999	0
2.7.1	0.03793103448275862	0.000999000999000999	753
