EC	enrich_score	p_val	where
1	0.023666029692782597	0.000999000999000999	2117
1.13	0.0351288056206089	0.000999000999000999	28
1.13.11	0.05172413793103448	0.000999000999000999	28
