EC	enrich_score	p_val	where
2	0.1709188758222045	0.000999000999000999	3879
2.4	0.40186915887850466	0.000999000999000999	2100
2.4.2|2	0.1	0.000999000999000999	3
2.4.2	0.04405286343612335	0.000999000999000999	15
2.4.1	0.3056968463886063	0.000999000999000999	2098
