EC	enrich_score	p_val	where
2	0.04385090691648395	0.000999000999000999	1649
2.7	0.1851480180632213	0.000999000999000999	1642
2.7.1	0.2632183908045977	0.000999000999000999	376
