EC	enrich_score	p_val	where
4	0.008412197686645636	0.000999000999000999	74
4.4	0.03184713375796178	0.000999000999000999	39
4.4.1	0.03205128205128205	0.000999000999000999	39
