EC	enrich_score	p_val	where
1	0.47457004262825225	0.000999000999000999	7601
1.8	0.038348082595870206	0.000999000999000999	14
1.8.1	0.12380952380952381	0.000999000999000999	14
