EC	enrich_score	p_val	where
6	0.08692307692307692	0.000999000999000999	756
2	0.08182180586007574	0.000999000999000999	8486
6.4	0.3793103448275862	0.000999000999000999	10
6.4.1	0.38461538461538464	0.000999000999000999	9
