EC	enrich_score	p_val	where
1	0.03424959576657357	0.000999000999000999	2786
1.5	0.03498542274052478	0.000999000999000999	18
1.5.99	0.14492753623188406	0.000999000999000999	12
