EC	enrich_score	p_val	where
1	0.007570189622225489	0.000999000999000999	687
1.4	0.03741496598639456	0.000999000999000999	15
1.4.9	0.14814814814814814	0.000999000999000999	7
