EC	enrich_score	p_val	where
1	0.0004409819197412906	0.030969030969030968	7
2	0.12188558899740881	0.000999000999000999	1859
1.2	0.005763688760806916	0.000999000999000999	7
2.3	0.460788297440065	0.000999000999000999	1727
1.2.3	0.018867924528301886	0.000999000999000999	2
1.2.7	0.06666666666666667	0.000999000999000999	7
2.3.1	0.4378155117026159	0.000999000999000999	1690
