EC	enrich_score	p_val	where
2	0.08760215268088499	0.000999000999000999	2498
2.3	0.2807801706623324	0.000999000999000999	1435
2.3.1	0.25929325378614043	0.000999000999000999	1435
