EC	enrich_score	p_val	where
2	0.0004983057604145904	0.01998001998001998	103
