EC	enrich_score	p_val	where
1	0.022196089960311628	0.000999000999000999	2946
1.14	0.005284015852047556	0.000999000999000999	113
1.14.-	0.03968253968253968	0.000999000999000999	47
