EC	enrich_score	p_val	where
4	0.0005257623554153522	0.01998001998001998	0
1	0.007570189622225489	0.000999000999000999	2375
4.2	0.0010471204188481676	0.000999000999000999	0
1.13	0.00468384074941452	0.000999000999000999	7
4.2.1	0.0018248175182481751	0.000999000999000999	0
1.13.11	0.006896551724137931	0.000999000999000999	7
