EC	enrich_score	p_val	where
1	0.0024254005585770985	0.000999000999000999	59
2	0.04385090691648395	0.000999000999000999	2185
1.2	0.020172910662824207	0.000999000999000999	21
2.3	0.0707029662738724	0.000999000999000999	1157
1.2.1|1	0.03571428571428571	0.000999000999000999	0
1.2.1	0.01968503937007874	0.000999000999000999	21
2.3.1	0.06516750803120698	0.000999000999000999	561
