EC	enrich_score	p_val	where
2	0.0981662348016743	0.000999000999000999	1241
2.1	0.5090342679127726	0.000999000999000999	1215
2.1.1	0.5166898470097357	0.000999000999000999	1215
