EC	enrich_score	p_val	where
1	0.4744965456416287	0.000999000999000999	7589
1.1	0.0016910935738444193	0.000999000999000999	8
1.1.1	0.0022497187851518562	0.000999000999000999	8
