EC	enrich_score	p_val	where
1	0.011318535940026459	0.000999000999000999	2427
