EC	enrich_score	p_val	where
1	0.47427605468175804	0.000999000999000999	7589
1.14	0.00022016732716864817	0.014985014985014986	1
1.1	0.0005636978579481398	0.002997002997002997	33
1.14.13	0.0009132420091324201	0.000999000999000999	1
