EC	enrich_score	p_val	where
3	0.008150470219435737	0.000999000999000999	333
3.6	0.00691699604743083	0.000999000999000999	6
3.1	0.005508262393590386	0.000999000999000999	141
3.6.1	0.029045643153526972	0.000999000999000999	6
