EC	enrich_score	p_val	where
4	0.0005257623554153522	0.01998001998001998	2
4.99	0.02040816326530612	0.000999000999000999	2
4.99.1	0.020833333333333332	0.000999000999000999	2
