EC	enrich_score	p_val	where
3	0.03510971786833856	0.000999000999000999	843
3.2	0.0344311377245509	0.000999000999000999	449
3.2.1	0.030252100840336135	0.000999000999000999	449
