EC	enrich_score	p_val	where
1	0.016316331030427754	0.000999000999000999	1257
1.11	0.010169491525423728	0.000999000999000999	2
1.11.1	0.012	0.000999000999000999	2
