EC	enrich_score	p_val	where
5	0.133428981348637	0.000999000999000999	329
5.1	0.10052910052910052	0.000999000999000999	329
