EC	enrich_score	p_val	where
3	0.009247648902821317	0.000999000999000999	710
