EC	enrich_score	p_val	where
4	0.002103049421661409	0.000999000999000999	4
1	0.02631192121123034	0.000999000999000999	3139
4.2	0.004188481675392671	0.000999000999000999	4
4.2.1	0.0072992700729927005	0.000999000999000999	4
