EC	enrich_score	p_val	where
1	0.47464353961487576	0.000999000999000999	7605
1.1	0.012119503945885006	0.000999000999000999	169
1.1.1	0.011623547056617924	0.000999000999000999	167
