EC	enrich_score	p_val	where
1	0.01594884609731001	0.000999000999000999	4354
1.14	0.0017613386173491853	0.000999000999000999	95
1.14.14	0.004313443565780014	0.000999000999000999	15
