EC	enrich_score	p_val	where
6	0.0007692307692307692	0.004995004995004995	0
2	0.1278652581223839	0.000999000999000999	7092
6.5	0.02857142857142857	0.000999000999000999	0
2.6	0.007407407407407408	0.000999000999000999	4
6.5.1	0.02857142857142857	0.000999000999000999	0
2.6.99	0.23076923076923078	0.000999000999000999	4
