EC	enrich_score	p_val	where
4	0.0005257623554153522	0.01998001998001998	4
2	0.026210882997807456	0.000999000999000999	5337
4.1	0.0017699115044247787	0.000999000999000999	4
4.1.99	0.013157894736842105	0.000999000999000999	4
