EC	enrich_score	p_val	where
2	0.09009368148295795	0.000999000999000999	4163
2.3	0.25558715969118245	0.000999000999000999	1588
2.3.1	0.2299219825608077	0.000999000999000999	1588
