EC	enrich_score	p_val	where
1	0.4740555637218874	0.000999000999000999	7584
1.1	0.06679819616685456	0.000999000999000999	804
1.1.1	0.06411698537682789	0.000999000999000999	804
