EC	enrich_score	p_val	where
1	0.47398206673526383	0.000999000999000999	7581
1.6	0.009523809523809525	0.000999000999000999	1
1.6.5	0.013986013986013986	0.000999000999000999	1
