EC	enrich_score	p_val	where
2	0.17570261112218458	0.000999000999000999	3115
2.7	0.002007024586051179	0.000999000999000999	13
2.4	0.48273059731816337	0.000999000999000999	2204
2.4.1	0.4053916581892167	0.000999000999000999	2101
