EC	enrich_score	p_val	where
1	0.02859032779656034	0.000999000999000999	2285
1.14	0.0006605019815059445	0.001998001998001998	6
1.14.99	0.00847457627118644	0.000999000999000999	6
