EC	enrich_score	p_val	where
2	0.15228224038269883	0.000999000999000999	7309
2.4	0.24583502641202762	0.000999000999000999	1420
2.4.1	0.19328585961342828	0.000999000999000999	777
