EC	enrich_score	p_val	where
3	0.014263322884012539	0.000999000999000999	335
3.2	0.04266467065868264	0.000999000999000999	169
3.2.1	0.04453781512605042	0.000999000999000999	169
