EC	enrich_score	p_val	where
1	0.049095987064530354	0.000999000999000999	2421
1.14	0.05217965653896962	0.000999000999000999	400
1.14.19	0.23647294589178355	0.000999000999000999	247
