EC	enrich_score	p_val	where
1	0.4733205938556519	0.000999000999000999	7605
1.1	0.06031567080045096	0.000999000999000999	365
1.1.1	0.0738657667791526	0.000999000999000999	300
