EC	enrich_score	p_val	where
2	0.0931831771975284	0.000999000999000999	5142
2.4	0.08126777732629012	0.000999000999000999	471
2.4.99	0.10948905109489052	0.000999000999000999	24
2.4.1	0.012207527975584944	0.000999000999000999	293
