EC	enrich_score	p_val	where
3	0.0009404388714733542	0.002997002997002997	5
3.4	0.007462686567164179	0.000999000999000999	5
3.4.21	0.008064516129032258	0.000999000999000999	0
