EC	enrich_score	p_val	where
1	0.47295310892253417	0.000999000999000999	7607
1.2	0.005763688760806916	0.000999000999000999	5
1.1	0.002818489289740699	0.000999000999000999	88
1.2.1	0.007874015748031496	0.000999000999000999	5
1.1.1	0.0037495313085864268	0.000999000999000999	88
