EC	enrich_score	p_val	where
1	0.030280758488901955	0.000999000999000999	1631
1.3	0.031141868512110725	0.000999000999000999	119
1.3.5	0.031914893617021274	0.000999000999000999	2
