EC	enrich_score	p_val	where
2	0.00039864460833167234	0.04695304695304695	13
2.3	0.0004063388866314506	0.002997002997002997	6
2.3.1	0.0004589261128958238	0.013986013986013986	6
