EC	enrich_score	p_val	where
2	0.02013155272074945	0.000999000999000999	429
2.8	0.2079646017699115	0.000999000999000999	175
2.8.2	0.31746031746031744	0.000999000999000999	175
