EC	enrich_score	p_val	where
2	0.0007972892166633447	0.003996003996003996	32
2.3	0.0008126777732629012	0.000999000999000999	1
2.8	0.004424778761061947	0.000999000999000999	32
2.3.1	0.0009178522257916476	0.000999000999000999	1
2.8.3	0.019230769230769232	0.000999000999000999	32
