EC	enrich_score	p_val	where
2	0.01714171815826191	0.000999000999000999	2455
2.7	0.002007024586051179	0.000999000999000999	12
2.7.8	0.006060606060606061	0.000999000999000999	3
