EC	enrich_score	p_val	where
1	0.005071292077024842	0.000999000999000999	268
1.17	0.009868421052631578	0.000999000999000999	2
1.3	0.0020761245674740486	0.000999000999000999	36
1.17.5	0.14285714285714285	0.000999000999000999	2
