EC	enrich_score	p_val	where
5	0.0014347202295552368	0.000999000999000999	0
3	0.00109717868338558	0.000999000999000999	51
5.1	0.005291005291005291	0.000999000999000999	0
5.1.3	0.010101010101010102	0.000999000999000999	0
