EC	enrich_score	p_val	where
1	0.01499338527120388	0.000999000999000999	1307
1.14	0.03742844561867019	0.000999000999000999	213
1.14.99	0.022598870056497175	0.000999000999000999	18
1.14.19	0.16032064128256512	0.000999000999000999	204
