EC	enrich_score	p_val	where
4	0.0005257623554153522	0.01998001998001998	9
1	0.014919888284580332	0.000999000999000999	2752
4.1	0.0017699115044247787	0.000999000999000999	9
4.1.1	0.003367003367003367	0.000999000999000999	9
