EC	enrich_score	p_val	where
1	0.4744965456416287	0.000999000999000999	7653
1.1	0.0014092446448703494	0.000999000999000999	9
1.1.1	0.0018747656542932134	0.000999000999000999	9
