EC	enrich_score	p_val	where
4	0.07308096740273397	0.000999000999000999	218
4.2	0.14345549738219895	0.000999000999000999	218
4.2.1	0.22445255474452555	0.000999000999000999	218
