EC	enrich_score	p_val	where
2	0.01664341239784732	0.000999000999000999	2421
2.3	0.0329134498171475	0.000999000999000999	149
2.3.1	0.03441945846718678	0.000999000999000999	149
