EC	enrich_score	p_val	where
2	0.17171616503886786	0.000999000999000999	3885
2.4	0.44494108086143846	0.000999000999000999	1739
2.4.1	0.38606307222787384	0.000999000999000999	1699
