EC	enrich_score	p_val	where
1	0.05372629722181391	0.000999000999000999	2789
1.3	0.01453287197231834	0.000999000999000999	48
1.14	0.02267723469837076	0.000999000999000999	1112
1.3.99	0.0945273631840796	0.000999000999000999	21
