EC	enrich_score	p_val	where
3	0.0017241379310344827	0.000999000999000999	25
3.4	0.008706467661691543	0.000999000999000999	9
3.4.23	0.09523809523809523	0.000999000999000999	1
