EC	enrich_score	p_val	where
2	0.0066772971895555115	0.000999000999000999	587
2.7	0.002007024586051179	0.000999000999000999	15
2.7.7	0.006024096385542169	0.000999000999000999	1
