EC	enrich_score	p_val	where
1	0.01036307511392033	0.000999000999000999	323
1.14	0.02399823866138265	0.000999000999000999	192
1.14.11	0.27402135231316727	0.000999000999000999	126
