EC	enrich_score	p_val	where
2	0.009268487143711382	0.000999000999000999	159
2.7	0.042147516307074764	0.000999000999000999	158
2.7.1	0.09080459770114943	0.000999000999000999	103
