EC	enrich_score	p_val	where
2	0.17390871038469205	0.000999000999000999	3359
2.7	0.006021073758153537	0.000999000999000999	16
2.4	0.4355952864689151	0.000999000999000999	2298
2.7.7	0.03614457831325301	0.000999000999000999	16
2.4.1	0.34486266531027465	0.000999000999000999	2193
