EC	enrich_score	p_val	where
1	0.0007349698662354843	0.004995004995004995	13
1.1	0.002818489289740699	0.000999000999000999	13
1.1.99	0.01646090534979424	0.000999000999000999	3
