EC	enrich_score	p_val	where
1	0.011318535940026459	0.000999000999000999	259
1.14	0.03038309114927345	0.000999000999000999	259
1.14.19	0.12625250501002003	0.000999000999000999	110
