EC	enrich_score	p_val	where
6	0.015384615384615385	0.000999000999000999	38
2	0.05272074945186366	0.000999000999000999	6443
6.1	0.07881773399014778	0.000999000999000999	15
2.7	0.012042147516307075	0.000999000999000999	175
6.1.1	0.0855614973262032	0.000999000999000999	15
