EC	enrich_score	p_val	where
4	0.11829652996845426	0.000999000999000999	388
4.2	0.23350785340314137	0.000999000999000999	388
4.2.3	0.4632352941176471	0.000999000999000999	359
