EC	enrich_score	p_val	where
3	0.0028213166144200625	0.000999000999000999	62
2	0.057803468208092484	0.000999000999000999	3491
2.8	0.0022123893805309734	0.000999000999000999	0
3.2	0.010479041916167664	0.000999000999000999	62
2.8.2	0.005291005291005291	0.000999000999000999	0
3.2.1	0.009243697478991597	0.000999000999000999	58
