EC	enrich_score	p_val	where
6	0.26153846153846155	0.000999000999000999	818
2	0.1267689854494718	0.000999000999000999	9359
6.2	0.09856262833675565	0.000999000999000999	62
6.2.1	0.1038961038961039	0.000999000999000999	62
