EC	enrich_score	p_val	where
1	0.4744230486550051	0.000999000999000999	7596
1.1	0.03720405862457723	0.000999000999000999	303
1.1.1	0.03674540682414698	0.000999000999000999	299
