EC	enrich_score	p_val	where
1	0.47310010289578125	0.000999000999000999	7561
1.2	0.013448607108549471	0.000999000999000999	41
1.2.1	0.01837270341207349	0.000999000999000999	41
