EC	enrich_score	p_val	where
3	0.028526645768025077	0.000999000999000999	1024
3.1	0.05658487731597396	0.000999000999000999	498
