EC	enrich_score	p_val	where
1	0.4744965456416287	0.000999000999000999	7595
1.8	0.0029498525073746312	0.000999000999000999	25
1.1	0.0008455467869222097	0.000999000999000999	52
1.8.1	0.009523809523809525	0.000999000999000999	25
