EC	enrich_score	p_val	where
3	0.0018808777429467085	0.000999000999000999	23
2	0.020629858481164044	0.000999000999000999	5159
3.1	0.006009013520280421	0.000999000999000999	23
3.1.3	0.021153846153846155	0.000999000999000999	13
