EC	enrich_score	p_val	where
1	0.004483316184036455	0.000999000999000999	2769
1.14	0.0030823425803610744	0.000999000999000999	29
1.14.19	0.01603206412825651	0.000999000999000999	9
