EC	enrich_score	p_val	where
2	0.0006976280645804266	0.007992007992007992	8
2.3	0.0016253555465258025	0.000999000999000999	3
2.3.2	0.022988505747126436	0.000999000999000999	3
