EC	enrich_score	p_val	where
3	0.0007836990595611285	0.004995004995004995	4
2	0.004584412995814232	0.000999000999000999	444
3.4	0.006218905472636816	0.000999000999000999	4
3.4.21	0.016129032258064516	0.000999000999000999	1
