EC	enrich_score	p_val	where
3	0.0004702194357366771	0.030969030969030968	6
1	0.01925621049536969	0.000999000999000999	4017
3.1	0.000500751126690035	0.002997002997002997	0
3.1.1	0.001326259946949602	0.000999000999000999	0
