EC	enrich_score	p_val	where
4	0.0473186119873817	0.000999000999000999	100
4.2	0.09005235602094241	0.000999000999000999	100
4.2.1	0.13503649635036497	0.000999000999000999	100
