EC	enrich_score	p_val	where
1	0.000514478906364839	0.01998001998001998	204
1.11	0.006779661016949152	0.000999000999000999	1
1.11.1	0.008	0.000999000999000999	1
