EC	enrich_score	p_val	where
1	0.47310010289578125	0.000999000999000999	7604
1.1	0.016347237880496055	0.000999000999000999	1002
1.1.1	0.014248218972628422	0.000999000999000999	817
