EC	enrich_score	p_val	where
6	0.011538461538461539	0.000999000999000999	101
2	0.04833565876021527	0.000999000999000999	3007
6.3	0.023255813953488372	0.000999000999000999	37
2.7	0.08278976417461113	0.000999000999000999	1477
6.3.4	0.06666666666666667	0.000999000999000999	5
