EC	enrich_score	p_val	where
1	0.4732470968690284	0.000999000999000999	7616
1.1	0.04199549041713641	0.000999000999000999	368
1.1.1	0.04161979752530934	0.000999000999000999	368
