EC	enrich_score	p_val	where
1	0.47346758782889903	0.000999000999000999	7598
1.14	0.013870541611624834	0.000999000999000999	81
1.14.13	0.026484018264840183	0.000999000999000999	71
