EC	enrich_score	p_val	where
2	0.046940402631054416	0.000999000999000999	1032
2.7	0.23231309583542398	0.000999000999000999	1032
2.7.1	0.047126436781609195	0.000999000999000999	244
