EC	enrich_score	p_val	where
1	0.00235190357195355	0.000999000999000999	53
5	0.1133428981348637	0.000999000999000999	350
1.1	0.0016910935738444193	0.000999000999000999	49
5.1	0.0582010582010582	0.000999000999000999	350
1.1.3	0.032432432432432434	0.000999000999000999	49
