EC	enrich_score	p_val	where
1	0.14420108775540202	0.000999000999000999	2844
1.5	0.008746355685131196	0.000999000999000999	5
1.5.1	0.02027027027027027	0.000999000999000999	5
