EC	enrich_score	p_val	where
3	0.015203761755485894	0.000999000999000999	607
3.1	0.017526289434151226	0.000999000999000999	205
3.1.3	0.028846153846153848	0.000999000999000999	19
