EC	enrich_score	p_val	where
1	0.4742025576951345	0.000999000999000999	7611
1.14	0.011448701012769706	0.000999000999000999	202
1.14.14	0.0007189072609633358	0.000999000999000999	1
