EC	enrich_score	p_val	where
4	0.012618296529968454	0.000999000999000999	28
4.2	0.025130890052356022	0.000999000999000999	28
4.2.1	0.032846715328467155	0.000999000999000999	28
