EC	enrich_score	p_val	where
5	0.0014347202295552368	0.000999000999000999	2
3	0.00109717868338558	0.000999000999000999	20
5.5	0.009523809523809525	0.000999000999000999	2
3.1	0.0035052578868302454	0.000999000999000999	20
5.5.1	0.00980392156862745	0.000999000999000999	2
3.1.1	0.003978779840848806	0.000999000999000999	16
