EC	enrich_score	p_val	where
2	0.009667131752043054	0.000999000999000999	190
2.7	0.021575514300050176	0.000999000999000999	64
2.7.8	0.09393939393939393	0.000999000999000999	64
