EC	enrich_score	p_val	where
1	0.006761722769366456	0.000999000999000999	277
1.1	0.0014092446448703494	0.000999000999000999	12
1.1.-	0.03571428571428571	0.000999000999000999	0
