EC	enrich_score	p_val	where
1	0.0004409819197412906	0.030969030969030968	13
2	0.012557305162447678	0.000999000999000999	180
1.8	0.017699115044247787	0.000999000999000999	13
2.8	0.252212389380531	0.000999000999000999	174
1.8.99	0.25	0.000999000999000999	13
2.8.2	0.5714285714285714	0.000999000999000999	174
