EC	enrich_score	p_val	where
3	0.0006269592476489029	0.01098901098901099	9
1	0.0330736439805968	0.000999000999000999	2613
3.7	0.03773584905660377	0.000999000999000999	9
1.13	0.00234192037470726	0.000999000999000999	22
3.7.1	0.0392156862745098	0.000999000999000999	9
