EC	enrich_score	p_val	where
3	0.01755485893416928	0.000999000999000999	453
3.4	0.05099502487562189	0.000999000999000999	103
3.4.13	0.043010752688172046	0.000999000999000999	6
