EC	enrich_score	p_val	where
2	0.0805262108829978	0.000999000999000999	2751
2.3	0.16822429906542055	0.000999000999000999	1570
2.3.1	0.14823313446535108	0.000999000999000999	1547
