EC	enrich_score	p_val	where
1	0.47412906070851096	0.000999000999000999	7583
1.1	0.0005636978579481398	0.002997002997002997	3
1.14	0.0019815059445178335	0.000999000999000999	53
1.1.1	0.0007499062617172854	0.000999000999000999	3
