EC	enrich_score	p_val	where
3	0.009561128526645767	0.000999000999000999	349
3.1	0.0025037556334501754	0.000999000999000999	4
3.1.1	0.003978779840848806	0.000999000999000999	2
