EC	enrich_score	p_val	where
1	0.47339409084227546	0.000999000999000999	7611
1.1	0.002536640360766629	0.000999000999000999	19
1.1.1	0.0026246719160104987	0.000999000999000999	8
