EC	enrich_score	p_val	where
2	0.09398046641419175	0.000999000999000999	1245
2.1	0.4965732087227414	0.000999000999000999	1081
2.1.1	0.5055632823365785	0.000999000999000999	1069
