EC	enrich_score	p_val	where
1	0.019182713508746143	0.000999000999000999	3533
1.14	0.0024218405988551297	0.000999000999000999	49
1.14.19	0.012024048096192385	0.000999000999000999	8
