EC	enrich_score	p_val	where
5	0.005738880918220947	0.000999000999000999	4
1	0.013817433485227106	0.000999000999000999	3772
5.3	0.01904761904761905	0.000999000999000999	4
5.3.2	0.058823529411764705	0.000999000999000999	0
5.3.1	0.022988505747126436	0.000999000999000999	4
