EC	enrich_score	p_val	where
2	0.041857683874825594	0.000999000999000999	2781
2.7	0.17461113898645259	0.000999000999000999	668
2.7.1	0.22528735632183908	0.000999000999000999	374
