EC	enrich_score	p_val	where
2	0.11102252342037074	0.000999000999000999	2555
2.3	0.3819585534335636	0.000999000999000999	1734
2.3.1	0.3497016980266177	0.000999000999000999	1734
