EC	enrich_score	p_val	where
1	0.4743495516683816	0.000999000999000999	7588
1.4	0.003401360544217687	0.000999000999000999	3
1.1	0.008173618940248028	0.000999000999000999	180
1.4.1	0.015625	0.000999000999000999	3
1.1.1	0.003374578177727784	0.000999000999000999	154
