EC	enrich_score	p_val	where
2	0.013454255531193941	0.000999000999000999	276
2.8	0.0022123893805309734	0.000999000999000999	7
2.1	0.037383177570093455	0.000999000999000999	271
2.8.4	0.041666666666666664	0.000999000999000999	7
2.1.1	0.037552155771905425	0.000999000999000999	271
