EC	enrich_score	p_val	where
3	0.024608150470219435	0.000999000999000999	741
2	0.008072553318716364	0.000999000999000999	3111
2.4	0.0020316944331572532	0.000999000999000999	6
3.2	0.05239520958083832	0.000999000999000999	565
2.4.1	0.001525940996948118	0.000999000999000999	6
3.2.1	0.05378151260504202	0.000999000999000999	565
