EC	enrich_score	p_val	where
1	0.01830074966926356	0.000999000999000999	4929
1.14	0.005063848524878908	0.000999000999000999	36
1.14.20	0.07407407407407407	0.000999000999000999	5
