EC	enrich_score	p_val	where
4	0.0005257623554153522	0.01998001998001998	0
2	0.0008969503687462627	0.002997002997002997	11
4.3	0.008695652173913044	0.000999000999000999	0
2.1	0.003738317757009346	0.000999000999000999	8
4.3.2	0.0625	0.000999000999000999	0
2.1.2	0.09230769230769231	0.000999000999000999	8
