EC	enrich_score	p_val	where
4	0.007360672975814932	0.000999000999000999	88
4.2	0.0010471204188481676	0.000999000999000999	0
4.4	0.025477707006369428	0.000999000999000999	8
4.2.1	0.0018248175182481751	0.000999000999000999	0
4.4.1	0.02564102564102564	0.000999000999000999	8
