EC	enrich_score	p_val	where
2	0.0716563683476181	0.000999000999000999	4988
2.4	0.011377488825680617	0.000999000999000999	103
2.4.99	0.08029197080291971	0.000999000999000999	12
