EC	enrich_score	p_val	where
1	0.01683080993679259	0.000999000999000999	2703
1.2	0.0009606147934678194	0.000999000999000999	0
1.2.3	0.018867924528301886	0.000999000999000999	0
