EC	enrich_score	p_val	where
1	0.4733205938556519	0.000999000999000999	7586
1.3	0.042906574394463666	0.000999000999000999	91
1.3.1	0.07988980716253444	0.000999000999000999	91
