EC	enrich_score	p_val	where
1	0.0004409819197412906	0.030969030969030968	59
1.14	0.001321003963011889	0.000999000999000999	59
1.14.19	0.008016032064128256	0.000999000999000999	59
