EC	enrich_score	p_val	where
1	0.47412906070851096	0.000999000999000999	7624
1.1	0.040304396843292	0.000999000999000999	744
1.1.1	0.03712035995500562	0.000999000999000999	680
