EC	enrich_score	p_val	where
3	0.0014106583072100312	0.000999000999000999	9
1	0.022563574893429368	0.000999000999000999	1732
3.7	0.08490566037735849	0.000999000999000999	9
3.7.1	0.08823529411764706	0.000999000999000999	9
