EC	enrich_score	p_val	where
1	0.006982213729237101	0.000999000999000999	666
1.3	0.005536332179930796	0.000999000999000999	8
1.3.99	0.03980099502487562	0.000999000999000999	8
