EC	enrich_score	p_val	where
1	0.47412906070851096	0.000999000999000999	7584
1.14	0.004183179216204315	0.000999000999000999	156
1.14.14	0.0007189072609633358	0.000999000999000999	0
1.14.-	0.007936507936507936	0.000999000999000999	5
