EC	enrich_score	p_val	where
4	0.004206098843322818	0.000999000999000999	37
4.4	0.012738853503184714	0.000999000999000999	19
4.4.1	0.01282051282051282	0.000999000999000999	19
