EC	enrich_score	p_val	where
3	0.0029780564263322882	0.000999000999000999	21
2	0.048933625672712776	0.000999000999000999	1977
3.1	0.009514271407110666	0.000999000999000999	21
2.3	0.11702559934985778	0.000999000999000999	775
3.1.2	0.0871559633027523	0.000999000999000999	21
2.3.1	0.111977971546581	0.000999000999000999	772
