EC	enrich_score	p_val	where
3	0.004858934169278997	0.000999000999000999	109
2	0.041359378114411004	0.000999000999000999	3090
3.2	0.021706586826347306	0.000999000999000999	109
3.2.1	0.024369747899159664	0.000999000999000999	109
