EC	enrich_score	p_val	where
2	0.04155870041857684	0.000999000999000999	873
2.7	0.20622177621675866	0.000999000999000999	873
2.7.1	0.19080459770114944	0.000999000999000999	481
