EC	enrich_score	p_val	where
1	0.0011024547993532265	0.000999000999000999	26
1.8	0.02654867256637168	0.000999000999000999	8
1.8.7	0.07142857142857142	0.000999000999000999	0
1.8.98	0.2631578947368421	0.000999000999000999	8
