EC	enrich_score	p_val	where
1	0.47471703660149933	0.000999000999000999	7594
1.1	0.001972942502818489	0.000999000999000999	6
1.1.1|1	0.005714285714285714	0.000999000999000999	0
1.1.1	0.0018747656542932134	0.000999000999000999	6
