EC	enrich_score	p_val	where
3	0.006896551724137931	0.000999000999000999	242
3.2	0.0007485029940119761	0.001998001998001998	2
3.5	0.004624277456647399	0.000999000999000999	7
3.2.2	0.007633587786259542	0.000999000999000999	2
3.5.1	0.00684931506849315	0.000999000999000999	7
