EC	enrich_score	p_val	where
3	0.010501567398119123	0.000999000999000999	82
1	0.01837424665588711	0.000999000999000999	2509
3.4	0.03109452736318408	0.000999000999000999	70
3.4.11	0.013513513513513514	0.000999000999000999	4
