EC	enrich_score	p_val	where
2	0.005381702212477576	0.000999000999000999	572
2.3	0.003250711093051605	0.000999000999000999	24
2.3.1	0.0036714089031665903	0.000999000999000999	24
