EC	enrich_score	p_val	where
1	0.003674849331177422	0.000999000999000999	1016
1	0.1111111111111111	0.000999000999000999	0
1	0.1111111111111111	0.000999000999000999	0
