EC	enrich_score	p_val	where
2	0.001295594977077935	0.000999000999000999	27
1	0.00235190357195355	0.000999000999000999	2350
1.3	0.0006920415224913495	0.001998001998001998	0
2.6	0.027160493827160494	0.000999000999000999	27
1.3.1	0.0013774104683195593	0.000999000999000999	0
2.6.1	0.029490616621983913	0.000999000999000999	27
