EC	enrich_score	p_val	where
5	0.01721664275466284	0.000999000999000999	11
2	0.0014949172812437712	0.000999000999000999	46
3	0.018495297805642633	0.000999000999000999	451
5.4	0.08108108108108109	0.000999000999000999	11
2.7	0.0035122930255895636	0.000999000999000999	46
3.1	0.03405107661492238	0.000999000999000999	368
5.4.2	0.45454545454545453	0.000999000999000999	11
2.7.1	0.008045977011494253	0.000999000999000999	46
