EC	enrich_score	p_val	where
6	0.057692307692307696	0.000999000999000999	114
2	0.049132947976878616	0.000999000999000999	4416
6.1	0.3694581280788177	0.000999000999000999	114
6.1.1	0.37967914438502676	0.000999000999000999	114
