EC	enrich_score	p_val	where
3	0.00109717868338558	0.000999000999000999	6
2	0.10593980466414192	0.000999000999000999	6938
3.2	0.005239520958083832	0.000999000999000999	6
2.4	0.1349045103616416	0.000999000999000999	1037
3.2.1	0.0058823529411764705	0.000999000999000999	6
2.4.99	0.0072992700729927005	0.000999000999000999	21
2.4.1	0.06663275686673449	0.000999000999000999	779
