EC	enrich_score	p_val	where
2	0.08162248355590991	0.000999000999000999	5135
2.3	0.04550995530272247	0.000999000999000999	226
2.3.1	0.04038549793483249	0.000999000999000999	226
