EC	enrich_score	p_val	where
4	0.0026288117770767614	0.000999000999000999	30
4.1	0.005309734513274336	0.000999000999000999	30
4.1.1	0.003367003367003367	0.000999000999000999	1
