EC	enrich_score	p_val	where
2	0.002491528802072952	0.000999000999000999	51
3	0.008934169278996866	0.000999000999000999	696
2.4	0.010158472165786265	0.000999000999000999	51
2.4.2	0.09691629955947137	0.000999000999000999	35
