EC	enrich_score	p_val	where
2	0.08889774765796292	0.000999000999000999	5960
2.1	0.006230529595015576	0.000999000999000999	20
2.1.1	0.006954102920723227	0.000999000999000999	20
