EC	enrich_score	p_val	where
1	0.4744230486550051	0.000999000999000999	7587
1.7	0.004464285714285714	0.000999000999000999	0
1.14	0.0024218405988551297	0.000999000999000999	194
1.7.1	0.014705882352941176	0.000999000999000999	0
