EC	enrich_score	p_val	where
2	0.11869643213075542	0.000999000999000999	5509
2.4	0.16253555465258024	0.000999000999000999	1088
2.4.1	0.10274669379450661	0.000999000999000999	972
