EC	enrich_score	p_val	where
2	0.11311540761411201	0.000999000999000999	5058
2.4	0.18488419341731005	0.000999000999000999	1259
2.4.1|2	0.008620689655172414	0.000999000999000999	0
2.4.1	0.09867751780264497	0.000999000999000999	784
