EC	enrich_score	p_val	where
1	0.0007349698662354843	0.004995004995004995	18
2	0.014949172812437711	0.000999000999000999	385
1.97	0.09090909090909091	0.000999000999000999	6
1.97.1	0.06976744186046512	0.000999000999000999	3
