EC	enrich_score	p_val	where
1	0.4747905335881229	0.000999000999000999	7632
1.14	0.00022016732716864817	0.014985014985014986	0
1.8	0.02654867256637168	0.000999000999000999	14
1.14.13	0.0009132420091324201	0.000999000999000999	0
1.8.1	0.06666666666666667	0.000999000999000999	12
