EC	enrich_score	p_val	where
2	0.1283635638827985	0.000999000999000999	1631
2.1	0.7096573208722742	0.000999000999000999	1332
2.1.1|2	0.02127659574468085	0.000999000999000999	23
2.1.1	0.7280945757997218	0.000999000999000999	1332
