EC	enrich_score	p_val	where
2	0.17440701614510665	0.000999000999000999	3782
2.7	0.0005017561465127947	0.002997002997002997	0
2.4	0.4453474197480699	0.000999000999000999	1867
2.7.7	0.0030120481927710845	0.000999000999000999	0
2.4.1	0.378942014242116	0.000999000999000999	1757
