EC	enrich_score	p_val	where
1	0.47412906070851096	0.000999000999000999	7583
1.3	0.002768166089965398	0.000999000999000999	17
1.3.1	0.005509641873278237	0.000999000999000999	17
