EC	enrich_score	p_val	where
1	0.015801852124062914	0.000999000999000999	2607
1.11	0.023728813559322035	0.000999000999000999	6
1.11.2	0.1111111111111111	0.000999000999000999	3
