EC	enrich_score	p_val	where
2	0.0013952561291608531	0.000999000999000999	39
3	0.03463949843260188	0.000999000999000999	1268
2.5	0.0017452006980802793	0.000999000999000999	1
2.7	0.0015052684395383843	0.000999000999000999	6
3.1	0.020030045067601403	0.000999000999000999	877
2.5.1	0.0018315018315018315	0.000999000999000999	1
2.7.1	0.0022988505747126436	0.000999000999000999	5
