EC	enrich_score	p_val	where
2	0.12547339047239386	0.000999000999000999	1531
2.1	0.7059190031152648	0.000999000999000999	1331
2.1.1	0.7239221140472879	0.000999000999000999	1331
