EC	enrich_score	p_val	where
1	0.03145671027487873	0.000999000999000999	3544
1.14	0.011228533685601057	0.000999000999000999	104
1.14.13	0.0036529680365296802	0.000999000999000999	3
