EC	enrich_score	p_val	where
2	0.11690253139326291	0.000999000999000999	2351
2.3	0.4108086143843966	0.000999000999000999	1793
2.3.1	0.36851766865534646	0.000999000999000999	1793
