EC	enrich_score	p_val	where
3	0.005015673981191223	0.000999000999000999	155
3.4	0.007462686567164179	0.000999000999000999	18
3.4.13	0.010752688172043012	0.000999000999000999	2
