EC	enrich_score	p_val	where
1	0.47493752756137	0.000999000999000999	7599
1.3	0.0006920415224913495	0.001998001998001998	2
1.14	0.0028621752531924264	0.000999000999000999	242
1.3.1	0.0013774104683195593	0.000999000999000999	2
1.14.13	0.0036529680365296802	0.000999000999000999	36
