EC	enrich_score	p_val	where
2	0.13793103448275862	0.000999000999000999	7368
2.4	0.22511174319382365	0.000999000999000999	1217
2.4.1	0.17497456765005087	0.000999000999000999	747
