EC	enrich_score	p_val	where
3	0.0006269592476489029	0.01098901098901099	3
2	0.16802870241179987	0.000999000999000999	3993
3.6	0.0029644268774703555	0.000999000999000999	2
2.4	0.2807801706623324	0.000999000999000999	2001
3.6.1	0.004149377593360996	0.000999000999000999	0
2.4.1	0.18819938962360122	0.000999000999000999	1544
