EC	enrich_score	p_val	where
2	0.0010962726729120988	0.000999000999000999	12
2.7	0.0055193176116407425	0.000999000999000999	12
2.7.3	0.21428571428571427	0.000999000999000999	7
