EC	enrich_score	p_val	where
1	0.004997795090401293	0.000999000999000999	127
1.1	0.010428410372040587	0.000999000999000999	93
1.1.3	0.021621621621621623	0.000999000999000999	3
