EC	enrich_score	p_val	where
2	0.1206896551724138	0.000999000999000999	1797
2.3	0.4477854530678586	0.000999000999000999	1683
2.3.1	0.42404772831574117	0.000999000999000999	1683
