EC	enrich_score	p_val	where
1	0.47493752756137	0.000999000999000999	7597
1.7	0.004464285714285714	0.000999000999000999	2
1.14	0.0006605019815059445	0.001998001998001998	115
1.7.1|1	0.5	0.000999000999000999	2
