EC	enrich_score	p_val	where
2	0.0005979669124975084	0.013986013986013986	25
2.1	0.001869158878504673	0.000999000999000999	8
2.1.1	0.002086230876216968	0.000999000999000999	8
