EC	enrich_score	p_val	where
2	0.0004983057604145904	0.01998001998001998	7
3	0.0225705329153605	0.000999000999000999	1076
2.5	0.0017452006980802793	0.000999000999000999	1
2.7	0.0010035122930255895	0.000999000999000999	5
3.1	0.03204807210816224	0.000999000999000999	241
2.5.1	0.0018315018315018315	0.000999000999000999	1
2.7.1	0.0022988505747126436	0.000999000999000999	5
3.1.3	0.0038461538461538464	0.000999000999000999	26
