EC	enrich_score	p_val	where
3	0.001567398119122257	0.000999000999000999	22
1	0.003968837277671615	0.000999000999000999	2562
1.11	0.003389830508474576	0.000999000999000999	1
3.4	0.0024875621890547263	0.000999000999000999	20
1.11.1	0.004	0.000999000999000999	1
