EC	enrich_score	p_val	where
6	0.036923076923076927	0.000999000999000999	165
2	0.03438309746860674	0.000999000999000999	2350
2.7	0.12092323130958355	0.000999000999000999	2267
2.7.9	0.045454545454545456	0.000999000999000999	5
