EC	enrich_score	p_val	where
1	0.4744965456416287	0.000999000999000999	7592
1.14	0.00022016732716864817	0.014985014985014986	4
1.1	0.005918827508455468	0.000999000999000999	171
1.14.13	0.0009132420091324201	0.000999000999000999	4
1.1.1	0.004124484439445069	0.000999000999000999	171
