EC	enrich_score	p_val	where
2	0.12158660554116006	0.000999000999000999	1875
2.3	0.4599756196668021	0.000999000999000999	1672
2.3.1	0.4378155117026159	0.000999000999000999	1672
