EC	enrich_score	p_val	where
3	0.0014106583072100312	0.000999000999000999	11
1	0.018153755696016464	0.000999000999000999	1686
3.7	0.08490566037735849	0.000999000999000999	11
3.7.1	0.08823529411764706	0.000999000999000999	11
