EC	enrich_score	p_val	where
1	0.021461120094076143	0.000999000999000999	3613
1.11	0.006779661016949152	0.000999000999000999	1
1.11.1	0.008	0.000999000999000999	1
