EC	enrich_score	p_val	where
1	0.003233867411436131	0.000999000999000999	329
1.3	0.001384083044982699	0.000999000999000999	3
1.3.-	0.125	0.000999000999000999	3
