EC	enrich_score	p_val	where
1	0.024107011612523887	0.000999000999000999	1470
1.1	0.0014092446448703494	0.000999000999000999	62
1.14	0.017393218846323204	0.000999000999000999	458
1.1.99	0.0205761316872428	0.000999000999000999	62
