EC	enrich_score	p_val	where
1	0.003895340291048067	0.000999000999000999	360
1.14	0.0024218405988551297	0.000999000999000999	53
1.14.17	0.09523809523809523	0.000999000999000999	1
