EC	enrich_score	p_val	where
5	0.13486370157819225	0.000999000999000999	326
5.3	0.004761904761904762	0.000999000999000999	3
5.1	0.1164021164021164	0.000999000999000999	326
5.3.99	0.05555555555555555	0.000999000999000999	3
