EC	enrich_score	p_val	where
2	0.0055810245166434125	0.000999000999000999	67
2.5	0.09773123909249563	0.000999000999000999	67
2.5.1	0.07326007326007326	0.000999000999000999	60
