EC	enrich_score	p_val	where
2	0.12696830775363763	0.000999000999000999	1546
2.1	0.712772585669782	0.000999000999000999	1353
2.1.1	0.7315716272600834	0.000999000999000999	1353
