EC	enrich_score	p_val	where
1	0.004997795090401293	0.000999000999000999	111
1.14	0.010568031704095112	0.000999000999000999	101
1.14.11	0.14590747330960854	0.000999000999000999	97
