EC	enrich_score	p_val	where
1	0.009922093194179039	0.000999000999000999	754
1.1	0.0008455467869222097	0.000999000999000999	2
1.17	0.009868421052631578	0.000999000999000999	12
1.1.3	0.016216216216216217	0.000999000999000999	2
