EC	enrich_score	p_val	where
1	0.025650448331618402	0.000999000999000999	970
1.14	0.04997798326728314	0.000999000999000999	364
1.14.-	0.007936507936507936	0.000999000999000999	0
1.14.15	0.01020408163265306	0.000999000999000999	4
1.14.14	0.005751258087706686	0.000999000999000999	50
