EC	enrich_score	p_val	where
2	0.11650388678493123	0.000999000999000999	2350
2.3	0.41527834213734255	0.000999000999000999	1890
2.3.1	0.3864157870582836	0.000999000999000999	1890
