EC	enrich_score	p_val	where
1	0.0021314126120829044	0.000999000999000999	61
2	0.04534582419772772	0.000999000999000999	2196
1.2	0.020172910662824207	0.000999000999000999	21
2.3	0.07273466070702966	0.000999000999000999	688
1.2.1	0.01968503937007874	0.000999000999000999	21
2.3.1	0.06746213859568609	0.000999000999000999	688
