EC	enrich_score	p_val	where
1	0.018962222548875494	0.000999000999000999	1953
1.14	0.009687362395420519	0.000999000999000999	272
1.14.13	0.0027397260273972603	0.000999000999000999	3
