EC	enrich_score	p_val	where
1	0.23607232103483758	0.000999000999000999	4432
1.1	0.007046223224351747	0.000999000999000999	46
1.2	0.01825168107588857	0.000999000999000999	263
1.1.1	0.00862392200974878	0.000999000999000999	46
1.2.1	0.024934383202099737	0.000999000999000999	263
