EC	enrich_score	p_val	where
2	0.16832768586804864	0.000999000999000999	3701
2.4	0.4437220642015441	0.000999000999000999	2077
2.4.2	0.013215859030837005	0.000999000999000999	3
2.4.1	0.3652085452695829	0.000999000999000999	2077
