EC	enrich_score	p_val	where
1	0.0141114214317213	0.000999000999000999	2975
1.14	0.00022016732716864817	0.014985014985014986	22
1.14.99	0.002824858757062147	0.000999000999000999	22
