EC	enrich_score	p_val	where
1	0.0029398794649419372	0.000999000999000999	87
1.11	0.023728813559322035	0.000999000999000999	6
1.21	0.031578947368421054	0.000999000999000999	21
1.11.1	0.028	0.000999000999000999	6
1.21.99	0.1	0.000999000999000999	21
