EC	enrich_score	p_val	where
2	0.16952361969304366	0.000999000999000999	3706
2.4	0.4697277529459569	0.000999000999000999	1960
2.4.1	0.40233977619532046	0.000999000999000999	1637
