EC	enrich_score	p_val	where
5	0.0028694404591104736	0.000999000999000999	1
1	0.013964427458474203	0.000999000999000999	2746
5.5	0.01904761904761905	0.000999000999000999	1
5.5.1|5	0.6666666666666666	0.000999000999000999	1
