EC	enrich_score	p_val	where
2	0.001195933824995017	0.000999000999000999	54
2.6	0.02962962962962963	0.000999000999000999	54
2.6.1	0.021447721179624665	0.000999000999000999	54
