EC	enrich_score	p_val	where
2	0.03438309746860674	0.000999000999000999	3441
2.7	0.009031610637230306	0.000999000999000999	20
2.7.8	0.05454545454545454	0.000999000999000999	20
