EC	enrich_score	p_val	where
1	0.009334117301190652	0.000999000999000999	473
1.14	0.007485689123734038	0.000999000999000999	120
1.14.15	0.047619047619047616	0.000999000999000999	30
