EC	enrich_score	p_val	where
2	0.04056208889774766	0.000999000999000999	1752
2.7	0.16708479678876068	0.000999000999000999	1752
2.7.11	0.05303030303030303	0.000999000999000999	12
2.7.1	0.09425287356321839	0.000999000999000999	572
