EC	enrich_score	p_val	where
1	0.471997648096428	0.000999000999000999	7568
1.14	0.0006605019815059445	0.001998001998001998	4
1.1	0.0036640360766629085	0.000999000999000999	103
1.14.13	0.0027397260273972603	0.000999000999000999	4
1.1.1	0.0026246719160104987	0.000999000999000999	103
