EC	enrich_score	p_val	where
1	0.4728061149492871	0.000999000999000999	7633
1.14	0.0008806693086745927	0.000999000999000999	8
1.14.13|1	0.02857142857142857	0.000999000999000999	4
1.14.-	0.007936507936507936	0.000999000999000999	7
