EC	enrich_score	p_val	where
1	0.47464353961487576	0.000999000999000999	7594
1.3	0.0006920415224913495	0.001998001998001998	5
1.1	0.008737316798196167	0.000999000999000999	202
1.3.1	0.0013774104683195593	0.000999000999000999	5
1.1.1	0.0022497187851518562	0.000999000999000999	53
