EC	enrich_score	p_val	where
2	0.03478174207693841	0.000999000999000999	2406
2.7	0.14149523331660813	0.000999000999000999	840
2.7.2	0.037037037037037035	0.000999000999000999	1
2.7.1	0.0011494252873563218	0.000999000999000999	6
