EC	enrich_score	p_val	where
6	0.047692307692307694	0.000999000999000999	179
2	0.029400039864460832	0.000999000999000999	3321
2.3	0.002438033319788704	0.000999000999000999	8
6.1	0.2955665024630542	0.000999000999000999	179
2.3.2	0.034482758620689655	0.000999000999000999	8
6.1.1	0.2887700534759358	0.000999000999000999	179
