EC	enrich_score	p_val	where
4	0.08096740273396424	0.000999000999000999	322
4.2	0.15916230366492146	0.000999000999000999	322
4.2.3	0.26838235294117646	0.000999000999000999	319
