EC	enrich_score	p_val	where
2	0.17321108232011162	0.000999000999000999	3681
2.4	0.5099553027224706	0.000999000999000999	2132
2.4.1	0.4369277721261445	0.000999000999000999	1921
