EC	enrich_score	p_val	where
5	0.0028694404591104736	0.000999000999000999	20
1	0.038365427017492286	0.000999000999000999	1997
5.3	0.009523809523809525	0.000999000999000999	20
1.14	0.03192426243945398	0.000999000999000999	858
1.14.14	0.0007189072609633358	0.000999000999000999	0
