EC	enrich_score	p_val	where
1	0.4744965456416287	0.000999000999000999	7607
1.14	0.00044033465433729633	0.002997002997002997	3
1.2	0.002881844380403458	0.000999000999000999	19
1.14.12	0.015267175572519083	0.000999000999000999	3
1.2.1	0.003937007874015748	0.000999000999000999	19
