EC	enrich_score	p_val	where
1	0.024768484492135822	0.000999000999000999	3243
1.11	0.003389830508474576	0.000999000999000999	2
1.13	0.01405152224824356	0.000999000999000999	10
1.11	1.0	0.000999000999000999	2
1.13.11	0.020689655172413793	0.000999000999000999	10
