EC	enrich_score	p_val	where
2	0.0008969503687462627	0.002997002997002997	42
2.1	0.0006230529595015577	0.001998001998001998	2
2.3	0.0008126777732629012	0.000999000999000999	7
2.1.3	0.02564102564102564	0.000999000999000999	2
