EC	enrich_score	p_val	where
1	0.003380861384683228	0.000999000999000999	55
1.11	0.006779661016949152	0.000999000999000999	2
1.8	0.0058997050147492625	0.000999000999000999	55
1.11.1	0.008	0.000999000999000999	2
