EC	enrich_score	p_val	where
1	0.4742025576951345	0.000999000999000999	7582
1.14	0.002201673271686482	0.000999000999000999	15
1.14.13	0.0027397260273972603	0.000999000999000999	6
