EC	enrich_score	p_val	where
4	0.0005257623554153522	0.01998001998001998	0
1	0.0006614728796119359	0.01098901098901099	50
5	0.10903873744619799	0.000999000999000999	347
4.3	0.008695652173913044	0.000999000999000999	0
1.1	0.002254791431792559	0.000999000999000999	25
5.1	0.021164021164021163	0.000999000999000999	347
4.3.1	0.014705882352941176	0.000999000999000999	0
1.1.2	0.03076923076923077	0.000999000999000999	7
