EC	enrich_score	p_val	where
2	0.004385090691648395	0.000999000999000999	292
2.3	0.004876066639577408	0.000999000999000999	11
2.3.1|2	0.07272727272727272	0.000999000999000999	3
2.3.1	0.0018357044515832951	0.000999000999000999	11
