EC	enrich_score	p_val	where
3	0.0445141065830721	0.000999000999000999	1703
3.2	0.08907185628742514	0.000999000999000999	387
3.2.1	0.09159663865546218	0.000999000999000999	387
