EC	enrich_score	p_val	where
1	0.007864177568719682	0.000999000999000999	591
1.3	0.05397923875432526	0.000999000999000999	110
1.3.8	0.04081632653061224	0.000999000999000999	17
