EC	enrich_score	p_val	where
2	0.12497508471197927	0.000999000999000999	1509
2.1	0.7121495327102804	0.000999000999000999	1350
2.1.1	0.7308762169680111	0.000999000999000999	1350
