EC	enrich_score	p_val	where
5	0.00430416068866571	0.000999000999000999	4
3	0.014106583072100314	0.000999000999000999	302
5.4	0.02027027027027027	0.000999000999000999	4
3.1	0.03605408112168253	0.000999000999000999	283
5.4.1	0.3333333333333333	0.000999000999000999	4
3.1.1	0.03713527851458886	0.000999000999000999	62
