EC	enrich_score	p_val	where
2	0.00039864460833167234	0.04695304695304695	171
2.3	0.0008126777732629012	0.000999000999000999	5
2.3.2	0.011494252873563218	0.000999000999000999	5
