EC	enrich_score	p_val	where
3	0.0007836990595611285	0.004995004995004995	7
3.5	0.005780346820809248	0.000999000999000999	7
3.5.1	0.008561643835616438	0.000999000999000999	7
