EC	enrich_score	p_val	where
1	0.006247243863001617	0.000999000999000999	487
1.17	0.003289473684210526	0.000999000999000999	0
1.17.3	0.027777777777777776	0.000999000999000999	0
