EC	enrich_score	p_val	where
1	0.03542554755255035	0.000999000999000999	1659
1.1	0.007046223224351747	0.000999000999000999	49
1.1.3	0.021621621621621623	0.000999000999000999	3
