EC	enrich_score	p_val	where
3	0.04921630094043887	0.000999000999000999	1313
3.4	0.02736318407960199	0.000999000999000999	81
3.4.14	0.07317073170731707	0.000999000999000999	16
