EC	enrich_score	p_val	where
4	0.0010515247108307045	0.000999000999000999	5
1	0.026458915184477436	0.000999000999000999	1402
1	0.1111111111111111	0.000999000999000999	0
4.1	0.0035398230088495575	0.000999000999000999	5
1	0.1111111111111111	0.000999000999000999	0
4.1.1	0.006734006734006734	0.000999000999000999	5
