EC	enrich_score	p_val	where
1	0.01837424665588711	0.000999000999000999	5349
1.21	0.010526315789473684	0.000999000999000999	6
1.21.3	0.05	0.000999000999000999	6
