EC	enrich_score	p_val	where
1	0.47104218727032193	0.000999000999000999	7576
1.1	0.022829763246899663	0.000999000999000999	164
1.1.1	0.024371953505811773	0.000999000999000999	164
