EC	enrich_score	p_val	where
1	0.4742025576951345	0.000999000999000999	7623
1.1	0.04255918827508456	0.000999000999000999	619
1.1.1|1	0.005714285714285714	0.000999000999000999	2
1.1.1	0.04236970378702662	0.000999000999000999	619
