EC	enrich_score	p_val	where
2	0.008172214470799282	0.000999000999000999	159
3	0.003918495297805642	0.000999000999000999	936
2.7	0.035122930255895635	0.000999000999000999	159
2.7.1	0.0735632183908046	0.000999000999000999	159
