EC	enrich_score	p_val	where
3	0.0004702194357366771	0.030969030969030968	2
4	0.0015772870662460567	0.000999000999000999	8
1	0.00610024988975452	0.000999000999000999	428
3.3	0.027522935779816515	0.000999000999000999	2
4.1	0.005309734513274336	0.000999000999000999	8
3.3.2	0.0297029702970297	0.000999000999000999	2
4.1.3	0.021739130434782608	0.000999000999000999	8
