EC	enrich_score	p_val	where
1	0.0005879758929883875	0.013986013986013986	10
5	0.1449067431850789	0.000999000999000999	307
1.20	0.125	0.000999000999000999	4
5.1	0.1746031746031746	0.000999000999000999	307
1.20.4	0.125	0.000999000999000999	1
