EC	enrich_score	p_val	where
5	0.02582496413199426	0.000999000999000999	21
1	0.016169337057180655	0.000999000999000999	2687
1.14	0.00022016732716864817	0.014985014985014986	0
5.4	0.12162162162162163	0.000999000999000999	21
1.14.14	0.0007189072609633358	0.000999000999000999	0
5.4.99	0.2	0.000999000999000999	21
