EC	enrich_score	p_val	where
1	0.006394237836248714	0.000999000999000999	323
1.14	0.010127697049757816	0.000999000999000999	108
1.14.11	0.11387900355871886	0.000999000999000999	42
