EC	enrich_score	p_val	where
2	0.11829778752242376	0.000999000999000999	2056
2.3	0.4502234863876473	0.000999000999000999	1856
2.3.1	0.42496558054153283	0.000999000999000999	1856
