EC	enrich_score	p_val	where
1	0.4744965456416287	0.000999000999000999	7605
1.1	0.02846674182638106	0.000999000999000999	373
1.1.1	0.025871766029246346	0.000999000999000999	373
