EC	enrich_score	p_val	where
1	0.4742025576951345	0.000999000999000999	7577
1.1	0.07243517474633597	0.000999000999000999	554
1.1.1	0.09036370453693289	0.000999000999000999	554
