EC	enrich_score	p_val	where
3	0.0018808777429467085	0.000999000999000999	28
2	0.019533585808251944	0.000999000999000999	798
2.7	0.002508780732563974	0.000999000999000999	4
3.6	0.005928853754940711	0.000999000999000999	28
2.8	0.09955752212389381	0.000999000999000999	264
2.7.11	0.030303030303030304	0.000999000999000999	3
3.6.1	0.016597510373443983	0.000999000999000999	28
2.8.2	0.20634920634920634	0.000999000999000999	264
