EC	enrich_score	p_val	where
4	0.013144058885383806	0.000999000999000999	65
1	0.004115831250918712	0.000999000999000999	3764
4.2	0.009424083769633508	0.000999000999000999	33
4.2.1	0.014598540145985401	0.000999000999000999	32
