EC	enrich_score	p_val	where
4	0.0010515247108307045	0.000999000999000999	1
5	0.10760401721664276	0.000999000999000999	348
4.1	0.0035398230088495575	0.000999000999000999	1
5.1	0.005291005291005291	0.000999000999000999	348
4.1.2	0.017094017094017096	0.000999000999000999	1
