EC	enrich_score	p_val	where
2	0.002890173410404624	0.000999000999000999	45
2.1	0.01806853582554517	0.000999000999000999	45
2.1.1	0.005563282336578581	0.000999000999000999	7
2.1.2	0.015384615384615385	0.000999000999000999	45
