EC	enrich_score	p_val	where
2	0.005481363364560494	0.000999000999000999	261
2.8	0.030973451327433628	0.000999000999000999	28
2.8.2	0.07407407407407407	0.000999000999000999	28
