EC	enrich_score	p_val	where
2	0.12696830775363763	0.000999000999000999	1563
2.1	0.7096573208722742	0.000999000999000999	1321
2.1.1	0.7280945757997218	0.000999000999000999	1321
