EC	enrich_score	p_val	where
3	0.00109717868338558	0.000999000999000999	26
3.1	0.0030045067601402104	0.000999000999000999	8
3.1.1	0.007957559681697613	0.000999000999000999	8
