EC	enrich_score	p_val	where
2	0.057803468208092484	0.000999000999000999	4003
2.7	0.01154039136979428	0.000999000999000999	33
2.7.4	0.006896551724137931	0.000999000999000999	0
2.7.8	0.04242424242424243	0.000999000999000999	31
