EC	enrich_score	p_val	where
1	0.0004409819197412906	0.030969030969030968	38
1.5	0.0029154518950437317	0.000999000999000999	0
1.5.5|1	1.0	0.000999000999000999	0
