EC	enrich_score	p_val	where
4	0.04784437434279706	0.000999000999000999	264
1	0.00793767455534323	0.000999000999000999	2200
4.2	0.08900523560209424	0.000999000999000999	264
4.2.1	0.12956204379562045	0.000999000999000999	264
