EC	enrich_score	p_val	where
1	0.47302660590915774	0.000999000999000999	7603
1.14	0.008586525759577279	0.000999000999000999	115
1.1	0.003945885005636978	0.000999000999000999	359
1.14.13	0.010958904109589041	0.000999000999000999	25
