EC	enrich_score	p_val	where
2	0.09986047438708391	0.000999000999000999	3081
2.3	0.3531084924827306	0.000999000999000999	1412
2.3.1	0.3221661312528683	0.000999000999000999	1374
