EC	enrich_score	p_val	where
1	0.4742025576951345	0.000999000999000999	7590
1.1	0.006482525366403607	0.000999000999000999	231
1.1.1	0.004124484439445069	0.000999000999000999	198
