EC	enrich_score	p_val	where
3	0.008307210031347963	0.000999000999000999	199
3.4	0.02736318407960199	0.000999000999000999	29
3.4.19	0.25757575757575757	0.000999000999000999	20
