EC	enrich_score	p_val	where
1	0.47457004262825225	0.000999000999000999	7606
1.1	0.001972942502818489	0.000999000999000999	124
1.1.1	0.0018747656542932134	0.000999000999000999	124
