EC	enrich_score	p_val	where
2	0.07863264899342236	0.000999000999000999	4460
2.7	0.008028098344204716	0.000999000999000999	30
2.7.8	0.04242424242424243	0.000999000999000999	22
