EC	enrich_score	p_val	where
2	0.00039864460833167234	0.04695304695304695	6
3	0.017241379310344827	0.000999000999000999	470
2.7	0.0010035122930255895	0.000999000999000999	6
2.7.1	0.0011494252873563218	0.000999000999000999	0
