EC	enrich_score	p_val	where
2	0.10285030894957145	0.000999000999000999	1334
2.1	0.5333333333333333	0.000999000999000999	1230
2.1.1	0.53894297635605	0.000999000999000999	1182
