EC	enrich_score	p_val	where
2	0.12338050627865259	0.000999000999000999	5626
2.4	0.17594473791141813	0.000999000999000999	1272
2.4.1	0.12054933875890132	0.000999000999000999	591
