EC	enrich_score	p_val	where
2	0.0986645405620889	0.000999000999000999	6278
2.4	0.013409183258837871	0.000999000999000999	897
