EC	enrich_score	p_val	where
1	0.007864177568719682	0.000999000999000999	2553
1.14	0.0008806693086745927	0.000999000999000999	3
1.14.17	0.19047619047619047	0.000999000999000999	3
