EC	enrich_score	p_val	where
1	0.47398206673526383	0.000999000999000999	7592
1.14	0.005724350506384853	0.000999000999000999	295
1.14.13	0.0018264840182648401	0.000999000999000999	1
