EC	enrich_score	p_val	where
1	0.4737615757753932	0.000999000999000999	7569
1.1	0.06848928974069898	0.000999000999000999	611
1.1.1	0.08623922009748781	0.000999000999000999	593
