EC	enrich_score	p_val	where
2	0.16324496711181982	0.000999000999000999	4480
2.4	0.35514018691588783	0.000999000999000999	2009
2.4.1	0.280264496439471	0.000999000999000999	1677
