EC	enrich_score	p_val	where
1	0.01506688225782743	0.000999000999000999	5799
