EC	enrich_score	p_val	where
5	0.15208034433285508	0.000999000999000999	301
5.1	0.20105820105820105	0.000999000999000999	301
