EC	enrich_score	p_val	where
1	0.47427605468175804	0.000999000999000999	7589
1.1	0.0008455467869222097	0.000999000999000999	2
1.14	0.005284015852047556	0.000999000999000999	301
1.1.1	0.0011248593925759281	0.000999000999000999	2
