EC	enrich_score	p_val	where
6	0.2053846153846154	0.000999000999000999	489
2	0.1113215068766195	0.000999000999000999	7544
6.2	0.29774127310061604	0.000999000999000999	261
6.2.1|6	0.0625	0.000999000999000999	1
6.2.1	0.2662337662337662	0.000999000999000999	261
