EC	enrich_score	p_val	where
6	0.11461538461538462	0.000999000999000999	176
2	0.11500896950368747	0.000999000999000999	5943
6.2	0.29774127310061604	0.000999000999000999	176
2.3	0.008939455505891914	0.000999000999000999	1817
6.2.1	0.27056277056277056	0.000999000999000999	176
