EC	enrich_score	p_val	where
1	0.0352050565926797	0.000999000999000999	3053
1.11	0.003389830508474576	0.000999000999000999	0
1.1	0.0005636978579481398	0.002997002997002997	22
1.11.1	0.004	0.000999000999000999	0
