EC	enrich_score	p_val	where
1	0.000514478906364839	0.01998001998001998	24
1.17	0.01644736842105263	0.000999000999000999	7
1.17.5	0.23809523809523808	0.000999000999000999	7
