EC	enrich_score	p_val	where
2	0.006378313733306757	0.000999000999000999	116
2.6	0.14814814814814814	0.000999000999000999	87
2.6.1	0.13404825737265416	0.000999000999000999	87
