EC	enrich_score	p_val	where
1	0.47457004262825225	0.000999000999000999	7606
1.1	0.014656144306651634	0.000999000999000999	223
1.1.1	0.011998500187476566	0.000999000999000999	223
