EC	enrich_score	p_val	where
6	0.04	0.000999000999000999	67
2	0.03328682479569464	0.000999000999000999	2287
6.3	0.08914728682170543	0.000999000999000999	67
2.7	0.12293025589563472	0.000999000999000999	2257
6.3.2	0.10702341137123746	0.000999000999000999	43
