EC	enrich_score	p_val	where
4	0.11777076761303891	0.000999000999000999	395
4.2	0.2324607329842932	0.000999000999000999	395
4.2.3|4	0.05555555555555555	0.000999000999000999	6
4.2.3	0.45955882352941174	0.000999000999000999	343
