EC	enrich_score	p_val	where
4	0.006834910620399579	0.000999000999000999	13
1	0.003968837277671615	0.000999000999000999	872
4.1	0.023008849557522124	0.000999000999000999	13
4.1.2	0.07692307692307693	0.000999000999000999	13
