EC	enrich_score	p_val	where
2	0.12039067171616503	0.000999000999000999	1782
2.3	0.4550995530272247	0.000999000999000999	1680
2.3.1	0.43322625057365766	0.000999000999000999	1680
