EC	enrich_score	p_val	where
3	0.0007836990595611285	0.004995004995004995	51
3.1	0.00100150225338007	0.000999000999000999	21
3.1.1	0.002652519893899204	0.000999000999000999	21
