EC	enrich_score	p_val	where
1	0.47295310892253417	0.000999000999000999	7603
1.1	0.0233934611048478	0.000999000999000999	423
1.1.1	0.025121859767529058	0.000999000999000999	379
