EC	enrich_score	p_val	where
1	0.47346758782889903	0.000999000999000999	7584
1.1	0.03015783540022548	0.000999000999000999	531
1.1.1	0.033370828646419194	0.000999000999000999	512
