EC	enrich_score	p_val	where
2	0.12228423360574048	0.000999000999000999	5678
2.3	0.20195042665583096	0.000999000999000999	1208
2.3.1	0.17255621844882973	0.000999000999000999	1201
