EC	enrich_score	p_val	where
2	0.04454853498106438	0.000999000999000999	1556
2.7	0.1921726041144004	0.000999000999000999	1556
2.7.1	0.20344827586206896	0.000999000999000999	313
