EC	enrich_score	p_val	where
2	0.025313932629061193	0.000999000999000999	2688
