EC	enrich_score	p_val	where
2	0.10434522623081523	0.000999000999000999	2079
2.3	0.36529865908167414	0.000999000999000999	1914
2.3.1	0.33088572739788896	0.000999000999000999	1670
