EC	enrich_score	p_val	where
1	0.0022784065853300017	0.000999000999000999	76
5	0.08034433285509325	0.000999000999000999	382
1.1	0.0002818489289740699	0.014985014985014986	2
1.17	0.009868421052631578	0.000999000999000999	8
1.1.99	0.00411522633744856	0.000999000999000999	2
