EC	enrich_score	p_val	where
2	0.12756627466613515	0.000999000999000999	1610
2.1	0.7096573208722742	0.000999000999000999	1328
2.1.1	0.7280945757997218	0.000999000999000999	1328
