EC	enrich_score	p_val	where
6	0.024615384615384615	0.000999000999000999	90
2	0.0330875024915288	0.000999000999000999	2677
6.3	0.05813953488372093	0.000999000999000999	90
2.7	0.05870546914199699	0.000999000999000999	2001
2.7.1	0.0011494252873563218	0.000999000999000999	1
6.3.2	0.046822742474916385	0.000999000999000999	27
