EC	enrich_score	p_val	where
2	0.09019334263504086	0.000999000999000999	4506
2.3	0.18976026005688745	0.000999000999000999	1499
2.3.1	0.16934373565855898	0.000999000999000999	1499
