EC	enrich_score	p_val	where
2	0.04175802272274268	0.000999000999000999	8758
2.7	0.02960361264425489	0.000999000999000999	220
2.7.4	0.06206896551724138	0.000999000999000999	8
