EC	enrich_score	p_val	where
2	0.05052820410603947	0.000999000999000999	2951
2.4	0.013409183258837871	0.000999000999000999	204
2.4.1	0.008138351983723296	0.000999000999000999	36
