EC	enrich_score	p_val	where
3	0.01896551724137931	0.000999000999000999	701
3.1	0.04406609914872309	0.000999000999000999	241
3.1.3	0.09615384615384616	0.000999000999000999	59
