EC	enrich_score	p_val	where
2	0.0008969503687462627	0.002997002997002997	12
2.3	0.002438033319788704	0.000999000999000999	5
2.3.2	0.034482758620689655	0.000999000999000999	5
