EC	enrich_score	p_val	where
3	0.04310344827586207	0.000999000999000999	713
3.4	0.1256218905472637	0.000999000999000999	202
3.4.11	0.033783783783783786	0.000999000999000999	10
