EC	enrich_score	p_val	where
3	0.049529780564263326	0.000999000999000999	545
3.4	0.1455223880597015	0.000999000999000999	222
3.4.19	0.015151515151515152	0.000999000999000999	1
3.4.11	0.006756756756756757	0.000999000999000999	4
3.4.21	0.03225806451612903	0.000999000999000999	12
