EC	enrich_score	p_val	where
4	0.0010515247108307045	0.000999000999000999	1
1	0.007790680582096134	0.000999000999000999	1901
4.2	0.0010471204188481676	0.000999000999000999	0
4.2.1	0.0018248175182481751	0.000999000999000999	0
