EC	enrich_score	p_val	where
1	0.021240629134205498	0.000999000999000999	669
1.14	0.04579480405107882	0.000999000999000999	521
1.14.14	0.002156721782890007	0.000999000999000999	2
