EC	enrich_score	p_val	where
5	0.0014347202295552368	0.000999000999000999	0
1	0.031677201234749375	0.000999000999000999	3328
5.3	0.004761904761904762	0.000999000999000999	0
1.14	0.009247027741083224	0.000999000999000999	112
5.3.3	0.012987012987012988	0.000999000999000999	0
