EC	enrich_score	p_val	where
1	0.03233867411436131	0.000999000999000999	2566
1.14	0.003742844561867019	0.000999000999000999	131
1.14.99	0.002824858757062147	0.000999000999000999	0
