EC	enrich_score	p_val	where
1	0.031162722328384535	0.000999000999000999	2008
1.3	0.019377162629757784	0.000999000999000999	61
1.3.99	0.07462686567164178	0.000999000999000999	36
