EC	enrich_score	p_val	where
4	0.0015772870662460567	0.000999000999000999	2
1	0.011392032926650007	0.000999000999000999	1484
4.1	0.005309734513274336	0.000999000999000999	2
1.13	0.04918032786885246	0.000999000999000999	95
4.1.1|4	0.25	0.000999000999000999	2
1.13.11	0.034482758620689655	0.000999000999000999	66
