EC	enrich_score	p_val	where
2	0.06866653378513056	0.000999000999000999	4675
2.7	0.012543903662819869	0.000999000999000999	46
2.7.7	0.012048192771084338	0.000999000999000999	4
2.7.8	0.03333333333333333	0.000999000999000999	44
