EC	enrich_score	p_val	where
1	0.017271791856533884	0.000999000999000999	788
1.14	0.034346103038309116	0.000999000999000999	376
1.14.18	0.06923076923076923	0.000999000999000999	9
