EC	enrich_score	p_val	where
2	0.017341040462427744	0.000999000999000999	485
2.5	0.019197207678883072	0.000999000999000999	10
2.1	0.027414330218068536	0.000999000999000999	256
2.5.1	0.016483516483516484	0.000999000999000999	10
2.1.1	0.02573018080667594	0.000999000999000999	122
