EC	enrich_score	p_val	where
1	0.4743495516683816	0.000999000999000999	7597
1.14	0.0035226772346983706	0.000999000999000999	30
1.14.13	0.0091324200913242	0.000999000999000999	30
