EC	enrich_score	p_val	where
2	0.001993223041658362	0.000999000999000999	19
3	0.0225705329153605	0.000999000999000999	733
2.7	0.010035122930255895	0.000999000999000999	19
3.1	0.04656985478217326	0.000999000999000999	366
2.7.1	0.022988505747126436	0.000999000999000999	19
