EC	enrich_score	p_val	where
1	0.4744965456416287	0.000999000999000999	7597
1.2	0.0009606147934678194	0.000999000999000999	9
1.1	0.004227733934611048	0.000999000999000999	178
1.2.1	0.0013123359580052493	0.000999000999000999	9
1.1.1	0.0022497187851518562	0.000999000999000999	35
