EC	enrich_score	p_val	where
4	0.0005257623554153522	0.01998001998001998	0
2	0.08580825194339246	0.000999000999000999	8286
4.6	0.02631578947368421	0.000999000999000999	0
2.7	0.019568489713998997	0.000999000999000999	672
4.6.1	0.02631578947368421	0.000999000999000999	0
