EC	enrich_score	p_val	where
2	0.12477576240781343	0.000999000999000999	2283
2.3	0.42259244209670865	0.000999000999000999	2208
2.3.1	0.38182652592932537	0.000999000999000999	2208
