EC	enrich_score	p_val	where
3	0.044043887147335425	0.000999000999000999	1222
3.2	0.09431137724550898	0.000999000999000999	461
3.2.1	0.0957983193277311	0.000999000999000999	461
