EC	enrich_score	p_val	where
6	0.19615384615384615	0.000999000999000999	449
2	0.12198525014949173	0.000999000999000999	7690
6.2	0.2813141683778234	0.000999000999000999	208
6.2.1	0.2532467532467532	0.000999000999000999	208
