EC	enrich_score	p_val	where
1	0.011759517859767749	0.000999000999000999	800
1.14	0.0030823425803610744	0.000999000999000999	20
1.14.12	0.030534351145038167	0.000999000999000999	3
