EC	enrich_score	p_val	where
1	0.4742025576951345	0.000999000999000999	7596
1.1	0.0002818489289740699	0.014985014985014986	0
1.5	0.0058309037900874635	0.000999000999000999	5
1.1.1	0.0003749531308586427	0.013986013986013986	0
1.5.1	0.013513513513513514	0.000999000999000999	5
