EC	enrich_score	p_val	where
6	0.1076923076923077	0.000999000999000999	348
2	0.08002790512258322	0.000999000999000999	7162
6.3	0.11046511627906977	0.000999000999000999	85
6.3.2	0.0802675585284281	0.000999000999000999	25
