EC	enrich_score	p_val	where
1	0.004630310157283551	0.000999000999000999	96
1.1	0.005918827508455468	0.000999000999000999	60
1.1.3	0.02702702702702703	0.000999000999000999	4
