EC	enrich_score	p_val	where
3	0.0009404388714733542	0.002997002997002997	10
2	0.1719154873430337	0.000999000999000999	3974
3.6	0.004940711462450593	0.000999000999000999	5
2.7	0.008028098344204716	0.000999000999000999	81
2.4	0.37992685900040635	0.000999000999000999	1831
3.6.1	0.012448132780082987	0.000999000999000999	2
2.4.1	0.29857578840284843	0.000999000999000999	1831
