EC	enrich_score	p_val	where
2	0.17012158660554116	0.000999000999000999	4691
2.4	0.39943112555871596	0.000999000999000999	1827
2.4.1	0.3133265513733469	0.000999000999000999	1448
