EC	enrich_score	p_val	where
1	0.02947229163604292	0.000999000999000999	1648
1.14	0.037648612945838836	0.000999000999000999	250
1.14.99	0.022598870056497175	0.000999000999000999	28
1.14.19	0.15430861723446893	0.000999000999000999	239
