EC	enrich_score	p_val	where
3	0.010031347962382446	0.000999000999000999	179
3.4	0.01616915422885572	0.000999000999000999	60
3.4.11	0.02702702702702703	0.000999000999000999	3
