EC	enrich_score	p_val	where
1	0.028443333823313245	0.000999000999000999	2291
1.-	0.024390243902439025	0.000999000999000999	1
1.14	0.0017613386173491853	0.000999000999000999	16
1.-.-	0.024390243902439025	0.000999000999000999	1
1.14.15	0.027210884353741496	0.000999000999000999	16
