EC	enrich_score	p_val	where
3	0.0040752351097178684	0.000999000999000999	116
2	0.026111221845724536	0.000999000999000999	2605
3.2	0.017964071856287425	0.000999000999000999	116
3.2.1	0.020168067226890758	0.000999000999000999	116
