EC	enrich_score	p_val	where
1	0.47354108481552254	0.000999000999000999	7612
1.1	0.0016910935738444193	0.000999000999000999	17
1.1.1	0.0022497187851518562	0.000999000999000999	17
