EC	enrich_score	p_val	where
1	0.47258562398941645	0.000999000999000999	7589
1.1	0.0346674182638106	0.000999000999000999	173
1.1.1	0.0359955005624297	0.000999000999000999	172
