EC	enrich_score	p_val	where
2	0.001195933824995017	0.000999000999000999	24
2.6	0.024691358024691357	0.000999000999000999	22
2.6.1	0.02680965147453083	0.000999000999000999	22
