EC	enrich_score	p_val	where
3	0.0012539184952978057	0.000999000999000999	8
1	0.009922093194179039	0.000999000999000999	2709
3.7	0.07547169811320754	0.000999000999000999	8
3.7.1	0.0784313725490196	0.000999000999000999	8
