EC	enrich_score	p_val	where
2	0.12357982858281842	0.000999000999000999	2130
2.3	0.44941080861438437	0.000999000999000999	1782
2.3.1	0.4258834327673245	0.000999000999000999	1782
