EC	enrich_score	p_val	where
3	0.004858934169278997	0.000999000999000999	38
3.6	0.0009881422924901185	0.000999000999000999	2
3.6.1	0.004149377593360996	0.000999000999000999	2
