EC	enrich_score	p_val	where
1	0.012788475672497428	0.000999000999000999	547
1.3	0.002768166089965398	0.000999000999000999	4
1.1	0.0002818489289740699	0.014985014985014986	10
1.3.1	0.005509641873278237	0.000999000999000999	4
1.1.1	0.0003749531308586427	0.013986013986013986	10
