EC	enrich_score	p_val	where
1	0.4743495516683816	0.000999000999000999	7600
1.14	0.0030823425803610744	0.000999000999000999	35
1.14.12	0.10687022900763359	0.000999000999000999	35
