EC	enrich_score	p_val	where
3	0.0012539184952978057	0.000999000999000999	30
2	0.014949172812437711	0.000999000999000999	666
2.7	0.0005017561465127947	0.002997002997002997	5
3.6	0.001976284584980237	0.000999000999000999	30
2.8	0.08849557522123894	0.000999000999000999	254
3.6.1	0.004149377593360996	0.000999000999000999	0
2.8.2	0.17989417989417988	0.000999000999000999	249
