EC	enrich_score	p_val	where
2	0.003787123779150887	0.000999000999000999	159
2.3	0.0008126777732629012	0.000999000999000999	2
2.3.1	0.0009178522257916476	0.000999000999000999	2
