EC	enrich_score	p_val	where
2	0.01604544548534981	0.000999000999000999	2113
2.7	0.0005017561465127947	0.002997002997002997	0
2.3	0.00690776107273466	0.000999000999000999	87
2.7.8	0.0030303030303030303	0.000999000999000999	0
2.3.1	0.007801743919229004	0.000999000999000999	87
