EC	enrich_score	p_val	where
1	0.0008084668528590327	0.003996003996003996	14
1.5	0.026239067055393587	0.000999000999000999	11
1.5.99	0.057971014492753624	0.000999000999000999	8
