EC	enrich_score	p_val	where
1	0.47457004262825225	0.000999000999000999	7606
1.14	0.00044033465433729633	0.002997002997002997	12
1.1	0.002818489289740699	0.000999000999000999	217
1.14.12	0.015267175572519083	0.000999000999000999	12
1.1.1	0.0018747656542932134	0.000999000999000999	156
