EC	enrich_score	p_val	where
4	0.0015772870662460567	0.000999000999000999	3
2	0.0008969503687462627	0.002997002997002997	108
4.1	0.005309734513274336	0.000999000999000999	3
4.1.99	0.039473684210526314	0.000999000999000999	3
