EC	enrich_score	p_val	where
2	0.002690851106238788	0.000999000999000999	39
2.1	0.016822429906542057	0.000999000999000999	39
2.1.1	0.012517385257301807	0.000999000999000999	19
