EC	enrich_score	p_val	where
1	0.47412906070851096	0.000999000999000999	7583
1.2	0.0019212295869356388	0.000999000999000999	1
1.2.1	0.0026246719160104987	0.000999000999000999	1
