EC	enrich_score	p_val	where
6	0.06230769230769231	0.000999000999000999	155
2	0.061690253139326294	0.000999000999000999	4642
6.1	0.39901477832512317	0.000999000999000999	155
6.1.1	0.40641711229946526	0.000999000999000999	154
