EC	enrich_score	p_val	where
2	0.018437313135339844	0.000999000999000999	424
2.7	0.030105368790767688	0.000999000999000999	109
2.7.8	0.1393939393939394	0.000999000999000999	52
