EC	enrich_score	p_val	where
4	0.0026288117770767614	0.000999000999000999	4
1	0.0004409819197412906	0.030969030969030968	23
4.1	0.008849557522123894	0.000999000999000999	4
4.1.1	0.016835016835016835	0.000999000999000999	4
