EC	enrich_score	p_val	where
5	0.010043041606886656	0.000999000999000999	14
1	0.024474496545641627	0.000999000999000999	1968
5.5	0.06666666666666667	0.000999000999000999	14
5.5.1	0.06862745098039216	0.000999000999000999	14
