EC	enrich_score	p_val	where
1	0.00749669263560194	0.000999000999000999	608
1.3	0.05467128027681661	0.000999000999000999	109
1.3.8	0.027210884353741496	0.000999000999000999	8
