EC	enrich_score	p_val	where
3	0.004231974921630094	0.000999000999000999	50
3.4	0.01616915422885572	0.000999000999000999	50
3.4.24	0.029411764705882353	0.000999000999000999	5
