EC	enrich_score	p_val	where
1	0.47412906070851096	0.000999000999000999	7634
1.14	0.008146191105239982	0.000999000999000999	269
1.14.14	0.0014378145219266715	0.000999000999000999	7
1.14.13	0.006392694063926941	0.000999000999000999	25
