EC	enrich_score	p_val	where
1	0.014772894311333235	0.000999000999000999	1270
1.14	0.0019815059445178335	0.000999000999000999	18
1.14.13	0.0036529680365296802	0.000999000999000999	5
