EC	enrich_score	p_val	where
2	0.0014949172812437712	0.000999000999000999	15
3	0.012225705329153605	0.000999000999000999	244
2.3	0.006095083299471759	0.000999000999000999	15
3.2	0.0344311377245509	0.000999000999000999	155
2.3.1	0.006883891693437357	0.000999000999000999	15
3.2.1	0.034453781512605045	0.000999000999000999	154
