EC	enrich_score	p_val	where
3	0.05047021943573668	0.000999000999000999	538
3.4	0.11318407960199005	0.000999000999000999	137
3.4.17	0.0875	0.000999000999000999	8
