EC	enrich_score	p_val	where
1	0.47412906070851096	0.000999000999000999	7580
1.2	0.0019212295869356388	0.000999000999000999	3
1.2.1	0.0013123359580052493	0.000999000999000999	0
