EC	enrich_score	p_val	where
2	0.06308550926848715	0.000999000999000999	4144
2.7	0.15102860010035124	0.000999000999000999	693
2.7.1	0.19310344827586207	0.000999000999000999	350
