EC	enrich_score	p_val	where
2	0.021128164241578633	0.000999000999000999	1919
2.4	0.005282405526208858	0.000999000999000999	52
2.4.1	0.003560528992878942	0.000999000999000999	40
