EC	enrich_score	p_val	where
1	0.4744230486550051	0.000999000999000999	7614
1.6	0.004761904761904762	0.000999000999000999	0
1.1	0.0008455467869222097	0.000999000999000999	9
1.14	0.0028621752531924264	0.000999000999000999	123
1.6.5	0.006993006993006993	0.000999000999000999	0
