EC	enrich_score	p_val	where
1	0.0009554608261061297	0.002997002997002997	15
5	0.1406025824964132	0.000999000999000999	312
1.21	0.05263157894736842	0.000999000999000999	5
5.1	0.15873015873015872	0.000999000999000999	312
1.21.99	0.16666666666666666	0.000999000999000999	5
