EC	enrich_score	p_val	where
5	0.028694404591104734	0.000999000999000999	22
1	0.001837424665588711	0.000999000999000999	97
5.3	0.08571428571428572	0.000999000999000999	22
1.1	0.0014092446448703494	0.000999000999000999	97
5.3.1	0.20689655172413793	0.000999000999000999	22
