EC	enrich_score	p_val	where
1	0.4743495516683816	0.000999000999000999	7617
1.1	0.0002818489289740699	0.014985014985014986	0
1.1.1	0.0003749531308586427	0.013986013986013986	0
