EC	enrich_score	p_val	where
5	0.15351506456241032	0.000999000999000999	300
5.1	0.20634920634920634	0.000999000999000999	300
