EC	enrich_score	p_val	where
1	0.04600911362634132	0.000999000999000999	2926
1.14	0.004183179216204315	0.000999000999000999	58
1.14.14	0.0035945363048166786	0.000999000999000999	6
