EC	enrich_score	p_val	where
3	0.0006269592476489029	0.01098901098901099	6
2	0.17261311540761412	0.000999000999000999	4022
3.6	0.003952569169960474	0.000999000999000999	6
2.4	0.4205607476635514	0.000999000999000999	1834
3.6.1	0.012448132780082987	0.000999000999000999	5
2.4.1	0.3560528992878942	0.000999000999000999	1724
