EC	enrich_score	p_val	where
2	0.0006976280645804266	0.007992007992007992	13
3	0.00877742946708464	0.000999000999000999	376
2.3	0.0028443722064201544	0.000999000999000999	13
3.1	0.020530796194291438	0.000999000999000999	139
2.3.1	0.0032124827902707664	0.000999000999000999	13
3.1.1	0.033156498673740056	0.000999000999000999	70
