EC	enrich_score	p_val	where
1	0.47457004262825225	0.000999000999000999	7598
1.3	0.0034602076124567475	0.000999000999000999	15
1.1	0.0033821871476888386	0.000999000999000999	253
1.3.1	0.0027548209366391185	0.000999000999000999	14
