EC	enrich_score	p_val	where
1	0.03733646920476261	0.000999000999000999	3862
1.14	0.00044033465433729633	0.002997002997002997	1
1.14.19	0.004008016032064128	0.000999000999000999	1
