EC	enrich_score	p_val	where
1	0.016169337057180655	0.000999000999000999	743
1.14	0.023778071334214	0.000999000999000999	400
1.14.13	0.0045662100456621	0.000999000999000999	4
1.14.14	0.0007189072609633358	0.000999000999000999	30
