EC	enrich_score	p_val	where
3	0.00219435736677116	0.000999000999000999	44
3.4	0.007462686567164179	0.000999000999000999	18
