EC	enrich_score	p_val	where
1	0.0013964427458474202	0.000999000999000999	348
1.2	0.0067243035542747355	0.000999000999000999	10
1.2.4	0.11864406779661017	0.000999000999000999	10
