EC	enrich_score	p_val	where
2	0.16892565278054614	0.000999000999000999	3701
2.4	0.4839496139780577	0.000999000999000999	2006
2.4.1	0.4059003051881994	0.000999000999000999	1971
