EC	enrich_score	p_val	where
2	0.0014949172812437712	0.000999000999000999	51
3	0.028526645768025077	0.000999000999000999	1357
2.7	0.0015052684395383843	0.000999000999000999	3
2.4	0.0004063388866314506	0.002997002997002997	51
2.7.1	0.0022988505747126436	0.000999000999000999	1
2.4.1	0.000508646998982706	0.013986013986013986	51
