EC	enrich_score	p_val	where
2	0.0004983057604145904	0.01998001998001998	15
1	0.024327502572394532	0.000999000999000999	1150
2.1	0.0024922118380062306	0.000999000999000999	9
1.14	0.028841919859092912	0.000999000999000999	504
1.14.13	0.0009132420091324201	0.000999000999000999	0
2.1.1	0.0027816411682892906	0.000999000999000999	9
