EC	enrich_score	p_val	where
3	0.0028213166144200625	0.000999000999000999	56
3.1	0.00100150225338007	0.000999000999000999	1
3.1.1	0.002652519893899204	0.000999000999000999	1
