EC	enrich_score	p_val	where
3	0.009717868338557993	0.000999000999000999	398
3.1	0.018527791687531298	0.000999000999000999	111
3.1.1	0.04774535809018567	0.000999000999000999	108
