EC	enrich_score	p_val	where
1	0.18947523151550785	0.000999000999000999	5039
1.2	0.10470701248799232	0.000999000999000999	118
1.2.1	0.14304461942257218	0.000999000999000999	118
