EC	enrich_score	p_val	where
2	0.006079330277058002	0.000999000999000999	97
2.1	0.030529595015576325	0.000999000999000999	79
2.1.1	0.03129346314325452	0.000999000999000999	79
