EC	enrich_score	p_val	where
1	0.005291783036895487	0.000999000999000999	2674
1.17	0.006578947368421052	0.000999000999000999	1
1.17.7	0.15384615384615385	0.000999000999000999	1
