EC	enrich_score	p_val	where
3	0.02335423197492163	0.000999000999000999	1383
3.1	0.018527791687531298	0.000999000999000999	400
3.1.3	0.0057692307692307696	0.000999000999000999	49
