EC	enrich_score	p_val	where
1	0.044539173893870354	0.000999000999000999	2249
1.14	0.04007045354469397	0.000999000999000999	489
1.14.19	0.13827655310621242	0.000999000999000999	198
