EC	enrich_score	p_val	where
1	0.47412906070851096	0.000999000999000999	7589
1.14	0.005284015852047556	0.000999000999000999	53
1.14.12	0.07633587786259542	0.000999000999000999	27
