EC	enrich_score	p_val	where
2	0.004983057604145904	0.000999000999000999	66
2.5	0.08726003490401396	0.000999000999000999	66
2.5.1|2	0.037037037037037035	0.000999000999000999	0
2.5.1	0.0641025641025641	0.000999000999000999	59
