EC	enrich_score	p_val	where
2	0.012656966314530596	0.000999000999000999	539
2.4	0.004469727752945957	0.000999000999000999	66
2.4.1	0.000508646998982706	0.013986013986013986	0
