EC	enrich_score	p_val	where
2	0.0006976280645804266	0.007992007992007992	37
3	0.04874608150470219	0.000999000999000999	2016
2.7	0.0005017561465127947	0.002997002997002997	0
3.2	0.0037425149700598802	0.000999000999000999	14
2.7.1	0.0011494252873563218	0.000999000999000999	0
3.2.1	0.004201680672268907	0.000999000999000999	14
