EC	enrich_score	p_val	where
5	0.03156384505021521	0.000999000999000999	36
5.4	0.14864864864864866	0.000999000999000999	36
5.4.99	0.275	0.000999000999000999	36
