EC	enrich_score	p_val	where
1	0.47457004262825225	0.000999000999000999	7602
1.7	0.004464285714285714	0.000999000999000999	1
1.3	0.0006920415224913495	0.001998001998001998	3
1.1	0.004791431792559188	0.000999000999000999	290
1.7.1	0.014705882352941176	0.000999000999000999	1
1.3.1	0.0013774104683195593	0.000999000999000999	3
