EC	enrich_score	p_val	where
1	0.030721740408643245	0.000999000999000999	3503
1.1	0.0031003382187147687	0.000999000999000999	15
1.1.99	0.04526748971193416	0.000999000999000999	15
