EC	enrich_score	p_val	where
1	0.018962222548875494	0.000999000999000999	1626
1.14	0.0024218405988551297	0.000999000999000999	17
1.14.11	0.017793594306049824	0.000999000999000999	12
