EC	enrich_score	p_val	where
3	0.0014106583072100312	0.000999000999000999	32
2	0.027207494518636636	0.000999000999000999	4273
3.2	0.0007485029940119761	0.001998001998001998	1
3.1	0.000500751126690035	0.002997002997002997	3
3.2.1	0.0008403361344537816	0.000999000999000999	1
3.1.1	0.001326259946949602	0.000999000999000999	3
