EC	enrich_score	p_val	where
2	0.11560693641618497	0.000999000999000999	1975
2.3	0.43356359203575784	0.000999000999000999	1746
2.3.1	0.4070674621385957	0.000999000999000999	1746
