EC	enrich_score	p_val	where
4	0.0005257623554153522	0.01998001998001998	0
6	0.006923076923076923	0.000999000999000999	31
2	0.052122782539366155	0.000999000999000999	6255
4.1	0.0017699115044247787	0.000999000999000999	0
6.1	0.0049261083743842365	0.000999000999000999	26
2.7	0.008028098344204716	0.000999000999000999	133
4.1.99	0.013157894736842105	0.000999000999000999	0
6.1.1	0.0053475935828877	0.000999000999000999	26
