EC	enrich_score	p_val	where
2	0.0794299382100857	0.000999000999000999	1997
2.3	0.2543681430312881	0.000999000999000999	1395
2.3.1	0.23634694814134924	0.000999000999000999	1311
