EC	enrich_score	p_val	where
3	0.003134796238244514	0.000999000999000999	27
2	0.032489535579031295	0.000999000999000999	2986
3.4	0.01990049751243781	0.000999000999000999	18
3.4.16	0.08888888888888889	0.000999000999000999	3
3.4.17	0.0125	0.000999000999000999	8
