EC	enrich_score	p_val	where
1	0.023592532706159047	0.000999000999000999	1774
1.3	0.01730103806228374	0.000999000999000999	33
1.3.99	0.014925373134328358	0.000999000999000999	2
1.3.8	0.013605442176870748	0.000999000999000999	9
