EC	enrich_score	p_val	where
1	0.47457004262825225	0.000999000999000999	7598
1.3	0.004844290657439446	0.000999000999000999	23
1.3.1	0.006887052341597796	0.000999000999000999	23
