EC	enrich_score	p_val	where
2	0.1724137931034483	0.000999000999000999	4528
2.4	0.39577407557903294	0.000999000999000999	2438
2.4.1	0.32553407934893186	0.000999000999000999	1846
