EC	enrich_score	p_val	where
2	0.055311939406019535	0.000999000999000999	3333
2.3	0.004469727752945957	0.000999000999000999	40
2.3.1	0.004589261128958238	0.000999000999000999	36
