EC	enrich_score	p_val	where
1	0.4740555637218874	0.000999000999000999	7569
1.1	0.047914317925591886	0.000999000999000999	850
1.1.1	0.03899512560929884	0.000999000999000999	850
