EC	enrich_score	p_val	where
1	0.3017786270762899	0.000999000999000999	8086
1.3	0.06782006920415225	0.000999000999000999	208
1.3.1	0.1184573002754821	0.000999000999000999	208
