EC	enrich_score	p_val	where
2	0.002292206497907116	0.000999000999000999	50
2.3	0.0028443722064201544	0.000999000999000999	11
2.3.1	0.0032124827902707664	0.000999000999000999	11
