EC	enrich_score	p_val	where
4	0.09779179810725552	0.000999000999000999	366
4.2	0.19267015706806281	0.000999000999000999	366
4.2.3	0.30514705882352944	0.000999000999000999	326
