EC	enrich_score	p_val	where
1	0.007570189622225489	0.000999000999000999	1673
1.1	0.0014092446448703494	0.000999000999000999	4
1.1.99	0.0205761316872428	0.000999000999000999	4
