EC	enrich_score	p_val	where
1	0.0027928854916948404	0.000999000999000999	89
1.1	0.009582863585118376	0.000999000999000999	40
1.1.2	0.15384615384615385	0.000999000999000999	21
