EC	enrich_score	p_val	where
1	0.014846391297956783	0.000999000999000999	1681
1.14	0.0015411712901805372	0.000999000999000999	11
1.14.-	0.03968253968253968	0.000999000999000999	4
