EC	enrich_score	p_val	where
1	0.011686020873144201	0.000999000999000999	347
1.14	0.022236900044033465	0.000999000999000999	186
1.14.11	0.23843416370106763	0.000999000999000999	154
