EC	enrich_score	p_val	where
2	0.12527406816822803	0.000999000999000999	1549
2.1	0.708411214953271	0.000999000999000999	1310
2.1.1	0.7280945757997218	0.000999000999000999	1310
