EC	enrich_score	p_val	where
1	0.0004409819197412906	0.030969030969030968	6
5	0.010043041606886656	0.000999000999000999	29
1.1	0.0016910935738444193	0.000999000999000999	6
5.3	0.03333333333333333	0.000999000999000999	29
1.1.99	0.00823045267489712	0.000999000999000999	1
1.1.2	0.03076923076923077	0.000999000999000999	6
5.3.1	0.08045977011494253	0.000999000999000999	29
