EC	enrich_score	p_val	where
2	0.11162049033286825	0.000999000999000999	6188
2.4	0.14872003250711094	0.000999000999000999	885
2.4.1	0.10885045778229908	0.000999000999000999	781
