EC	enrich_score	p_val	where
1	0.4740555637218874	0.000999000999000999	7608
1.1	0.038331454340473504	0.000999000999000999	302
1.1.1	0.0412448443944507	0.000999000999000999	256
