EC	enrich_score	p_val	where
1	0.47493752756137	0.000999000999000999	7596
1.14	0.001321003963011889	0.000999000999000999	7
1.14.13	0.005479452054794521	0.000999000999000999	7
