EC	enrich_score	p_val	where
2	0.0015945784333266893	0.000999000999000999	29
5	0.08034433285509325	0.000999000999000999	392
2.4	0.00650142218610321	0.000999000999000999	29
2.4.1	0.005595116988809766	0.000999000999000999	24
