EC	enrich_score	p_val	where
1	0.022416580920182273	0.000999000999000999	2282
1.1	0.004227733934611048	0.000999000999000999	15
1.1.-	0.03571428571428571	0.000999000999000999	0
1.1.3	0.005405405405405406	0.000999000999000999	2
