EC	enrich_score	p_val	where
1	0.013376451565485815	0.000999000999000999	1056
1.3	0.006920415224913495	0.000999000999000999	10
1.3.99	0.04975124378109453	0.000999000999000999	10
