EC	enrich_score	p_val	where
3	0.027586206896551724	0.000999000999000999	1238
3.2	0.0187125748502994	0.000999000999000999	196
3.2.1	0.015966386554621848	0.000999000999000999	196
