EC	enrich_score	p_val	where
2	0.12108829978074546	0.000999000999000999	1768
2.3	0.46038195855343356	0.000999000999000999	1726
2.3.1	0.43735658558972007	0.000999000999000999	1726
