EC	enrich_score	p_val	where
3	0.015517241379310345	0.000999000999000999	429
2	0.05222244369144907	0.000999000999000999	3275
2.3	0.0004063388866314506	0.002997002997002997	0
3.2	0.06212574850299401	0.000999000999000999	186
2.3.1	0.0004589261128958238	0.013986013986013986	0
3.2.1	0.06638655462184874	0.000999000999000999	186
