EC	enrich_score	p_val	where
3	0.015203761755485894	0.000999000999000999	485
3.1	0.019529293940911366	0.000999000999000999	277
3.1.1	0.04376657824933687	0.000999000999000999	44
