EC	enrich_score	p_val	where
2	0.16324496711181982	0.000999000999000999	3372
2.4	0.3587972368955709	0.000999000999000999	2440
2.4.1	0.23245167853509666	0.000999000999000999	2440
