EC	enrich_score	p_val	where
3	0.007680250783699059	0.000999000999000999	106
3.5	0.003468208092485549	0.000999000999000999	8
3.4	0.004975124378109453	0.000999000999000999	28
3.5.1	0.005136986301369863	0.000999000999000999	8
