EC	enrich_score	p_val	where
1	0.4725121270027929	0.000999000999000999	7633
1.14	0.009247027741083224	0.000999000999000999	105
1.14.13	0.021004566210045664	0.000999000999000999	79
