EC	enrich_score	p_val	where
3	0.0025078369905956114	0.000999000999000999	20
3.8	0.0379746835443038	0.000999000999000999	7
3.3	0.07339449541284404	0.000999000999000999	20
3.8.1	0.03896103896103896	0.000999000999000999	7
3.3.2	0.07920792079207921	0.000999000999000999	20
