EC	enrich_score	p_val	where
1	0.47140967220343966	0.000999000999000999	7610
1.1	0.023957158962795943	0.000999000999000999	259
1.1.1	0.030371203599550055	0.000999000999000999	259
