EC	enrich_score	p_val	where
2	0.015945784333266894	0.000999000999000999	812
2.7	0.021575514300050176	0.000999000999000999	146
2.7.7|2	0.14285714285714285	0.000999000999000999	0
2.7.7	0.009036144578313253	0.000999000999000999	7
