EC	enrich_score	p_val	where
1	0.20160223430839336	0.000999000999000999	4035
1.8	0.0029498525073746312	0.000999000999000999	0
1.14	0.002201673271686482	0.000999000999000999	44
1.8.1	0.009523809523809525	0.000999000999000999	0
