EC	enrich_score	p_val	where
1	0.4737615757753932	0.000999000999000999	7577
1.1	0.06285231116121759	0.000999000999000999	478
1.1.1	0.08061492313460818	0.000999000999000999	478
