EC	enrich_score	p_val	where
1	0.3188299279729531	0.000999000999000999	7141
1.1	0.03889515219842165	0.000999000999000999	196
1.1.1	0.046494188226471694	0.000999000999000999	167
