EC	enrich_score	p_val	where
1	0.0013229457592238718	0.000999000999000999	238
1.14	0.0008806693086745927	0.000999000999000999	5
1.14.15	0.003401360544217687	0.000999000999000999	0
1.14.14	0.0014378145219266715	0.000999000999000999	5
