EC	enrich_score	p_val	where
1	0.037703954137880344	0.000999000999000999	7524
1.7	0.008928571428571428	0.000999000999000999	53
1.7.3	0.07407407407407407	0.000999000999000999	53
