EC	enrich_score	p_val	where
1	0.4728061149492871	0.000999000999000999	7556
1.1	0.004791431792559188	0.000999000999000999	20
1.1.1	0.006374203224596925	0.000999000999000999	20
