EC	enrich_score	p_val	where
2	0.00039864460833167234	0.04695304695304695	4
1	0.001028957812729678	0.000999000999000999	248
2.3	0.0016253555465258025	0.000999000999000999	4
2.3.2	0.022988505747126436	0.000999000999000999	4
