EC	enrich_score	p_val	where
2	0.008969503687462627	0.000999000999000999	531
2.7	0.0010035122930255895	0.000999000999000999	2
2.7.7	0.006024096385542169	0.000999000999000999	2
