EC	enrich_score	p_val	where
1	0.013449948552109363	0.000999000999000999	980
1.14	0.007485689123734038	0.000999000999000999	351
1.14.14	0.0014378145219266715	0.000999000999000999	1
