EC	enrich_score	p_val	where
1	0.017051300896663235	0.000999000999000999	1058
1.14	0.022457067371202115	0.000999000999000999	377
1.14.14	0.0035945363048166786	0.000999000999000999	5
