EC	enrich_score	p_val	where
4	0.017350157728706624	0.000999000999000999	54
2	0.0010962726729120988	0.000999000999000999	179
4.2	0.03455497382198953	0.000999000999000999	54
2.5	0.005235602094240838	0.000999000999000999	179
2.5.1	0.0018315018315018315	0.000999000999000999	0
4.2.3	0.0625	0.000999000999000999	54
