EC	enrich_score	p_val	where
3	0.0006269592476489029	0.01098901098901099	3
1	0.027046891077465825	0.000999000999000999	2006
3.7	0.03773584905660377	0.000999000999000999	3
3.7.1	0.0392156862745098	0.000999000999000999	3
