EC	enrich_score	p_val	where
1	0.0007349698662354843	0.004995004995004995	9
6	0.023076923076923078	0.000999000999000999	599
2	0.03408411401235798	0.000999000999000999	8886
1.3	0.006920415224913495	0.000999000999000999	9
1.3.99	0.004975124378109453	0.000999000999000999	0
1.3.7	0.07142857142857142	0.000999000999000999	9
