EC	enrich_score	p_val	where
2	0.16065377715766394	0.000999000999000999	5331
2.4	0.29581470946769606	0.000999000999000999	1743
2.4.99	0.014598540145985401	0.000999000999000999	13
2.4.1	0.21668362156663276	0.000999000999000999	1552
