EC	enrich_score	p_val	where
2	0.00039864460833167234	0.04695304695304695	35
4	0.11146161934805468	0.000999000999000999	367
2.5	0.006980802792321117	0.000999000999000999	35
4.2	0.2198952879581152	0.000999000999000999	367
2.5.1	0.007326007326007326	0.000999000999000999	35
4.2.3	0.41911764705882354	0.000999000999000999	348
