EC	enrich_score	p_val	where
4	0.0010515247108307045	0.000999000999000999	11
1	0.001028957812729678	0.000999000999000999	275
4.1	0.0035398230088495575	0.000999000999000999	11
4.1.1	0.003367003367003367	0.000999000999000999	0
