EC	enrich_score	p_val	where
1	0.4742025576951345	0.000999000999000999	7594
1.1	0.02677564825253664	0.000999000999000999	346
1.1.1	0.025121859767529058	0.000999000999000999	193
