EC	enrich_score	p_val	where
2	0.03458241977277257	0.000999000999000999	2077
2.3	0.027224705404307194	0.000999000999000999	91
2.3.1	0.0289123451124369	0.000999000999000999	91
