EC	enrich_score	p_val	where
1	0.4732470968690284	0.000999000999000999	7604
1.14	0.0033025099075297227	0.000999000999000999	16
1.1	0.02677564825253664	0.000999000999000999	540
1.14.13	0.011872146118721462	0.000999000999000999	16
1.1.1	0.0307461567304087	0.000999000999000999	379
