EC	enrich_score	p_val	where
1	0.4725121270027929	0.000999000999000999	7590
1.14	0.003742844561867019	0.000999000999000999	121
1.14.13	0.005479452054794521	0.000999000999000999	27
