EC	enrich_score	p_val	where
3	0.029780564263322883	0.000999000999000999	810
3.1	0.05157736604907361	0.000999000999000999	377
3.1.3	0.04038461538461539	0.000999000999000999	32
