EC	enrich_score	p_val	where
1	0.013082463618991621	0.000999000999000999	250
1.4	0.006802721088435374	0.000999000999000999	1
1.2	0.0009606147934678194	0.000999000999000999	5
1.1	0.0002818489289740699	0.014985014985014986	18
1.4.5	0.15384615384615385	0.000999000999000999	1
