EC	enrich_score	p_val	where
1	0.005585770983389681	0.000999000999000999	539
1.17	0.003289473684210526	0.000999000999000999	0
1.17.4	0.012987012987012988	0.000999000999000999	0
