EC	enrich_score	p_val	where
1	0.008305159488460973	0.000999000999000999	795
1.3	0.05674740484429066	0.000999000999000999	108
1.3.8	0.013605442176870748	0.000999000999000999	6
1.3.3	0.08490566037735849	0.000999000999000999	39
