EC	enrich_score	p_val	where
3	0.0004702194357366771	0.030969030969030968	2
3.5	0.003468208092485549	0.000999000999000999	2
3.5.1	0.005136986301369863	0.000999000999000999	2
