EC	enrich_score	p_val	where
2	0.0021925453458241976	0.000999000999000999	646
2.5	0.006980802792321117	0.000999000999000999	9
2.5.1	0.007326007326007326	0.000999000999000999	9
