EC	enrich_score	p_val	where
4	0.11619348054679285	0.000999000999000999	374
4.2	0.2293193717277487	0.000999000999000999	374
4.2.3	0.45588235294117646	0.000999000999000999	356
