EC	enrich_score	p_val	where
3	0.03652037617554859	0.000999000999000999	1312
3.2	0.04790419161676647	0.000999000999000999	253
3.2.1	0.043697478991596636	0.000999000999000999	253
