EC	enrich_score	p_val	where
3	0.0059561128526645765	0.000999000999000999	587
2	0.06687263304763803	0.000999000999000999	6134
2.7	0.011038635223281485	0.000999000999000999	27
2.7.1	0.020689655172413793	0.000999000999000999	23
