EC	enrich_score	p_val	where
1	0.4740555637218874	0.000999000999000999	7593
1.14	0.004183179216204315	0.000999000999000999	199
1.14.13	0.011872146118721462	0.000999000999000999	14
