EC	enrich_score	p_val	where
2	0.16454056208889775	0.000999000999000999	4782
2.4	0.2986590816741162	0.000999000999000999	1446
2.4.1	0.24211597151576805	0.000999000999000999	1032
