EC	enrich_score	p_val	where
1	0.03042775246214905	0.000999000999000999	1051
1.14	0.0488771466314399	0.000999000999000999	478
1.14.14	0.009345794392523364	0.000999000999000999	59
