EC	enrich_score	p_val	where
1	0.4744965456416287	0.000999000999000999	7605
1.14	0.0006605019815059445	0.001998001998001998	19
1.14.12	0.015267175572519083	0.000999000999000999	11
