EC	enrich_score	p_val	where
4	0.008412197686645636	0.000999000999000999	72
4.1	0.01592920353982301	0.000999000999000999	17
4.1.1	0.02356902356902357	0.000999000999000999	14
