EC	enrich_score	p_val	where
1	0.096354549463472	0.000999000999000999	2106
1.3	0.0006920415224913495	0.001998001998001998	0
1.14	0.0015411712901805372	0.000999000999000999	24
1.3.1	0.0013774104683195593	0.000999000999000999	0
