EC	enrich_score	p_val	where
1	0.47265912097603996	0.000999000999000999	7606
1.2	0.0067243035542747355	0.000999000999000999	7
1.2.1	0.009186351706036745	0.000999000999000999	7
