EC	enrich_score	p_val	where
4	0.006309148264984227	0.000999000999000999	40
1	0.03652800235190357	0.000999000999000999	4125
4.2	0.010471204188481676	0.000999000999000999	9
4.2.1	0.01824817518248175	0.000999000999000999	9
