EC	enrich_score	p_val	where
6	0.0007692307692307692	0.004995004995004995	0
3	0.0009404388714733542	0.002997002997002997	8
6.3	0.001937984496124031	0.000999000999000999	0
3.4	0.0012437810945273632	0.000999000999000999	4
6.3.4	0.013333333333333334	0.000999000999000999	0
