EC	enrich_score	p_val	where
1	0.0052182860502719385	0.000999000999000999	518
1.4	0.006802721088435374	0.000999000999000999	1
1.5	0.008746355685131196	0.000999000999000999	21
1.4.9	0.07407407407407407	0.000999000999000999	1
