EC	enrich_score	p_val	where
2	0.02541359378114411	0.000999000999000999	8661
2.7	0.01655795283492223	0.000999000999000999	226
2.7.4	0.013793103448275862	0.000999000999000999	2
