EC	enrich_score	p_val	where
1	0.47383507276201675	0.000999000999000999	7601
1.1	0.03804960541149944	0.000999000999000999	364
1.1.1	0.03562054743157105	0.000999000999000999	292
