EC	enrich_score	p_val	where
1	0.006835219755990004	0.000999000999000999	2233
