EC	enrich_score	p_val	where
2	0.16882599162846323	0.000999000999000999	3468
2.4	0.3547338480292564	0.000999000999000999	2065
2.4.2	0.004405286343612335	0.000999000999000999	0
2.4.1	0.25228891149542215	0.000999000999000999	1929
