EC	enrich_score	p_val	where
3	0.004702194357366771	0.000999000999000999	91
3.2	0.014221556886227544	0.000999000999000999	36
3.2.1	0.014285714285714285	0.000999000999000999	36
