EC	enrich_score	p_val	where
1	0.47295310892253417	0.000999000999000999	7602
1.1	0.003945885005636978	0.000999000999000999	84
1.1.1	0.0037495313085864268	0.000999000999000999	32
