EC	enrich_score	p_val	where
1	0.4744965456416287	0.000999000999000999	7652
1.3	0.006228373702422145	0.000999000999000999	9
1.1	0.013246899661781286	0.000999000999000999	932
1.3.1	0.012396694214876033	0.000999000999000999	9
