EC	enrich_score	p_val	where
1	0.019991180361605174	0.000999000999000999	2178
1.5	0.03498542274052478	0.000999000999000999	11
1.5.99	0.17391304347826086	0.000999000999000999	11
