EC	enrich_score	p_val	where
1	0.4742025576951345	0.000999000999000999	7625
1.4	0.006802721088435374	0.000999000999000999	3
1.1	0.010428410372040587	0.000999000999000999	169
1.4.1	0.03125	0.000999000999000999	3
1.1.1	0.00862392200974878	0.000999000999000999	110
