EC	enrich_score	p_val	where
1	0.0008819638394825813	0.002997002997002997	53
