EC	enrich_score	p_val	where
2	0.0014949172812437712	0.000999000999000999	172
2.5	0.0017452006980802793	0.000999000999000999	0
2.9	0.0625	0.000999000999000999	4
2.5.1	0.0018315018315018315	0.000999000999000999	0
2.9.1	0.0625	0.000999000999000999	4
