EC	enrich_score	p_val	where
1	0.47339409084227546	0.000999000999000999	7590
1.2	0.009606147934678195	0.000999000999000999	14
1.2.1	0.013123359580052493	0.000999000999000999	14
