EC	enrich_score	p_val	where
1	0.025650448331618402	0.000999000999000999	2261
1.13	0.10070257611241218	0.000999000999000999	93
1.13.11	0.07241379310344828	0.000999000999000999	61
