EC	enrich_score	p_val	where
2	0.0005979669124975084	0.013986013986013986	11
3	0.005799373040752351	0.000999000999000999	415
2.3	0.001219016659894352	0.000999000999000999	2
2.3.1	0.0009178522257916476	0.000999000999000999	1
