EC	enrich_score	p_val	where
1	0.3345582831103925	0.000999000999000999	6790
1.14	0.0019815059445178335	0.000999000999000999	32
1.14.13	0.0018264840182648401	0.000999000999000999	1
