EC	enrich_score	p_val	where
1	0.47265912097603996	0.000999000999000999	7604
1.1	0.0011273957158962795	0.000999000999000999	3
1.14	0.0019815059445178335	0.000999000999000999	195
1.1.1	0.0014998125234345708	0.000999000999000999	3
