EC	enrich_score	p_val	where
3	0.026802507836990595	0.000999000999000999	690
2	0.025313932629061193	0.000999000999000999	5215
2.4	0.0020316944331572532	0.000999000999000999	10
3.2	0.04491017964071856	0.000999000999000999	254
2.4.1	0.001017293997965412	0.000999000999000999	1
3.2.1	0.0453781512605042	0.000999000999000999	254
