EC	enrich_score	p_val	where
2	0.027905122583217062	0.000999000999000999	3229
2.3	0.00650142218610321	0.000999000999000999	56
2.3.2	0.06321839080459771	0.000999000999000999	23
