EC	enrich_score	p_val	where
2	0.164241578632649	0.000999000999000999	3772
2.4	0.46038195855343356	0.000999000999000999	2035
2.4.1	0.3967446592065107	0.000999000999000999	1644
