EC	enrich_score	p_val	where
1	0.47354108481552254	0.000999000999000999	7639
1.1	0.002818489289740699	0.000999000999000999	23
1.1.1	0.0037495313085864268	0.000999000999000999	23
