EC	enrich_score	p_val	where
1	0.4739085697486403	0.000999000999000999	7626
1.14	0.0017613386173491853	0.000999000999000999	345
1.14.13	0.0009132420091324201	0.000999000999000999	1
