EC	enrich_score	p_val	where
2	0.022722742674905323	0.000999000999000999	4410
2.1	0.0006230529595015577	0.001998001998001998	0
2.1.1	0.0006954102920723226	0.000999000999000999	0
