EC	enrich_score	p_val	where
1	0.47265912097603996	0.000999000999000999	7589
1.1	0.010428410372040587	0.000999000999000999	110
1.1.1	0.012373453318335208	0.000999000999000999	110
