EC	enrich_score	p_val	where
1	0.00036748493311774215	0.04695304695304695	66
1.7	0.004464285714285714	0.000999000999000999	51
1.7.3	0.037037037037037035	0.000999000999000999	51
