EC	enrich_score	p_val	where
2	0.0016942395854096072	0.000999000999000999	130
