EC	enrich_score	p_val	where
2	0.015148495116603548	0.000999000999000999	906
