EC	enrich_score	p_val	where
1	0.09525209466411877	0.000999000999000999	1948
1.18	0.015625	0.000999000999000999	0
1.14	0.001321003963011889	0.000999000999000999	13
1.18.1	0.021739130434782608	0.000999000999000999	0
