EC	enrich_score	p_val	where
1	0.4743495516683816	0.000999000999000999	7588
1.6	0.004761904761904762	0.000999000999000999	0
1.1	0.0002818489289740699	0.014985014985014986	69
1.6.5	0.006993006993006993	0.000999000999000999	0
