EC	enrich_score	p_val	where
1	0.000514478906364839	0.01998001998001998	30
1.3	0.004844290657439446	0.000999000999000999	30
