EC	enrich_score	p_val	where
1	0.47464353961487576	0.000999000999000999	7631
1.11	0.003389830508474576	0.000999000999000999	0
1.14	0.00044033465433729633	0.002997002997002997	8
1.11.1	0.004	0.000999000999000999	0
