EC	enrich_score	p_val	where
2	0.03268885788319713	0.000999000999000999	827
2.7	0.16056196688409433	0.000999000999000999	827
2.7.1	0.0011494252873563218	0.000999000999000999	1
2.7.2	0.018518518518518517	0.000999000999000999	5
