EC	enrich_score	p_val	where
1	0.021534617080699692	0.000999000999000999	3127
1.14	0.005724350506384853	0.000999000999000999	330
1.14.99	0.002824858757062147	0.000999000999000999	2
1.14.19	0.004008016032064128	0.000999000999000999	5
