EC	enrich_score	p_val	where
2	0.0032888180187362966	0.000999000999000999	67
3	0.0059561128526645765	0.000999000999000999	712
2.7	0.009031610637230306	0.000999000999000999	66
2.7.99	0.4	0.000999000999000999	1
2.7.4	0.006896551724137931	0.000999000999000999	21
