EC	enrich_score	p_val	where
2	0.16613514052222444	0.000999000999000999	3702
2.4	0.4729784640390085	0.000999000999000999	2044
2.4.1	0.4008138351983723	0.000999000999000999	1616
