EC	enrich_score	p_val	where
2	0.14470799282439706	0.000999000999000999	6501
2.4	0.21982933766761478	0.000999000999000999	1107
2.4.1	0.16480162767039674	0.000999000999000999	775
