EC	enrich_score	p_val	where
6	0.2784615384615385	0.000999000999000999	638
2	0.12696830775363763	0.000999000999000999	9144
6.2	0.11088295687885011	0.000999000999000999	189
6.2.1	0.10822510822510822	0.000999000999000999	189
