EC	enrich_score	p_val	where
1	0.013743936498603558	0.000999000999000999	2032
1.14	0.017613386173491855	0.000999000999000999	265
1.14.11	0.042704626334519574	0.000999000999000999	70
