EC	enrich_score	p_val	where
2	0.0005979669124975084	0.013986013986013986	12
1	0.0006614728796119359	0.01098901098901099	423
2.8	0.004424778761061947	0.000999000999000999	1
2.8.1	0.01652892561983471	0.000999000999000999	1
