EC	enrich_score	p_val	where
1	0.025944436278112597	0.000999000999000999	2953
1.13	0.1405152224824356	0.000999000999000999	85
1.13.11	0.1793103448275862	0.000999000999000999	85
