EC	enrich_score	p_val	where
2	0.07793502092884194	0.000999000999000999	4237
2.3	0.01259650548557497	0.000999000999000999	38
2.3.1	0.014226709499770536	0.000999000999000999	38
