EC	enrich_score	p_val	where
1	0.02491547846538292	0.000999000999000999	1272
1.14	0.022457067371202115	0.000999000999000999	576
1.14.14	0.012221423436376708	0.000999000999000999	42
