EC	enrich_score	p_val	where
2	0.07374925254135938	0.000999000999000999	3593
2.3	0.1982933766761479	0.000999000999000999	1104
2.3.1	0.18632400183570444	0.000999000999000999	1104
