EC	enrich_score	p_val	where
1	0.011612523886520653	0.000999000999000999	1987
1.1	0.0008455467869222097	0.000999000999000999	2
1.14	0.001321003963011889	0.000999000999000999	26
1.1.1	0.0011248593925759281	0.000999000999000999	2
