EC	enrich_score	p_val	where
6	0.004615384615384616	0.000999000999000999	11
2	0.08251943392465617	0.000999000999000999	5508
2.3	0.0004063388866314506	0.002997002997002997	0
6.3	0.011627906976744186	0.000999000999000999	11
2.3.1	0.0004589261128958238	0.013986013986013986	0
6.3.2	0.020066889632107024	0.000999000999000999	11
