EC	enrich_score	p_val	where
1	0.010657063060414524	0.000999000999000999	735
1.16	0.016666666666666666	0.000999000999000999	0
1.16.3	0.125	0.000999000999000999	0
