EC	enrich_score	p_val	where
2	0.0010962726729120988	0.000999000999000999	18
2.3	0.004469727752945957	0.000999000999000999	18
2.3.1	0.005048187241854061	0.000999000999000999	18
