EC	enrich_score	p_val	where
1	0.47457004262825225	0.000999000999000999	7602
1.1	0.006482525366403607	0.000999000999000999	184
1.1.1	0.004874390701162355	0.000999000999000999	156
