EC	enrich_score	p_val	where
1	0.47265912097603996	0.000999000999000999	7657
1.5	0.014577259475218658	0.000999000999000999	6
1.1	0.007328072153325817	0.000999000999000999	165
1.5.1	0.033783783783783786	0.000999000999000999	6
1.1.1	0.008248968878890138	0.000999000999000999	165
