EC	enrich_score	p_val	where
2	0.08202112816424158	0.000999000999000999	5431
2.3	0.05160503860219423	0.000999000999000999	240
2.3.1	0.04726938962826985	0.000999000999000999	240
