EC	enrich_score	p_val	where
3	0.013949843260188088	0.000999000999000999	168
3.2	0.051646706586826345	0.000999000999000999	168
3.2.1	0.052941176470588235	0.000999000999000999	168
