EC	enrich_score	p_val	where
6	0.03076923076923077	0.000999000999000999	123
2	0.07823400438509069	0.000999000999000999	4933
6.3	0.01744186046511628	0.000999000999000999	13
6.3.2	0.016722408026755852	0.000999000999000999	9
