EC	enrich_score	p_val	where
4	0.0010515247108307045	0.000999000999000999	6
