EC	enrich_score	p_val	where
4	0.0026288117770767614	0.000999000999000999	38
