EC	enrich_score	p_val	where
1	0.0005879758929883875	0.013986013986013986	29
5	0.13629842180774748	0.000999000999000999	326
1.15	0.2857142857142857	0.000999000999000999	1
1.13	0.00234192037470726	0.000999000999000999	14
5.1	0.14285714285714285	0.000999000999000999	326
1.15.1	0.2857142857142857	0.000999000999000999	1
1.13.11	0.0034482758620689655	0.000999000999000999	14
