EC	enrich_score	p_val	where
2	0.04514650189356189	0.000999000999000999	2996
2.7	0.14801806322127445	0.000999000999000999	709
2.7.1	0.08735632183908046	0.000999000999000999	506
