EC	enrich_score	p_val	where
1	0.005585770983389681	0.000999000999000999	1757
1.10	0.013605442176870748	0.000999000999000999	2
1.10.99	0.16666666666666666	0.000999000999000999	2
