EC	enrich_score	p_val	where
1	0.020138174334852273	0.000999000999000999	1851
1.14	0.00022016732716864817	0.014985014985014986	1
1.11	0.013559322033898305	0.000999000999000999	7
1.14.99	0.002824858757062147	0.000999000999000999	1
1.11.1	0.016	0.000999000999000999	7
