EC	enrich_score	p_val	where
3	0.01206896551724138	0.000999000999000999	192
3.2	0.04266467065868264	0.000999000999000999	192
3.2.1	0.041176470588235294	0.000999000999000999	192
