EC	enrich_score	p_val	where
6	0.03307692307692308	0.000999000999000999	115
2	0.10055810245166434	0.000999000999000999	5849
6.2	0.01642710472279261	0.000999000999000999	52
6.2.1	0.010822510822510822	0.000999000999000999	25
