EC	enrich_score	p_val	where
1	0.013376451565485815	0.000999000999000999	721
1.14	0.012329370321444297	0.000999000999000999	121
1.14.11	0.060498220640569395	0.000999000999000999	52
