EC	enrich_score	p_val	where
2	0.12806458042654972	0.000999000999000999	2060
2.3	0.4583502641202763	0.000999000999000999	2028
2.3.1	0.43322625057365766	0.000999000999000999	2028
