EC	enrich_score	p_val	where
3	0.003761755485893417	0.000999000999000999	128
2	0.020629858481164044	0.000999000999000999	2360
3.2	0.016467065868263474	0.000999000999000999	128
3.2.1	0.018487394957983194	0.000999000999000999	128
