EC	enrich_score	p_val	where
2	0.17221447079928243	0.000999000999000999	3506
2.4	0.5014221861032101	0.000999000999000999	1977
2.4.1	0.43845371312309256	0.000999000999000999	1977
