EC	enrich_score	p_val	where
3	0.027115987460815047	0.000999000999000999	957
3.1	0.013019529293940912	0.000999000999000999	230
3.1.1	0.006631299734748011	0.000999000999000999	4
