EC	enrich_score	p_val	where
2	0.03687462627067969	0.000999000999000999	8113
2.7	0.10185649774209735	0.000999000999000999	540
2.7.1	0.059770114942528735	0.000999000999000999	142
