EC	enrich_score	p_val	where
1	0.0072027046891077464	0.000999000999000999	621
1.3	0.05467128027681661	0.000999000999000999	109
1.3.8	0.027210884353741496	0.000999000999000999	3
