EC	enrich_score	p_val	where
1	0.021387623107452593	0.000999000999000999	1825
1.2	0.002881844380403458	0.000999000999000999	4
1.2.4	0.01694915254237288	0.000999000999000999	1
1.2.3	0.018867924528301886	0.000999000999000999	4
