EC	enrich_score	p_val	where
6	0.003076923076923077	0.000999000999000999	3
2	0.06418178194139924	0.000999000999000999	4078
6.3	0.007751937984496124	0.000999000999000999	3
6.3.2	0.013377926421404682	0.000999000999000999	3
