EC	enrich_score	p_val	where
2	0.11979270480366754	0.000999000999000999	2054
2.3	0.4327509142624949	0.000999000999000999	1680
2.3.1|2	0.01818181818181818	0.000999000999000999	0
2.3.1	0.40798531436438734	0.000999000999000999	1680
