EC	enrich_score	p_val	where
1	0.005659267970013229	0.000999000999000999	140
1.8	0.0029498525073746312	0.000999000999000999	0
1.1	0.0005636978579481398	0.002997002997002997	3
1.8.5	0.025	0.000999000999000999	0
1.1.5	0.009523809523809525	0.000999000999000999	2
