EC	enrich_score	p_val	where
2	0.07673908710384691	0.000999000999000999	4704
2.3	0.04672897196261682	0.000999000999000999	255
2.3.1	0.041762276273519965	0.000999000999000999	255
