EC	enrich_score	p_val	where
3	0.021630094043887146	0.000999000999000999	691
3.2	0.0007485029940119761	0.001998001998001998	4
3.1	0.015523284927391086	0.000999000999000999	265
3.1.4|3	0.25	0.000999000999000999	0
3.2.1	0.0008403361344537816	0.000999000999000999	4
