EC	enrich_score	p_val	where
1	0.4743495516683816	0.000999000999000999	7621
1.3	0.0006920415224913495	0.001998001998001998	0
1.1	0.0014092446448703494	0.000999000999000999	9
1.3.1	0.0013774104683195593	0.000999000999000999	0
1.1.1	0.0018747656542932134	0.000999000999000999	9
