EC	enrich_score	p_val	where
2	0.12706796890572056	0.000999000999000999	1547
2.1	0.708411214953271	0.000999000999000999	1331
2.1.1	0.7280945757997218	0.000999000999000999	1331
