EC	enrich_score	p_val	where
1	0.03586652947229164	0.000999000999000999	3883
1.1	0.002536640360766629	0.000999000999000999	8
1.1.99	0.02880658436213992	0.000999000999000999	8
