EC	enrich_score	p_val	where
2	0.11809846521825793	0.000999000999000999	2058
2.3	0.44900446972775293	0.000999000999000999	1855
2.3.1	0.42358880220284534	0.000999000999000999	1855
