EC	enrich_score	p_val	where
1	0.47398206673526383	0.000999000999000999	7595
1.1	0.010710259301014656	0.000999000999000999	116
1.1.1	0.011998500187476566	0.000999000999000999	116
