EC	enrich_score	p_val	where
2	0.09687063982459637	0.000999000999000999	2704
2.3	0.3088175538399025	0.000999000999000999	1474
2.3.1	0.289123451124369	0.000999000999000999	1474
