EC	enrich_score	p_val	where
1	0.4743495516683816	0.000999000999000999	7594
1.14	0.002201673271686482	0.000999000999000999	31
1.14.12	0.07633587786259542	0.000999000999000999	31
