EC	enrich_score	p_val	where
6	0.0007692307692307692	0.004995004995004995	0
2	0.12766593581821806	0.000999000999000999	6028
6.5	0.02857142857142857	0.000999000999000999	0
2.7	0.04264927245358756	0.000999000999000999	214
6.5.1	0.02857142857142857	0.000999000999000999	0
2.7.7	0.03614457831325301	0.000999000999000999	73
