EC	enrich_score	p_val	where
4	0.003680336487907466	0.000999000999000999	7
4.1	0.012389380530973451	0.000999000999000999	7
4.1.3	0.10869565217391304	0.000999000999000999	7
