EC	enrich_score	p_val	where
2	0.10175403627665935	0.000999000999000999	4785
2.7	0.007024586051179127	0.000999000999000999	17
2.7.8	0.04242424242424243	0.000999000999000999	17
