EC	enrich_score	p_val	where
1	0.4743495516683816	0.000999000999000999	7627
1.13	0.00234192037470726	0.000999000999000999	0
1.14	0.0055041831792162045	0.000999000999000999	321
1.13.12	0.010638297872340425	0.000999000999000999	0
