EC	enrich_score	p_val	where
1	0.4708216963104513	0.000999000999000999	7549
1.1	0.013528748590755355	0.000999000999000999	497
1.1.1	0.010498687664041995	0.000999000999000999	417
