EC	enrich_score	p_val	where
3	0.004545454545454545	0.000999000999000999	94
3.4	0.008706467661691543	0.000999000999000999	12
3.4.11	0.006756756756756757	0.000999000999000999	0
3.4.13	0.03225806451612903	0.000999000999000999	9
