EC	enrich_score	p_val	where
1	0.4736880787887697	0.000999000999000999	7602
1.14	0.005063848524878908	0.000999000999000999	170
1.14.13	0.00821917808219178	0.000999000999000999	53
