EC	enrich_score	p_val	where
1	0.0008084668528590327	0.003996003996003996	26
1.13	0.00234192037470726	0.000999000999000999	1
1.5	0.011661807580174927	0.000999000999000999	18
1.13.12	0.010638297872340425	0.000999000999000999	1
