EC	enrich_score	p_val	where
1	0.014699397324709687	0.000999000999000999	590
1.14	0.016952884191985908	0.000999000999000999	214
1.14.-	0.047619047619047616	0.000999000999000999	5
