EC	enrich_score	p_val	where
4	0.0005257623554153522	0.01998001998001998	2
5	0.10473457675753228	0.000999000999000999	373
4.2	0.0010471204188481676	0.000999000999000999	2
5.1	0.015873015873015872	0.000999000999000999	373
4.2.1	0.0018248175182481751	0.000999000999000999	2
