EC	enrich_score	p_val	where
5	0.0028694404591104736	0.000999000999000999	1
1	0.03006026752903131	0.000999000999000999	1420
5.5	0.01904761904761905	0.000999000999000999	1
1.14	0.009247027741083224	0.000999000999000999	319
5.5.1	0.0196078431372549	0.000999000999000999	1
