EC	enrich_score	p_val	where
2	0.05590990631851704	0.000999000999000999	5270
2.7	0.09182137481184144	0.000999000999000999	522
2.7.2	0.018518518518518517	0.000999000999000999	0
2.7.1	0.013793103448275862	0.000999000999000999	395
