EC	enrich_score	p_val	where
2	0.04145903926649392	0.000999000999000999	1815
2.7	0.17109884596086303	0.000999000999000999	1773
2.7.1	0.034482758620689655	0.000999000999000999	759
