EC	enrich_score	p_val	where
4	0.0005257623554153522	0.01998001998001998	0
2	0.05670719553518039	0.000999000999000999	4200
4.2	0.0010471204188481676	0.000999000999000999	0
4.2.2	0.020833333333333332	0.000999000999000999	0
