EC	enrich_score	p_val	where
1	0.012861972659120976	0.000999000999000999	1459
1.1	0.0062006764374295375	0.000999000999000999	24
1.1.99	0.06584362139917696	0.000999000999000999	24
