EC	enrich_score	p_val	where
1	0.4727326179626635	0.000999000999000999	7563
1.3	0.06089965397923876	0.000999000999000999	181
1.3.1	0.11570247933884298	0.000999000999000999	181
