EC	enrich_score	p_val	where
6	0.14384615384615385	0.000999000999000999	466
2	0.08949571457046043	0.000999000999000999	7228
6.3	0.11434108527131782	0.000999000999000999	79
6.3.2	0.10702341137123746	0.000999000999000999	62
