EC	enrich_score	p_val	where
1	0.029766279582537115	0.000999000999000999	3503
1.11	0.003389830508474576	0.000999000999000999	1
1.13	0.00468384074941452	0.000999000999000999	5
1.11	1.0	0.000999000999000999	1
1.13.11	0.006896551724137931	0.000999000999000999	5
