EC	enrich_score	p_val	where
2	0.15796292605142515	0.000999000999000999	3806
2.4	0.2336448598130841	0.000999000999000999	1730
2.4.2	0.004405286343612335	0.000999000999000999	0
2.4.1	0.12512716174974567	0.000999000999000999	1531
