EC	enrich_score	p_val	where
2	0.0015945784333266893	0.000999000999000999	18
2.5	0.027923211169284468	0.000999000999000999	18
2.5.1	0.02564102564102564	0.000999000999000999	18
