EC	enrich_score	p_val	where
3	0.008463949843260187	0.000999000999000999	125
2	0.012058999402033088	0.000999000999000999	1569
3.2	0.038922155688622756	0.000999000999000999	125
3.2.1	0.043697478991596636	0.000999000999000999	125
