EC	enrich_score	p_val	where
2	0.0038867849312338052	0.000999000999000999	195
2.3	0.0016253555465258025	0.000999000999000999	4
2.5	0.0034904013961605585	0.000999000999000999	10
2.3.1	0.0018357044515832951	0.000999000999000999	4
2.5.1	0.003663003663003663	0.000999000999000999	10
