EC	enrich_score	p_val	where
2	0.0931831771975284	0.000999000999000999	5628
2.5	0.0017452006980802793	0.000999000999000999	1
2.1	0.006230529595015576	0.000999000999000999	21
2.5.1	0.0018315018315018315	0.000999000999000999	1
2.1.1	0.006954102920723227	0.000999000999000999	21
