EC	enrich_score	p_val	where
2	0.004684074147897149	0.000999000999000999	156
2.1	0.017445482866043614	0.000999000999000999	30
2.1.1	0.019471488178025034	0.000999000999000999	30
