EC	enrich_score	p_val	where
1	0.47383507276201675	0.000999000999000999	7634
1.1	0.04763246899661781	0.000999000999000999	311
1.1.1	0.05736782902137233	0.000999000999000999	311
