EC	enrich_score	p_val	where
2	0.0016942395854096072	0.000999000999000999	19
2.5	0.02268760907504363	0.000999000999000999	19
2.5.1	0.023809523809523808	0.000999000999000999	19
