EC	enrich_score	p_val	where
1	0.0011024547993532265	0.000999000999000999	128
1.5	0.023323615160349854	0.000999000999000999	9
1.5.99	0.043478260869565216	0.000999000999000999	2
