EC	enrich_score	p_val	where
6	0.002307692307692308	0.000999000999000999	7
2	0.005282041060394658	0.000999000999000999	938
6.1	0.0049261083743842365	0.000999000999000999	0
6.2	0.002053388090349076	0.000999000999000999	7
2.8	0.01991150442477876	0.000999000999000999	54
6.1.2	0.16666666666666666	0.000999000999000999	0
6.2.1	0.0021645021645021645	0.000999000999000999	7
