EC	enrich_score	p_val	where
1	0.4740555637218874	0.000999000999000999	7589
1.3	0.001384083044982699	0.000999000999000999	1
1.1	0.005918827508455468	0.000999000999000999	29
1.3.1	0.0027548209366391185	0.000999000999000999	1
1.1.1	0.007874015748031496	0.000999000999000999	29
