EC	enrich_score	p_val	where
2	0.009069164839545545	0.000999000999000999	989
2.7	0.0035122930255895636	0.000999000999000999	7
2.7.8	0.021212121212121213	0.000999000999000999	7
