EC	enrich_score	p_val	where
2	0.05441498903727327	0.000999000999000999	7160
2.7	0.007024586051179127	0.000999000999000999	268
2.7.1	0.0022988505747126436	0.000999000999000999	1
