EC	enrich_score	p_val	where
2	0.0021925453458241976	0.000999000999000999	24
2.6	0.05432098765432099	0.000999000999000999	24
2.6.1	0.058981233243967826	0.000999000999000999	24
