EC	enrich_score	p_val	where
1	0.4740555637218874	0.000999000999000999	7573
1.1	0.05665163472378805	0.000999000999000999	626
1.1.1	0.07161604799400074	0.000999000999000999	626
