EC	enrich_score	p_val	where
1	0.47398206673526383	0.000999000999000999	7595
1.1	0.037485907553551294	0.000999000999000999	211
1.1.1	0.047619047619047616	0.000999000999000999	211
