EC	enrich_score	p_val	where
2	0.0035878014749850507	0.000999000999000999	45
1	0.0005879758929883875	0.013986013986013986	1017
2.5	0.06282722513089005	0.000999000999000999	45
2.5.1	0.040293040293040296	0.000999000999000999	45
