EC	enrich_score	p_val	where
3	0.008934169278996866	0.000999000999000999	101
3.5	0.04393063583815029	0.000999000999000999	59
3.5.1	0.0547945205479452	0.000999000999000999	59
