EC	enrich_score	p_val	where
4	0.0031545741324921135	0.000999000999000999	8
1	0.009628105247684845	0.000999000999000999	3859
4.2	0.0020942408376963353	0.000999000999000999	1
4.2.1	0.0036496350364963502	0.000999000999000999	1
