EC	enrich_score	p_val	where
2	0.16772971895555114	0.000999000999000999	4281
2.4	0.45550589191385615	0.000999000999000999	1911
2.4.1|2	0.008620689655172414	0.000999000999000999	1
2.4.1	0.38708036622583925	0.000999000999000999	1877
