EC	enrich_score	p_val	where
2	0.12487542355989635	0.000999000999000999	1530
2.1	0.7133956386292835	0.000999000999000999	1352
2.1.1	0.7322670375521557	0.000999000999000999	1352
