EC	enrich_score	p_val	where
1	0.0008819638394825813	0.002997002997002997	56
1.14	0.0006605019815059445	0.001998001998001998	2
1.14.14	0.002156721782890007	0.000999000999000999	2
