EC	enrich_score	p_val	where
6	0.0038461538461538464	0.000999000999000999	16
2	0.04604345226230815	0.000999000999000999	8362
6.1	0.0049261083743842365	0.000999000999000999	0
2.7	0.017059708981435023	0.000999000999000999	161
6.1.1	0.0053475935828877	0.000999000999000999	0
2.7.7	0.045180722891566265	0.000999000999000999	97
