EC	enrich_score	p_val	where
1	0.005438777010142584	0.000999000999000999	3088
1.14	0.0008806693086745927	0.000999000999000999	3
1.14.18	0.03076923076923077	0.000999000999000999	3
