EC	enrich_score	p_val	where
1	0.0005879758929883875	0.013986013986013986	12
5	0.1449067431850789	0.000999000999000999	309
1.9	0.045454545454545456	0.000999000999000999	2
1.7	0.004464285714285714	0.000999000999000999	4
5.1	0.1746031746031746	0.000999000999000999	309
1.9.6	0.125	0.000999000999000999	2
1.7.99	0.03225806451612903	0.000999000999000999	4
