EC	enrich_score	p_val	where
3	0.005172413793103448	0.000999000999000999	76
3.2	0.0074850299401197605	0.000999000999000999	27
3.2.2	0.07633587786259542	0.000999000999000999	27
