EC	enrich_score	p_val	where
4	0.0005257623554153522	0.01998001998001998	4
1	0.000514478906364839	0.01998001998001998	27
5	0.12625538020086083	0.000999000999000999	324
4.99	0.02040816326530612	0.000999000999000999	4
1.11	0.006779661016949152	0.000999000999000999	7
5.1	0.10582010582010581	0.000999000999000999	324
1.11.2	0.027777777777777776	0.000999000999000999	0
4.99.1	0.020833333333333332	0.000999000999000999	4
