EC	enrich_score	p_val	where
1	0.4740555637218874	0.000999000999000999	7570
1.3	0.0020761245674740486	0.000999000999000999	2
1.1	0.005073280721533258	0.000999000999000999	108
1.3.1	0.004132231404958678	0.000999000999000999	2
1.1.1	0.0044994375703037125	0.000999000999000999	84
