EC	enrich_score	p_val	where
1	0.4744965456416287	0.000999000999000999	7597
1.8	0.0029498525073746312	0.000999000999000999	5
1.3	0.001384083044982699	0.000999000999000999	15
1.14	0.00044033465433729633	0.002997002997002997	42
1.8.1	0.009523809523809525	0.000999000999000999	5
1.3.1	0.0013774104683195593	0.000999000999000999	8
