EC	enrich_score	p_val	where
6	0.04923076923076923	0.000999000999000999	144
2	0.05740482359976081	0.000999000999000999	7409
6.3	0.03875968992248062	0.000999000999000999	45
2.7	0.008529854490717512	0.000999000999000999	2160
6.3.2	0.023411371237458192	0.000999000999000999	12
