EC	enrich_score	p_val	where
1	0.4739085697486403	0.000999000999000999	7596
1.1	0.036922209695603156	0.000999000999000999	211
1.1.1	0.047619047619047616	0.000999000999000999	211
