EC	enrich_score	p_val	where
6	0.036923076923076927	0.000999000999000999	53
2	0.093681482957943	0.000999000999000999	5923
6.2	0.09856262833675565	0.000999000999000999	53
2.3	0.012190166598943519	0.000999000999000999	305
6.2.1	0.1038961038961039	0.000999000999000999	53
2.3.1	0.0036714089031665903	0.000999000999000999	305
