EC	enrich_score	p_val	where
3	0.04780564263322884	0.000999000999000999	1548
3.2	0.08982035928143713	0.000999000999000999	407
3.2.1	0.09327731092436975	0.000999000999000999	397
