EC	enrich_score	p_val	where
1	0.013082463618991621	0.000999000999000999	2753
1.14	0.001321003963011889	0.000999000999000999	13
1.14.14	0.0014378145219266715	0.000999000999000999	1
