EC	enrich_score	p_val	where
1	0.47457004262825225	0.000999000999000999	7596
1.3	0.001384083044982699	0.000999000999000999	3
1.1	0.015783540022547914	0.000999000999000999	160
1.3.1	0.0027548209366391185	0.000999000999000999	3
1.1.1	0.01124859392575928	0.000999000999000999	148
