EC	enrich_score	p_val	where
2	0.01704205700617899	0.000999000999000999	406
2.8	0.33849557522123896	0.000999000999000999	206
2.8.2	0.7354497354497355	0.000999000999000999	206
