EC	enrich_score	p_val	where
1	0.47339409084227546	0.000999000999000999	7575
1.14	0.0030823425803610744	0.000999000999000999	14
1.1	0.004227733934611048	0.000999000999000999	1432
1.14.13	0.010958904109589041	0.000999000999000999	12
