EC	enrich_score	p_val	where
2	0.01086306557703807	0.000999000999000999	537
2.3	0.010971149939049168	0.000999000999000999	38
2.3.1	0.012391005048187242	0.000999000999000999	38
