EC	enrich_score	p_val	where
5	0.007173601147776184	0.000999000999000999	4
1	0.01594884609731001	0.000999000999000999	3501
5.3	0.023809523809523808	0.000999000999000999	4
5.3.3	0.012987012987012988	0.000999000999000999	0
5.3.2	0.058823529411764705	0.000999000999000999	4
