EC	enrich_score	p_val	where
2	0.11680287024117998	0.000999000999000999	2195
2.3	0.4290938642828119	0.000999000999000999	1691
2.3.1	0.40293712712253327	0.000999000999000999	1691
