EC	enrich_score	p_val	where
1	0.47346758782889903	0.000999000999000999	7607
1.1	0.0233934611048478	0.000999000999000999	218
1.1.1	0.026246719160104987	0.000999000999000999	185
