EC	enrich_score	p_val	where
1	0.4744230486550051	0.000999000999000999	7579
1.1	0.03664036076662908	0.000999000999000999	289
1.1.1	0.046494188226471694	0.000999000999000999	289
