EC	enrich_score	p_val	where
1	0.47398206673526383	0.000999000999000999	7618
1.14	0.0028621752531924264	0.000999000999000999	322
1.14.13	0.006392694063926941	0.000999000999000999	7
