EC	enrich_score	p_val	where
4	0.0031545741324921135	0.000999000999000999	14
4.3	0.008695652173913044	0.000999000999000999	3
4.2	0.0020942408376963353	0.000999000999000999	14
4.2.2	0.020833333333333332	0.000999000999000999	1
4.3.1	0.014705882352941176	0.000999000999000999	3
