EC	enrich_score	p_val	where
3	0.006896551724137931	0.000999000999000999	141
3.4	0.03482587064676617	0.000999000999000999	78
3.4.19	0.24242424242424243	0.000999000999000999	23
