EC	enrich_score	p_val	where
1	0.47185065412318095	0.000999000999000999	7623
1.1	0.017192784667418262	0.000999000999000999	126
1.1.1	0.021372328458942633	0.000999000999000999	126
