EC	enrich_score	p_val	where
1	0.012714978685873879	0.000999000999000999	219
1.8	0.0058997050147492625	0.000999000999000999	1
1.1	0.0005636978579481398	0.002997002997002997	6
1.8.5	0.05	0.000999000999000999	1
1.1.5	0.01904761904761905	0.000999000999000999	6
