EC	enrich_score	p_val	where
2	0.08740283037671916	0.000999000999000999	1142
2.1	0.4604361370716511	0.000999000999000999	1027
2.1.1	0.4666203059805285	0.000999000999000999	1027
