EC	enrich_score	p_val	where
2	0.07972892166633447	0.000999000999000999	4919
2.1	0.0024922118380062306	0.000999000999000999	7
2.1.1	0.0027816411682892906	0.000999000999000999	7
