EC	enrich_score	p_val	where
2	0.013753238987442695	0.000999000999000999	3183
2.3	0.002438033319788704	0.000999000999000999	12
2.3.1	0.0018357044515832951	0.000999000999000999	12
