EC	enrich_score	p_val	where
2	0.047937014151883596	0.000999000999000999	8216
2.7	0.11189162067235324	0.000999000999000999	525
2.7.1	0.07471264367816093	0.000999000999000999	146
