EC	enrich_score	p_val	where
6	0.0007692307692307692	0.004995004995004995	11
2	0.07105840143512059	0.000999000999000999	9031
2.5	0.0017452006980802793	0.000999000999000999	3
2.7	0.013547415955845458	0.000999000999000999	170
2.5.1	0.0018315018315018315	0.000999000999000999	3
2.7.7	0.05421686746987952	0.000999000999000999	69
