EC	enrich_score	p_val	where
1	0.008525650448331618	0.000999000999000999	1669
1.13	0.04215456674473068	0.000999000999000999	34
1.13.11	0.06206896551724138	0.000999000999000999	34
