EC	enrich_score	p_val	where
1	0.47302660590915774	0.000999000999000999	7595
1.3	0.01453287197231834	0.000999000999000999	49
1.3.1|1	0.07142857142857142	0.000999000999000999	0
1.3.1	0.024793388429752067	0.000999000999000999	27
