EC	enrich_score	p_val	where
1	0.013449948552109363	0.000999000999000999	2335
1.3	0.0006920415224913495	0.001998001998001998	14
1.1	0.0002818489289740699	0.014985014985014986	28
1.3.3	0.009433962264150943	0.000999000999000999	14
1.1.99	0.00411522633744856	0.000999000999000999	28
