EC	enrich_score	p_val	where
2	0.12686864660155472	0.000999000999000999	1562
2.1	0.7115264797507788	0.000999000999000999	1336
2.1.1	0.7315716272600834	0.000999000999000999	1336
