EC	enrich_score	p_val	where
4	0.09989484752891693	0.000999000999000999	395
4.2	0.1968586387434555	0.000999000999000999	395
4.2.3|4	0.018518518518518517	0.000999000999000999	0
4.2.3	0.3161764705882353	0.000999000999000999	302
