EC	enrich_score	p_val	where
3	0.020219435736677116	0.000999000999000999	595
3.1	0.04306459689534301	0.000999000999000999	333
3.1.1	0.04907161803713528	0.000999000999000999	88
