EC	enrich_score	p_val	where
5	0.0014347202295552368	0.000999000999000999	4
5.5	0.009523809523809525	0.000999000999000999	4
5.5.1	0.00980392156862745	0.000999000999000999	4
