EC	enrich_score	p_val	where
2	0.07913095475383695	0.000999000999000999	3021
2.3	0.15847216578626575	0.000999000999000999	1437
2.3.1	0.13767783386874713	0.000999000999000999	1437
