EC	enrich_score	p_val	where
1	0.17418785829780978	0.000999000999000999	3400
1.2	0.09990393852065321	0.000999000999000999	158
1.2.1	0.13648293963254593	0.000999000999000999	158
