EC	enrich_score	p_val	where
2	0.0004983057604145904	0.01998001998001998	15
1	0.026458915184477436	0.000999000999000999	1090
2.1	0.001869158878504673	0.000999000999000999	11
1.14	0.031704095112285335	0.000999000999000999	506
2.1.1	0.002086230876216968	0.000999000999000999	11
