EC	enrich_score	p_val	where
2	0.17161650388678493	0.000999000999000999	3620
2.4	0.4961397805770012	0.000999000999000999	2270
2.4.1	0.4252288911495422	0.000999000999000999	1911
