EC	enrich_score	p_val	where
2	0.11899541558700419	0.000999000999000999	1899
2.3	0.452661519707436	0.000999000999000999	1668
2.3.1	0.42955484167049107	0.000999000999000999	1668
