EC	enrich_score	p_val	where
2	0.0007972892166633447	0.003996003996003996	8
2.3	0.003250711093051605	0.000999000999000999	8
2.3.1	0.0036714089031665903	0.000999000999000999	8
