EC	enrich_score	p_val	where
1	0.16492723798324269	0.000999000999000999	3218
1.2	0.09990393852065321	0.000999000999000999	171
1.2.1	0.13648293963254593	0.000999000999000999	171
