EC	enrich_score	p_val	where
2	0.14859477775563085	0.000999000999000999	7327
2.4	0.2287687931735067	0.000999000999000999	1276
2.4.1	0.18209562563580875	0.000999000999000999	737
