EC	enrich_score	p_val	where
1	0.008084668528590327	0.000999000999000999	397
1.17	0.006578947368421052	0.000999000999000999	1
1.17.2	0.15384615384615385	0.000999000999000999	1
