EC	enrich_score	p_val	where
3	0.008307210031347963	0.000999000999000999	79
1	0.022637071880052918	0.000999000999000999	1803
3.2	0.004491017964071856	0.000999000999000999	17
3.4	0.036069651741293535	0.000999000999000999	56
3.2.1	0.005042016806722689	0.000999000999000999	17
3.4.21	0.08870967741935484	0.000999000999000999	56
