EC	enrich_score	p_val	where
1	0.0004409819197412906	0.030969030969030968	6
1.2	0.004803073967339097	0.000999000999000999	5
1.2.7	0.03333333333333333	0.000999000999000999	1
