EC	enrich_score	p_val	where
2	0.045744468806059396	0.000999000999000999	8122
2.7	0.0863020572002007	0.000999000999000999	495
2.7.1	0.03333333333333333	0.000999000999000999	60
