EC	enrich_score	p_val	where
2	0.12537372932031093	0.000999000999000999	1477
2.1	0.7096573208722742	0.000999000999000999	1316
2.1.1	0.7294853963838664	0.000999000999000999	1316
