EC	enrich_score	p_val	where
3	0.0004702194357366771	0.030969030969030968	2
2	0.09118995415587004	0.000999000999000999	2653
3.1	0.0015022533800701052	0.000999000999000999	2
2.3	0.2754977651361235	0.000999000999000999	1332
3.1.2|3	0.12	0.000999000999000999	2
2.3.1	0.2533272143184947	0.000999000999000999	1332
