EC	enrich_score	p_val	where
4	0.0031545741324921135	0.000999000999000999	8
4.2	0.004188481675392671	0.000999000999000999	8
4.2.1	0.0072992700729927005	0.000999000999000999	8
