EC	enrich_score	p_val	where
1	0.024474496545641627	0.000999000999000999	2084
1.5	0.029154518950437316	0.000999000999000999	10
1.5.99	0.14492753623188406	0.000999000999000999	10
