EC	enrich_score	p_val	where
2	0.001295594977077935	0.000999000999000999	27
3	0.003605015673981191	0.000999000999000999	229
2.3	0.005282405526208858	0.000999000999000999	27
2.3.1	0.005966039467645709	0.000999000999000999	27
