EC	enrich_score	p_val	where
1	0.0072027046891077464	0.000999000999000999	813
1.3	0.056055363321799306	0.000999000999000999	107
1.3.99	0.014925373134328358	0.000999000999000999	3
1.3.8	0.006802721088435374	0.000999000999000999	22
