EC	enrich_score	p_val	where
2	0.12308152282240382	0.000999000999000999	1854
2.3	0.46281999187322226	0.000999000999000999	1748
2.3.1	0.440110142267095	0.000999000999000999	1748
