EC	enrich_score	p_val	where
1	0.4744965456416287	0.000999000999000999	7599
1.1	0.005636978579481398	0.000999000999000999	96
1.1.1	0.0011248593925759281	0.000999000999000999	95
