EC	enrich_score	p_val	where
1	0.030207261502278406	0.000999000999000999	2048
1.14	0.04535446939674152	0.000999000999000999	515
1.14.14	0.007907979870596693	0.000999000999000999	37
