EC	enrich_score	p_val	where
4	0.0005257623554153522	0.01998001998001998	6
1	0.0016169337057180655	0.000999000999000999	123
1.1	0.0005636978579481398	0.002997002997002997	1
1.1.2	0.03076923076923077	0.000999000999000999	1
