EC	enrich_score	p_val	where
2	0.16384293402431732	0.000999000999000999	4641
2.4	0.3388866314506298	0.000999000999000999	1868
2.4.1|2	0.008620689655172414	0.000999000999000999	1
2.4.1	0.2609359104781282	0.000999000999000999	1598
