EC	enrich_score	p_val	where
1	0.4714831691900632	0.000999000999000999	7580
1.1	0.016347237880496055	0.000999000999000999	361
1.1.1	0.014623172103487065	0.000999000999000999	242
