EC	enrich_score	p_val	where
3	0.0040752351097178684	0.000999000999000999	156
3.1	0.00801201802704056	0.000999000999000999	156
3.1.1	0.003978779840848806	0.000999000999000999	3
