EC	enrich_score	p_val	where
4	0.01840168243953733	0.000999000999000999	122
4.2	0.03664921465968586	0.000999000999000999	122
4.2.3	0.09558823529411764	0.000999000999000999	115
