EC	enrich_score	p_val	where
1	0.02814934587681905	0.000999000999000999	2513
1.14	0.0048436811977102595	0.000999000999000999	68
1.14.15	0.006802721088435374	0.000999000999000999	9
