EC	enrich_score	p_val	where
1	0.03160370424812583	0.000999000999000999	3495
1.14	0.0028621752531924264	0.000999000999000999	17
1.14.15	0.006802721088435374	0.000999000999000999	3
