EC	enrich_score	p_val	where
1	0.47339409084227546	0.000999000999000999	7604
1.1	0.0693348365276212	0.000999000999000999	970
1.1.1	0.07874015748031496	0.000999000999000999	918
