EC	enrich_score	p_val	where
1	0.026164927237983242	0.000999000999000999	3343
