EC	enrich_score	p_val	where
3	0.0007836990595611285	0.004995004995004995	5
5	0.14203730272596843	0.000999000999000999	313
3.8	0.06329113924050633	0.000999000999000999	5
5.1	0.15343915343915343	0.000999000999000999	313
3.8.1	0.06493506493506493	0.000999000999000999	5
