EC	enrich_score	p_val	where
2	0.1598564879410006	0.000999000999000999	6051
2.4	0.2600568874441284	0.000999000999000999	1334
2.4.1	0.19735503560528994	0.000999000999000999	846
