EC	enrich_score	p_val	where
3	0.06175548589341693	0.000999000999000999	936
3.4	0.17786069651741293	0.000999000999000999	218
3.4.11	0.006756756756756757	0.000999000999000999	1
