EC	enrich_score	p_val	where
2	0.17131752043053616	0.000999000999000999	3572
2.4	0.5172694026818366	0.000999000999000999	2046
2.4.1	0.44608341810783314	0.000999000999000999	1959
