EC	enrich_score	p_val	where
5	0.011477761836441894	0.000999000999000999	15
1	0.02623842422460679	0.000999000999000999	2202
5.5	0.06666666666666667	0.000999000999000999	14
5.5.1	0.06862745098039216	0.000999000999000999	14
