EC	enrich_score	p_val	where
2	0.10574048235997609	0.000999000999000999	4571
2.4	0.0930516050386022	0.000999000999000999	736
2.4.1	0.04018311291963377	0.000999000999000999	269
