EC	enrich_score	p_val	where
6	0.031538461538461536	0.000999000999000999	74
2	0.04046242774566474	0.000999000999000999	1627
6.3	0.06395348837209303	0.000999000999000999	66
2.7	0.16758655293527347	0.000999000999000999	1627
6.3.2	0.056856187290969896	0.000999000999000999	26
2.7.1	0.0367816091954023	0.000999000999000999	738
