EC	enrich_score	p_val	where
1	0.47346758782889903	0.000999000999000999	7607
1.1	0.0005636978579481398	0.002997002997002997	7
1.14	0.0024218405988551297	0.000999000999000999	49
1.14.13|1	0.02857142857142857	0.000999000999000999	3
1.1.1	0.0007499062617172854	0.000999000999000999	7
