EC	enrich_score	p_val	where
2	0.004584412995814232	0.000999000999000999	59
2.5	0.08027923211169284	0.000999000999000999	59
2.5.1	0.05860805860805861	0.000999000999000999	59
