EC	enrich_score	p_val	where
5	0.0014347202295552368	0.000999000999000999	2
2	0.0006976280645804266	0.007992007992007992	15
5.4	0.006756756756756757	0.000999000999000999	2
2.7	0.002508780732563974	0.000999000999000999	15
5.4.2	0.045454545454545456	0.000999000999000999	2
2.7.3	0.10714285714285714	0.000999000999000999	13
