EC	enrich_score	p_val	where
1	0.4742025576951345	0.000999000999000999	7590
1.3	0.0034602076124567475	0.000999000999000999	5
1.1	0.0011273957158962795	0.000999000999000999	86
1.3.1	0.006887052341597796	0.000999000999000999	5
