EC	enrich_score	p_val	where
2	0.093681482957943	0.000999000999000999	7040
2.7	0.1435022579026593	0.000999000999000999	615
2.7.1	0.19080459770114944	0.000999000999000999	280
