EC	enrich_score	p_val	where
3	0.014106583072100314	0.000999000999000999	384
3.2	0.04940119760479042	0.000999000999000999	160
3.2.1	0.04957983193277311	0.000999000999000999	155
