EC	enrich_score	p_val	where
1	0.0019109216522122593	0.000999000999000999	29
2	0.11461032489535579	0.000999000999000999	4505
1.1	0.0014092446448703494	0.000999000999000999	24
1.1.1	0.0018747656542932134	0.000999000999000999	24
