EC	enrich_score	p_val	where
4	0.0010515247108307045	0.000999000999000999	1
5	0.021520803443328552	0.000999000999000999	36
4.2	0.0020942408376963353	0.000999000999000999	1
5.4	0.10135135135135136	0.000999000999000999	36
4.2.1	0.0036496350364963502	0.000999000999000999	1
5.4.99	0.1875	0.000999000999000999	36
