EC	enrich_score	p_val	where
1	0.4736145818021461	0.000999000999000999	7592
1.1	0.05073280721533258	0.000999000999000999	1472
1.1.1	0.05211848518935133	0.000999000999000999	1054
