EC	enrich_score	p_val	where
1	0.47427605468175804	0.000999000999000999	7610
1.14	0.0028621752531924264	0.000999000999000999	56
1.14.12	0.05343511450381679	0.000999000999000999	19
