EC	enrich_score	p_val	where
1	0.17382037336469205	0.000999000999000999	6173
1.1	0.004227733934611048	0.000999000999000999	29
1.2	0.0893371757925072	0.000999000999000999	168
1.1.1	0.00562429696287964	0.000999000999000999	29
1.2.1	0.1220472440944882	0.000999000999000999	168
