EC	enrich_score	p_val	where
2	0.11281642415786326	0.000999000999000999	2405
2.3	0.38073953677366923	0.000999000999000999	2400
2.3.1	0.34603028912345113	0.000999000999000999	1984
