EC	enrich_score	p_val	where
6	0.05307692307692308	0.000999000999000999	168
2	0.04973091488937612	0.000999000999000999	4129
6.1	0.3399014778325123	0.000999000999000999	168
6.1.1	0.33689839572192515	0.000999000999000999	168
