EC	enrich_score	p_val	where
1	0.47221813905629867	0.000999000999000999	7591
1.1	0.02254791431792559	0.000999000999000999	236
1.1.1	0.02249718785151856	0.000999000999000999	236
