EC	enrich_score	p_val	where
2	0.016444090093681484	0.000999000999000999	383
2.7	0.026593075765178123	0.000999000999000999	81
2.7.8	0.10909090909090909	0.000999000999000999	42
