EC	enrich_score	p_val	where
6	0.06384615384615384	0.000999000999000999	313
2	0.05760414590392665	0.000999000999000999	8571
6.3	0.03682170542635659	0.000999000999000999	71
6.3.4	0.013333333333333334	0.000999000999000999	0
6.3.2	0.013377926421404682	0.000999000999000999	9
