EC	enrich_score	p_val	where
3	0.0029780564263322882	0.000999000999000999	228
2	0.07315128562886188	0.000999000999000999	4346
3.2	0.0014970059880239522	0.000999000999000999	1
2.4	0.0004063388866314506	0.002997002997002997	4
3.2.1	0.0016806722689075631	0.000999000999000999	1
2.4.1	0.000508646998982706	0.013986013986013986	4
