EC	enrich_score	p_val	where
2	0.16772971895555114	0.000999000999000999	5770
2.4	0.2978464039008533	0.000999000999000999	1523
2.4.1	0.2273652085452696	0.000999000999000999	904
