EC	enrich_score	p_val	where
1	0.4740555637218874	0.000999000999000999	7576
1.1	0.012965050732807215	0.000999000999000999	365
1.1.1	0.008998875140607425	0.000999000999000999	183
