EC	enrich_score	p_val	where
2	0.004385090691648395	0.000999000999000999	56
2.5	0.07678883071553229	0.000999000999000999	56
2.5.1	0.05860805860805861	0.000999000999000999	52
