EC	enrich_score	p_val	where
1	0.014846391297956783	0.000999000999000999	2246
1.10	0.02040816326530612	0.000999000999000999	6
1.10.3	0.027777777777777776	0.000999000999000999	6
