EC	enrich_score	p_val	where
1	0.045568131706600026	0.000999000999000999	1574
1.3	0.02837370242214533	0.000999000999000999	101
1.14	0.0024218405988551297	0.000999000999000999	516
1.3.99	0.004975124378109453	0.000999000999000999	0
1.3.5	0.02127659574468085	0.000999000999000999	10
