EC	enrich_score	p_val	where
1	0.015654858150815815	0.000999000999000999	2914
1.14	0.00022016732716864817	0.014985014985014986	0
1.14.99	0.002824858757062147	0.000999000999000999	0
