EC	enrich_score	p_val	where
6	0.2246153846153846	0.000999000999000999	673
2	0.11869643213075542	0.000999000999000999	8016
6.2	0.09240246406570841	0.000999000999000999	59
6.2.1	0.09740259740259741	0.000999000999000999	59
