EC	enrich_score	p_val	where
1	0.013670439511980008	0.000999000999000999	1801
1.3	0.0020761245674740486	0.000999000999000999	20
1.3.8	0.02040816326530612	0.000999000999000999	20
