EC	enrich_score	p_val	where
2	0.15347817420769383	0.000999000999000999	6485
2.4	0.26046322633075986	0.000999000999000999	1233
2.4.1	0.1943031536113937	0.000999000999000999	611
