EC	enrich_score	p_val	where
2	0.10663743272872235	0.000999000999000999	4749
2.4	0.01950426655830963	0.000999000999000999	173
2.4.-	0.3333333333333333	0.000999000999000999	0
2.4.1	0.006103763987792472	0.000999000999000999	25
