EC	enrich_score	p_val	where
1	0.024254005585770982	0.000999000999000999	1123
1.14	0.001100836635843241	0.000999000999000999	4
1.14.14	0.0035945363048166786	0.000999000999000999	4
