EC	enrich_score	p_val	where
1	0.4736880787887697	0.000999000999000999	7611
1.14	0.006825187142228093	0.000999000999000999	412
1.14.13	0.0036529680365296802	0.000999000999000999	14
