EC	enrich_score	p_val	where
1	0.4740555637218874	0.000999000999000999	7590
1.1	0.03664036076662908	0.000999000999000999	233
1.1.1	0.047244094488188976	0.000999000999000999	233
