EC	enrich_score	p_val	where
3	0.0009404388714733542	0.002997002997002997	11
3.5	0.006936416184971098	0.000999000999000999	11
3.5.2	0.08333333333333333	0.000999000999000999	3
