EC	enrich_score	p_val	where
1	0.46501543436719095	0.000999000999000999	7715
1.1	0.02142051860202931	0.000999000999000999	240
1.1.1	0.020247469066366704	0.000999000999000999	238
