EC	enrich_score	p_val	where
1	0.47457004262825225	0.000999000999000999	7614
1.14	0.0006605019815059445	0.001998001998001998	14
1.14.12	0.022900763358778626	0.000999000999000999	14
