EC	enrich_score	p_val	where
6	0.01	0.000999000999000999	89
2	0.10723539964121985	0.000999000999000999	5296
6.3	0.01937984496124031	0.000999000999000999	13
6.3.2	0.023411371237458192	0.000999000999000999	8
