EC	enrich_score	p_val	where
3	0.00219435736677116	0.000999000999000999	19
3.2	0.0074850299401197605	0.000999000999000999	19
3.2.2	0.061068702290076333	0.000999000999000999	19
