EC	enrich_score	p_val	where
5	0.12338593974175036	0.000999000999000999	334
5.1	0.07407407407407407	0.000999000999000999	334
