EC	enrich_score	p_val	where
2	0.00039864460833167234	0.04695304695304695	9
3	0.00799373040752351	0.000999000999000999	231
2.3	0.0008126777732629012	0.000999000999000999	9
3.2	0.014221556886227544	0.000999000999000999	73
2.3.1	0.0009178522257916476	0.000999000999000999	9
3.2.1	0.012605042016806723	0.000999000999000999	73
