EC	enrich_score	p_val	where
1	0.4744965456416287	0.000999000999000999	7594
1.14	0.003742844561867019	0.000999000999000999	30
1.14.13	0.00821917808219178	0.000999000999000999	30
