EC	enrich_score	p_val	where
3	0.009561128526645767	0.000999000999000999	228
2	0.0385688658560893	0.000999000999000999	2464
3.2	0.04565868263473054	0.000999000999000999	228
3.2.1	0.04789915966386555	0.000999000999000999	228
