EC	enrich_score	p_val	where
1	0.4733205938556519	0.000999000999000999	7600
1.1	0.0002818489289740699	0.014985014985014986	10
1.14	0.002201673271686482	0.000999000999000999	43
1.14.13	0.0009132420091324201	0.000999000999000999	4
1.1.1	0.0003749531308586427	0.013986013986013986	10
