EC	enrich_score	p_val	where
1	0.4742025576951345	0.000999000999000999	7605
1.1	0.02959413754227734	0.000999000999000999	417
1.1.1	0.01987251593550806	0.000999000999000999	151
