EC	enrich_score	p_val	where
7	0.01818181818181818	0.000999000999000999	3
1	0.019917683374981624	0.000999000999000999	792
7.1	0.07142857142857142	0.000999000999000999	3
7.1.1	0.07407407407407407	0.000999000999000999	3
