EC	enrich_score	p_val	where
3	0.037304075235109715	0.000999000999000999	921
2	0.011461032489535578	0.000999000999000999	3594
3.2	0.06811377245508982	0.000999000999000999	726
3.2.1	0.06218487394957983	0.000999000999000999	725
