EC	enrich_score	p_val	where
2	0.04215666733107435	0.000999000999000999	749
2.7	0.21023582538886101	0.000999000999000999	749
2.7.1	0.26436781609195403	0.000999000999000999	323
