EC	enrich_score	p_val	where
3	0.0040752351097178684	0.000999000999000999	210
