EC	enrich_score	p_val	where
1	0.47170366014993387	0.000999000999000999	7562
1.14	0.0030823425803610744	0.000999000999000999	13
1.1	0.0036640360766629085	0.000999000999000999	414
1.14.13	0.012785388127853882	0.000999000999000999	13
1.1.1	0.003374578177727784	0.000999000999000999	414
