EC	enrich_score	p_val	where
2	0.03328682479569464	0.000999000999000999	3186
2.4	0.0028443722064201544	0.000999000999000999	36
2.4.1	0.003051881993896236	0.000999000999000999	10
