EC	enrich_score	p_val	where
3	0.0006269592476489029	0.01098901098901099	112
2	0.004285429539565478	0.000999000999000999	623
2.4	0.0040633888663145065	0.000999000999000999	14
2.4.1	0.00508646998982706	0.000999000999000999	14
