EC	enrich_score	p_val	where
3	0.0017241379310344827	0.000999000999000999	23
1	0.0008819638394825813	0.002997002997002997	2380
3.6	0.0009881422924901185	0.000999000999000999	1
3.4	0.0024875621890547263	0.000999000999000999	22
3.6.1	0.004149377593360996	0.000999000999000999	1
3.4.17	0.0125	0.000999000999000999	5
