EC	enrich_score	p_val	where
3	0.001567398119122257	0.000999000999000999	18
2	0.07933027705800279	0.000999000999000999	6665
3.2	0.0074850299401197605	0.000999000999000999	18
2.4	0.08248679398618448	0.000999000999000999	712
3.2.1	0.008403361344537815	0.000999000999000999	18
2.4.1	0.01271617497456765	0.000999000999000999	347
