EC	enrich_score	p_val	where
2	0.1206896551724138	0.000999000999000999	1856
2.3	0.4502234863876473	0.000999000999000999	1692
2.3.3	0.3829787234042553	0.000999000999000999	22
2.3.1	0.4268012849931161	0.000999000999000999	1683
