EC	enrich_score	p_val	where
4	0.0005257623554153522	0.01998001998001998	0
5	0.15494978479196556	0.000999000999000999	300
4.1	0.0017699115044247787	0.000999000999000999	0
5.1	0.21164021164021163	0.000999000999000999	300
4.1.2	0.008547008547008548	0.000999000999000999	0
5.1.3	0.010101010101010102	0.000999000999000999	15
