EC	enrich_score	p_val	where
6	0.06692307692307692	0.000999000999000999	224
2	0.06956348415387682	0.000999000999000999	6950
6.3|6	0.4117647058823529	0.000999000999000999	7
6.3	0.01937984496124031	0.000999000999000999	73
2.7	0.031108881083793276	0.000999000999000999	1998
6.3|6.3	0.4117647058823529	0.000999000999000999	7
