EC	enrich_score	p_val	where
1	0.47354108481552254	0.000999000999000999	7594
1.1	0.0016910935738444193	0.000999000999000999	8
1.1.1|1	0.005714285714285714	0.000999000999000999	2
1.1.1	0.0007499062617172854	0.000999000999000999	8
