EC	enrich_score	p_val	where
3	0.02554858934169279	0.000999000999000999	607
2	0.06916483954554514	0.000999000999000999	4638
2.4	0.0004063388866314506	0.002997002997002997	13
3.2	0.06062874251497006	0.000999000999000999	412
3.2.1	0.06134453781512605	0.000999000999000999	412
