EC	enrich_score	p_val	where
1	0.47457004262825225	0.000999000999000999	7596
1.1	0.0005636978579481398	0.002997002997002997	10
1.1.1	0.0007499062617172854	0.000999000999000999	10
