EC	enrich_score	p_val	where
4	0.00473186119873817	0.000999000999000999	85
1	0.002204909598706453	0.000999000999000999	255
4.1	0.0035398230088495575	0.000999000999000999	9
1.1	0.0011273957158962795	0.000999000999000999	27
1.1.1	0.0003749531308586427	0.013986013986013986	0
4.1.1	0.003367003367003367	0.000999000999000999	2
