EC	enrich_score	p_val	where
1	0.4744965456416287	0.000999000999000999	7615
1.6	0.014285714285714285	0.000999000999000999	6
1.14	0.0008806693086745927	0.000999000999000999	82
1.6.5	0.02097902097902098	0.000999000999000999	6
