EC	enrich_score	p_val	where
2	0.0008969503687462627	0.002997002997002997	21
2.2	0.03571428571428571	0.000999000999000999	12
2.2.1	0.03571428571428571	0.000999000999000999	12
