EC	enrich_score	p_val	where
6	0.026153846153846153	0.000999000999000999	113
2	0.04325294000398645	0.000999000999000999	3489
6.3	0.060077519379844964	0.000999000999000999	111
2.7	0.08830908178625188	0.000999000999000999	1448
6.3.2	0.023411371237458192	0.000999000999000999	37
