EC	enrich_score	p_val	where
1	0.28311039247390857	0.000999000999000999	6324
1.1	0.037767756482525366	0.000999000999000999	175
1.1.1|1	0.011428571428571429	0.000999000999000999	1
1.1.1	0.045744281964754406	0.000999000999000999	169
