EC	enrich_score	p_val	where
1	0.05291783036895487	0.000999000999000999	5313
1.1	0.0014092446448703494	0.000999000999000999	52
1.1.99	0.0205761316872428	0.000999000999000999	52
