EC	enrich_score	p_val	where
2	0.14251544747857287	0.000999000999000999	4363
2.4	0.27509142624949207	0.000999000999000999	1496
2.4.1	0.1948118006103764	0.000999000999000999	1496
