EC	enrich_score	p_val	where
1	0.4743495516683816	0.000999000999000999	7609
1.-	0.024390243902439025	0.000999000999000999	0
1.1	0.0008455467869222097	0.000999000999000999	34
1.-.-	0.024390243902439025	0.000999000999000999	0
1.1.1	0.0011248593925759281	0.000999000999000999	34
