EC	enrich_score	p_val	where
1	0.022049095987064532	0.000999000999000999	529
1.14	0.04645530603258476	0.000999000999000999	455
1.14.14	0.002875629043853343	0.000999000999000999	5
