EC	enrich_score	p_val	where
1	0.01741878582978098	0.000999000999000999	4515
