EC	enrich_score	p_val	where
1	0.47398206673526383	0.000999000999000999	7604
1.14	0.00946719506825187	0.000999000999000999	64
1.14.13	0.006392694063926941	0.000999000999000999	53
