EC	enrich_score	p_val	where
1	0.4742025576951345	0.000999000999000999	7600
1.14	0.004183179216204315	0.000999000999000999	35
1.14.12	0.1297709923664122	0.000999000999000999	35
