EC	enrich_score	p_val	where
3	0.032758620689655175	0.000999000999000999	1328
3.2	0.01721556886227545	0.000999000999000999	112
3.2.1	0.010924369747899159	0.000999000999000999	112
