EC	enrich_score	p_val	where
3	0.01833855799373041	0.000999000999000999	636
3.1	0.0385578367551327	0.000999000999000999	152
3.1.3	0.046153846153846156	0.000999000999000999	82
