EC	enrich_score	p_val	where
2	0.10743472194538568	0.000999000999000999	4623
2.4	0.11946363266964649	0.000999000999000999	920
2.4.99	0.08029197080291971	0.000999000999000999	10
2.4.1	0.042726347914547304	0.000999000999000999	861
