EC	enrich_score	p_val	where
2	0.12716763005780346	0.000999000999000999	1499
2.1	0.708411214953271	0.000999000999000999	1350
2.1.1	0.7267037552155772	0.000999000999000999	1350
