EC	enrich_score	p_val	where
2	0.056806856687263305	0.000999000999000999	4702
2.4	0.011783827712312069	0.000999000999000999	116
2.4.99	0.08029197080291971	0.000999000999000999	42
