EC	enrich_score	p_val	where
5	0.0028694404591104736	0.000999000999000999	1
5.3	0.009523809523809525	0.000999000999000999	1
5.3.1	0.022988505747126436	0.000999000999000999	1
