EC	enrich_score	p_val	where
1	0.0021314126120829044	0.000999000999000999	117
2	0.008471197927048037	0.000999000999000999	1341
1.3	0.006920415224913495	0.000999000999000999	20
1.3.1	0.013774104683195593	0.000999000999000999	20
