EC	enrich_score	p_val	where
1	0.010142584154049684	0.000999000999000999	751
1.14	0.00022016732716864817	0.014985014985014986	0
1.14.12	0.007633587786259542	0.000999000999000999	0
