EC	enrich_score	p_val	where
7	0.00909090909090909	0.000999000999000999	0
1	0.012127002792885491	0.000999000999000999	363
7.1	0.03571428571428571	0.000999000999000999	0
1.1	0.0002818489289740699	0.014985014985014986	12
7.1.1	0.037037037037037035	0.000999000999000999	0
