EC	enrich_score	p_val	where
1	0.022710568866676467	0.000999000999000999	2933
1.14	0.00022016732716864817	0.014985014985014986	31
1.5	0.0029154518950437317	0.000999000999000999	40
1.14.13	0.0009132420091324201	0.000999000999000999	31
