EC	enrich_score	p_val	where
1	0.4724386300161693	0.000999000999000999	7604
1.1	0.06341600901916573	0.000999000999000999	1336
1.1.1	0.06974128233970754	0.000999000999000999	786
