EC	enrich_score	p_val	where
1	0.4736145818021461	0.000999000999000999	7599
1.1	0.0014092446448703494	0.000999000999000999	18
1.1.1	0.0018747656542932134	0.000999000999000999	18
