EC	enrich_score	p_val	where
1	0.018006761722769365	0.000999000999000999	1111
1.14	0.010127697049757816	0.000999000999000999	59
1.14.15	0.006802721088435374	0.000999000999000999	1
