EC	enrich_score	p_val	where
1	0.017712773776275174	0.000999000999000999	721
1.14	0.029942756494936152	0.000999000999000999	269
1.14.-	0.007936507936507936	0.000999000999000999	0
