EC	enrich_score	p_val	where
5	0.01721664275466284	0.000999000999000999	14
1	0.026385418197853887	0.000999000999000999	2967
5.3	0.05238095238095238	0.000999000999000999	11
5.3.2	0.23529411764705882	0.000999000999000999	6
