EC	enrich_score	p_val	where
6	0.05153846153846154	0.000999000999000999	174
2	0.03836954355192346	0.000999000999000999	4178
2.3	0.0008126777732629012	0.000999000999000999	4
6.1	0.3251231527093596	0.000999000999000999	173
2.3.2	0.011494252873563218	0.000999000999000999	4
6.1.1	0.32085561497326204	0.000999000999000999	173
