EC	enrich_score	p_val	where
3	0.004702194357366771	0.000999000999000999	245
3.4	0.006218905472636816	0.000999000999000999	9
3.4.21	0.008064516129032258	0.000999000999000999	0
