EC	enrich_score	p_val	where
1	0.47398206673526383	0.000999000999000999	7622
1.1	0.06144306651634724	0.000999000999000999	471
1.1.1|1	0.005714285714285714	0.000999000999000999	3
1.1.1	0.07274090738657668	0.000999000999000999	352
