EC	enrich_score	p_val	where
1	0.032706159047479054	0.000999000999000999	2441
1.14	0.00044033465433729633	0.002997002997002997	6
1.14.-	0.007936507936507936	0.000999000999000999	5
