EC	enrich_score	p_val	where
1	0.023886520652653242	0.000999000999000999	1225
1.14	0.038088947600176136	0.000999000999000999	503
1.14.14	0.007907979870596693	0.000999000999000999	63
