EC	enrich_score	p_val	where
2	0.0029898345624875425	0.000999000999000999	43
2.1	0.018691588785046728	0.000999000999000999	43
2.1.1	0.020166898470097356	0.000999000999000999	33
