EC	enrich_score	p_val	where
1	0.000514478906364839	0.01998001998001998	26
1.8	0.0029498525073746312	0.000999000999000999	0
1.8.3	0.04	0.000999000999000999	0
