EC	enrich_score	p_val	where
2	0.13464221646402233	0.000999000999000999	5903
2.4	0.20723283218203983	0.000999000999000999	1281
2.4.1	0.1525940996948118	0.000999000999000999	769
