EC	enrich_score	p_val	where
1	0.4742025576951345	0.000999000999000999	7635
1.5	0.0029154518950437317	0.000999000999000999	4
1.1	0.019729425028184894	0.000999000999000999	554
1.5.1	0.006756756756756757	0.000999000999000999	4
1.1.1	0.010873640794900637	0.000999000999000999	529
