EC	enrich_score	p_val	where
1	0.4743495516683816	0.000999000999000999	7597
1.14	0.003963011889035667	0.000999000999000999	220
1.14.13	0.010958904109589041	0.000999000999000999	19
