EC	enrich_score	p_val	where
3	0.017398119122257052	0.000999000999000999	543
3.1	0.0030045067601402104	0.000999000999000999	5
3.1.1	0.007957559681697613	0.000999000999000999	5
