EC	enrich_score	p_val	where
1	0.0065412318094958104	0.000999000999000999	445
1.13	0.00468384074941452	0.000999000999000999	9
