EC	enrich_score	p_val	where
1	0.0052182860502719385	0.000999000999000999	357
1.14	0.0055041831792162045	0.000999000999000999	55
1.14.15	0.04421768707482993	0.000999000999000999	14
