EC	enrich_score	p_val	where
3	0.005015673981191223	0.000999000999000999	46
3.1	0.014021031547320982	0.000999000999000999	46
3.1.1	0.033156498673740056	0.000999000999000999	32
