EC	enrich_score	p_val	where
3	0.008934169278996866	0.000999000999000999	192
2	0.004086107235399641	0.000999000999000999	2493
3.2	0.03218562874251497	0.000999000999000999	129
3.2.1	0.031092436974789917	0.000999000999000999	129
