EC	enrich_score	p_val	where
1	0.0006614728796119359	0.01098901098901099	28
1.14	0.0008806693086745927	0.000999000999000999	20
1.14.14	0.002156721782890007	0.000999000999000999	11
