EC	enrich_score	p_val	where
2	0.1250747458640622	0.000999000999000999	1544
2.1	0.6841121495327103	0.000999000999000999	1425
2.1.1	0.6995827538247567	0.000999000999000999	1425
