EC	enrich_score	p_val	where
4	0.048370136698212406	0.000999000999000999	121
4.2	0.09214659685863874	0.000999000999000999	121
4.2.1|4	0.05263157894736842	0.000999000999000999	0
4.2.1	0.1386861313868613	0.000999000999000999	121
