EC	enrich_score	p_val	where
1	0.04622960458621197	0.000999000999000999	4686
1.1	0.0005636978579481398	0.002997002997002997	42
1.1.99	0.00823045267489712	0.000999000999000999	42
