EC	enrich_score	p_val	where
1	0.47346758782889903	0.000999000999000999	7586
1.1	0.0016910935738444193	0.000999000999000999	12
1.1.1	0.0022497187851518562	0.000999000999000999	12
