EC	enrich_score	p_val	where
1	0.003527855357930325	0.000999000999000999	153
1.1	0.002254791431792559	0.000999000999000999	13
1.1.2	0.046153846153846156	0.000999000999000999	12
