EC	enrich_score	p_val	where
1	0.47412906070851096	0.000999000999000999	7583
1.4	0.003401360544217687	0.000999000999000999	1
1.1	0.0002818489289740699	0.014985014985014986	6
1.4.1	0.015625	0.000999000999000999	1
1.1.1	0.0003749531308586427	0.013986013986013986	6
