EC	enrich_score	p_val	where
1	0.4739085697486403	0.000999000999000999	7576
1.1	0.05383314543404735	0.000999000999000999	1854
1.1.1	0.04611923509561305	0.000999000999000999	1854
