EC	enrich_score	p_val	where
1	0.02160811406732324	0.000999000999000999	2015
1.14	0.0006605019815059445	0.001998001998001998	2
1.1	0.0005636978579481398	0.002997002997002997	8
1.14.14	0.002156721782890007	0.000999000999000999	2
1.1.99	0.00823045267489712	0.000999000999000999	8
