EC	enrich_score	p_val	where
2	0.0007972892166633447	0.003996003996003996	7
4	0.07833859095688749	0.000999000999000999	336
2.5	0.013961605584642234	0.000999000999000999	7
4.2	0.15392670157068064	0.000999000999000999	336
2.5.1	0.01098901098901099	0.000999000999000999	7
4.2.3	0.2536764705882353	0.000999000999000999	336
