EC	enrich_score	p_val	where
4	0.0005257623554153522	0.01998001998001998	0
2	0.0013952561291608531	0.000999000999000999	34
4.3	0.008695652173913044	0.000999000999000999	0
2.1	0.0024922118380062306	0.000999000999000999	19
4.3	1.0	0.000999000999000999	0
2.1.2	0.03076923076923077	0.000999000999000999	19
