EC	enrich_score	p_val	where
1	0.016316331030427754	0.000999000999000999	1594
1.1	0.0014092446448703494	0.000999000999000999	61
1.14	0.009026860413914576	0.000999000999000999	519
1.1.99	0.0205761316872428	0.000999000999000999	61
