EC	enrich_score	p_val	where
2	0.16354395056806856	0.000999000999000999	4157
2.4	0.4059325477448192	0.000999000999000999	2392
2.4.2	0.004405286343612335	0.000999000999000999	9
2.4.1	0.3046795523906409	0.000999000999000999	2218
