EC	enrich_score	p_val	where
2	0.03378513055610923	0.000999000999000999	2649
2.7	0.04114400401404917	0.000999000999000999	870
2.7.4	0.04827586206896552	0.000999000999000999	9
