EC	enrich_score	p_val	where
3	0.0020376175548589342	0.000999000999000999	101
2	0.023719354195734503	0.000999000999000999	4329
2.4	0.004876066639577408	0.000999000999000999	29
2.4.1	0.006103763987792472	0.000999000999000999	29
