EC	enrich_score	p_val	where
6	0.005384615384615384	0.000999000999000999	143
2	0.014849511660354794	0.000999000999000999	331
3	0.06285266457680251	0.000999000999000999	1215
6.3	0.003875968992248062	0.000999000999000999	116
2.7	0.07375815353738083	0.000999000999000999	331
3.6	0.3922924901185771	0.000999000999000999	1215
3.6.3	0.4959016393442623	0.000999000999000999	1215
