EC	enrich_score	p_val	where
2	0.0007972892166633447	0.003996003996003996	35
2.6	0.019753086419753086	0.000999000999000999	35
2.6.1	0.010723860589812333	0.000999000999000999	35
