EC	enrich_score	p_val	where
3	0.0012539184952978057	0.000999000999000999	9
3.4|3	0.5	0.000999000999000999	0
3.4	0.007462686567164179	0.000999000999000999	9
3.4|3.4	0.5	0.000999000999000999	0
