EC	enrich_score	p_val	where
1	0.4737615757753932	0.000999000999000999	7597
1.8	0.0029498525073746312	0.000999000999000999	0
1.1	0.020574971815107104	0.000999000999000999	531
1.8.1	0.009523809523809525	0.000999000999000999	0
1.1.1	0.021372328458942633	0.000999000999000999	531
