EC	enrich_score	p_val	where
1	0.00235190357195355	0.000999000999000999	402
1.13	0.00936768149882904	0.000999000999000999	3
1.13.12	0.0425531914893617	0.000999000999000999	3
