EC	enrich_score	p_val	where
3	0.06583072100313479	0.000999000999000999	771
3.4	0.22512437810945274	0.000999000999000999	323
3.4.19	0.045454545454545456	0.000999000999000999	3
