EC	enrich_score	p_val	where
2	0.0014949172812437712	0.000999000999000999	15
3	0.014263322884012539	0.000999000999000999	299
2.3	0.006095083299471759	0.000999000999000999	15
3.2	0.03967065868263473	0.000999000999000999	144
2.3.1	0.006883891693437357	0.000999000999000999	15
3.2.1	0.03949579831932773	0.000999000999000999	144
