EC	enrich_score	p_val	where
2	0.09248554913294797	0.000999000999000999	5579
2.3	0.05688744412840309	0.000999000999000999	172
2.3.1	0.05323542909591556	0.000999000999000999	172
