EC	enrich_score	p_val	where
4	0.0015772870662460567	0.000999000999000999	12
