EC	enrich_score	p_val	where
6	0.008461538461538461	0.000999000999000999	14
2	0.02232409806657365	0.000999000999000999	6834
6.3	0.01744186046511628	0.000999000999000999	14
6.3.4|6	1.0	0.000999000999000999	0
6.3.2	0.010033444816053512	0.000999000999000999	14
