EC	enrich_score	p_val	where
2	0.13753238987442695	0.000999000999000999	5034
2.4	0.22917513206013815	0.000999000999000999	1558
2.4.1	0.14089521871820956	0.000999000999000999	1323
