EC	enrich_score	p_val	where
1	0.4739085697486403	0.000999000999000999	7582
1.2	0.0009606147934678194	0.000999000999000999	2
1.1	0.03241262683201804	0.000999000999000999	256
1.2.1	0.0013123359580052493	0.000999000999000999	2
1.1.1	0.04236970378702662	0.000999000999000999	256
