EC	enrich_score	p_val	where
2	0.00039864460833167234	0.04695304695304695	27
4	0.10672975814931651	0.000999000999000999	359
2.5	0.006980802792321117	0.000999000999000999	27
4.2	0.21047120418848167	0.000999000999000999	359
2.5.1	0.007326007326007326	0.000999000999000999	27
4.2.3	0.4264705882352941	0.000999000999000999	323
