EC	enrich_score	p_val	where
4	0.08412197686645637	0.000999000999000999	349
4.2	0.16544502617801046	0.000999000999000999	349
4.2.3	0.27941176470588236	0.000999000999000999	245
