EC	enrich_score	p_val	where
1	0.00793767455534323	0.000999000999000999	502
1.1	0.001972942502818489	0.000999000999000999	18
1.14	0.006825187142228093	0.000999000999000999	101
1.1	0.11538461538461539	0.000999000999000999	2
