EC	enrich_score	p_val	where
1	0.0006614728796119359	0.01098901098901099	42
1.1	0.0002818489289740699	0.014985014985014986	3
1.1.-	0.03571428571428571	0.000999000999000999	3
