EC	enrich_score	p_val	where
1	0.47398206673526383	0.000999000999000999	7620
1.1	0.0002818489289740699	0.014985014985014986	1
1.14	0.001100836635843241	0.000999000999000999	39
1.1.1	0.0003749531308586427	0.013986013986013986	1
