EC	enrich_score	p_val	where
2	0.12527406816822803	0.000999000999000999	1507
2.1	0.7115264797507788	0.000999000999000999	1356
2.1.1	0.7301808066759388	0.000999000999000999	1356
