EC	enrich_score	p_val	where
2	0.10524217659956149	0.000999000999000999	1440
2.-	0.5	0.000999000999000999	1
2.1	0.5769470404984424	0.000999000999000999	1113
2.-.-	0.5	0.000999000999000999	1
2.1.1	0.5827538247566064	0.000999000999000999	1113
