EC	enrich_score	p_val	where
2	0.001295594977077935	0.000999000999000999	19
2.6	0.03209876543209877	0.000999000999000999	19
2.6.1	0.03485254691689008	0.000999000999000999	19
