EC	enrich_score	p_val	where
2	0.1687263304763803	0.000999000999000999	3835
2.4	0.4806989028850061	0.000999000999000999	2174
2.4.1	0.40793489318413023	0.000999000999000999	1707
