EC	enrich_score	p_val	where
5	0.0028694404591104736	0.000999000999000999	1
1	0.021902102013817433	0.000999000999000999	1593
5.5	0.01904761904761905	0.000999000999000999	1
1.14	0.004623513870541612	0.000999000999000999	421
5.5.1	0.0196078431372549	0.000999000999000999	1
