EC	enrich_score	p_val	where
1	0.47412906070851096	0.000999000999000999	7639
1.14	0.010127697049757816	0.000999000999000999	485
1.14.13	0.01004566210045662	0.000999000999000999	29
