EC	enrich_score	p_val	where
3	0.0025078369905956114	0.000999000999000999	20
3.2	0.008982035928143712	0.000999000999000999	20
3.2.2	0.07633587786259542	0.000999000999000999	20
