EC	enrich_score	p_val	where
3	0.01018808777429467	0.000999000999000999	322
3.4	0.007462686567164179	0.000999000999000999	6
3.4.-	0.5555555555555556	0.000999000999000999	5
