EC	enrich_score	p_val	where
2	0.17410803268885788	0.000999000999000999	4012
2.4	0.48923201950426654	0.000999000999000999	2118
2.4.1	0.41302136317395727	0.000999000999000999	2118
