EC	enrich_score	p_val	where
1	0.009554608261061297	0.000999000999000999	1369
1.3	0.011764705882352941	0.000999000999000999	17
1.3.3	0.02830188679245283	0.000999000999000999	6
