EC	enrich_score	p_val	where
2	0.004883396452062986	0.000999000999000999	133
2.1	0.017445482866043614	0.000999000999000999	39
2.1.1	0.019471488178025034	0.000999000999000999	39
