EC	enrich_score	p_val	where
2	0.0838150289017341	0.000999000999000999	2626
2.3	0.2559934985778139	0.000999000999000999	1559
2.3.1	0.23038090867370353	0.000999000999000999	1559
