EC	enrich_score	p_val	where
2	0.002491528802072952	0.000999000999000999	104
2.3	0.0004063388866314506	0.002997002997002997	1
2.5	0.006980802792321117	0.000999000999000999	25
2.3.1	0.0004589261128958238	0.013986013986013986	1
2.5.1	0.003663003663003663	0.000999000999000999	25
