EC	enrich_score	p_val	where
3	0.0009404388714733542	0.002997002997002997	5
3.6	0.005928853754940711	0.000999000999000999	5
3.6.1	0.016597510373443983	0.000999000999000999	5
