EC	enrich_score	p_val	where
2	0.17131752043053616	0.000999000999000999	3508
2.4	0.4315318976026006	0.000999000999000999	2163
2.4.2	0.01762114537444934	0.000999000999000999	21
2.4.1	0.34486266531027465	0.000999000999000999	2163
