EC	enrich_score	p_val	where
1	0.011318535940026459	0.000999000999000999	3263
1.14	0.019594892118009688	0.000999000999000999	127
1.14.11	0.2846975088967972	0.000999000999000999	109
