EC	enrich_score	p_val	where
1	0.4744230486550051	0.000999000999000999	7589
1.14	0.00022016732716864817	0.014985014985014986	5
1.1	0.0016910935738444193	0.000999000999000999	34
1.1.1|1	0.005714285714285714	0.000999000999000999	1
1.14.13	0.0009132420091324201	0.000999000999000999	5
1.1.1	0.0011248593925759281	0.000999000999000999	31
