EC	enrich_score	p_val	where
2	0.04195734502690851	0.000999000999000999	750
2.7	0.20923231309583543	0.000999000999000999	750
2.7.1	0.2655172413793103	0.000999000999000999	297
