EC	enrich_score	p_val	where
3	0.006112852664576803	0.000999000999000999	87
3.1	0.013520280420630946	0.000999000999000999	87
3.1.3	0.026923076923076925	0.000999000999000999	14
