EC	enrich_score	p_val	where
2	0.0016942395854096072	0.000999000999000999	28
2.1	0.00809968847352025	0.000999000999000999	14
2.1.3	0.23076923076923078	0.000999000999000999	12
