EC	enrich_score	p_val	where
1	0.023078053799794208	0.000999000999000999	2084
1.14	0.0008806693086745927	0.000999000999000999	46
1.14.19	0.004008016032064128	0.000999000999000999	29
