EC	enrich_score	p_val	where
4	0.0005257623554153522	0.01998001998001998	0
2	0.0004983057604145904	0.01998001998001998	10
1	0.0024254005585770985	0.000999000999000999	104
4.3	0.008695652173913044	0.000999000999000999	0
2.6	0.012345679012345678	0.000999000999000999	10
1.1	0.0005636978579481398	0.002997002997002997	20
4.3.1	0.014705882352941176	0.000999000999000999	0
2.6.1	0.013404825737265416	0.000999000999000999	10
