EC	enrich_score	p_val	where
2	0.002690851106238788	0.000999000999000999	99
2.5	0.010471204188481676	0.000999000999000999	7
2.5.1	0.01098901098901099	0.000999000999000999	7
