EC	enrich_score	p_val	where
6	0.02076923076923077	0.000999000999000999	33
2	0.10394658162248356	0.000999000999000999	4620
6.2	0.053388090349075976	0.000999000999000999	26
6.2.1	0.047619047619047616	0.000999000999000999	26
