EC	enrich_score	p_val	where
1	0.013670439511980008	0.000999000999000999	258
1.4	0.006802721088435374	0.000999000999000999	1
1.1	0.0011273957158962795	0.000999000999000999	21
1.4.5	0.15384615384615385	0.000999000999000999	1
