EC	enrich_score	p_val	where
2	0.08391469005381702	0.000999000999000999	3304
2.3	0.25396180414465663	0.000999000999000999	1554
2.3.2	0.011494252873563218	0.000999000999000999	1
2.3.1	0.2280862781092244	0.000999000999000999	1554
