EC	enrich_score	p_val	where
1	0.4739085697486403	0.000999000999000999	7628
1.1	0.030439684329199548	0.000999000999000999	255
1.1.1	0.03637045369328834	0.000999000999000999	191
