EC	enrich_score	p_val	where
1	0.03623401440540938	0.000999000999000999	3246
1.3	0.0006920415224913495	0.001998001998001998	26
1.14	0.0008806693086745927	0.000999000999000999	41
1.3.3	0.009433962264150943	0.000999000999000999	26
