EC	enrich_score	p_val	where
2	0.1659358182180586	0.000999000999000999	4122
2.4	0.32954083705810644	0.000999000999000999	1930
2.4.1	0.254323499491353	0.000999000999000999	1040
