EC	enrich_score	p_val	where
2	0.16414191748056609	0.000999000999000999	5211
2.4	0.2962210483543275	0.000999000999000999	1455
2.4.1	0.23601220752797558	0.000999000999000999	881
