EC	enrich_score	p_val	where
6	0.009230769230769232	0.000999000999000999	102
2	0.035977675901933424	0.000999000999000999	2793
6.3	0.011627906976744186	0.000999000999000999	102
2.7	0.020572002007024585	0.000999000999000999	733
2.7.4	0.006896551724137931	0.000999000999000999	0
