EC	enrich_score	p_val	where
2	0.09557504484751844	0.000999000999000999	5451
2.4	0.10239739943112555	0.000999000999000999	1149
2.4.1	0.0335707019328586	0.000999000999000999	72
