EC	enrich_score	p_val	where
1	0.0008084668528590327	0.003996003996003996	15
1.17	0.023026315789473683	0.000999000999000999	7
1.17.7	0.3076923076923077	0.000999000999000999	4
