EC	enrich_score	p_val	where
3	0.004231974921630094	0.000999000999000999	157
3.2	0.006736526946107785	0.000999000999000999	31
3.2.2	0.04580152671755725	0.000999000999000999	18
