EC	enrich_score	p_val	where
2	0.11899541558700419	0.000999000999000999	1845
2.3	0.45550589191385615	0.000999000999000999	1745
2.3.1	0.4327673244607618	0.000999000999000999	1697
