EC	enrich_score	p_val	where
6	0.23384615384615384	0.000999000999000999	456
2	0.1312537372932031	0.000999000999000999	7816
6.2	0.3264887063655031	0.000999000999000999	262
6.2.1	0.29653679653679654	0.000999000999000999	262
