EC	enrich_score	p_val	where
1	0.4731735998824048	0.000999000999000999	7609
1.1	0.07412626832018038	0.000999000999000999	773
1.1.1	0.09036370453693289	0.000999000999000999	759
