EC	enrich_score	p_val	where
2	0.1433127366952362	0.000999000999000999	7452
2.4	0.21535960991466882	0.000999000999000999	1218
2.4.1	0.17497456765005087	0.000999000999000999	722
