EC	enrich_score	p_val	where
4	0.00473186119873817	0.000999000999000999	9
1	0.002719388505071292	0.000999000999000999	246
4.1	0.01592920353982301	0.000999000999000999	9
4.1.3	0.13043478260869565	0.000999000999000999	8
