EC	enrich_score	p_val	where
2	0.09746860673709389	0.000999000999000999	8224
2.7	0.006021073758153537	0.000999000999000999	15
2.7.8	0.03636363636363636	0.000999000999000999	15
