EC	enrich_score	p_val	where
1	0.47412906070851096	0.000999000999000999	7593
1.1	0.020011273957158963	0.000999000999000999	927
1.1.1	0.013873265841769778	0.000999000999000999	256
