EC	enrich_score	p_val	where
1	0.06511833014846391	0.000999000999000999	3705
1.2	0.0009606147934678194	0.000999000999000999	37
1.3	0.0006920415224913495	0.001998001998001998	46
1.2.99	0.038461538461538464	0.000999000999000999	37
