EC	enrich_score	p_val	where
1	0.01359694252535646	0.000999000999000999	2039
1.14	0.00726552179656539	0.000999000999000999	319
1.14.11	0.021352313167259787	0.000999000999000999	11
