EC	enrich_score	p_val	where
1	0.010583566073790974	0.000999000999000999	3302
1.14	0.019594892118009688	0.000999000999000999	115
1.14.11	0.28113879003558717	0.000999000999000999	107
