EC	enrich_score	p_val	where
3	0.0009404388714733542	0.002997002997002997	10
2	0.007175602949970101	0.000999000999000999	740
3.1	0.0030045067601402104	0.000999000999000999	10
3.1.4	0.022123893805309734	0.000999000999000999	9
