EC	enrich_score	p_val	where
2	0.06328483157265298	0.000999000999000999	3041
2.4	0.04307192198293377	0.000999000999000999	695
2.4.1	0.01271617497456765	0.000999000999000999	105
