EC	enrich_score	p_val	where
1	0.004556813170660003	0.000999000999000999	711
1.3	0.006920415224913495	0.000999000999000999	21
1.3.99	0.014925373134328358	0.000999000999000999	2
