EC	enrich_score	p_val	where
2	0.0788319712975882	0.000999000999000999	6004
2.7	0.11891620672353237	0.000999000999000999	586
2.7.1	0.08505747126436781	0.000999000999000999	302
