EC	enrich_score	p_val	where
4	0.0057833859095688745	0.000999000999000999	13
1	0.014184918418344848	0.000999000999000999	2121
4.2	0.011518324607329843	0.000999000999000999	13
4.2.1	0.020072992700729927	0.000999000999000999	13
