EC	enrich_score	p_val	where
3	0.002664576802507837	0.000999000999000999	20
1	0.03285315302072615	0.000999000999000999	2384
3.1	0.008512769153730596	0.000999000999000999	20
1.14	0.003742844561867019	0.000999000999000999	668
3.1.1	0.005305039787798408	0.000999000999000999	17
