EC	enrich_score	p_val	where
1	0.47258562398941645	0.000999000999000999	7555
1.6	0.29523809523809524	0.000999000999000999	75
1.6.99	0.058823529411764705	0.000999000999000999	0
1.6.5	0.3916083916083916	0.000999000999000999	75
