EC	enrich_score	p_val	where
1	0.006394237836248714	0.000999000999000999	354
1.14	0.0028621752531924264	0.000999000999000999	49
1.14.15	0.017006802721088437	0.000999000999000999	5
