EC	enrich_score	p_val	where
2	0.10225234203707395	0.000999000999000999	4820
2.3	0.048760666395774074	0.000999000999000999	153
2.3.1|2	0.01818181818181818	0.000999000999000999	0
2.3.1	0.04589261128958238	0.000999000999000999	153
