EC	enrich_score	p_val	where
1	0.0009554608261061297	0.002997002997002997	88
5	0.06025824964131994	0.000999000999000999	396
1.14	0.00022016732716864817	0.014985014985014986	0
1.14.-	0.007936507936507936	0.000999000999000999	0
