EC	enrich_score	p_val	where
1	0.4743495516683816	0.000999000999000999	7594
1.14	0.0015411712901805372	0.000999000999000999	40
1.14.12	0.030534351145038167	0.000999000999000999	8
