EC	enrich_score	p_val	where
2	0.0006976280645804266	0.007992007992007992	19
1	0.001543436719094517	0.000999000999000999	215
2.3	0.0016253555465258025	0.000999000999000999	9
2.3.1	0.0018357044515832951	0.000999000999000999	9
