EC	enrich_score	p_val	where
2	0.002491528802072952	0.000999000999000999	80
2.1	0.013084112149532711	0.000999000999000999	63
2.1.2	0.2153846153846154	0.000999000999000999	19
