EC	enrich_score	p_val	where
2	0.12078931632449671	0.000999000999000999	1723
2.3	0.4648516863063795	0.000999000999000999	1714
2.3.1	0.4424047728315741	0.000999000999000999	1714
