EC	enrich_score	p_val	where
2	0.08670520231213873	0.000999000999000999	4872
2.9	0.125	0.000999000999000999	1
2.9.1	0.125	0.000999000999000999	1
