EC	enrich_score	p_val	where
4	0.0005257623554153522	0.01998001998001998	0
1	0.0004409819197412906	0.030969030969030968	148
4.99	0.02040816326530612	0.000999000999000999	0
1.13	0.00234192037470726	0.000999000999000999	3
4.99.1	0.020833333333333332	0.000999000999000999	0
1.13.12	0.010638297872340425	0.000999000999000999	3
