EC	enrich_score	p_val	where
6	0.06615384615384616	0.000999000999000999	489
2	0.041857683874825594	0.000999000999000999	3553
2.7	0.061214249874560964	0.000999000999000999	1663
