EC	enrich_score	p_val	where
2	0.10494319314331274	0.000999000999000999	2030
2.3	0.39577407557903294	0.000999000999000999	1813
2.3.1	0.36438733363928405	0.000999000999000999	1813
