EC	enrich_score	p_val	where
3	0.02727272727272727	0.000999000999000999	1089
3.1	0.026039058587881823	0.000999000999000999	205
3.1.16	0.5	0.000999000999000999	0
3.1.3	0.0019230769230769232	0.000999000999000999	15
