EC	enrich_score	p_val	where
2	0.07245365756428145	0.000999000999000999	7516
2.5	0.0017452006980802793	0.000999000999000999	3
2.7	0.014049172102358254	0.000999000999000999	223
2.5.1	0.0018315018315018315	0.000999000999000999	3
2.7.7	0.05120481927710843	0.000999000999000999	68
