EC	enrich_score	p_val	where
2	0.10015945784333267	0.000999000999000999	1309
2.1	0.5439252336448598	0.000999000999000999	1114
2.1.1	0.5542420027816412	0.000999000999000999	1114
