EC	enrich_score	p_val	where
1	0.0033073643980596795	0.000999000999000999	110
1.1	0.007328072153325817	0.000999000999000999	55
1.1.3	0.005405405405405406	0.000999000999000999	0
1.1.99	0.01646090534979424	0.000999000999000999	7
