EC	enrich_score	p_val	where
2	0.05242176599561491	0.000999000999000999	8889
2.7	0.07526342197691922	0.000999000999000999	582
2.7.1	0.011494252873563218	0.000999000999000999	38
