EC	enrich_score	p_val	where
2	0.010265098664540562	0.000999000999000999	120
2.7	0.05117912694430507	0.000999000999000999	117
2.7.1	0.11724137931034483	0.000999000999000999	117
