EC	enrich_score	p_val	where
3	0.0004702194357366771	0.030969030969030968	30
3.5	0.003468208092485549	0.000999000999000999	30
3.5.3	0.018518518518518517	0.000999000999000999	3
