EC	enrich_score	p_val	where
1	0.47346758782889903	0.000999000999000999	7603
1.1	0.05580608793686584	0.000999000999000999	473
1.1.1	0.06524184476940383	0.000999000999000999	473
