EC	enrich_score	p_val	where
2	0.0021925453458241976	0.000999000999000999	26
2.1	0.013084112149532711	0.000999000999000999	23
2.1.2	0.09230769230769231	0.000999000999000999	5
2.1.1	0.002086230876216968	0.000999000999000999	23
