EC	enrich_score	p_val	where
2	0.14560494319314332	0.000999000999000999	4964
2.4	0.24014628199918733	0.000999000999000999	1169
2.4.1	0.19226856561546288	0.000999000999000999	688
