EC	enrich_score	p_val	where
1	0.34359841246508893	0.000999000999000999	7834
1.1	0.001972942502818489	0.000999000999000999	6
1.1.1	0.0026246719160104987	0.000999000999000999	6
