EC	enrich_score	p_val	where
1	0.47214464206967516	0.000999000999000999	7601
1.1	0.016347237880496055	0.000999000999000999	152
1.1.1	0.020247469066366704	0.000999000999000999	152
