EC	enrich_score	p_val	where
2	0.1190950767390871	0.000999000999000999	3816
2.3	0.3266964648516863	0.000999000999000999	1731
2.3.1	0.2826984855438274	0.000999000999000999	1328
