EC	enrich_score	p_val	where
2	0.006178991429140921	0.000999000999000999	293
2.3	0.001219016659894352	0.000999000999000999	5
2.5	0.008726003490401396	0.000999000999000999	19
2.3.1	0.0013767783386874712	0.000999000999000999	5
2.5.1	0.009157509157509158	0.000999000999000999	19
