EC	enrich_score	p_val	where
3	0.0006269592476489029	0.01098901098901099	4
2	0.005082718756228822	0.000999000999000999	940
3.1	0.00200300450676014	0.000999000999000999	4
2.3	0.0040633888663145065	0.000999000999000999	19
3.1.1	0.005305039787798408	0.000999000999000999	4
2.3.1	0.004589261128958238	0.000999000999000999	19
