EC	enrich_score	p_val	where
2	0.1251744070161451	0.000999000999000999	7001
2.4	0.1950426655830963	0.000999000999000999	1132
2.4.1	0.1342828077314344	0.000999000999000999	825
