EC	enrich_score	p_val	where
2	0.16992226430137533	0.000999000999000999	3587
2.4	0.48354327509142625	0.000999000999000999	2030
2.4.1	0.4170905391658189	0.000999000999000999	2030
