EC	enrich_score	p_val	where
2	0.05670719553518039	0.000999000999000999	3315
2.4	0.015847216578626575	0.000999000999000999	450
2.4.1	0.006612410986775178	0.000999000999000999	17
