EC	enrich_score	p_val	where
1	0.026532412171100986	0.000999000999000999	1940
1.14	0.005284015852047556	0.000999000999000999	101
1.14.14	0.0035945363048166786	0.000999000999000999	4
