EC	enrich_score	p_val	where
1	0.008819638394825812	0.000999000999000999	598
1.3	0.05121107266435986	0.000999000999000999	120
1.3.8	0.034013605442176874	0.000999000999000999	11
