EC	enrich_score	p_val	where
1	0.038365427017492286	0.000999000999000999	5080
1.2	0.0019212295869356388	0.000999000999000999	6
1.2.3	0.03773584905660377	0.000999000999000999	6
