EC	enrich_score	p_val	where
1	0.05299132735557842	0.000999000999000999	3059
1.14	0.02157639806252752	0.000999000999000999	489
1.14.19	0.1523046092184369	0.000999000999000999	157
