EC	enrich_score	p_val	where
3	0.005329153605015674	0.000999000999000999	129
2	0.02342037073948575	0.000999000999000999	1853
3.2	0.023952095808383235	0.000999000999000999	129
3.2.1	0.02689075630252101	0.000999000999000999	129
