EC	enrich_score	p_val	where
4	0.004206098843322818	0.000999000999000999	9
1	0.020358665294722918	0.000999000999000999	2205
4.2	0.008376963350785341	0.000999000999000999	9
1.13	0.0351288056206089	0.000999000999000999	68
4.2.1	0.014598540145985401	0.000999000999000999	9
1.13.11	0.04482758620689655	0.000999000999000999	54
