EC	enrich_score	p_val	where
2	0.08521028503089496	0.000999000999000999	4996
2.3	0.04510361641609102	0.000999000999000999	248
2.3.1	0.039926571821936666	0.000999000999000999	248
