EC	enrich_score	p_val	where
2	0.17071955351803866	0.000999000999000999	4456
2.4	0.40796424217797644	0.000999000999000999	2100
2.4.1	0.3392675483214649	0.000999000999000999	1943
