EC	enrich_score	p_val	where
4	0.0031545741324921135	0.000999000999000999	5
4.1	0.008849557522123894	0.000999000999000999	4
4.1.99	0.05263157894736842	0.000999000999000999	3
