EC	enrich_score	p_val	where
2	0.028802072951963326	0.000999000999000999	713
3	0.003761755485893417	0.000999000999000999	1652
2.7	0.14099347717009533	0.000999000999000999	713
3.6	0.007905138339920948	0.000999000999000999	1652
2.7.2	0.14814814814814814	0.000999000999000999	19
