EC	enrich_score	p_val	where
1	0.009481111274437747	0.000999000999000999	889
1.14	0.00022016732716864817	0.014985014985014986	0
1.11	0.003389830508474576	0.000999000999000999	5
1.14.18	0.007692307692307693	0.000999000999000999	0
1.11.1	0.004	0.000999000999000999	5
