EC	enrich_score	p_val	where
2	0.12198525014949173	0.000999000999000999	1726
2.1	0.636760124610592	0.000999000999000999	1726
2.1.1	0.6453407510431154	0.000999000999000999	1726
