EC	enrich_score	p_val	where
2	0.01754036276659358	0.000999000999000999	442
2.7	0.03161063723030607	0.000999000999000999	108
2.7.8	0.15454545454545454	0.000999000999000999	108
