EC	enrich_score	p_val	where
1	0.03395560782007938	0.000999000999000999	3515
1.13	0.00234192037470726	0.000999000999000999	30
1.13.12	0.010638297872340425	0.000999000999000999	30
