EC	enrich_score	p_val	where
2	0.11929439904325294	0.000999000999000999	2079
2.3	0.4534741974806989	0.000999000999000999	1810
2.3.3	0.1276595744680851	0.000999000999000999	5
2.3.1	0.4304726938962827	0.000999000999000999	1806
