EC	enrich_score	p_val	where
1	0.47457004262825225	0.000999000999000999	7606
1.1	0.0002818489289740699	0.014985014985014986	4
1.1.1	0.0003749531308586427	0.013986013986013986	4
