EC	enrich_score	p_val	where
3	0.005172413793103448	0.000999000999000999	92
3.1	0.012018027040560842	0.000999000999000999	51
3.1.4	0.05752212389380531	0.000999000999000999	19
