EC	enrich_score	p_val	where
2	0.11889575443492127	0.000999000999000999	6510
2.4	0.1852905323039415	0.000999000999000999	1207
2.4.1	0.12360122075279756	0.000999000999000999	953
