EC	enrich_score	p_val	where
3	0.00109717868338558	0.000999000999000999	12
3.4	0.007462686567164179	0.000999000999000999	11
3.4.11	0.02027027027027027	0.000999000999000999	5
