EC	enrich_score	p_val	where
1	0.4733205938556519	0.000999000999000999	7586
1.1	0.043122886133032695	0.000999000999000999	585
1.1.1	0.05324334458192726	0.000999000999000999	291
