EC	enrich_score	p_val	where
2	0.01714171815826191	0.000999000999000999	521
2.7	0.03311590566984446	0.000999000999000999	103
2.7.8	0.16666666666666666	0.000999000999000999	77
