EC	enrich_score	p_val	where
1	0.4742025576951345	0.000999000999000999	7630
1.1	0.0758173618940248	0.000999000999000999	414
1.1.1	0.0896137982752156	0.000999000999000999	414
