EC	enrich_score	p_val	where
2	0.1201913494119992	0.000999000999000999	1725
2.3	0.45916294189353923	0.000999000999000999	1725
2.3.1	0.4359798072510326	0.000999000999000999	1725
