EC	enrich_score	p_val	where
2	0.1103248953557903	0.000999000999000999	1893
2.1	0.5607476635514018	0.000999000999000999	1072
2.1.1	0.5674547983310153	0.000999000999000999	1072
