EC	enrich_score	p_val	where
1	0.21233279435543143	0.000999000999000999	4111
1.2	0.024015369836695485	0.000999000999000999	43
1.2.1|1	0.03571428571428571	0.000999000999000999	1
1.2.1	0.02230971128608924	0.000999000999000999	36
