EC	enrich_score	p_val	where
4	0.0005257623554153522	0.01998001998001998	0
3	0.006426332288401254	0.000999000999000999	122
4.2	0.0010471204188481676	0.000999000999000999	0
3.1	0.011517275913870806	0.000999000999000999	73
4.2.1	0.0018248175182481751	0.000999000999000999	0
3.1.1	0.001326259946949602	0.000999000999000999	73
