EC	enrich_score	p_val	where
1	0.47339409084227546	0.000999000999000999	7585
1.14	0.005284015852047556	0.000999000999000999	48
1.14.13	0.017351598173515982	0.000999000999000999	22
