EC	enrich_score	p_val	where
3	0.0012539184952978057	0.000999000999000999	13
2	0.03607733705401634	0.000999000999000999	3942
3.2	0.005988023952095809	0.000999000999000999	13
2.4	0.013409183258837871	0.000999000999000999	184
3.2.1	0.0067226890756302525	0.000999000999000999	13
2.4.99	0.029197080291970802	0.000999000999000999	42
