EC	enrich_score	p_val	where
1	0.023298544759664853	0.000999000999000999	1679
1.14	0.04491413474240423	0.000999000999000999	280
1.14.99	0.01694915254237288	0.000999000999000999	11
1.14.19	0.1903807615230461	0.000999000999000999	259
