EC	enrich_score	p_val	where
1	0.4744965456416287	0.000999000999000999	7612
1.1	0.001972942502818489	0.000999000999000999	13
1.1.1	0.0022497187851518562	0.000999000999000999	9
