EC	enrich_score	p_val	where
2	0.1272672912098864	0.000999000999000999	1574
2.1	0.7096573208722742	0.000999000999000999	1330
2.1.1	0.7280945757997218	0.000999000999000999	1330
