EC	enrich_score	p_val	where
1	0.003968837277671615	0.000999000999000999	69
1.17	0.09539473684210527	0.000999000999000999	68
1.17.4	0.37662337662337664	0.000999000999000999	68
