EC	enrich_score	p_val	where
1	0.010877554020285169	0.000999000999000999	900
1.10	0.006802721088435374	0.000999000999000999	0
1.11	0.003389830508474576	0.000999000999000999	8
1.10.3	0.009259259259259259	0.000999000999000999	0
1.11.1	0.004	0.000999000999000999	8
