EC	enrich_score	p_val	where
1	0.0006614728796119359	0.01098901098901099	15
5	0.12195121951219512	0.000999000999000999	326
1.97	0.022727272727272728	0.000999000999000999	0
1.8	0.008849557522123894	0.000999000999000999	4
5.1	0.07936507936507936	0.000999000999000999	326
1.97.1	0.023255813953488372	0.000999000999000999	0
1.8.2	0.07407407407407407	0.000999000999000999	3
