EC	enrich_score	p_val	where
3	0.00799373040752351	0.000999000999000999	270
3.2	0.01347305389221557	0.000999000999000999	93
3.2.1	0.013445378151260505	0.000999000999000999	93
