EC	enrich_score	p_val	where
2	0.1687263304763803	0.000999000999000999	4202
2.4	0.4937017472572125	0.000999000999000999	2136
2.4.1	0.42472024415055953	0.000999000999000999	2132
