EC	enrich_score	p_val	where
6	0.06153846153846154	0.000999000999000999	261
2	0.08092485549132948	0.000999000999000999	6715
6.3|6	0.058823529411764705	0.000999000999000999	0
6.3	0.046511627906976744	0.000999000999000999	106
6.3|6.3	0.058823529411764705	0.000999000999000999	0
6.3.-	0.42857142857142855	0.000999000999000999	6
