EC	enrich_score	p_val	where
6	0.036923076923076927	0.000999000999000999	53
2	0.10294997010165438	0.000999000999000999	5937
6.2	0.09856262833675565	0.000999000999000999	53
2.3	0.008939455505891914	0.000999000999000999	274
6.2.1	0.1038961038961039	0.000999000999000999	53
2.3.1	0.0018357044515832951	0.000999000999000999	274
