EC	enrich_score	p_val	where
5	0.00430416068866571	0.000999000999000999	2
1	0.000514478906364839	0.01998001998001998	45
5.3	0.014285714285714285	0.000999000999000999	2
1.1	0.0014092446448703494	0.000999000999000999	45
5.3.1	0.034482758620689655	0.000999000999000999	2
