EC	enrich_score	p_val	where
1	0.003674849331177422	0.000999000999000999	993
1.14	0.0006605019815059445	0.001998001998001998	4
1.14.15	0.003401360544217687	0.000999000999000999	1
1.14.14	0.0007189072609633358	0.000999000999000999	4
