EC	enrich_score	p_val	where
1	0.47111568425694544	0.000999000999000999	7592
1.14	0.001100836635843241	0.000999000999000999	4
1.14.-	0.023809523809523808	0.000999000999000999	2
