EC	enrich_score	p_val	where
2	0.11600558102451665	0.000999000999000999	6405
2.7	0.005017561465127948	0.000999000999000999	22
2.4	0.002438033319788704	0.000999000999000999	911
2.7.8	0.024242424242424242	0.000999000999000999	7
