EC	enrich_score	p_val	where
3	0.00109717868338558	0.000999000999000999	14
2	0.006178991429140921	0.000999000999000999	937
3.1	0.0035052578868302454	0.000999000999000999	14
3.1.1	0.009283819628647215	0.000999000999000999	14
