EC	enrich_score	p_val	where
1	0.00036748493311774215	0.04695304695304695	67
1.1	0.0005636978579481398	0.002997002997002997	49
1.1.99	0.00823045267489712	0.000999000999000999	49
