EC	enrich_score	p_val	where
2	0.019433924656169024	0.000999000999000999	473
2.8	0.2831858407079646	0.000999000999000999	160
2.8.2	0.49206349206349204	0.000999000999000999	156
