EC	enrich_score	p_val	where
1	0.0188152285756284	0.000999000999000999	1637
1.3	0.01245674740484429	0.000999000999000999	36
1.3.99	0.04975124378109453	0.000999000999000999	10
