EC	enrich_score	p_val	where
4	0.007886435331230283	0.000999000999000999	32
4.3	0.017391304347826087	0.000999000999000999	1
4.3.1	0.029411764705882353	0.000999000999000999	1
