EC	enrich_score	p_val	where
3	0.04216300940438871	0.000999000999000999	1723
3.2	0.0875748502994012	0.000999000999000999	478
3.2.1	0.08823529411764706	0.000999000999000999	478
