EC	enrich_score	p_val	where
1	0.47412906070851096	0.000999000999000999	7608
1.3	0.001384083044982699	0.000999000999000999	3
1.1	0.0016910935738444193	0.000999000999000999	33
1.3.1	0.0027548209366391185	0.000999000999000999	3
1.1.1	0.0022497187851518562	0.000999000999000999	33
