EC	enrich_score	p_val	where
1	0.023078053799794208	0.000999000999000999	1612
1.14	0.00022016732716864817	0.014985014985014986	1
1.14.-	0.007936507936507936	0.000999000999000999	1
