EC	enrich_score	p_val	where
3	0.061442006269592474	0.000999000999000999	884
3.4	0.14303482587064675	0.000999000999000999	274
3.4.17	0.025	0.000999000999000999	1
3.4.16	0.022222222222222223	0.000999000999000999	4
