EC	enrich_score	p_val	where
1	0.022710568866676467	0.000999000999000999	2675
1.14	0.021796565389696168	0.000999000999000999	276
1.14.15	0.027210884353741496	0.000999000999000999	8
