EC	enrich_score	p_val	where
3	0.011128526645768026	0.000999000999000999	152
3.1	0.026039058587881823	0.000999000999000999	127
3.1.3	0.03461538461538462	0.000999000999000999	25
