EC	enrich_score	p_val	where
4	0.0005257623554153522	0.01998001998001998	0
2	0.00039864460833167234	0.04695304695304695	12
4.4	0.006369426751592357	0.000999000999000999	0
2.5	0.006980802792321117	0.000999000999000999	12
4.4.1	0.00641025641025641	0.000999000999000999	0
2.5.1	0.007326007326007326	0.000999000999000999	12
