EC	enrich_score	p_val	where
1	0.3768925474055564	0.000999000999000999	7636
1.1	0.04171364148816235	0.000999000999000999	194
1.1.1	0.05174353205849269	0.000999000999000999	194
