EC	enrich_score	p_val	where
3	0.00109717868338558	0.000999000999000999	15
2	0.08879808650588	0.000999000999000999	6097
3.2	0.005239520958083832	0.000999000999000999	15
2.4	0.05729378301503454	0.000999000999000999	750
3.2.1	0.0058823529411764705	0.000999000999000999	15
2.4.99	0.021897810218978103	0.000999000999000999	92
