EC	enrich_score	p_val	where
2	0.05391668327685868	0.000999000999000999	8584
2.7	0.027596588058203714	0.000999000999000999	286
2.7.4	0.027586206896551724	0.000999000999000999	3
2.7.7	0.030120481927710843	0.000999000999000999	82
