EC	enrich_score	p_val	where
2	0.00039864460833167234	0.04695304695304695	3
5	0.15351506456241032	0.000999000999000999	302
2.3	0.0016253555465258025	0.000999000999000999	3
5.1	0.19576719576719576	0.000999000999000999	302
2.3.1	0.0018357044515832951	0.000999000999000999	3
