EC	enrich_score	p_val	where
2	0.11381303567869244	0.000999000999000999	5831
2.7	0.006522829904666332	0.000999000999000999	35
2.4	0.0321007720438846	0.000999000999000999	1027
2.7.8	0.03636363636363636	0.000999000999000999	14
