EC	enrich_score	p_val	where
1	0.015140379244450978	0.000999000999000999	2364
1.13	0.09601873536299765	0.000999000999000999	83
1.13.11	0.12758620689655173	0.000999000999000999	83
