EC	enrich_score	p_val	where
3	0.0032915360501567397	0.000999000999000999	55
3.2	0.014221556886227544	0.000999000999000999	55
3.2.2	0.1450381679389313	0.000999000999000999	55
