EC	enrich_score	p_val	where
2	0.14989037273270878	0.000999000999000999	4422
2.4	0.25152377082486793	0.000999000999000999	1182
2.4.1	0.19328585961342828	0.000999000999000999	960
