EC	enrich_score	p_val	where
3	0.03338557993730407	0.000999000999000999	747
3.1	0.06259389083625438	0.000999000999000999	537
3.1.3	0.046153846153846156	0.000999000999000999	36
