EC	enrich_score	p_val	where
1	0.02947229163604292	0.000999000999000999	1515
1.14	0.04447380008806693	0.000999000999000999	269
1.14.99	0.00847457627118644	0.000999000999000999	2
1.14.19	0.18637274549098196	0.000999000999000999	268
