EC	enrich_score	p_val	where
1	0.43620461561075996	0.000999000999000999	7406
1.3	0.004844290657439446	0.000999000999000999	7
1.3.1	0.009641873278236915	0.000999000999000999	7
