EC	enrich_score	p_val	where
2	0.0794299382100857	0.000999000999000999	2807
2.3	0.26371393742381144	0.000999000999000999	1498
2.3.1	0.23818265259293253	0.000999000999000999	1498
