EC	enrich_score	p_val	where
1	0.47383507276201675	0.000999000999000999	7579
1.14	0.0033025099075297227	0.000999000999000999	28
1.14.15	0.006802721088435374	0.000999000999000999	2
1.14.13	0.0027397260273972603	0.000999000999000999	18
