EC	enrich_score	p_val	where
2	0.16294598365557106	0.000999000999000999	6092
2.4	0.2694026818366518	0.000999000999000999	1450
2.4.1	0.21871820956256358	0.000999000999000999	847
