EC	enrich_score	p_val	where
5	0.0014347202295552368	0.000999000999000999	0
4	0.0010515247108307045	0.000999000999000999	3
5.3	0.004761904761904762	0.000999000999000999	0
4.1	0.0035398230088495575	0.000999000999000999	3
5.3.1|5	0.5	0.000999000999000999	0
