EC	enrich_score	p_val	where
2	0.16733107434721944	0.000999000999000999	4464
2.4	0.42015440877691995	0.000999000999000999	1740
2.4.1|2	0.008620689655172414	0.000999000999000999	5
2.4.1	0.3474059003051882	0.000999000999000999	1694
