EC	enrich_score	p_val	where
1	0.010730560047038071	0.000999000999000999	338
1.14	0.023117569352708058	0.000999000999000999	238
1.14.11	0.2918149466192171	0.000999000999000999	156
