EC	enrich_score	p_val	where
1	0.014699397324709687	0.000999000999000999	3217
1.13	0.01873536299765808	0.000999000999000999	8
1.13.11	0.02413793103448276	0.000999000999000999	7
