EC	enrich_score	p_val	where
3	0.0025078369905956114	0.000999000999000999	35
3.5	0.018497109826589597	0.000999000999000999	35
3.5.4	0.09278350515463918	0.000999000999000999	24
