EC	enrich_score	p_val	where
2	0.1537771576639426	0.000999000999000999	4706
2.4	0.22754977651361236	0.000999000999000999	1557
2.4.99	0.18248175182481752	0.000999000999000999	27
2.4.1	0.13987792472024416	0.000999000999000999	1373
