EC	enrich_score	p_val	where
2	0.12756627466613515	0.000999000999000999	1591
2.1	0.7115264797507788	0.000999000999000999	1349
2.1.1|2	0.02127659574468085	0.000999000999000999	0
2.1.1	0.7301808066759388	0.000999000999000999	1349
