EC	enrich_score	p_val	where
2	0.001195933824995017	0.000999000999000999	56
2.6	0.014814814814814815	0.000999000999000999	5
2.6.1	0.0160857908847185	0.000999000999000999	5
