EC	enrich_score	p_val	where
3	0.005015673981191223	0.000999000999000999	118
3.2	0.020209580838323353	0.000999000999000999	46
3.2.1	0.02100840336134454	0.000999000999000999	46
