EC	enrich_score	p_val	where
2	0.00039864460833167234	0.04695304695304695	6
2.7	0.0005017561465127947	0.002997002997002997	0
2.7.3	0.03571428571428571	0.000999000999000999	0
