EC	enrich_score	p_val	where
2	0.041160055810245164	0.000999000999000999	1381
2.7	0.18966382338183643	0.000999000999000999	1281
2.7.11	0.12878787878787878	0.000999000999000999	22
2.7.1	0.03333333333333333	0.000999000999000999	652
