EC	enrich_score	p_val	where
2	0.10344827586206896	0.000999000999000999	2059
2.3	0.35514018691588783	0.000999000999000999	1692
2.3.1	0.328132170720514	0.000999000999000999	1604
