EC	enrich_score	p_val	where
4	0.0005257623554153522	0.01998001998001998	27
1	0.0005879758929883875	0.013986013986013986	65
1.14	0.00022016732716864817	0.014985014985014986	24
4.2	0.0010471204188481676	0.000999000999000999	27
1.14.15	0.003401360544217687	0.000999000999000999	24
4.2.1	0.0018248175182481751	0.000999000999000999	27
