EC	enrich_score	p_val	where
1	0.47185065412318095	0.000999000999000999	7568
1.14	0.0015411712901805372	0.000999000999000999	10
1.1	0.0033821871476888386	0.000999000999000999	101
1.14.13	0.006392694063926941	0.000999000999000999	10
1.1.1	0.0022497187851518562	0.000999000999000999	101
