EC	enrich_score	p_val	where
1	0.2994267235043363	0.000999000999000999	8053
1.3	0.0657439446366782	0.000999000999000999	219
1.3.1	0.1115702479338843	0.000999000999000999	219
