EC	enrich_score	p_val	where
2	0.07285230217261311	0.000999000999000999	3991
2.4	0.0312880942706217	0.000999000999000999	919
2.4.2	0.013215859030837005	0.000999000999000999	2
2.4.1	0.00254323499491353	0.000999000999000999	62
