EC	enrich_score	p_val	where
3	0.0020376175548589342	0.000999000999000999	88
3.2	0.0029940119760479044	0.000999000999000999	18
3.2.2	0.030534351145038167	0.000999000999000999	18
