EC	enrich_score	p_val	where
1	0.0014699397324709686	0.000999000999000999	76
5	0.02295552367288379	0.000999000999000999	432
1.5	0.0029154518950437317	0.000999000999000999	1
1.5.8	0.05263157894736842	0.000999000999000999	1
