EC	enrich_score	p_val	where
2	0.0005979669124975084	0.013986013986013986	32
3	0.035579937304075236	0.000999000999000999	1781
2.4	0.002438033319788704	0.000999000999000999	32
3.2	0.07709580838323353	0.000999000999000999	358
2.4.1	0.003051881993896236	0.000999000999000999	32
3.2.1	0.07815126050420168	0.000999000999000999	358
