EC	enrich_score	p_val	where
1	0.4725121270027929	0.000999000999000999	7593
1.3	0.0006920415224913495	0.001998001998001998	0
1.1	0.0005636978579481398	0.002997002997002997	3
1.14	0.006825187142228093	0.000999000999000999	219
1.3.1|1	0.07142857142857142	0.000999000999000999	0
1.1.1	0.0007499062617172854	0.000999000999000999	3
