EC	enrich_score	p_val	where
1	0.4736880787887697	0.000999000999000999	7612
1.1	0.002818489289740699	0.000999000999000999	11
1.14	0.00044033465433729633	0.002997002997002997	252
1.1.1	0.0037495313085864268	0.000999000999000999	11
