EC	enrich_score	p_val	where
5	0.00430416068866571	0.000999000999000999	2
5.3	0.014285714285714285	0.000999000999000999	2
5.3.99	0.16666666666666666	0.000999000999000999	2
