EC	enrich_score	p_val	where
2	0.004983057604145904	0.000999000999000999	67
2.5	0.08726003490401396	0.000999000999000999	67
2.5.1	0.06593406593406594	0.000999000999000999	67
