EC	enrich_score	p_val	where
1	0.025135969425253566	0.000999000999000999	1322
1.14	0.0006605019815059445	0.001998001998001998	3
1.14.-	0.023809523809523808	0.000999000999000999	3
