EC	enrich_score	p_val	where
2	0.062487542355989634	0.000999000999000999	1120
2.1	0.2585669781931464	0.000999000999000999	863
2.1.1	0.2524339360222531	0.000999000999000999	863
