EC	enrich_score	p_val	where
2	0.12118796093282838	0.000999000999000999	1751
2.3	0.45469321414059327	0.000999000999000999	1740
2.3.1	0.43184947223497017	0.000999000999000999	1740
