EC	enrich_score	p_val	where
4	0.0005257623554153522	0.01998001998001998	0
2	0.008072553318716364	0.000999000999000999	1094
4.4	0.006369426751592357	0.000999000999000999	0
4.4.1	0.00641025641025641	0.000999000999000999	0
