EC	enrich_score	p_val	where
1	0.008672644421578715	0.000999000999000999	384
1.11	0.003389830508474576	0.000999000999000999	0
1.3	0.0006920415224913495	0.001998001998001998	6
1.11.1	0.004	0.000999000999000999	0
1.3.1	0.0013774104683195593	0.000999000999000999	6
