EC	enrich_score	p_val	where
2	0.06258720350807255	0.000999000999000999	3536
2.3	0.013409183258837871	0.000999000999000999	155
2.3.1	0.011932078935291418	0.000999000999000999	140
