EC	enrich_score	p_val	where
3	0.0034482758620689655	0.000999000999000999	35
3.5	0.016184971098265895	0.000999000999000999	22
3.5.4	0.12371134020618557	0.000999000999000999	22
