EC	enrich_score	p_val	where
4	0.0005257623554153522	0.01998001998001998	27
