EC	enrich_score	p_val	where
6	0.08692307692307692	0.000999000999000999	315
2	0.06896551724137931	0.000999000999000999	6665
6.3	0.05232558139534884	0.000999000999000999	61
6.3.4	0.06666666666666667	0.000999000999000999	4
