EC	enrich_score	p_val	where
3	0.00109717868338558	0.000999000999000999	8
2	0.012557305162447678	0.000999000999000999	1707
3.1	0.00100150225338007	0.000999000999000999	1
3.2	0.002245508982035928	0.000999000999000999	8
3.1.6	0.02857142857142857	0.000999000999000999	1
3.2.1	0.0025210084033613447	0.000999000999000999	8
