EC	enrich_score	p_val	where
1	0.007717183595472586	0.000999000999000999	133
1.8	0.04129793510324484	0.000999000999000999	14
1.8.4	0.175	0.000999000999000999	14
