EC	enrich_score	p_val	where
2	0.08421367351006577	0.000999000999000999	5287
2.4	0.05444941080861439	0.000999000999000999	312
2.4.99	0.1386861313868613	0.000999000999000999	24
