EC	enrich_score	p_val	where
3	0.0006269592476489029	0.01098901098901099	3
5	0.14634146341463414	0.000999000999000999	307
3.4	0.0012437810945273632	0.000999000999000999	0
5.1	0.17989417989417988	0.000999000999000999	307
3.4.14	0.024390243902439025	0.000999000999000999	0
