EC	enrich_score	p_val	where
1	0.4719241511098045	0.000999000999000999	7590
1.1	0.03269447576099211	0.000999000999000999	196
1.1.1	0.04274465691788527	0.000999000999000999	196
