EC	enrich_score	p_val	where
6	0.06769230769230769	0.000999000999000999	170
2	0.10165437512457644	0.000999000999000999	5386
6.2	0.07597535934291581	0.000999000999000999	69
6.2.1	0.06060606060606061	0.000999000999000999	68
