EC	enrich_score	p_val	where
1	0.028002351903571955	0.000999000999000999	6276
1.1	0.0014092446448703494	0.000999000999000999	69
1.1.99	0.0205761316872428	0.000999000999000999	69
