EC	enrich_score	p_val	where
5	0.024390243902439025	0.000999000999000999	55
5.4	0.0472972972972973	0.000999000999000999	17
5.4.99	0.0875	0.000999000999000999	17
