EC	enrich_score	p_val	where
3	0.001567398119122257	0.000999000999000999	24
3.2	0.004491017964071856	0.000999000999000999	9
3.2.2	0.04580152671755725	0.000999000999000999	9
