EC	enrich_score	p_val	where
6	0.06384615384615384	0.000999000999000999	184
2	0.09697030097667929	0.000999000999000999	4699
6.3	0.03682170542635659	0.000999000999000999	57
6.3.2	0.043478260869565216	0.000999000999000999	18
