EC	enrich_score	p_val	where
1	0.4742025576951345	0.000999000999000999	7578
1.14	0.0048436811977102595	0.000999000999000999	39
1.14.12	0.15267175572519084	0.000999000999000999	39
