EC	enrich_score	p_val	where
2	0.1724137931034483	0.000999000999000999	3949
2.4	0.5298659081674116	0.000999000999000999	2231
2.4.1	0.46286876907426244	0.000999000999000999	2231
