EC	enrich_score	p_val	where
2	0.16483954554514652	0.000999000999000999	4645
2.7	0.03261414952333166	0.000999000999000999	97
2.4	0.24299065420560748	0.000999000999000999	2273
2.7.7	0.15963855421686746	0.000999000999000999	77
2.4.1	0.12156663275686673	0.000999000999000999	2065
