EC	enrich_score	p_val	where
1	0.16794061443480818	0.000999000999000999	3321
1.1	0.0036640360766629085	0.000999000999000999	24
1.2	0.09317963496637849	0.000999000999000999	161
1.1.1	0.004874390701162355	0.000999000999000999	24
1.2.1	0.1272965879265092	0.000999000999000999	161
