EC	enrich_score	p_val	where
1	0.0006614728796119359	0.01098901098901099	9
5	0.14634146341463414	0.000999000999000999	306
1.97	0.022727272727272728	0.000999000999000999	2
1.21	0.021052631578947368	0.000999000999000999	7
5.1	0.17989417989417988	0.000999000999000999	306
1.97.1	0.023255813953488372	0.000999000999000999	2
1.21.99	0.06666666666666667	0.000999000999000999	7
