EC	enrich_score	p_val	where
1	0.4719241511098045	0.000999000999000999	7551
1.14	0.002642007926023778	0.000999000999000999	12
1.14.13	0.010958904109589041	0.000999000999000999	12
