EC	enrich_score	p_val	where
1	0.024768484492135822	0.000999000999000999	3425
1.1	0.0014092446448703494	0.000999000999000999	7
1.1.3	0.016216216216216217	0.000999000999000999	5
