EC	enrich_score	p_val	where
1	0.4740555637218874	0.000999000999000999	7621
1.1	0.0016910935738444193	0.000999000999000999	92
1.1.1	0.0011248593925759281	0.000999000999000999	8
