EC	enrich_score	p_val	where
1	0.05688666764662649	0.000999000999000999	3704
1.14	0.02289740202553941	0.000999000999000999	317
1.14.19	0.15831663326653306	0.000999000999000999	152
