EC	enrich_score	p_val	where
1	0.2917830368954873	0.000999000999000999	7140
1.1	0.03720405862457723	0.000999000999000999	186
1.1.1	0.04461942257217848	0.000999000999000999	176
