EC	enrich_score	p_val	where
2	0.1725134542555312	0.000999000999000999	4004
2.4	0.44900446972775293	0.000999000999000999	2076
2.4.1	0.3708036622583927	0.000999000999000999	2049
