EC	enrich_score	p_val	where
1	0.4742025576951345	0.000999000999000999	7581
1.1	0.010992108229988726	0.000999000999000999	99
1.1.1	0.014623172103487065	0.000999000999000999	99
