EC	enrich_score	p_val	where
2	0.04345226230815228	0.000999000999000999	1649
2.7	0.1851480180632213	0.000999000999000999	756
2.7.1	0.23793103448275862	0.000999000999000999	386
