EC	enrich_score	p_val	where
5	0.13916786226685796	0.000999000999000999	321
5.1	0.13227513227513227	0.000999000999000999	321
