EC	enrich_score	p_val	where
2	0.17131752043053616	0.000999000999000999	3649
2.4	0.510361641609102	0.000999000999000999	2059
2.4.1	0.43438453713123093	0.000999000999000999	1949
