EC	enrich_score	p_val	where
4	0.11303890641430074	0.000999000999000999	338
4.2	0.22303664921465968	0.000999000999000999	338
4.2.3	0.45955882352941174	0.000999000999000999	326
