EC	enrich_score	p_val	where
4	0.002103049421661409	0.000999000999000999	3
1	0.023592532706159047	0.000999000999000999	1291
4.1	0.007079646017699115	0.000999000999000999	3
1.13	0.0234192037470726	0.000999000999000999	35
4.1.1|4	0.16666666666666666	0.000999000999000999	3
1.13.11	0.034482758620689655	0.000999000999000999	35
