EC	enrich_score	p_val	where
5	0.0014347202295552368	0.000999000999000999	3
5.4	0.006756756756756757	0.000999000999000999	3
