EC	enrich_score	p_val	where
2	0.002890173410404624	0.000999000999000999	70
2.1	0.013707165109034268	0.000999000999000999	60
2.1.2	0.1076923076923077	0.000999000999000999	12
