EC	enrich_score	p_val	where
2	0.024715965716563683	0.000999000999000999	869
2.7	0.07124937280481686	0.000999000999000999	548
2.7.7	0.02108433734939759	0.000999000999000999	6
