EC	enrich_score	p_val	where
2	0.12039067171616503	0.000999000999000999	1733
2.3	0.460788297440065	0.000999000999000999	1692
2.3.1	0.4378155117026159	0.000999000999000999	1692
