EC	enrich_score	p_val	where
1	0.0013964427458474202	0.000999000999000999	23
5	0.13199426111908177	0.000999000999000999	320
1.14	0.00022016732716864817	0.014985014985014986	0
1.21	0.031578947368421054	0.000999000999000999	7
5.1	0.12698412698412698	0.000999000999000999	320
1.14.-	0.007936507936507936	0.000999000999000999	0
1.21.99	0.1	0.000999000999000999	7
