EC	enrich_score	p_val	where
3	0.013322884012539185	0.000999000999000999	736
3.1	0.020530796194291438	0.000999000999000999	239
3.1.1	0.04509283819628647	0.000999000999000999	43
