EC	enrich_score	p_val	where
2	0.03946581622483556	0.000999000999000999	1902
2.7	0.1625689914701455	0.000999000999000999	810
2.7.4	0.11724137931034483	0.000999000999000999	16
2.7.1	0.0367816091954023	0.000999000999000999	660
