EC	enrich_score	p_val	where
2	0.09836555710584015	0.000999000999000999	1933
2.3	0.3303535148313694	0.000999000999000999	1933
2.3.1	0.2955484167049105	0.000999000999000999	1899
