EC	enrich_score	p_val	where
2	0.01604544548534981	0.000999000999000999	478
2.7	0.02960361264425489	0.000999000999000999	72
2.7.8	0.14242424242424243	0.000999000999000999	72
