EC	enrich_score	p_val	where
2	0.16802870241179987	0.000999000999000999	3704
2.4	0.4924827305973182	0.000999000999000999	2170
2.4.1	0.4252288911495422	0.000999000999000999	2057
