EC	enrich_score	p_val	where
3	0.0004702194357366771	0.030969030969030968	2
2	0.06956348415387682	0.000999000999000999	3073
3.1	0.0015022533800701052	0.000999000999000999	2
2.3	0.0028443722064201544	0.000999000999000999	63
3.1.2	0.013761467889908258	0.000999000999000999	2
2.3.1	0.0018357044515832951	0.000999000999000999	21
