EC	enrich_score	p_val	where
4	0.0005257623554153522	0.01998001998001998	1
4.4	0.006369426751592357	0.000999000999000999	1
4.4.1	0.00641025641025641	0.000999000999000999	1
