EC	enrich_score	p_val	where
3	0.04122257053291536	0.000999000999000999	1075
3.2	0.09356287425149701	0.000999000999000999	506
3.2.1	0.09327731092436975	0.000999000999000999	506
