EC	enrich_score	p_val	where
3	0.007210031347962382	0.000999000999000999	604
3.1	0.00100150225338007	0.000999000999000999	1
3.2	0.002245508982035928	0.000999000999000999	15
3.1.3	0.0038461538461538464	0.000999000999000999	1
3.2.1	0.0025210084033613447	0.000999000999000999	15
