EC	enrich_score	p_val	where
3	0.0006269592476489029	0.01098901098901099	4
2	0.17281243771177995	0.000999000999000999	3794
3.2	0.0014970059880239522	0.000999000999000999	4
2.4	0.47013409183258836	0.000999000999000999	1958
3.2.1	0.0016806722689075631	0.000999000999000999	4
2.4.1	0.40132248219735506	0.000999000999000999	1952
