EC	enrich_score	p_val	where
2	0.04295395654773769	0.000999000999000999	676
2.7	0.21525338685398895	0.000999000999000999	676
2.7.1	0.29195402298850576	0.000999000999000999	348
