EC	enrich_score	p_val	where
2	0.03318716364361172	0.000999000999000999	4672
2.3	0.003250711093051605	0.000999000999000999	14
2.3.2	0.04597701149425287	0.000999000999000999	14
