EC	enrich_score	p_val	where
2	0.019035280047837354	0.000999000999000999	3456
2.7	0.0010035122930255895	0.000999000999000999	1
2.7.8	0.006060606060606061	0.000999000999000999	1
