EC	enrich_score	p_val	where
3	0.0004702194357366771	0.030969030969030968	9
2	0.1610524217659956	0.000999000999000999	4471
3.2	0.002245508982035928	0.000999000999000999	9
2.4	0.27874847622917515	0.000999000999000999	1937
2.4.1|2	0.008620689655172414	0.000999000999000999	0
3.2.1	0.0025210084033613447	0.000999000999000999	9
2.4.1	0.19786368260427264	0.000999000999000999	1835
