EC	enrich_score	p_val	where
2	0.007075941797887184	0.000999000999000999	6025
2.7	0.007526342197691922	0.000999000999000999	24
2.7.3	0.03571428571428571	0.000999000999000999	2
2.7.1	0.0034482758620689655	0.000999000999000999	12
