EC	enrich_score	p_val	where
2	0.000996611520829181	0.000999000999000999	23
1	0.0007349698662354843	0.004995004995004995	437
2.6	0.019753086419753086	0.000999000999000999	23
2.6.1	0.021447721179624665	0.000999000999000999	23
