EC	enrich_score	p_val	where
2	0.1725134542555312	0.000999000999000999	3321
2.4	0.48679398618447783	0.000999000999000999	2130
2.4.1	0.4069175991861648	0.000999000999000999	1776
