EC	enrich_score	p_val	where
2	0.04265497309148894	0.000999000999000999	4249
2.5	0.010471204188481676	0.000999000999000999	5
2.5.1|2	0.037037037037037035	0.000999000999000999	0
2.5.1	0.007326007326007326	0.000999000999000999	5
