EC	enrich_score	p_val	where
2	0.0005979669124975084	0.013986013986013986	107
2.1	0.0006230529595015577	0.001998001998001998	104
