EC	enrich_score	p_val	where
6	0.023076923076923078	0.000999000999000999	30
2	0.10574048235997609	0.000999000999000999	4466
6.2	0.055441478439425054	0.000999000999000999	27
6.2.1	0.049783549783549784	0.000999000999000999	27
