EC	enrich_score	p_val	where
1	0.01697780391003969	0.000999000999000999	3047
1.3	0.0006920415224913495	0.001998001998001998	0
1.3.3	0.009433962264150943	0.000999000999000999	0
