EC	enrich_score	p_val	where
1	0.008305159488460973	0.000999000999000999	793
1.14	0.0008806693086745927	0.000999000999000999	4
1.17	0.003289473684210526	0.000999000999000999	12
1.14.-	0.007936507936507936	0.000999000999000999	0
1.14.12	0.007633587786259542	0.000999000999000999	2
