EC	enrich_score	p_val	where
4	0.0026288117770767614	0.000999000999000999	8
4.1	0.008849557522123894	0.000999000999000999	8
4.1.1	0.016835016835016835	0.000999000999000999	8
