EC	enrich_score	p_val	where
3	0.004858934169278997	0.000999000999000999	83
3.1	0.014021031547320982	0.000999000999000999	61
3.1.4	0.07964601769911504	0.000999000999000999	18
