EC	enrich_score	p_val	where
4	0.0015772870662460567	0.000999000999000999	2
1	0.02954578862266647	0.000999000999000999	2562
4.2	0.0031413612565445027	0.000999000999000999	2
4.2.1	0.005474452554744526	0.000999000999000999	2
