EC	enrich_score	p_val	where
1	0.47412906070851096	0.000999000999000999	7610
1.3	0.002768166089965398	0.000999000999000999	9
1.1	0.0008455467869222097	0.000999000999000999	128
1.3.1	0.005509641873278237	0.000999000999000999	9
1.1.1	0.0007499062617172854	0.000999000999000999	23
