EC	enrich_score	p_val	where
2	0.0015945784333266893	0.000999000999000999	39
2.6	0.03950617283950617	0.000999000999000999	39
2.6.1	0.032171581769437	0.000999000999000999	39
