EC	enrich_score	p_val	where
1	0.021755108040570337	0.000999000999000999	3507
1.14	0.001321003963011889	0.000999000999000999	38
1.14.14	0.002875629043853343	0.000999000999000999	15
