EC	enrich_score	p_val	where
6	0.0038461538461538464	0.000999000999000999	11
2	0.0424556507873231	0.000999000999000999	1156
6.3	0.005813953488372093	0.000999000999000999	2
2.7	0.19869543401906672	0.000999000999000999	1156
6.3.2	0.010033444816053512	0.000999000999000999	2
2.7.1	0.01954022988505747	0.000999000999000999	795
