EC	enrich_score	p_val	where
4	0.0005257623554153522	0.01998001998001998	2
1	0.0021314126120829044	0.000999000999000999	128
4.3	0.008695652173913044	0.000999000999000999	2
1.4	0.01020408163265306	0.000999000999000999	29
4.3.1	0.014705882352941176	0.000999000999000999	2
