EC	enrich_score	p_val	where
1	0.007790680582096134	0.000999000999000999	608
1.14	0.00726552179656539	0.000999000999000999	134
1.14.15	0.003401360544217687	0.000999000999000999	0
