EC	enrich_score	p_val	where
1	0.4744965456416287	0.000999000999000999	7588
1.3	0.0006920415224913495	0.001998001998001998	0
1.5	0.0058309037900874635	0.000999000999000999	4
1.3.1	0.0013774104683195593	0.000999000999000999	0
1.5.1	0.013513513513513514	0.000999000999000999	4
