EC	enrich_score	p_val	where
1	0.014478906364839042	0.000999000999000999	1529
1.5	0.0029154518950437317	0.000999000999000999	0
1.21	0.021052631578947368	0.000999000999000999	3
1.5.99	0.014492753623188406	0.000999000999000999	0
