EC	enrich_score	p_val	where
3	0.009404388714733543	0.000999000999000999	519
3.1	0.010015022533800702	0.000999000999000999	251
3.1.3	0.0019230769230769232	0.000999000999000999	0
