EC	enrich_score	p_val	where
1	0.0014699397324709686	0.000999000999000999	234
1.7	0.004464285714285714	0.000999000999000999	0
1.7.99	0.03225806451612903	0.000999000999000999	0
