EC	enrich_score	p_val	where
2	0.009069164839545545	0.000999000999000999	364
2.3	0.007314099959366111	0.000999000999000999	43
2.3.1	0.008260670032124828	0.000999000999000999	43
