EC	enrich_score	p_val	where
2	0.004584412995814232	0.000999000999000999	48
3	0.04498432601880878	0.000999000999000999	1611
2.4	0.018691588785046728	0.000999000999000999	48
3.2	0.05464071856287425	0.000999000999000999	353
2.4.1	0.023397761953204477	0.000999000999000999	48
3.2.1	0.052941176470588235	0.000999000999000999	353
