EC	enrich_score	p_val	where
2	0.000996611520829181	0.000999000999000999	21
2.5	0.006980802792321117	0.000999000999000999	3
2.5.1	0.007326007326007326	0.000999000999000999	3
