EC	enrich_score	p_val	where
3	0.0028213166144200625	0.000999000999000999	56
1	0.014846391297956783	0.000999000999000999	4874
3.4	0.012437810945273632	0.000999000999000999	20
3.4.11	0.006756756756756757	0.000999000999000999	0
