EC	enrich_score	p_val	where
2	0.0010962726729120988	0.000999000999000999	52
2.6	0.0024691358024691358	0.000999000999000999	0
2.6.1	0.002680965147453083	0.000999000999000999	0
