EC	enrich_score	p_val	where
1	0.334631780097016	0.000999000999000999	7229
1.5	0.0029154518950437317	0.000999000999000999	0
1.1	0.0002818489289740699	0.014985014985014986	2
1.5.1	0.006756756756756757	0.000999000999000999	0
1.1.1|1	0.005714285714285714	0.000999000999000999	2
