EC	enrich_score	p_val	where
1	0.0006614728796119359	0.01098901098901099	9
5	0.14634146341463414	0.000999000999000999	306
1.1	0.0016910935738444193	0.000999000999000999	6
5.1	0.17989417989417988	0.000999000999000999	306
1.1.2	0.03076923076923077	0.000999000999000999	2
