EC	enrich_score	p_val	where
1	0.05313832132882552	0.000999000999000999	5906
1.1	0.0014092446448703494	0.000999000999000999	63
1.14	0.00022016732716864817	0.014985014985014986	104
1.1.99	0.0205761316872428	0.000999000999000999	63
