EC	enrich_score	p_val	where
1	0.0012494487726003234	0.000999000999000999	16
1.14	0.00022016732716864817	0.014985014985014986	0
1.17	0.009868421052631578	0.000999000999000999	6
1.3	0.0034602076124567475	0.000999000999000999	16
1.14.19	0.002004008016032064	0.000999000999000999	0
1.17.99	0.046875	0.000999000999000999	6
