EC	enrich_score	p_val	where
2	0.07404823599760814	0.000999000999000999	4039
2.3	0.017472572125152377	0.000999000999000999	194
2.3.1	0.018815970628728775	0.000999000999000999	194
