EC	enrich_score	p_val	where
1	0.47464353961487576	0.000999000999000999	7609
1.5	0.0029154518950437317	0.000999000999000999	1
1.3	0.001384083044982699	0.000999000999000999	10
1.14	0.0017613386173491853	0.000999000999000999	87
1.5.1	0.006756756756756757	0.000999000999000999	1
1.3.1	0.0027548209366391185	0.000999000999000999	10
