EC	enrich_score	p_val	where
1	0.001028957812729678	0.000999000999000999	22
5	0.133428981348637	0.000999000999000999	319
1.9	0.045454545454545456	0.000999000999000999	0
1.7	0.004464285714285714	0.000999000999000999	2
5.1	0.13227513227513227	0.000999000999000999	319
1.9.6	0.125	0.000999000999000999	0
1.7.99	0.03225806451612903	0.000999000999000999	2
