EC	enrich_score	p_val	where
2	0.04335260115606936	0.000999000999000999	4669
2.3	0.0004063388866314506	0.002997002997002997	0
2.4	0.0008126777732629012	0.000999000999000999	7
2.3.2	0.005747126436781609	0.000999000999000999	0
