EC	enrich_score	p_val	where
1	0.004997795090401293	0.000999000999000999	648
1.14	0.0015411712901805372	0.000999000999000999	11
1.14.99	0.00847457627118644	0.000999000999000999	2
