EC	enrich_score	p_val	where
1	0.4736145818021461	0.000999000999000999	7603
1.3	0.010380622837370242	0.000999000999000999	24
1.1	0.019729425028184894	0.000999000999000999	327
1.3.1	0.02066115702479339	0.000999000999000999	24
1.1.1	0.01949756280464942	0.000999000999000999	327
