EC	enrich_score	p_val	where
6	0.03076923076923077	0.000999000999000999	64
2	0.08461231811839745	0.000999000999000999	6671
6.1	0.13793103448275862	0.000999000999000999	32
6.1.1	0.1497326203208556	0.000999000999000999	32
