EC	enrich_score	p_val	where
7	0.01818181818181818	0.000999000999000999	4
1	0.019476701455240334	0.000999000999000999	751
7.1	0.07142857142857142	0.000999000999000999	4
7.1.1	0.07407407407407407	0.000999000999000999	4
