EC	enrich_score	p_val	where
6	0.10692307692307693	0.000999000999000999	294
2	0.07913095475383695	0.000999000999000999	7088
6.2	0.028747433264887063	0.000999000999000999	15
6.3	0.025193798449612403	0.000999000999000999	92
6.2.1	0.030303030303030304	0.000999000999000999	15
6.3.2	0.023411371237458192	0.000999000999000999	92
