EC	enrich_score	p_val	where
1	0.005732764956636778	0.000999000999000999	275
1.14	0.0028621752531924264	0.000999000999000999	12
1.14.20	0.05555555555555555	0.000999000999000999	2
