EC	enrich_score	p_val	where
1	0.025503454358371307	0.000999000999000999	2225
1.13	0.11007025761124122	0.000999000999000999	84
1.13.11	0.13448275862068965	0.000999000999000999	58
