EC	enrich_score	p_val	where
1	0.47427605468175804	0.000999000999000999	7616
1.1	0.0008455467869222097	0.000999000999000999	4
1.1.1	0.0011248593925759281	0.000999000999000999	4
