EC	enrich_score	p_val	where
2	0.16513852900139525	0.000999000999000999	4815
2.4	0.30922389272653394	0.000999000999000999	1794
2.4.1	0.23143438453713122	0.000999000999000999	1611
