EC	enrich_score	p_val	where
6	0.045384615384615384	0.000999000999000999	184
2	0.04444887382898146	0.000999000999000999	2792
6.3	0.005813953488372093	0.000999000999000999	6
2.7	0.11640742599096839	0.000999000999000999	2480
6.3.1	0.047619047619047616	0.000999000999000999	6
