EC	enrich_score	p_val	where
1	0.023666029692782597	0.000999000999000999	991
1.14	0.03786878027300748	0.000999000999000999	527
1.14.14	0.002875629043853343	0.000999000999000999	4
