EC	enrich_score	p_val	where
1	0.47185065412318095	0.000999000999000999	7568
1.2	0.007684918347742555	0.000999000999000999	27
1.2.1	0.010498687664041995	0.000999000999000999	27
