EC	enrich_score	p_val	where
2	0.02222443691449073	0.000999000999000999	2600
2.7	0.03963873557451079	0.000999000999000999	440
2.7.4	0.06206896551724138	0.000999000999000999	8
