EC	enrich_score	p_val	where
2	0.04125971696232809	0.000999000999000999	2643
2.4	0.010564811052417716	0.000999000999000999	161
2.4.1	0.004577822990844354	0.000999000999000999	20
