EC	enrich_score	p_val	where
1	0.4724386300161693	0.000999000999000999	7592
1.1	0.0016910935738444193	0.000999000999000999	13
1.14	0.002642007926023778	0.000999000999000999	51
1.14.13	0.0009132420091324201	0.000999000999000999	0
1.1.1	0.0022497187851518562	0.000999000999000999	13
