EC	enrich_score	p_val	where
1	0.0004409819197412906	0.030969030969030968	6
5	0.01291248206599713	0.000999000999000999	26
1.1	0.0016910935738444193	0.000999000999000999	6
5.3	0.04285714285714286	0.000999000999000999	26
1.1.99	0.00411522633744856	0.000999000999000999	2
1.1.2	0.03076923076923077	0.000999000999000999	6
5.3.1	0.10344827586206896	0.000999000999000999	26
