EC	enrich_score	p_val	where
1	0.014331912391591945	0.000999000999000999	1267
1.14	0.005063848524878908	0.000999000999000999	38
1.14.11	0.017793594306049824	0.000999000999000999	10
