EC	enrich_score	p_val	where
1	0.010289578127296781	0.000999000999000999	617
1.14	0.015852047556142668	0.000999000999000999	234
1.14.15	0.034013605442176874	0.000999000999000999	9
