EC	enrich_score	p_val	where
5	0.15781922525107603	0.000999000999000999	340
5.1	0.20105820105820105	0.000999000999000999	301
