EC	enrich_score	p_val	where
1	0.47383507276201675	0.000999000999000999	7595
1.1	0.03494926719278467	0.000999000999000999	444
1.1.1	0.043869516310461196	0.000999000999000999	313
