EC	enrich_score	p_val	where
2	0.0010962726729120988	0.000999000999000999	58
1	0.0031603704248125827	0.000999000999000999	151
1.8	0.008849557522123894	0.000999000999000999	2
1.8.1	0.02857142857142857	0.000999000999000999	2
