EC	enrich_score	p_val	where
1	0.004115831250918712	0.000999000999000999	404
1.10	0.006802721088435374	0.000999000999000999	0
1.13	0.00468384074941452	0.000999000999000999	5
1.10.3	0.009259259259259259	0.000999000999000999	0
1.13.12	0.02127659574468085	0.000999000999000999	5
