EC	enrich_score	p_val	where
2	0.08062587203508073	0.000999000999000999	7792
2.7	0.0958354239839438	0.000999000999000999	438
2.7.1	0.041379310344827586	0.000999000999000999	61
