EC	enrich_score	p_val	where
2	0.16015547139724937	0.000999000999000999	4417
2.4	0.2974400650142219	0.000999000999000999	2100
2.4.2	0.022026431718061675	0.000999000999000999	4
2.4.1	0.21922685656154628	0.000999000999000999	1304
