EC	enrich_score	p_val	where
1	0.01932970748199324	0.000999000999000999	855
1.3	0.0020761245674740486	0.000999000999000999	2
1.1	0.0002818489289740699	0.014985014985014986	7
1.3.1	0.004132231404958678	0.000999000999000999	2
1.1.1	0.0003749531308586427	0.013986013986013986	7
