EC	enrich_score	p_val	where
2	0.12656966314530596	0.000999000999000999	1561
2.1	0.7090342679127726	0.000999000999000999	1345
2.1.1	0.7287899860917941	0.000999000999000999	1345
