EC	enrich_score	p_val	where
1	0.025576951344994856	0.000999000999000999	7327
1.1	0.0014092446448703494	0.000999000999000999	55
1.1.99	0.0205761316872428	0.000999000999000999	55
