EC	enrich_score	p_val	where
1	0.47412906070851096	0.000999000999000999	7575
1.1	0.021138669673055242	0.000999000999000999	154
1.1.1	0.0281214848143982	0.000999000999000999	154
