EC	enrich_score	p_val	where
2	0.06159059198724337	0.000999000999000999	7028
2.7	0.057200200702458605	0.000999000999000999	365
2.7.1	0.02528735632183908	0.000999000999000999	40
