EC	enrich_score	p_val	where
2	0.16902531393262907	0.000999000999000999	3448
2.4	0.49410808614384394	0.000999000999000999	1937
2.4.1	0.42777212614445576	0.000999000999000999	1697
