EC	enrich_score	p_val	where
5	0.021520803443328552	0.000999000999000999	24
5.4	0.10135135135135136	0.000999000999000999	24
5.4.99	0.1875	0.000999000999000999	24
