EC	enrich_score	p_val	where
4	0.0015772870662460567	0.000999000999000999	2
3	0.02006269592476489	0.000999000999000999	877
4.6	0.07894736842105263	0.000999000999000999	2
3.1	0.006509764646970456	0.000999000999000999	91
4.6.1	0.07894736842105263	0.000999000999000999	2
3.1.4	0.02654867256637168	0.000999000999000999	23
