EC	enrich_score	p_val	where
1	0.4740555637218874	0.000999000999000999	7636
1.3	0.0006920415224913495	0.001998001998001998	2
1.14	0.0006605019815059445	0.001998001998001998	9
1.1	0.009301014656144307	0.000999000999000999	1520
1.3.1	0.0013774104683195593	0.000999000999000999	2
1.14.12	0.015267175572519083	0.000999000999000999	8
