EC	enrich_score	p_val	where
1	0.02814934587681905	0.000999000999000999	2073
1.14	0.0024218405988551297	0.000999000999000999	11
1.14.19	0.022044088176352707	0.000999000999000999	11
