EC	enrich_score	p_val	where
1	0.00036748493311774215	0.04695304695304695	9
1.10	0.006802721088435374	0.000999000999000999	0
1.14	0.00022016732716864817	0.014985014985014986	2
1.10.3|1	0.3333333333333333	0.000999000999000999	0
