EC	enrich_score	p_val	where
1	0.030648243422019696	0.000999000999000999	1751
1.14	0.03786878027300748	0.000999000999000999	236
1.14.99	0.01977401129943503	0.000999000999000999	26
1.14.19	0.1623246492985972	0.000999000999000999	235
