EC	enrich_score	p_val	where
3	0.0020376175548589342	0.000999000999000999	14
3.1	0.006509764646970456	0.000999000999000999	14
3.1.1	0.014588859416445624	0.000999000999000999	14
