EC	enrich_score	p_val	where
3	0.01206896551724138	0.000999000999000999	221
3.1	0.017526289434151226	0.000999000999000999	148
3.1.1	0.009283819628647215	0.000999000999000999	148
