EC	enrich_score	p_val	where
2	0.1212876220849113	0.000999000999000999	2050
2.3	0.42259244209670865	0.000999000999000999	1738
2.3.1	0.39743001376778336	0.000999000999000999	1738
