EC	enrich_score	p_val	where
1	0.02667940614434808	0.000999000999000999	1033
1.14	0.046235138705416116	0.000999000999000999	409
1.14.15	0.013605442176870748	0.000999000999000999	4
1.14.-	0.007936507936507936	0.000999000999000999	16
