EC	enrich_score	p_val	where
3	0.0032915360501567397	0.000999000999000999	144
3.4	0.006218905472636816	0.000999000999000999	4
3.4.15	0.16666666666666666	0.000999000999000999	2
