EC	enrich_score	p_val	where
1	0.47427605468175804	0.000999000999000999	7613
1.14	0.0030823425803610744	0.000999000999000999	33
1.14.12	0.10687022900763359	0.000999000999000999	33
