EC	enrich_score	p_val	where
2	0.003787123779150887	0.000999000999000999	164
