EC	enrich_score	p_val	where
2	0.08251943392465617	0.000999000999000999	3246
2.3	0.08045509955302722	0.000999000999000999	1030
2.3.1	0.0715924736117485	0.000999000999000999	456
