EC	enrich_score	p_val	where
4	0.003680336487907466	0.000999000999000999	8
4.4	0.025477707006369428	0.000999000999000999	5
4.4.1	0.02564102564102564	0.000999000999000999	5
