EC	enrich_score	p_val	where
2	0.017440701614510664	0.000999000999000999	1190
2.7	0.012042147516307075	0.000999000999000999	133
2.7.7	0.006024096385542169	0.000999000999000999	2
