EC	enrich_score	p_val	where
2	0.07494518636635439	0.000999000999000999	1045
2.1	0.3582554517133956	0.000999000999000999	978
2.1.1	0.3567454798331015	0.000999000999000999	978
