EC	enrich_score	p_val	where
6	0.02076923076923077	0.000999000999000999	99
2	0.07913095475383695	0.000999000999000999	6549
6.3	0.015503875968992248	0.000999000999000999	20
6.3.2	0.013377926421404682	0.000999000999000999	4
