EC	enrich_score	p_val	where
1	0.47537850948111127	0.000999000999000999	7630
1.7	0.004464285714285714	0.000999000999000999	0
1.7.1	0.014705882352941176	0.000999000999000999	0
