EC	enrich_score	p_val	where
3	0.04373040752351097	0.000999000999000999	1744
3.2	0.07934131736526946	0.000999000999000999	414
3.2.1	0.07899159663865546	0.000999000999000999	414
