EC	enrich_score	p_val	where
1	0.04240776128178745	0.000999000999000999	3783
1.3	0.02560553633217993	0.000999000999000999	107
1.3.5	0.11702127659574468	0.000999000999000999	22
