EC	enrich_score	p_val	where
2	0.11789914291409209	0.000999000999000999	2077
2.3	0.4148720032507111	0.000999000999000999	1705
2.3.1	0.38825149150986693	0.000999000999000999	1512
