EC	enrich_score	p_val	where
1	0.000514478906364839	0.01998001998001998	16
1.2	0.005763688760806916	0.000999000999000999	14
1.2.4	0.1016949152542373	0.000999000999000999	14
