EC	enrich_score	p_val	where
2	0.029200717560294995	0.000999000999000999	3944
2.7	0.002508780732563974	0.000999000999000999	4
2.7.7	0.012048192771084338	0.000999000999000999	3
