EC	enrich_score	p_val	where
6	0.1723076923076923	0.000999000999000999	521
2	0.11769982060992625	0.000999000999000999	7625
6.2	0.30184804928131415	0.000999000999000999	217
6.2.1	0.2748917748917749	0.000999000999000999	217
