EC	enrich_score	p_val	where
3	0.00109717868338558	0.000999000999000999	9
2	0.006976280645804266	0.000999000999000999	547
3.1	0.0035052578868302454	0.000999000999000999	9
3.1.3	0.011538461538461539	0.000999000999000999	6
