EC	enrich_score	p_val	where
3	0.0034482758620689655	0.000999000999000999	181
3.5	0.004624277456647399	0.000999000999000999	3
3.5.1	0.00684931506849315	0.000999000999000999	3
