EC	enrich_score	p_val	where
3	0.0004702194357366771	0.030969030969030968	11
