EC	enrich_score	p_val	where
3	0.0017241379310344827	0.000999000999000999	12
2	0.005780346820809248	0.000999000999000999	656
3.4	0.012437810945273632	0.000999000999000999	9
3.4.22	0.017543859649122806	0.000999000999000999	0
