EC	enrich_score	p_val	where
1	0.0004409819197412906	0.030969030969030968	144
1.14	0.0006605019815059445	0.001998001998001998	2
1.14.11	0.010676156583629894	0.000999000999000999	2
