EC	enrich_score	p_val	where
3	0.003918495297805642	0.000999000999000999	32
3.4	0.026119402985074626	0.000999000999000999	32
3.4.16	0.08888888888888889	0.000999000999000999	9
3.4.17	0.025	0.000999000999000999	21
