EC	enrich_score	p_val	where
3	0.014890282131661442	0.000999000999000999	500
3.2	0.0007485029940119761	0.001998001998001998	0
3.1	0.0025037556334501754	0.000999000999000999	14
3.2.2	0.007633587786259542	0.000999000999000999	0
