EC	enrich_score	p_val	where
6	0.11153846153846154	0.000999000999000999	322
2	0.08072553318716365	0.000999000999000999	8106
6.3	0.07170542635658915	0.000999000999000999	43
6.3.4	0.13333333333333333	0.000999000999000999	9
6.3.2	0.006688963210702341	0.000999000999000999	38
