EC	enrich_score	p_val	where
2	0.003488140322902133	0.000999000999000999	128
2.6	0.07407407407407407	0.000999000999000999	90
2.6.1	0.058981233243967826	0.000999000999000999	90
