EC	enrich_score	p_val	where
6	0.003076923076923077	0.000999000999000999	6
2	0.02800478373529998	0.000999000999000999	703
3	0.008934169278996866	0.000999000999000999	1615
6.2	0.006160164271047228	0.000999000999000999	4
2.7	0.13697942799799298	0.000999000999000999	703
3.6	0.040513833992094864	0.000999000999000999	1615
6.2.1	0.006493506493506494	0.000999000999000999	4
