EC	enrich_score	p_val	where
1	0.47398206673526383	0.000999000999000999	7573
1.1	0.04594137542277339	0.000999000999000999	608
1.1.1	0.047619047619047616	0.000999000999000999	608
