EC	enrich_score	p_val	where
2	0.09507673908710385	0.000999000999000999	1155
2.1	0.5127725856697819	0.000999000999000999	1107
2.1.1	0.5236439499304589	0.000999000999000999	1107
