EC	enrich_score	p_val	where
1	0.4736145818021461	0.000999000999000999	7601
1.3	0.01730103806228374	0.000999000999000999	38
1.3.1	0.027548209366391185	0.000999000999000999	37
