EC	enrich_score	p_val	where
4	0.0005257623554153522	0.01998001998001998	1
3	0.00219435736677116	0.000999000999000999	127
4.1	0.0017699115044247787	0.000999000999000999	1
4.1.2	0.008547008547008548	0.000999000999000999	1
