EC	enrich_score	p_val	where
2	0.019334263504086107	0.000999000999000999	3509
2.8	0.1570796460176991	0.000999000999000999	170
2.8.2	0.2962962962962963	0.000999000999000999	122
