EC	enrich_score	p_val	where
1	0.01778627076289872	0.000999000999000999	2423
1.1	0.0002818489289740699	0.014985014985014986	0
1.3	0.001384083044982699	0.000999000999000999	3
1.1.5	0.009523809523809525	0.000999000999000999	0
1.3.5	0.02127659574468085	0.000999000999000999	3
