EC	enrich_score	p_val	where
3	0.003918495297805642	0.000999000999000999	374
3.5	0.003468208092485549	0.000999000999000999	2
3.5.-	1.0	0.000999000999000999	2
