EC	enrich_score	p_val	where
1	0.005365280023519036	0.000999000999000999	757
1.13	0.00234192037470726	0.000999000999000999	0
1.13.11	0.0034482758620689655	0.000999000999000999	0
