EC	enrich_score	p_val	where
3	0.04529780564263323	0.000999000999000999	413
3.4	0.11194029850746269	0.000999000999000999	123
3.4.24	0.014705882352941176	0.000999000999000999	0
3.4.13	0.010752688172043012	0.000999000999000999	8
3.4.11	0.02027027027027027	0.000999000999000999	28
