EC	enrich_score	p_val	where
6	0.05615384615384615	0.000999000999000999	458
2	0.0903926649392067	0.000999000999000999	7669
6.2	0.002053388090349076	0.000999000999000999	0
6.3	0.003875968992248062	0.000999000999000999	3
2.7	0.04565980933266432	0.000999000999000999	2040
6.2.1	0.0021645021645021645	0.000999000999000999	0
