EC	enrich_score	p_val	where
2	0.10165437512457644	0.000999000999000999	6540
2.4	0.14709467696058512	0.000999000999000999	1019
2.4.1	0.08748728382502544	0.000999000999000999	399
