EC	enrich_score	p_val	where
3	0.007053291536050157	0.000999000999000999	282
2	0.03926649392066972	0.000999000999000999	3431
2.4	0.0004063388866314506	0.002997002997002997	0
3.2	0.029191616766467067	0.000999000999000999	282
2.4.1|2	0.008620689655172414	0.000999000999000999	0
3.2.1	0.031092436974789917	0.000999000999000999	282
