EC	enrich_score	p_val	where
2	0.12487542355989635	0.000999000999000999	1547
2.1	0.6884735202492211	0.000999000999000999	1406
2.1.1	0.7044506258692629	0.000999000999000999	1406
