EC	enrich_score	p_val	where
5	0.005738880918220947	0.000999000999000999	4
1	0.01969719241511098	0.000999000999000999	2970
5.5	0.0380952380952381	0.000999000999000999	4
5.5.1	0.0392156862745098	0.000999000999000999	4
