EC	enrich_score	p_val	where
2	0.03209089097069962	0.000999000999000999	2759
2.3	0.007314099959366111	0.000999000999000999	24
2.3.1	0.006424965580541533	0.000999000999000999	22
