EC	enrich_score	p_val	where
1	0.1317066000293988	0.000999000999000999	2413
1.2	0.023054755043227664	0.000999000999000999	59
1.2.1	0.013123359580052493	0.000999000999000999	12
