EC	enrich_score	p_val	where
1	0.01587534911068646	0.000999000999000999	564
1.1	0.0005636978579481398	0.002997002997002997	1
1.1.5	0.01904761904761905	0.000999000999000999	1
