EC	enrich_score	p_val	where
3	0.015047021943573668	0.000999000999000999	392
2	0.058800079728921664	0.000999000999000999	3866
3.2	0.04341317365269461	0.000999000999000999	291
3.2.1	0.0453781512605042	0.000999000999000999	291
