EC	enrich_score	p_val	where
2	0.17380904923260912	0.000999000999000999	2728
2.4	0.5217391304347826	0.000999000999000999	2028
2.4.1	0.4547304170905392	0.000999000999000999	2028
