EC	enrich_score	p_val	where
4	0.0026288117770767614	0.000999000999000999	18
1	0.0019844186388358076	0.000999000999000999	169
4.2	0.0020942408376963353	0.000999000999000999	3
1.1	0.006764374295377677	0.000999000999000999	158
1.1.3	0.005405405405405406	0.000999000999000999	0
4.2.1	0.0036496350364963502	0.000999000999000999	3
