EC	enrich_score	p_val	where
6	0.01	0.000999000999000999	24
6.3	0.005813953488372093	0.000999000999000999	11
6.3.3	0.14285714285714285	0.000999000999000999	1
