EC	enrich_score	p_val	where
1	0.47412906070851096	0.000999000999000999	7621
1.1	0.0016910935738444193	0.000999000999000999	68
1.1.1	0.0007499062617172854	0.000999000999000999	68
