EC	enrich_score	p_val	where
1	0.47427605468175804	0.000999000999000999	7597
1.14	0.0006605019815059445	0.001998001998001998	11
1.3	0.0034602076124567475	0.000999000999000999	41
1.14.12	0.022900763358778626	0.000999000999000999	11
1.3.1	0.006887052341597796	0.000999000999000999	41
