EC	enrich_score	p_val	where
1	0.4743495516683816	0.000999000999000999	7597
1.14	0.001321003963011889	0.000999000999000999	20
1.14.13	0.0018264840182648401	0.000999000999000999	20
