EC	enrich_score	p_val	where
6	0.1946153846153846	0.000999000999000999	370
2	0.12318118397448674	0.000999000999000999	7234
6.2	0.41683778234086244	0.000999000999000999	283
6.2.1	0.3787878787878788	0.000999000999000999	283
