EC	enrich_score	p_val	where
1	0.4743495516683816	0.000999000999000999	7603
