EC	enrich_score	p_val	where
1	0.4742025576951345	0.000999000999000999	7644
1.3	0.011072664359861591	0.000999000999000999	19
1.3.1	0.02066115702479339	0.000999000999000999	17
