EC	enrich_score	p_val	where
6	0.0007692307692307692	0.004995004995004995	0
2	0.04285429539565477	0.000999000999000999	1012
6.3	0.001937984496124031	0.000999000999000999	0
2.7	0.2117410938283994	0.000999000999000999	1012
6.3.1	0.015873015873015872	0.000999000999000999	0
2.7.3	0.14285714285714285	0.000999000999000999	11
