EC	enrich_score	p_val	where
1	0.4742025576951345	0.000999000999000999	7587
1.1	0.02790304396843292	0.000999000999000999	176
1.1.1	0.03712035995500562	0.000999000999000999	176
