EC	enrich_score	p_val	where
4	0.0010515247108307045	0.000999000999000999	1
1	0.008819638394825812	0.000999000999000999	3124
4.2	0.0010471204188481676	0.000999000999000999	0
4.2.1	0.0018248175182481751	0.000999000999000999	0
