EC	enrich_score	p_val	where
2	0.15646800877018138	0.000999000999000999	5977
2.4	0.26127590410402274	0.000999000999000999	1407
2.4.1	0.20701932858596134	0.000999000999000999	653
