EC	enrich_score	p_val	where
1	0.4740555637218874	0.000999000999000999	7623
1.1	0.038331454340473504	0.000999000999000999	534
1.1.1	0.04086989126359205	0.000999000999000999	479
