EC	enrich_score	p_val	where
3	0.04059561128526646	0.000999000999000999	488
3.5	0.07167630057803469	0.000999000999000999	80
3.5.1	0.09075342465753425	0.000999000999000999	79
