EC	enrich_score	p_val	where
1	0.0017639276789651625	0.000999000999000999	98
1.5	0.02040816326530612	0.000999000999000999	30
1.5.3|1	0.2	0.000999000999000999	0
1.5.3	0.03773584905660377	0.000999000999000999	5
