EC	enrich_score	p_val	where
2	0.1598564879410006	0.000999000999000999	3745
2.4	0.38967899227956115	0.000999000999000999	2618
2.4.1	0.28891149542217703	0.000999000999000999	2327
