EC	enrich_score	p_val	where
1	0.015213876231074525	0.000999000999000999	1480
1.2	0.005763688760806916	0.000999000999000999	7
1.2.99	0.15384615384615385	0.000999000999000999	7
