EC	enrich_score	p_val	where
4	0.0005257623554153522	0.01998001998001998	1
1	0.00036748493311774215	0.04695304695304695	22
4.2	0.0010471204188481676	0.000999000999000999	1
4.2.1	0.0018248175182481751	0.000999000999000999	1
