EC	enrich_score	p_val	where
4	0.006834910620399579	0.000999000999000999	52
4.3	0.017391304347826087	0.000999000999000999	2
4.4	0.03821656050955414	0.000999000999000999	16
4.3.1	0.029411764705882353	0.000999000999000999	2
4.4.1	0.038461538461538464	0.000999000999000999	16
