EC	enrich_score	p_val	where
2	0.005082718756228822	0.000999000999000999	61
2.5	0.08900523560209424	0.000999000999000999	61
2.5.1|2	0.1111111111111111	0.000999000999000999	4
2.5.1	0.07142857142857142	0.000999000999000999	61
