EC	enrich_score	p_val	where
3	0.044200626959247646	0.000999000999000999	1182
3.2	0.05389221556886228	0.000999000999000999	249
3.2.1	0.05546218487394958	0.000999000999000999	249
