EC	enrich_score	p_val	where
4	0.002103049421661409	0.000999000999000999	35
