EC	enrich_score	p_val	where
3	0.007053291536050157	0.000999000999000999	169
3.5	0.04508670520231214	0.000999000999000999	134
3.5.3	0.018518518518518517	0.000999000999000999	2
3.5.2	0.125	0.000999000999000999	11
