EC	enrich_score	p_val	where
1	0.00036748493311774215	0.04695304695304695	17
1.3	0.0034602076124567475	0.000999000999000999	17
1.3.8	0.006802721088435374	0.000999000999000999	3
