EC	enrich_score	p_val	where
4	0.0005257623554153522	0.01998001998001998	0
1	0.021240629134205498	0.000999000999000999	1661
4.1	0.0017699115044247787	0.000999000999000999	0
1.13	0.00702576112412178	0.000999000999000999	16
4.1.1	0.003367003367003367	0.000999000999000999	0
1.13.11	0.006896551724137931	0.000999000999000999	3
