EC	enrich_score	p_val	where
4	0.0015772870662460567	0.000999000999000999	19
1	0.0008084668528590327	0.003996003996003996	326
1.2	0.0019212295869356388	0.000999000999000999	9
4.1	0.005309734513274336	0.000999000999000999	19
4.1.3	0.021739130434782608	0.000999000999000999	1
4.1.1	0.003367003367003367	0.000999000999000999	19
