EC	enrich_score	p_val	where
3	0.010658307210031349	0.000999000999000999	93
1	0.01932970748199324	0.000999000999000999	2175
3.3	0.009174311926605505	0.000999000999000999	1
3.4	0.0472636815920398	0.000999000999000999	48
3.3.2	0.009900990099009901	0.000999000999000999	1
3.4.11	0.006756756756756757	0.000999000999000999	3
3.4.21	0.12903225806451613	0.000999000999000999	48
