EC	enrich_score	p_val	where
2	0.011062387881203907	0.000999000999000999	679
2.4	0.005282405526208858	0.000999000999000999	40
2.4.1	0.001017293997965412	0.000999000999000999	1
