EC	enrich_score	p_val	where
1	0.11722769366455975	0.000999000999000999	2267
1.2	0.013448607108549471	0.000999000999000999	24
1.2.1	0.010498687664041995	0.000999000999000999	24
