EC	enrich_score	p_val	where
1	0.4737615757753932	0.000999000999000999	7578
1.1	0.06200676437429538	0.000999000999000999	716
1.1.1	0.06599175103112111	0.000999000999000999	716
