EC	enrich_score	p_val	where
6	0.01	0.000999000999000999	69
2	0.036974287422762604	0.000999000999000999	2243
6.3	0.013565891472868217	0.000999000999000999	25
2.7	0.14801806322127445	0.000999000999000999	807
6.3.5	0.041666666666666664	0.000999000999000999	1
2.7.3	0.03571428571428571	0.000999000999000999	4
2.7.1	0.004597701149425287	0.000999000999000999	784
