EC	enrich_score	p_val	where
3	0.0006269592476489029	0.01098901098901099	6
3.1	0.0015022533800701052	0.000999000999000999	2
3.1.8	0.16666666666666666	0.000999000999000999	2
