EC	enrich_score	p_val	where
2	0.07893163244967112	0.000999000999000999	2843
2.3	0.16984965461194637	0.000999000999000999	1571
2.3.1	0.1486920605782469	0.000999000999000999	1417
