EC	enrich_score	p_val	where
2	0.0004983057604145904	0.01998001998001998	14
3	0.015830721003134797	0.000999000999000999	532
2.3	0.0020316944331572532	0.000999000999000999	14
2.3.2	0.028735632183908046	0.000999000999000999	14
