EC	enrich_score	p_val	where
3	0.007210031347962382	0.000999000999000999	372
3.1	0.000500751126690035	0.002997002997002997	0
3.5	0.003468208092485549	0.000999000999000999	7
3.1.1	0.001326259946949602	0.000999000999000999	0
3.5.1	0.005136986301369863	0.000999000999000999	7
