EC	enrich_score	p_val	where
2	0.0424556507873231	0.000999000999000999	1420
2.7	0.18665328650275967	0.000999000999000999	1420
2.7.1	0.1482758620689655	0.000999000999000999	325
