EC	enrich_score	p_val	where
1	0.47427605468175804	0.000999000999000999	7614
1.14	0.002642007926023778	0.000999000999000999	53
1.14.12	0.061068702290076333	0.000999000999000999	42
