EC	enrich_score	p_val	where
1	0.4725121270027929	0.000999000999000999	7582
1.14	0.003742844561867019	0.000999000999000999	118
1.14.13	0.0036529680365296802	0.000999000999000999	15
