EC	enrich_score	p_val	where
2	0.06697229419972095	0.000999000999000999	3366
2.4	0.05444941080861439	0.000999000999000999	726
2.4.1	0.012207527975584944	0.000999000999000999	92
