EC	enrich_score	p_val	where
1	0.4743495516683816	0.000999000999000999	7607
1.1	0.0005636978579481398	0.002997002997002997	4
1.14	0.005284015852047556	0.000999000999000999	73
1.1.1	0.0007499062617172854	0.000999000999000999	4
1.14.12	0.04580152671755725	0.000999000999000999	20
