EC	enrich_score	p_val	where
1	0.4737615757753932	0.000999000999000999	7628
1.14	0.007045354469396741	0.000999000999000999	77
1.14.99	0.002824858757062147	0.000999000999000999	1
1.14.11	0.0035587188612099642	0.000999000999000999	3
1.14.13	0.0091324200913242	0.000999000999000999	54
