EC	enrich_score	p_val	where
6	0.033846153846153845	0.000999000999000999	147
2	0.06936416184971098	0.000999000999000999	7097
6.3	0.07945736434108527	0.000999000999000999	59
2.7	0.05669844455594581	0.000999000999000999	1976
6.3.2	0.06688963210702341	0.000999000999000999	34
