EC	enrich_score	p_val	where
2	0.1720151484951166	0.000999000999000999	3354
2.4	0.49695245835026414	0.000999000999000999	1987
2.4.1	0.42675483214649035	0.000999000999000999	1936
