EC	enrich_score	p_val	where
2	0.10504285429539566	0.000999000999000999	2132
2.3	0.35920357578220236	0.000999000999000999	1705
2.3.1	0.33547498852684715	0.000999000999000999	1702
