EC	enrich_score	p_val	where
2	0.00039864460833167234	0.04695304695304695	10
3	0.012695924764890282	0.000999000999000999	555
3.2	0.0014970059880239522	0.000999000999000999	1
2.4	0.0016253555465258025	0.000999000999000999	10
3.2.1	0.0016806722689075631	0.000999000999000999	1
2.4.1	0.002034587995930824	0.000999000999000999	10
