EC	enrich_score	p_val	where
1	0.003013376451565486	0.000999000999000999	109
1.1	0.007046223224351747	0.000999000999000999	109
1.1.3	0.005405405405405406	0.000999000999000999	0
