EC	enrich_score	p_val	where
1	0.00889313538144936	0.000999000999000999	685
1.14	0.0008806693086745927	0.000999000999000999	3
1.14.19	0.008016032064128256	0.000999000999000999	3
