EC	enrich_score	p_val	where
1	0.4744230486550051	0.000999000999000999	7590
1.1	0.0031003382187147687	0.000999000999000999	14
1.1.1	0.0026246719160104987	0.000999000999000999	14
