EC	enrich_score	p_val	where
5	0.021520803443328552	0.000999000999000999	68
5.5	0.06666666666666667	0.000999000999000999	7
5.5.1	0.06862745098039216	0.000999000999000999	7
