EC	enrich_score	p_val	where
3	0.0020376175548589342	0.000999000999000999	131
2	0.01963324696033486	0.000999000999000999	4232
2.4	0.004876066639577408	0.000999000999000999	30
2.4.1	0.006103763987792472	0.000999000999000999	30
