EC	enrich_score	p_val	where
2	0.0903926649392067	0.000999000999000999	2133
2.3	0.24258431531897603	0.000999000999000999	1873
2.3.1	0.21064708581918312	0.000999000999000999	1549
