EC	enrich_score	p_val	where
3	0.011598746081504702	0.000999000999000999	209
3.2	0.0374251497005988	0.000999000999000999	155
3.2.1	0.037815126050420166	0.000999000999000999	66
