EC	enrich_score	p_val	where
2	0.0013952561291608531	0.000999000999000999	82
2.3	0.002438033319788704	0.000999000999000999	6
2.3.2	0.034482758620689655	0.000999000999000999	6
