EC	enrich_score	p_val	where
1	0.36748493311774216	0.000999000999000999	8469
1.3	0.01522491349480969	0.000999000999000999	45
1.3.1	0.030303030303030304	0.000999000999000999	45
