EC	enrich_score	p_val	where
2	0.007972892166633447	0.000999000999000999	147
2.7	0.03763171098845961	0.000999000999000999	127
2.7.1	0.08620689655172414	0.000999000999000999	127
