EC	enrich_score	p_val	where
2	0.07364959138927646	0.000999000999000999	4376
2.3	0.11296221048354327	0.000999000999000999	1243
2.3.1	0.08352455254703993	0.000999000999000999	1079
