EC	enrich_score	p_val	where
1	0.3075848890195502	0.000999000999000999	8562
1.3	0.08650519031141868	0.000999000999000999	190
1.3.1	0.15426997245179064	0.000999000999000999	173
