EC	enrich_score	p_val	where
1	0.0005879758929883875	0.013986013986013986	840
1.5	0.0029154518950437317	0.000999000999000999	54
1.5.99	0.014492753623188406	0.000999000999000999	54
