EC	enrich_score	p_val	where
2	0.12009168825991628	0.000999000999000999	1848
2.3	0.45469321414059327	0.000999000999000999	1725
2.3.3	0.2765957446808511	0.000999000999000999	17
2.3.1	0.43139054612207434	0.000999000999000999	1673
