EC	enrich_score	p_val	where
1	0.47346758782889903	0.000999000999000999	7584
1.1	0.004791431792559188	0.000999000999000999	49
1.1.1	0.006374203224596925	0.000999000999000999	49
