EC	enrich_score	p_val	where
3	0.0017241379310344827	0.000999000999000999	73
3.2	0.005988023952095809	0.000999000999000999	47
3.2.2	0.061068702290076333	0.000999000999000999	47
