EC	enrich_score	p_val	where
3	0.0028213166144200625	0.000999000999000999	35
1	0.0022784065853300017	0.000999000999000999	2856
3.2	0.01347305389221557	0.000999000999000999	35
3.2.2	0.13740458015267176	0.000999000999000999	35
