EC	enrich_score	p_val	where
5	0.12195121951219512	0.000999000999000999	342
5.1	0.0582010582010582	0.000999000999000999	342
