EC	enrich_score	p_val	where
2	0.12686864660155472	0.000999000999000999	1564
2.1	0.708411214953271	0.000999000999000999	1318
2.1.1	0.7280945757997218	0.000999000999000999	1318
