EC	enrich_score	p_val	where
3	0.0017241379310344827	0.000999000999000999	29
3.8	0.05063291139240506	0.000999000999000999	6
3.8.1	0.05194805194805195	0.000999000999000999	6
