EC	enrich_score	p_val	where
1	0.21659561957959725	0.000999000999000999	4529
1.1	0.03579481397970688	0.000999000999000999	146
1.1.1	0.04311961004874391	0.000999000999000999	146
