EC	enrich_score	p_val	where
2	0.05082718756228822	0.000999000999000999	1790
2.3	0.08533116619260463	0.000999000999000999	910
2.3.1	0.08122992198256081	0.000999000999000999	849
