EC	enrich_score	p_val	where
2	0.01405222244369145	0.000999000999000999	182
2.8	0.2831858407079646	0.000999000999000999	178
2.8.2	0.6455026455026455	0.000999000999000999	178
