EC	enrich_score	p_val	where
3	0.0007836990595611285	0.004995004995004995	107
2	0.0020928841937412797	0.000999000999000999	469
2.4	0.0004063388866314506	0.002997002997002997	0
2.4.1	0.000508646998982706	0.013986013986013986	0
