EC	enrich_score	p_val	where
6	0.06538461538461539	0.000999000999000999	213
2	0.0700617899142914	0.000999000999000999	9022
6.3|6	0.058823529411764705	0.000999000999000999	1
6.3	0.005813953488372093	0.000999000999000999	5
2.7	0.04164576016056196	0.000999000999000999	1969
6.3|6.3	0.058823529411764705	0.000999000999000999	1
6.3.2	0.010033444816053512	0.000999000999000999	5
