EC	enrich_score	p_val	where
1	0.47295310892253417	0.000999000999000999	7632
1.1	0.0031003382187147687	0.000999000999000999	20
1.1.1	0.003374578177727784	0.000999000999000999	20
