EC	enrich_score	p_val	where
1	0.008084668528590327	0.000999000999000999	836
1.3	0.05674740484429066	0.000999000999000999	106
1.3.8	0.013605442176870748	0.000999000999000999	1
1.3.3	0.07547169811320754	0.000999000999000999	42
