EC	enrich_score	p_val	where
1	0.4744965456416287	0.000999000999000999	7595
1.3	0.001384083044982699	0.000999000999000999	27
1.1	0.0014092446448703494	0.000999000999000999	90
1.3.1	0.0027548209366391185	0.000999000999000999	27
