EC	enrich_score	p_val	where
3	0.014733542319749215	0.000999000999000999	235
2	0.11052421765995615	0.000999000999000999	5503
2.4	0.002438033319788704	0.000999000999000999	5
3.2	0.004491017964071856	0.000999000999000999	235
2.4.1	0.003051881993896236	0.000999000999000999	5
3.2.1	0.0033613445378151263	0.000999000999000999	19
