EC	enrich_score	p_val	where
2	0.17331074347219455	0.000999000999000999	3839
2.4	0.5006095083299472	0.000999000999000999	2117
2.4.1	0.42573753814852494	0.000999000999000999	1949
