EC	enrich_score	p_val	where
1	0.47398206673526383	0.000999000999000999	7622
1.1	0.06285231116121759	0.000999000999000999	706
1.1.1	0.06899137607799025	0.000999000999000999	705
