EC	enrich_score	p_val	where
3	0.008150470219435737	0.000999000999000999	102
3.1	0.012018027040560842	0.000999000999000999	96
3.1.1	0.014588859416445624	0.000999000999000999	16
