EC	enrich_score	p_val	where
1	0.4739085697486403	0.000999000999000999	7605
1.1	0.010710259301014656	0.000999000999000999	105
1.1.1	0.011998500187476566	0.000999000999000999	105
