EC	enrich_score	p_val	where
2	0.02172613115407614	0.000999000999000999	1856
2.3	0.011377488825680617	0.000999000999000999	226
2.3.1	0.008719596145020651	0.000999000999000999	61
