EC	enrich_score	p_val	where
1	0.023886520652653242	0.000999000999000999	2753
1.3	0.0034602076124567475	0.000999000999000999	5
1.3.8	0.013605442176870748	0.000999000999000999	1
