EC	enrich_score	p_val	where
1	0.47427605468175804	0.000999000999000999	7601
1.1	0.002818489289740699	0.000999000999000999	65
1.1.1	0.0014998125234345708	0.000999000999000999	45
