EC	enrich_score	p_val	where
1	0.014772894311333235	0.000999000999000999	1838
1.3	0.0006920415224913495	0.001998001998001998	0
1.13	0.00468384074941452	0.000999000999000999	5
1.3.-	0.0625	0.000999000999000999	0
