EC	enrich_score	p_val	where
1	0.007570189622225489	0.000999000999000999	146
1.17	0.13815789473684212	0.000999000999000999	55
1.17.4	0.5454545454545454	0.000999000999000999	55
