EC	enrich_score	p_val	where
6	0.09230769230769231	0.000999000999000999	210
2	0.09697030097667929	0.000999000999000999	8729
6.2	0.002053388090349076	0.000999000999000999	0
6.3	0.0755813953488372	0.000999000999000999	67
6.2.1	0.0021645021645021645	0.000999000999000999	0
6.3.2	0.0033444816053511705	0.000999000999000999	2
