EC	enrich_score	p_val	where
1	0.021093635160958402	0.000999000999000999	2892
1.14	0.010347864376926464	0.000999000999000999	93
1.14.99	0.002824858757062147	0.000999000999000999	0
1.14.13	0.0036529680365296802	0.000999000999000999	6
