EC	enrich_score	p_val	where
1	0.014184918418344848	0.000999000999000999	730
1.14	0.021796565389696168	0.000999000999000999	336
1.14.-	0.023809523809523808	0.000999000999000999	47
1.14.15	0.003401360544217687	0.000999000999000999	95
