EC	enrich_score	p_val	where
6	0.02076923076923077	0.000999000999000999	39
2	0.037173609726928444	0.000999000999000999	1354
6.3	0.046511627906976744	0.000999000999000999	30
2.7	0.16708479678876068	0.000999000999000999	1354
6.3.2	0.07357859531772576	0.000999000999000999	30
