EC	enrich_score	p_val	where
2	0.08909706996212877	0.000999000999000999	5530
2.7	0.011038635223281485	0.000999000999000999	23
2.7.1	0.022988505747126436	0.000999000999000999	23
