EC	enrich_score	p_val	where
1	0.4737615757753932	0.000999000999000999	7607
1.1	0.049323562570462234	0.000999000999000999	273
1.1.1	0.05061867266591676	0.000999000999000999	271
