EC	enrich_score	p_val	where
2	0.006976280645804266	0.000999000999000999	265
2.8	0.008849557522123894	0.000999000999000999	5
2.8.2	0.010582010582010581	0.000999000999000999	5
