EC	enrich_score	p_val	where
1	0.006467734822872262	0.000999000999000999	1328
1.10	0.013605442176870748	0.000999000999000999	2
1.10.99	0.16666666666666666	0.000999000999000999	2
