EC	enrich_score	p_val	where
3	0.00219435736677116	0.000999000999000999	45
3.5	0.003468208092485549	0.000999000999000999	5
3.5.1	0.003424657534246575	0.000999000999000999	3
