EC	enrich_score	p_val	where
3	0.005172413793103448	0.000999000999000999	122
2	0.059996013553916684	0.000999000999000999	3782
3.2	0.023203592814371257	0.000999000999000999	122
3.2.1	0.026050420168067228	0.000999000999000999	122
