EC	enrich_score	p_val	where
1	0.4739085697486403	0.000999000999000999	7600
1.1	0.03241262683201804	0.000999000999000999	428
1.1.1	0.015748031496062992	0.000999000999000999	216
