EC	enrich_score	p_val	where
1	0.0013229457592238718	0.000999000999000999	27
1.2	0.01536983669548511	0.000999000999000999	15
1.2.4	0.2711864406779661	0.000999000999000999	15
