EC	enrich_score	p_val	where
1	0.017051300896663235	0.000999000999000999	1516
1.13	0.02576112412177986	0.000999000999000999	12
1.13.12	0.11702127659574468	0.000999000999000999	12
