EC	enrich_score	p_val	where
2	0.0017939007374925253	0.000999000999000999	71
1	0.05225635748934294	0.000999000999000999	1182
1.2	0.007684918347742555	0.000999000999000999	8
2.3	0.007314099959366111	0.000999000999000999	71
1.2.1	0.003937007874015748	0.000999000999000999	2
2.3.1	0.008260670032124828	0.000999000999000999	71
