EC	enrich_score	p_val	where
1	0.0016169337057180655	0.000999000999000999	400
1.5	0.008746355685131196	0.000999000999000999	16
1.5.99	0.043478260869565216	0.000999000999000999	16
