EC	enrich_score	p_val	where
2	0.1610524217659956	0.000999000999000999	4637
2.7	0.03462117410938284	0.000999000999000999	92
2.4	0.16091019910605445	0.000999000999000999	2039
2.7.7	0.1536144578313253	0.000999000999000999	92
2.4.1	0.02695829094608342	0.000999000999000999	1913
