EC	enrich_score	p_val	where
4	0.0005257623554153522	0.01998001998001998	0
3	0.0004702194357366771	0.030969030969030968	13
5	0.11477761836441894	0.000999000999000999	343
4.5	0.07142857142857142	0.000999000999000999	0
3.8	0.0379746835443038	0.000999000999000999	13
5.1	0.031746031746031744	0.000999000999000999	343
4.5.1|4	0.3333333333333333	0.000999000999000999	0
3.8.1	0.03896103896103896	0.000999000999000999	13
