EC	enrich_score	p_val	where
1	0.036381008378656474	0.000999000999000999	2845
1.2	0.0009606147934678194	0.000999000999000999	0
1.2.-	0.25	0.000999000999000999	0
