EC	enrich_score	p_val	where
2	0.006079330277058002	0.000999000999000999	130
2.8	0.022123893805309734	0.000999000999000999	12
2.8.1	0.08264462809917356	0.000999000999000999	12
