EC	enrich_score	p_val	where
1	0.03564603851242099	0.000999000999000999	1963
1.1	0.005355129650507328	0.000999000999000999	32
1.1.3	0.010810810810810811	0.000999000999000999	4
