EC	enrich_score	p_val	where
2	0.0077735698624676105	0.000999000999000999	90
2.7	0.038133467134972406	0.000999000999000999	86
2.7.1	0.08735632183908046	0.000999000999000999	86
