EC	enrich_score	p_val	where
1	0.47457004262825225	0.000999000999000999	7595
1.5	0.0029154518950437317	0.000999000999000999	0
1.1	0.0014092446448703494	0.000999000999000999	203
1.5.1	0.006756756756756757	0.000999000999000999	0
