EC	enrich_score	p_val	where
4	0.0005257623554153522	0.01998001998001998	7
2	0.0005979669124975084	0.013986013986013986	308
2.8	0.0022123893805309734	0.000999000999000999	1
2.8.4	0.041666666666666664	0.000999000999000999	1
