EC	enrich_score	p_val	where
2	0.002391867649990034	0.000999000999000999	64
3	0.00438871473354232	0.000999000999000999	547
2.4	0.004469727752945957	0.000999000999000999	21
2.4.2	0.048458149779735685	0.000999000999000999	21
