EC	enrich_score	p_val	where
2	0.07544349212676899	0.000999000999000999	2556
2.3	0.16416091019910606	0.000999000999000999	1648
2.3.1	0.1486920605782469	0.000999000999000999	1231
