EC	enrich_score	p_val	where
3	0.002664576802507837	0.000999000999000999	262
3.1	0.0015022533800701052	0.000999000999000999	2
3.1.3|3	0.02857142857142857	0.000999000999000999	0
