EC	enrich_score	p_val	where
1	0.02726738203733647	0.000999000999000999	1980
1.14	0.00022016732716864817	0.014985014985014986	24
