EC	enrich_score	p_val	where
1	0.022931059826547112	0.000999000999000999	2315
1.14	0.0006605019815059445	0.001998001998001998	28
1.14.13	0.0018264840182648401	0.000999000999000999	16
