EC	enrich_score	p_val	where
1	0.009260620314567102	0.000999000999000999	456
1.1	0.0002818489289740699	0.014985014985014986	10
1.3	0.004152249134948097	0.000999000999000999	17
1.1.1	0.0003749531308586427	0.013986013986013986	10
1.3.1	0.008264462809917356	0.000999000999000999	17
