EC	enrich_score	p_val	where
3	0.02664576802507837	0.000999000999000999	570
3.1	0.010515773660490736	0.000999000999000999	130
3.1.6	0.07142857142857142	0.000999000999000999	5
