EC	enrich_score	p_val	where
2	0.12637034084114013	0.000999000999000999	1544
2.1	0.7090342679127726	0.000999000999000999	1317
2.1.1	0.7273991655076495	0.000999000999000999	1317
