EC	enrich_score	p_val	where
1	0.0036013523445538732	0.000999000999000999	318
1.8	0.0029498525073746312	0.000999000999000999	0
1.8.5	0.025	0.000999000999000999	0
