EC	enrich_score	p_val	where
4	0.0473186119873817	0.000999000999000999	186
4.2	0.09319371727748692	0.000999000999000999	141
4.2.1	0.1478102189781022	0.000999000999000999	141
