EC	enrich_score	p_val	where
2	0.16753039665138528	0.000999000999000999	3090
2.7	0.02609131961866533	0.000999000999000999	80
2.4	0.31735067045916293	0.000999000999000999	2252
2.7.7	0.14156626506024098	0.000999000999000999	64
2.4.1	0.2029501525940997	0.000999000999000999	2252
