EC	enrich_score	p_val	where
3	0.0007836990595611285	0.004995004995004995	152
3.1	0.00200300450676014	0.000999000999000999	3
3.1.1	0.005305039787798408	0.000999000999000999	3
