EC	enrich_score	p_val	where
1	0.47457004262825225	0.000999000999000999	7596
1.3	0.0020761245674740486	0.000999000999000999	11
1.3.1	0.0027548209366391185	0.000999000999000999	2
