EC	enrich_score	p_val	where
1	0.04417168896075261	0.000999000999000999	4167
1.14	0.006384852487890797	0.000999000999000999	510
1.14.14	0.007189072609633357	0.000999000999000999	16
