EC	enrich_score	p_val	where
2	0.09956149093083516	0.000999000999000999	2791
2.3	0.31247460381958553	0.000999000999000999	1938
2.3.1	0.2822395594309316	0.000999000999000999	1924
