EC	enrich_score	p_val	where
1	0.4732470968690284	0.000999000999000999	7581
1.1	0.0701803833145434	0.000999000999000999	789
1.1.1	0.0869891263592051	0.000999000999000999	578
