EC	enrich_score	p_val	where
4	0.0005257623554153522	0.01998001998001998	0
3	0.00909090909090909	0.000999000999000999	285
2	0.03996412198525015	0.000999000999000999	5364
4.2	0.0010471204188481676	0.000999000999000999	0
3.1	0.008512769153730596	0.000999000999000999	40
4.2.99	0.07692307692307693	0.000999000999000999	0
3.1.21	0.09090909090909091	0.000999000999000999	2
