EC	enrich_score	p_val	where
4	0.002103049421661409	0.000999000999000999	5
4.4	0.01910828025477707	0.000999000999000999	3
4.4.1	0.019230769230769232	0.000999000999000999	3
