EC	enrich_score	p_val	where
3	0.00438871473354232	0.000999000999000999	112
2	0.10783336655371736	0.000999000999000999	4602
3.2	0.01347305389221557	0.000999000999000999	56
2.4	0.05770012190166599	0.000999000999000999	1551
2.4.1	0.001017293997965412	0.000999000999000999	6
3.2.1	0.013445378151260505	0.000999000999000999	56
