EC	enrich_score	p_val	where
5	0.14634146341463414	0.000999000999000999	307
5.1	0.17989417989417988	0.000999000999000999	307
