EC	enrich_score	p_val	where
1	0.47427605468175804	0.000999000999000999	7581
1.2	0.0009606147934678194	0.000999000999000999	0
1.1	0.004509582863585118	0.000999000999000999	29
1.2.1	0.0013123359580052493	0.000999000999000999	0
1.1.1	0.0022497187851518562	0.000999000999000999	25
