EC	enrich_score	p_val	where
2	0.0021925453458241976	0.000999000999000999	85
2.3	0.0077204388459975615	0.000999000999000999	43
2.3.1	0.0073428178063331805	0.000999000999000999	27
