EC	enrich_score	p_val	where
1	0.47096869028369837	0.000999000999000999	7555
1.14	0.001321003963011889	0.000999000999000999	72
1.14.-	0.023809523809523808	0.000999000999000999	2
