EC	enrich_score	p_val	where
3	0.007366771159874608	0.000999000999000999	79
3.2	0.020209580838323353	0.000999000999000999	75
3.2.1	0.0226890756302521	0.000999000999000999	75
