EC	enrich_score	p_val	where
4	0.008412197686645636	0.000999000999000999	39
2	0.0007972892166633447	0.003996003996003996	126
4.2	0.016753926701570682	0.000999000999000999	39
2.5	0.013961605584642234	0.000999000999000999	126
4.2.3	0.04779411764705882	0.000999000999000999	26
2.5.1	0.007326007326007326	0.000999000999000999	126
