EC	enrich_score	p_val	where
1	0.00749669263560194	0.000999000999000999	133
1.8	0.017699115044247787	0.000999000999000999	38
1.8.7	0.2857142857142857	0.000999000999000999	3
