EC	enrich_score	p_val	where
2	0.06587602152680885	0.000999000999000999	8507
2.7	0.11239337681886603	0.000999000999000999	562
2.7.1	0.11264367816091954	0.000999000999000999	124
