EC	enrich_score	p_val	where
3	0.0009404388714733542	0.002997002997002997	13
3.2	0.0014970059880239522	0.000999000999000999	9
3.2.2	0.015267175572519083	0.000999000999000999	9
