EC	enrich_score	p_val	where
2	0.11989236595575045	0.000999000999000999	1719
2.1	0.6255451713395639	0.000999000999000999	1712
2.1.1|2	0.0425531914893617	0.000999000999000999	1
2.1.1	0.6328233657858137	0.000999000999000999	1712
