EC	enrich_score	p_val	where
2	0.16294598365557106	0.000999000999000999	4778
2.4	0.40430719219829336	0.000999000999000999	1720
2.4.1	0.3199389623601221	0.000999000999000999	1559
