EC	enrich_score	p_val	where
1	0.47398206673526383	0.000999000999000999	7577
1.1	0.02987598647125141	0.000999000999000999	176
1.1.1	0.03899512560929884	0.000999000999000999	125
