EC	enrich_score	p_val	where
1	0.47457004262825225	0.000999000999000999	7593
1.1	0.005918827508455468	0.000999000999000999	102
1.1.1	0.003374578177727784	0.000999000999000999	23
