EC	enrich_score	p_val	where
2	0.1665337851305561	0.000999000999000999	4542
2.4	0.3380739536773669	0.000999000999000999	1556
2.4.1	0.2650050864699898	0.000999000999000999	1265
