EC	enrich_score	p_val	where
6	0.043076923076923075	0.000999000999000999	157
2	0.0363763205102651	0.000999000999000999	2081
6.3	0.001937984496124031	0.000999000999000999	3
6.2	0.026694045174537988	0.000999000999000999	36
2.7	0.14099347717009533	0.000999000999000999	2081
6.3.1	0.015873015873015872	0.000999000999000999	3
6.2.1	0.02813852813852814	0.000999000999000999	36
