EC	enrich_score	p_val	where
1	0.47457004262825225	0.000999000999000999	7590
1.1	0.012401352874859075	0.000999000999000999	151
1.1.1	0.015748031496062992	0.000999000999000999	151
