EC	enrich_score	p_val	where
4	0.0005257623554153522	0.01998001998001998	4
5	0.15351506456241032	0.000999000999000999	303
4.99	0.02040816326530612	0.000999000999000999	4
5.1	0.20634920634920634	0.000999000999000999	303
4.99.1	0.020833333333333332	0.000999000999000999	4
