EC	enrich_score	p_val	where
2	0.021626470001993223	0.000999000999000999	2699
2.5	0.031413612565445025	0.000999000999000999	28
2.5.1	0.03296703296703297	0.000999000999000999	28
