EC	enrich_score	p_val	where
2	0.11979270480366754	0.000999000999000999	1853
2.3	0.45631856968711904	0.000999000999000999	1672
2.3.1	0.4336851766865535	0.000999000999000999	1672
