EC	enrich_score	p_val	where
1	0.47339409084227546	0.000999000999000999	7593
1.2	0.021133525456292025	0.000999000999000999	42
1.2.1	0.028871391076115485	0.000999000999000999	42
