EC	enrich_score	p_val	where
1	0.026017933264736146	0.000999000999000999	1664
1.14	0.04095112285336856	0.000999000999000999	297
1.14.99	0.06497175141242938	0.000999000999000999	42
1.14.19	0.15430861723446893	0.000999000999000999	255
