EC	enrich_score	p_val	where
2	0.16294598365557106	0.000999000999000999	5052
2.4	0.29337667614790736	0.000999000999000999	1415
2.4.1	0.2273652085452696	0.000999000999000999	1252
