EC	enrich_score	p_val	where
3	0.033072100313479624	0.000999000999000999	568
3.5	0.028901734104046242	0.000999000999000999	44
3.5.1	0.04280821917808219	0.000999000999000999	44
