EC	enrich_score	p_val	where
3	0.0017241379310344827	0.000999000999000999	34
2	0.0008969503687462627	0.002997002997002997	82
2.4	0.0004063388866314506	0.002997002997002997	0
3.2	0.0074850299401197605	0.000999000999000999	28
2.4.2	0.004405286343612335	0.000999000999000999	0
3.2.2	0.061068702290076333	0.000999000999000999	28
