EC	enrich_score	p_val	where
1	0.001690430692341614	0.000999000999000999	109
1.11	0.003389830508474576	0.000999000999000999	0
1.11.1	0.004	0.000999000999000999	0
