EC	enrich_score	p_val	where
1	0.4743495516683816	0.000999000999000999	7601
1.1	0.014374295377677565	0.000999000999000999	91
1.1.1	0.014623172103487065	0.000999000999000999	89
