EC	enrich_score	p_val	where
3	0.03949843260188088	0.000999000999000999	834
3.1	0.06910365548322484	0.000999000999000999	432
3.1.3	0.032692307692307694	0.000999000999000999	22
