EC	enrich_score	p_val	where
1	0.47170366014993387	0.000999000999000999	7594
1.1	0.004509582863585118	0.000999000999000999	43
1.1.1	0.005249343832020997	0.000999000999000999	34
