EC	enrich_score	p_val	where
2	0.00039864460833167234	0.04695304695304695	4
2.1	0.0024922118380062306	0.000999000999000999	4
2.1.3|2	0.5	0.000999000999000999	0
2.1.3	0.05128205128205128	0.000999000999000999	4
