EC	enrich_score	p_val	where
1	0.06960164633250036	0.000999000999000999	2036
1.3	0.001384083044982699	0.000999000999000999	1
1.14	0.00044033465433729633	0.002997002997002997	11
1.3.1	0.0027548209366391185	0.000999000999000999	1
1.14.13	0.0018264840182648401	0.000999000999000999	11
