EC	enrich_score	p_val	where
1	0.0031603704248125827	0.000999000999000999	979
1.7	0.008928571428571428	0.000999000999000999	36
1.7.3	0.07407407407407407	0.000999000999000999	36
