EC	enrich_score	p_val	where
2	0.16832768586804864	0.000999000999000999	3675
2.4	0.48191791954490043	0.000999000999000999	2026
2.4.1	0.41149542217700913	0.000999000999000999	1725
