EC	enrich_score	p_val	where
1	0.02072615022784066	0.000999000999000999	1894
1.14	0.00022016732716864817	0.014985014985014986	0
1.11	0.01694915254237288	0.000999000999000999	10
1.14.99	0.002824858757062147	0.000999000999000999	0
1.11.1	0.02	0.000999000999000999	10
