EC	enrich_score	p_val	where
1	0.4742025576951345	0.000999000999000999	7599
1.1	0.005073280721533258	0.000999000999000999	90
1.1.1	0.005249343832020997	0.000999000999000999	90
