EC	enrich_score	p_val	where
3	0.019435736677115987	0.000999000999000999	842
3.1	0.04556835252879319	0.000999000999000999	209
3.1.3	0.013461538461538462	0.000999000999000999	6
