EC	enrich_score	p_val	where
3	0.0018808777429467085	0.000999000999000999	153
2	0.09726928443292804	0.000999000999000999	4614
3.2	0.0007485029940119761	0.001998001998001998	4
2.4	0.03941487200325071	0.000999000999000999	2142
2.4.1	0.001017293997965412	0.000999000999000999	1
3.2.1	0.0008403361344537816	0.000999000999000999	4
