EC	enrich_score	p_val	where
1	0.004630310157283551	0.000999000999000999	611
1.14	0.007926023778071334	0.000999000999000999	111
1.14.18	0.06153846153846154	0.000999000999000999	7
