EC	enrich_score	p_val	where
1	0.03373511686020873	0.000999000999000999	2085
1.1	0.007046223224351747	0.000999000999000999	39
1.1.3	0.05405405405405406	0.000999000999000999	19
