EC	enrich_score	p_val	where
3	0.018808777429467086	0.000999000999000999	438
3.2	0.04790419161676647	0.000999000999000999	81
3.2.1	0.05378151260504202	0.000999000999000999	81
