EC	enrich_score	p_val	where
4	0.002103049421661409	0.000999000999000999	3
4.99	0.08163265306122448	0.000999000999000999	3
4.99.1	0.08333333333333333	0.000999000999000999	3
