EC	enrich_score	p_val	where
1	0.0017639276789651625	0.000999000999000999	156
1.10	0.006802721088435374	0.000999000999000999	2
1.11	0.003389830508474576	0.000999000999000999	5
1.10.3	0.009259259259259259	0.000999000999000999	2
1.11.1	0.004	0.000999000999000999	5
