EC	enrich_score	p_val	where
1	0.024107011612523887	0.000999000999000999	2260
1.1	0.0002818489289740699	0.014985014985014986	0
1.1.-	0.03571428571428571	0.000999000999000999	0
