EC	enrich_score	p_val	where
1	0.47155666617668673	0.000999000999000999	7603
1.1	0.04114994363021421	0.000999000999000999	245
1.1.1	0.05249343832020997	0.000999000999000999	242
