EC	enrich_score	p_val	where
1	0.4737615757753932	0.000999000999000999	7609
1.14	0.01453104359313078	0.000999000999000999	408
1.14.13	0.021004566210045664	0.000999000999000999	56
