EC	enrich_score	p_val	where
4	0.007886435331230283	0.000999000999000999	19
5	0.12769010043041606	0.000999000999000999	321
4.1	0.024778761061946902	0.000999000999000999	15
5.1	0.1111111111111111	0.000999000999000999	321
4.1.2	0.11965811965811966	0.000999000999000999	15
