EC	enrich_score	p_val	where
2	0.09148893761211879	0.000999000999000999	2336
2.3	0.29418935392117024	0.000999000999000999	1463
2.3.2	0.017241379310344827	0.000999000999000999	4
2.3.1	0.2744378155117026	0.000999000999000999	1463
