EC	enrich_score	p_val	where
4	0.0010515247108307045	0.000999000999000999	1
2	0.004983057604145904	0.000999000999000999	985
4.1	0.0035398230088495575	0.000999000999000999	1
2.8	0.0022123893805309734	0.000999000999000999	6
4.1.2	0.017094017094017096	0.000999000999000999	1
2.8.3	0.009615384615384616	0.000999000999000999	6
