EC	enrich_score	p_val	where
3	0.021473354231974922	0.000999000999000999	560
3.1	0.03605408112168253	0.000999000999000999	485
3.1.1	0.029177718832891247	0.000999000999000999	40
