EC	enrich_score	p_val	where
1	0.47295310892253417	0.000999000999000999	7600
1.14	0.001321003963011889	0.000999000999000999	5
1.14.-	0.03968253968253968	0.000999000999000999	4
