EC	enrich_score	p_val	where
2	0.004185768387482559	0.000999000999000999	87
2.8	0.017699115044247787	0.000999000999000999	11
2.8.3	0.07692307692307693	0.000999000999000999	11
