EC	enrich_score	p_val	where
1	0.021755108040570337	0.000999000999000999	1839
1.13	0.11475409836065574	0.000999000999000999	55
1.13.11	0.13793103448275862	0.000999000999000999	54
