EC	enrich_score	p_val	where
1	0.4743495516683816	0.000999000999000999	7600
1.3	0.001384083044982699	0.000999000999000999	1
1.1	0.0016910935738444193	0.000999000999000999	120
1.3.1	0.0027548209366391185	0.000999000999000999	1
1.1.1	0.0014998125234345708	0.000999000999000999	120
