EC	enrich_score	p_val	where
2	0.04305361769982061	0.000999000999000999	1475
2.7	0.18815855494229805	0.000999000999000999	1454
2.7.1	0.21379310344827587	0.000999000999000999	328
