EC	enrich_score	p_val	where
1	0.003013376451565486	0.000999000999000999	170
1.1	0.003945885005636978	0.000999000999000999	21
1.1.3	0.005405405405405406	0.000999000999000999	0
1.1.99	0.012345679012345678	0.000999000999000999	4
