EC	enrich_score	p_val	where
1	0.01506688225782743	0.000999000999000999	2232
1.13	0.00234192037470726	0.000999000999000999	1
1.13.12	0.010638297872340425	0.000999000999000999	1
