EC	enrich_score	p_val	where
3	0.00799373040752351	0.000999000999000999	101
2	0.002292206497907116	0.000999000999000999	463
3.1	0.011517275913870806	0.000999000999000999	101
3.1.1	0.011936339522546418	0.000999000999000999	11
