EC	enrich_score	p_val	where
3	0.02523510971786834	0.000999000999000999	322
3.1	0.05508262393590386	0.000999000999000999	304
3.1.3	0.11346153846153846	0.000999000999000999	70
