EC	enrich_score	p_val	where
2	0.05521227825393662	0.000999000999000999	3640
2.3	0.036164160910199104	0.000999000999000999	398
2.3.1	0.03717301514456173	0.000999000999000999	398
