EC	enrich_score	p_val	where
1	0.47464353961487576	0.000999000999000999	7605
1.8	0.0058997050147492625	0.000999000999000999	3
1.8.1	0.01904761904761905	0.000999000999000999	3
