EC	enrich_score	p_val	where
1	0.0004409819197412906	0.030969030969030968	25
1.1	0.0002818489289740699	0.014985014985014986	0
1.1.3	0.005405405405405406	0.000999000999000999	0
