EC	enrich_score	p_val	where
1	0.0004409819197412906	0.030969030969030968	6
2	0.00039864460833167234	0.04695304695304695	17
1.6	0.004761904761904762	0.000999000999000999	1
1.6.5	0.006993006993006993	0.000999000999000999	1
