EC	enrich_score	p_val	where
1	0.47398206673526383	0.000999000999000999	7612
1.14	0.0006605019815059445	0.001998001998001998	3
1.1	0.0011273957158962795	0.000999000999000999	18
1.14.13	0.0027397260273972603	0.000999000999000999	3
1.1.1	0.0014998125234345708	0.000999000999000999	18
