EC	enrich_score	p_val	where
6	0.02	0.000999000999000999	77
2	0.04305361769982061	0.000999000999000999	1001
6.4	0.06896551724137931	0.000999000999000999	4
6.3	0.027131782945736434	0.000999000999000999	65
2.7	0.21274460612142498	0.000999000999000999	1001
6.4.1	0.07692307692307693	0.000999000999000999	4
6.3.2	0.026755852842809364	0.000999000999000999	65
