EC	enrich_score	p_val	where
1	0.4751580185212406	0.000999000999000999	7597
1.5	0.023323615160349854	0.000999000999000999	9
1.5.1	0.05405405405405406	0.000999000999000999	9
