EC	enrich_score	p_val	where
1	0.003233867411436131	0.000999000999000999	457
1.14	0.00022016732716864817	0.014985014985014986	0
1.14.17	0.047619047619047616	0.000999000999000999	0
