EC	enrich_score	p_val	where
1	0.47383507276201675	0.000999000999000999	7581
1.3	0.0006920415224913495	0.001998001998001998	0
1.1	0.005355129650507328	0.000999000999000999	1494
1.3.1	0.0013774104683195593	0.000999000999000999	0
1.1.1	0.004874390701162355	0.000999000999000999	96
