EC	enrich_score	p_val	where
2	0.10245166434123978	0.000999000999000999	7393
2.7	0.0010035122930255895	0.000999000999000999	1
2.4	0.04510361641609102	0.000999000999000999	700
2.7.7	0.006024096385542169	0.000999000999000999	1
