EC	enrich_score	p_val	where
1	0.47427605468175804	0.000999000999000999	7593
1.14	0.0028621752531924264	0.000999000999000999	15
1.14.12	0.09923664122137404	0.000999000999000999	15
