EC	enrich_score	p_val	where
2	0.002690851106238788	0.000999000999000999	51
2.6	0.06172839506172839	0.000999000999000999	51
2.6.1	0.045576407506702415	0.000999000999000999	44
