EC	enrich_score	p_val	where
2	0.11530795295993622	0.000999000999000999	5664
2.3	0.197480698902885	0.000999000999000999	1215
2.3.1	0.16980266177145478	0.000999000999000999	1122
