EC	enrich_score	p_val	where
1	0.00235190357195355	0.000999000999000999	566
1.14	0.0019815059445178335	0.000999000999000999	8
1.14.15	0.030612244897959183	0.000999000999000999	8
