EC	enrich_score	p_val	where
2	0.10055810245166434	0.000999000999000999	5921
2.3	0.22917513206013815	0.000999000999000999	997
2.3.1	0.208352455254704	0.000999000999000999	997
