EC	enrich_score	p_val	where
4	0.0010515247108307045	0.000999000999000999	1
1	0.000514478906364839	0.01998001998001998	10
4.1	0.0035398230088495575	0.000999000999000999	1
1.14	0.0015411712901805372	0.000999000999000999	10
4.1.1	0.006734006734006734	0.000999000999000999	1
1.14.14	0.0050323508267433505	0.000999000999000999	10
