EC	enrich_score	p_val	where
1	0.1436866088490372	0.000999000999000999	2832
1.14	0.003963011889035667	0.000999000999000999	32
1.14.13	0.005479452054794521	0.000999000999000999	20
