EC	enrich_score	p_val	where
1	0.4744230486550051	0.000999000999000999	7599
1.8	0.0029498525073746312	0.000999000999000999	0
1.14	0.0017613386173491853	0.000999000999000999	14
1.8.1	0.009523809523809525	0.000999000999000999	0
1.14.13	0.0073059360730593605	0.000999000999000999	14
