EC	enrich_score	p_val	where
3	0.0438871473354232	0.000999000999000999	533
3.4	0.1044776119402985	0.000999000999000999	105
3.4.21	0.056451612903225805	0.000999000999000999	8
