EC	enrich_score	p_val	where
2	0.008869842535379709	0.000999000999000999	312
2.5	0.041884816753926704	0.000999000999000999	48
2.5.1	0.040293040293040296	0.000999000999000999	48
