EC	enrich_score	p_val	where
1	0.47427605468175804	0.000999000999000999	7603
1.1	0.006764374295377677	0.000999000999000999	39
1.1.1	0.008248968878890138	0.000999000999000999	39
