EC	enrich_score	p_val	where
4	0.00473186119873817	0.000999000999000999	10
4.1	0.0035398230088495575	0.000999000999000999	1
4.4	0.006369426751592357	0.000999000999000999	4
4.1.3	0.043478260869565216	0.000999000999000999	1
4.4.1	0.00641025641025641	0.000999000999000999	4
