EC	enrich_score	p_val	where
4	0.004206098843322818	0.000999000999000999	7
4.5	0.14285714285714285	0.000999000999000999	1
4.4	0.012738853503184714	0.000999000999000999	7
4.5.1	0.2	0.000999000999000999	1
4.4.1	0.01282051282051282	0.000999000999000999	7
