EC	enrich_score	p_val	where
6	0.003076923076923077	0.000999000999000999	120
2	0.015347817420769384	0.000999000999000999	308
3	0.06426332288401254	0.000999000999000999	1201
6.3	0.007751937984496124	0.000999000999000999	120
2.7	0.07626693426994481	0.000999000999000999	308
3.6	0.40118577075098816	0.000999000999000999	1201
2.7.4	0.006896551724137931	0.000999000999000999	109
3.6.3	0.5136612021857924	0.000999000999000999	1201
