EC	enrich_score	p_val	where
2	0.07036077337054017	0.000999000999000999	5274
2.7	0.0015052684395383843	0.000999000999000999	2
2.7.7	0.009036144578313253	0.000999000999000999	2
