EC	enrich_score	p_val	where
3	0.0034482758620689655	0.000999000999000999	103
3.1	0.004506760140210316	0.000999000999000999	20
3.1.3	0.0057692307692307696	0.000999000999000999	2
