EC	enrich_score	p_val	where
1	0.018668234602381303	0.000999000999000999	1643
