EC	enrich_score	p_val	where
1	0.4744965456416287	0.000999000999000999	7607
1.14	0.0024218405988551297	0.000999000999000999	18
1.14.12	0.06870229007633588	0.000999000999000999	18
