EC	enrich_score	p_val	where
1	0.030648243422019696	0.000999000999000999	1617
1.14	0.04425363276089828	0.000999000999000999	283
1.14.99	0.01977401129943503	0.000999000999000999	77
1.14.19	0.16432865731462926	0.000999000999000999	279
