EC	enrich_score	p_val	where
3	0.029310344827586206	0.000999000999000999	744
3.4	0.024875621890547265	0.000999000999000999	27
3.4.14	0.3170731707317073	0.000999000999000999	13
