EC	enrich_score	p_val	where
2	0.1261710185369743	0.000999000999000999	1513
2.1	0.6909657320872274	0.000999000999000999	1452
2.1.1	0.7072322670375522	0.000999000999000999	1452
