EC	enrich_score	p_val	where
3	0.0025078369905956114	0.000999000999000999	214
