EC	enrich_score	p_val	where
3	0.0004702194357366771	0.030969030969030968	2
3.1	0.00100150225338007	0.000999000999000999	1
3.1.2	0.009174311926605505	0.000999000999000999	1
