EC	enrich_score	p_val	where
1	0.031824195207996474	0.000999000999000999	2606
1.14	0.003963011889035667	0.000999000999000999	39
1.14.14	0.002156721782890007	0.000999000999000999	2
