EC	enrich_score	p_val	where
1	0.0013229457592238718	0.000999000999000999	40
5	0.11621233859397417	0.000999000999000999	337
1.8	0.014749262536873156	0.000999000999000999	9
5.1	0.06878306878306878	0.000999000999000999	337
1.8.7	0.14285714285714285	0.000999000999000999	1
