EC	enrich_score	p_val	where
2	0.000996611520829181	0.000999000999000999	11
3	0.0004702194357366771	0.030969030969030968	28
2.1	0.006230529595015576	0.000999000999000999	11
2.1.3	0.1794871794871795	0.000999000999000999	7
