EC	enrich_score	p_val	where
6	0.03461538461538462	0.000999000999000999	168
2	0.039366155072752644	0.000999000999000999	2563
2.7	0.12594079277471149	0.000999000999000999	2406
