EC	enrich_score	p_val	where
1	0.47427605468175804	0.000999000999000999	7589
1.14	0.00022016732716864817	0.014985014985014986	3
1.1	0.002536640360766629	0.000999000999000999	24
1.14.13	0.0009132420091324201	0.000999000999000999	3
1.1.1	0.0026246719160104987	0.000999000999000999	24
