EC	enrich_score	p_val	where
1	0.47185065412318095	0.000999000999000999	7573
1.1	0.008455467869222097	0.000999000999000999	74
1.1.1	0.010498687664041995	0.000999000999000999	74
