EC	enrich_score	p_val	where
1	0.4733205938556519	0.000999000999000999	7594
1.1	0.047914317925591886	0.000999000999000999	785
1.1.1	0.05174353205849269	0.000999000999000999	785
