EC	enrich_score	p_val	where
1	0.009334117301190652	0.000999000999000999	272
1.3	0.0837370242214533	0.000999000999000999	239
1.3.8	0.08163265306122448	0.000999000999000999	82
