EC	enrich_score	p_val	where
1	0.020064677348228723	0.000999000999000999	1839
1.14	0.04007045354469397	0.000999000999000999	241
1.14.19	0.1683366733466934	0.000999000999000999	241
