EC	enrich_score	p_val	where
1	0.47258562398941645	0.000999000999000999	7590
1.1	0.022266065388951522	0.000999000999000999	224
1.1.1	0.024746906636670417	0.000999000999000999	119
