EC	enrich_score	p_val	where
1	0.003233867411436131	0.000999000999000999	290
1.1	0.001972942502818489	0.000999000999000999	6
1.1.98	0.1724137931034483	0.000999000999000999	4
