EC	enrich_score	p_val	where
1	0.47427605468175804	0.000999000999000999	7600
1.14	0.004623513870541612	0.000999000999000999	598
1.14.13	0.005479452054794521	0.000999000999000999	22
