EC	enrich_score	p_val	where
3	0.0006269592476489029	0.01098901098901099	4
2	0.13514052222443693	0.000999000999000999	4546
3.2	0.0029940119760479044	0.000999000999000999	4
2.4	0.16903697683868346	0.000999000999000999	1813
3.2.1	0.0033613445378151263	0.000999000999000999	4
2.4.1	0.0686673448626653	0.000999000999000999	1475
