EC	enrich_score	p_val	where
1	0.004042334264295164	0.000999000999000999	67
1.17	0.10197368421052631	0.000999000999000999	67
1.17.4	0.4025974025974026	0.000999000999000999	67
