EC	enrich_score	p_val	where
1	0.00036748493311774215	0.04695304695304695	18
2	0.0015945784333266893	0.000999000999000999	82
1.4	0.01020408163265306	0.000999000999000999	14
2.6	0.03950617283950617	0.000999000999000999	82
2.6.1	0.0160857908847185	0.000999000999000999	82
