EC	enrich_score	p_val	where
3	0.003134796238244514	0.000999000999000999	47
3.1	0.007010515773660491	0.000999000999000999	47
3.1.1	0.011936339522546418	0.000999000999000999	11
