EC	enrich_score	p_val	where
1	0.02572394531824195	0.000999000999000999	1348
1.14	0.03368560105680317	0.000999000999000999	648
1.14.13	0.0018264840182648401	0.000999000999000999	7
1.14.14	0.005751258087706686	0.000999000999000999	30
