EC	enrich_score	p_val	where
2	0.004983057604145904	0.000999000999000999	146
1	0.0021314126120829044	0.000999000999000999	5386
2.6	0.10123456790123457	0.000999000999000999	139
2.6.1	0.10187667560321716	0.000999000999000999	62
