EC	enrich_score	p_val	where
1	0.021975599000440982	0.000999000999000999	1016
1.14	0.04007045354469397	0.000999000999000999	501
1.14.14	0.0007189072609633358	0.000999000999000999	0
