EC	enrich_score	p_val	where
3	0.003134796238244514	0.000999000999000999	19
3.8	0.22784810126582278	0.000999000999000999	17
3.8.1	0.23376623376623376	0.000999000999000999	17
