EC	enrich_score	p_val	where
2	0.1742076938409408	0.000999000999000999	3732
2.4	0.4717594473791142	0.000999000999000999	2129
2.4.1	0.39216683621566634	0.000999000999000999	2129
