EC	enrich_score	p_val	where
1	0.02021167132147582	0.000999000999000999	1221
1.14	0.017173051519154558	0.000999000999000999	276
1.14.14	0.0035945363048166786	0.000999000999000999	4
