EC	enrich_score	p_val	where
5	0.08751793400286945	0.000999000999000999	385
