EC	enrich_score	p_val	where
1	0.4744230486550051	0.000999000999000999	7591
1.3	0.0006920415224913495	0.001998001998001998	3
1.1	0.009582863585118376	0.000999000999000999	105
1.3.1	0.0013774104683195593	0.000999000999000999	3
1.1.1	0.01124859392575928	0.000999000999000999	103
