EC	enrich_score	p_val	where
4	0.0015772870662460567	0.000999000999000999	22
1	0.003013376451565486	0.000999000999000999	655
1.2	0.002881844380403458	0.000999000999000999	2
4.1	0.005309734513274336	0.000999000999000999	22
1.2.7	0.05	0.000999000999000999	2
4.1.1	0.003367003367003367	0.000999000999000999	22
