EC	enrich_score	p_val	where
2	0.1262706796890572	0.000999000999000999	1514
2.1	0.6890965732087228	0.000999000999000999	1501
2.1.1	0.7051460361613352	0.000999000999000999	1501
