EC	enrich_score	p_val	where
1	0.4747905335881229	0.000999000999000999	7617
1.1	0.0008455467869222097	0.000999000999000999	4
1.14	0.0015411712901805372	0.000999000999000999	21
1.1.1	0.0011248593925759281	0.000999000999000999	4
1.14.12	0.03816793893129771	0.000999000999000999	21
