EC	enrich_score	p_val	where
1	0.4744965456416287	0.000999000999000999	7615
1.14	0.0048436811977102595	0.000999000999000999	64
1.14.12	0.12213740458015267	0.000999000999000999	64
