EC	enrich_score	p_val	where
1	0.4744965456416287	0.000999000999000999	7597
1.1	0.0002818489289740699	0.014985014985014986	3
1.14	0.0006605019815059445	0.001998001998001998	106
1.1.1	0.0003749531308586427	0.013986013986013986	3
1.14.13	0.0018264840182648401	0.000999000999000999	10
