EC	enrich_score	p_val	where
4	0.06361724500525763	0.000999000999000999	166
4.2	0.1225130890052356	0.000999000999000999	166
4.2.1	0.18795620437956204	0.000999000999000999	153
