EC	enrich_score	p_val	where
2	0.0991628463225035	0.000999000999000999	1260
2.1	0.518380062305296	0.000999000999000999	1219
2.1.1	0.5285118219749653	0.000999000999000999	1219
