EC	enrich_score	p_val	where
2	0.0666733107434722	0.000999000999000999	3854
2.3	0.01259650548557497	0.000999000999000999	104
2.3.1	0.014226709499770536	0.000999000999000999	104
