EC	enrich_score	p_val	where
1	0.003674849331177422	0.000999000999000999	171
1.97	0.022727272727272728	0.000999000999000999	0
1.21	0.05263157894736842	0.000999000999000999	6
1.97.1	0.023255813953488372	0.000999000999000999	0
1.21.99	0.16666666666666666	0.000999000999000999	6
