EC	enrich_score	p_val	where
2	0.0622882200518238	0.000999000999000999	5124
2.4	0.022348638764729784	0.000999000999000999	286
2.4.99	0.10218978102189781	0.000999000999000999	44
