EC	enrich_score	p_val	where
1	0.022122592973688078	0.000999000999000999	3249
1.13	0.00234192037470726	0.000999000999000999	1
1.1	0.0014092446448703494	0.000999000999000999	7
1.13.99	0.05555555555555555	0.000999000999000999	1
1.1.3	0.010810810810810811	0.000999000999000999	6
