EC	enrich_score	p_val	where
2	0.0006976280645804266	0.007992007992007992	6
2.3	0.0028443722064201544	0.000999000999000999	6
2.3.2	0.040229885057471264	0.000999000999000999	6
