EC	enrich_score	p_val	where
2	0.16753039665138528	0.000999000999000999	4428
2.4	0.40308817553839904	0.000999000999000999	1948
2.4.1	0.3392675483214649	0.000999000999000999	1466
