EC	enrich_score	p_val	where
2	0.052621088299780745	0.000999000999000999	4117
2.1	0.006853582554517134	0.000999000999000999	27
2.1.1	0.0076495132127955496	0.000999000999000999	27
