EC	enrich_score	p_val	where
1	0.022049095987064532	0.000999000999000999	6730
1.14	0.0028621752531924264	0.000999000999000999	20
1.14.20	0.018518518518518517	0.000999000999000999	0
1.14.11	0.0071174377224199285	0.000999000999000999	7
