EC	enrich_score	p_val	where
1	0.47457004262825225	0.000999000999000999	7606
1.1	0.02142051860202931	0.000999000999000999	244
1.1.1|1	0.005714285714285714	0.000999000999000999	8
1.1.1	0.022122234720659918	0.000999000999000999	140
