EC	enrich_score	p_val	where
6	0.007692307692307693	0.000999000999000999	9
6.3	0.011627906976744186	0.000999000999000999	9
6.3.1	0.015873015873015872	0.000999000999000999	0
