EC	enrich_score	p_val	where
2	0.04704006378313733	0.000999000999000999	3123
2.7	0.13798294029101857	0.000999000999000999	982
2.7.3	0.03571428571428571	0.000999000999000999	0
2.7.1	0.0011494252873563218	0.000999000999000999	6
