EC	enrich_score	p_val	where
6	0.009230769230769232	0.000999000999000999	23
6.3	0.013565891472868217	0.000999000999000999	12
6.3.3	0.14285714285714285	0.000999000999000999	2
