EC	enrich_score	p_val	where
1	0.0058797589298838744	0.000999000999000999	144
1.1	0.010992108229988726	0.000999000999000999	111
1.1.5	0.08571428571428572	0.000999000999000999	23
