EC	enrich_score	p_val	where
2	0.1212876220849113	0.000999000999000999	1758
2.3	0.457131247460382	0.000999000999000999	1758
2.3.1	0.4346030289123451	0.000999000999000999	1758
