EC	enrich_score	p_val	where
1	0.47354108481552254	0.000999000999000999	7606
1.1	0.019729425028184894	0.000999000999000999	276
1.1.1|1	0.005714285714285714	0.000999000999000999	0
1.1.1	0.01987251593550806	0.000999000999000999	273
