EC	enrich_score	p_val	where
1	0.010657063060414524	0.000999000999000999	634
1.1	0.0016910935738444193	0.000999000999000999	5
1.1.5	0.05714285714285714	0.000999000999000999	5
