EC	enrich_score	p_val	where
1	0.4733205938556519	0.000999000999000999	7591
1.1	0.006764374295377677	0.000999000999000999	50
1.1.1	0.008248968878890138	0.000999000999000999	50
