EC	enrich_score	p_val	where
2	0.009168825991628464	0.000999000999000999	198
2.7	0.030105368790767688	0.000999000999000999	107
2.7.1	0.06896551724137931	0.000999000999000999	107
