EC	enrich_score	p_val	where
1	0.02770836395707776	0.000999000999000999	2129
1.14	0.004623513870541612	0.000999000999000999	88
1.14.14	0.0014378145219266715	0.000999000999000999	4
