EC	enrich_score	p_val	where
1	0.006688225782742908	0.000999000999000999	1322
1.14	0.00022016732716864817	0.014985014985014986	4
1.14.11	0.0035587188612099642	0.000999000999000999	4
