EC	enrich_score	p_val	where
1	0.4191533147140967	0.000999000999000999	7421
1.1	0.04199549041713641	0.000999000999000999	218
1.1.1	0.05211848518935133	0.000999000999000999	218
