EC	enrich_score	p_val	where
2	0.17380904923260912	0.000999000999000999	4138
2.4	0.440065014221861	0.000999000999000999	2276
2.4.1	0.340793489318413	0.000999000999000999	1762
