EC	enrich_score	p_val	where
1	0.47464353961487576	0.000999000999000999	7592
1.2	0.002881844380403458	0.000999000999000999	8
1.2.1	0.003937007874015748	0.000999000999000999	8
