EC	enrich_score	p_val	where
1	0.4736880787887697	0.000999000999000999	7631
1.1	0.0062006764374295375	0.000999000999000999	64
1.1.1	0.008248968878890138	0.000999000999000999	64
