EC	enrich_score	p_val	where
2	0.10683675503288818	0.000999000999000999	5627
2.7	0.03562468640240843	0.000999000999000999	254
2.7.8	0.06666666666666667	0.000999000999000999	35
