EC	enrich_score	p_val	where
1	0.47464353961487576	0.000999000999000999	7595
1.3	0.0006920415224913495	0.001998001998001998	4
1.14	0.00044033465433729633	0.002997002997002997	7
1.3.1	0.0013774104683195593	0.000999000999000999	4
1.14.13	0.0018264840182648401	0.000999000999000999	7
