EC	enrich_score	p_val	where
2	0.04554514650189356	0.000999000999000999	2770
2.7	0.15203211239337683	0.000999000999000999	745
2.7.1	0.05632183908045977	0.000999000999000999	665
