EC	enrich_score	p_val	where
2	0.011261710185369743	0.000999000999000999	4401
2.3	0.0004063388866314506	0.002997002997002997	0
2.7	0.0010035122930255895	0.000999000999000999	10
2.3.2	0.005747126436781609	0.000999000999000999	0
