EC	enrich_score	p_val	where
1	0.06504483316184037	0.000999000999000999	1427
1.3	0.001384083044982699	0.000999000999000999	1
1.3.1	0.0027548209366391185	0.000999000999000999	1
