EC	enrich_score	p_val	where
5	0.014347202295552367	0.000999000999000999	15
1	0.029913273555784214	0.000999000999000999	3364
5.3	0.047619047619047616	0.000999000999000999	15
5.3.2	0.29411764705882354	0.000999000999000999	5
