EC	enrich_score	p_val	where
1	0.034029104806702924	0.000999000999000999	1410
1.14	0.052840158520475564	0.000999000999000999	601
1.14.14	0.009345794392523364	0.000999000999000999	46
