EC	enrich_score	p_val	where
1	0.4739085697486403	0.000999000999000999	7583
1.2	0.011527377521613832	0.000999000999000999	20
1.2.1	0.013123359580052493	0.000999000999000999	9
