EC	enrich_score	p_val	where
2	0.06019533585808252	0.000999000999000999	4152
2.7	0.0010035122930255895	0.000999000999000999	3
2.7.7	0.006024096385542169	0.000999000999000999	3
