EC	enrich_score	p_val	where
3	0.001567398119122257	0.000999000999000999	23
3.5	0.011560693641618497	0.000999000999000999	23
3.5.4	0.08247422680412371	0.000999000999000999	23
