EC	enrich_score	p_val	where
4	0.052576235541535225	0.000999000999000999	171
4.2	0.10261780104712041	0.000999000999000999	171
4.2.1	0.16058394160583941	0.000999000999000999	171
