EC	enrich_score	p_val	where
1	0.4739085697486403	0.000999000999000999	7609
1.14	0.016952884191985908	0.000999000999000999	479
1.14.14	0.002156721782890007	0.000999000999000999	2
1.14.13	0.0009132420091324201	0.000999000999000999	49
