EC	enrich_score	p_val	where
2	0.08241977277257326	0.000999000999000999	4160
2.3	0.20195042665583096	0.000999000999000999	1598
2.3.1	0.17668655346489215	0.000999000999000999	1354
