EC	enrich_score	p_val	where
1	0.03263266206085551	0.000999000999000999	2155
1.5	0.011661807580174927	0.000999000999000999	5
1.5.98	0.4	0.000999000999000999	5
