EC	enrich_score	p_val	where
3	0.0004702194357366771	0.030969030969030968	5
3.3	0.01834862385321101	0.000999000999000999	4
3.3.2	0.019801980198019802	0.000999000999000999	4
