EC	enrich_score	p_val	where
1	0.3466117889166544	0.000999000999000999	8831
1.3	0.09480968858131487	0.000999000999000999	244
1.3.1	0.16942148760330578	0.000999000999000999	244
