EC	enrich_score	p_val	where
1	0.4742025576951345	0.000999000999000999	7625
1.1	0.002536640360766629	0.000999000999000999	19
1.1.1	0.003374578177727784	0.000999000999000999	19
