EC	enrich_score	p_val	where
2	0.002292206497907116	0.000999000999000999	34
2.5	0.031413612565445025	0.000999000999000999	24
2.5.1	0.03296703296703297	0.000999000999000999	24
