EC	enrich_score	p_val	where
2	0.004783735299980068	0.000999000999000999	103
2.6	0.10617283950617284	0.000999000999000999	90
2.6.1	0.0938337801608579	0.000999000999000999	90
