EC	enrich_score	p_val	where
1	0.023592532706159047	0.000999000999000999	1403
1.1	0.0005636978579481398	0.002997002997002997	3
1.1.3	0.010810810810810811	0.000999000999000999	3
