EC	enrich_score	p_val	where
3	0.00109717868338558	0.000999000999000999	9
1	0.0072027046891077464	0.000999000999000999	3238
3.3	0.06422018348623854	0.000999000999000999	9
3.3.2	0.06930693069306931	0.000999000999000999	9
