EC	enrich_score	p_val	where
2	0.0005979669124975084	0.013986013986013986	88
1	0.005585770983389681	0.000999000999000999	1580
1.14	0.00044033465433729633	0.002997002997002997	39
2.1	0.001869158878504673	0.000999000999000999	87
1.14.19	0.004008016032064128	0.000999000999000999	39
