EC	enrich_score	p_val	where
3	0.0059561128526645765	0.000999000999000999	51
1	0.02675290313097163	0.000999000999000999	2056
3.2	0.005239520958083832	0.000999000999000999	6
3.4	0.018656716417910446	0.000999000999000999	50
3.2.1	0.0058823529411764705	0.000999000999000999	6
