EC	enrich_score	p_val	where
2	0.10035878014749851	0.000999000999000999	2798
2.3	0.3120682649329541	0.000999000999000999	1950
2.3.1	0.28315741165672326	0.000999000999000999	1888
