EC	enrich_score	p_val	where
2	0.08072553318716365	0.000999000999000999	5290
2.7	0.002508780732563974	0.000999000999000999	4
2.7.7	0.015060240963855422	0.000999000999000999	4
