EC	enrich_score	p_val	where
2	0.004185768387482559	0.000999000999000999	51
3	0.04639498432601881	0.000999000999000999	1672
2.4	0.017066233238520925	0.000999000999000999	51
3.2	0.06062874251497006	0.000999000999000999	367
2.4.1	0.021363173957273652	0.000999000999000999	51
3.2.1	0.05966386554621849	0.000999000999000999	367
