EC	enrich_score	p_val	where
1	0.04843451418491842	0.000999000999000999	2787
1.3	0.01314878892733564	0.000999000999000999	21
1.14	0.00726552179656539	0.000999000999000999	896
1.3.99	0.0945273631840796	0.000999000999000999	21
