EC	enrich_score	p_val	where
2	0.00039864460833167234	0.04695304695304695	3
5	0.1492109038737446	0.000999000999000999	305
2.3	0.001219016659894352	0.000999000999000999	2
5.1	0.17989417989417988	0.000999000999000999	305
2.3.1	0.0013767783386874712	0.000999000999000999	2
