EC	enrich_score	p_val	where
2	0.06627466613514052	0.000999000999000999	4429
