EC	enrich_score	p_val	where
2	0.12647000199322303	0.000999000999000999	1577
2.1	0.7109034267912773	0.000999000999000999	1324
2.1.1	0.7294853963838664	0.000999000999000999	1324
