EC	enrich_score	p_val	where
1	0.47412906070851096	0.000999000999000999	7606
1.1	0.010992108229988726	0.000999000999000999	661
1.1.1	0.006374203224596925	0.000999000999000999	43
