EC	enrich_score	p_val	where
3	0.012225705329153605	0.000999000999000999	398
2	0.061690253139326294	0.000999000999000999	3127
3.2	0.0531437125748503	0.000999000999000999	252
3.2.1	0.05630252100840336	0.000999000999000999	252
