EC	enrich_score	p_val	where
1	0.0374834631780097	0.000999000999000999	1118
1.14	0.001100836635843241	0.000999000999000999	19
1.14.14	0.0007189072609633358	0.000999000999000999	0
