EC	enrich_score	p_val	where
2	0.0013952561291608531	0.000999000999000999	441
