EC	enrich_score	p_val	where
1	0.0011024547993532265	0.000999000999000999	28
1.17	0.013157894736842105	0.000999000999000999	8
1.3	0.0034602076124567475	0.000999000999000999	28
1.17.99	0.0625	0.000999000999000999	8
