EC	enrich_score	p_val	where
4	0.0010515247108307045	0.000999000999000999	1
1	0.4739085697486403	0.000999000999000999	7576
4.99	0.04081632653061224	0.000999000999000999	1
4.99.1	0.020833333333333332	0.000999000999000999	0
