EC	enrich_score	p_val	where
2	0.1091289615307953	0.000999000999000999	4437
2.7	0.006021073758153537	0.000999000999000999	22
2.4	0.008126777732629013	0.000999000999000999	683
2.7.8	0.03636363636363636	0.000999000999000999	22
