EC	enrich_score	p_val	where
2	0.09328283834961132	0.000999000999000999	6209
2.4	0.08980089394555059	0.000999000999000999	452
2.4.1	0.05239064089521872	0.000999000999000999	373
