EC	enrich_score	p_val	where
3	0.009404388714733543	0.000999000999000999	198
3.4	0.0024875621890547263	0.000999000999000999	1
3.4.21	0.016129032258064516	0.000999000999000999	1
