EC	enrich_score	p_val	where
1	0.04711156842569455	0.000999000999000999	1644
1.3	0.022837370242214532	0.000999000999000999	79
1.14	0.014090708938793483	0.000999000999000999	674
1.14.99	0.002824858757062147	0.000999000999000999	1
1.3.99	0.04975124378109453	0.000999000999000999	20
