EC	enrich_score	p_val	where
1	0.47383507276201675	0.000999000999000999	7603
1.2	0.002881844380403458	0.000999000999000999	9
1.14	0.006164685160722149	0.000999000999000999	326
1.2.1	0.003937007874015748	0.000999000999000999	9
