EC	enrich_score	p_val	where
1	0.01264148169925033	0.000999000999000999	3272
1.4	0.003401360544217687	0.000999000999000999	0
1.3	0.004152249134948097	0.000999000999000999	7
1.4.3	0.007194244604316547	0.000999000999000999	0
