EC	enrich_score	p_val	where
2	0.11690253139326291	0.000999000999000999	2052
2.3	0.41771637545713125	0.000999000999000999	1530
2.3.1	0.3955943093162001	0.000999000999000999	1477
