EC	enrich_score	p_val	where
3	0.014106583072100314	0.000999000999000999	1249
3.2	0.0014970059880239522	0.000999000999000999	1
3.1	0.0025037556334501754	0.000999000999000999	12
3.2.2	0.015267175572519083	0.000999000999000999	1
