EC	enrich_score	p_val	where
1	0.02917830368954873	0.000999000999000999	1617
1.14	0.004623513870541612	0.000999000999000999	51
1.14.14	0.007907979870596693	0.000999000999000999	20
