EC	enrich_score	p_val	where
1	0.4742025576951345	0.000999000999000999	7581
1.3	0.0006920415224913495	0.001998001998001998	0
1.1	0.0002818489289740699	0.014985014985014986	2
1.14	0.0028621752531924264	0.000999000999000999	286
1.3.1	0.0013774104683195593	0.000999000999000999	0
1.1.1	0.0003749531308586427	0.013986013986013986	2
