EC	enrich_score	p_val	where
4	0.0005257623554153522	0.01998001998001998	5
1	0.4740555637218874	0.000999000999000999	7578
4.99	0.02040816326530612	0.000999000999000999	5
1.1	0.010428410372040587	0.000999000999000999	475
4.99.1	0.020833333333333332	0.000999000999000999	5
1.1.1	0.006374203224596925	0.000999000999000999	84
