EC	enrich_score	p_val	where
5	0.020086083213773313	0.000999000999000999	16
1	0.0163898280170513	0.000999000999000999	2445
5.5	0.13333333333333333	0.000999000999000999	16
1.13	0.00234192037470726	0.000999000999000999	82
5.5.1	0.13725490196078433	0.000999000999000999	16
