EC	enrich_score	p_val	where
3	0.0009404388714733542	0.002997002997002997	6
2	0.0794299382100857	0.000999000999000999	4157
3.1	0.0030045067601402104	0.000999000999000999	6
2.3	0.023161316537992686	0.000999000999000999	167
3.1.2	0.027522935779816515	0.000999000999000999	6
2.3.1	0.026158788435061954	0.000999000999000999	167
