EC	enrich_score	p_val	where
1	0.4736880787887697	0.000999000999000999	7586
1.1	0.02790304396843292	0.000999000999000999	985
1.1.1	0.032995875515560553	0.000999000999000999	402
