EC	enrich_score	p_val	where
2	0.0010962726729120988	0.000999000999000999	42
2.5	0.015706806282722512	0.000999000999000999	9
2.5.1	0.016483516483516484	0.000999000999000999	9
