EC	enrich_score	p_val	where
3	0.04247648902821317	0.000999000999000999	1457
3.2	0.09206586826347306	0.000999000999000999	654
3.2.1	0.08319327731092437	0.000999000999000999	227
