EC	enrich_score	p_val	where
2	0.12656966314530596	0.000999000999000999	1559
2.1	0.7158878504672898	0.000999000999000999	1364
2.1.1	0.7350486787204451	0.000999000999000999	1364
