EC	enrich_score	p_val	where
4	0.0005257623554153522	0.01998001998001998	1
2	0.029300378712377916	0.000999000999000999	1999
4.1	0.0017699115044247787	0.000999000999000999	1
2.8	0.008849557522123894	0.000999000999000999	18
4.1.3	0.021739130434782608	0.000999000999000999	1
2.8.3	0.038461538461538464	0.000999000999000999	18
