EC	enrich_score	p_val	where
1	0.4727326179626635	0.000999000999000999	7626
1.1	0.05665163472378805	0.000999000999000999	1250
1.1.1	0.06711661042369704	0.000999000999000999	525
