EC	enrich_score	p_val	where
1	0.006247243863001617	0.000999000999000999	3852
1.17	0.019736842105263157	0.000999000999000999	5
1.17.5	0.2857142857142857	0.000999000999000999	5
