EC	enrich_score	p_val	where
1	0.014919888284580332	0.000999000999000999	1567
