EC	enrich_score	p_val	where
1	0.4737615757753932	0.000999000999000999	7612
1.1	0.010710259301014656	0.000999000999000999	125
1.1.1	0.010498687664041995	0.000999000999000999	125
