EC	enrich_score	p_val	where
1	0.024254005585770982	0.000999000999000999	1007
1.14	0.04711580801409071	0.000999000999000999	308
1.14.19	0.1843687374749499	0.000999000999000999	277
