EC	enrich_score	p_val	where
3	0.0004702194357366771	0.030969030969030968	3
2	0.001295594977077935	0.000999000999000999	114
3.1	0.0015022533800701052	0.000999000999000999	3
3.1.2	0.013761467889908258	0.000999000999000999	3
