EC	enrich_score	p_val	where
2	0.0485349810643811	0.000999000999000999	3176
2.7	0.14851981936778724	0.000999000999000999	810
2.7.1	0.008045977011494253	0.000999000999000999	33
