EC	enrich_score	p_val	where
3	0.004231974921630094	0.000999000999000999	238
2	0.01086306557703807	0.000999000999000999	5580
3.2	0.006736526946107785	0.000999000999000999	25
3.2.1	0.0058823529411764705	0.000999000999000999	15
