EC	enrich_score	p_val	where
1	0.4739085697486403	0.000999000999000999	7627
1.2	0.0009606147934678194	0.000999000999000999	0
1.14	0.0008806693086745927	0.000999000999000999	7
1.1	0.03945885005636979	0.000999000999000999	633
1.2.1	0.0013123359580052493	0.000999000999000999	0
1.14.13	0.0036529680365296802	0.000999000999000999	7
1.1.1	0.045744281964754406	0.000999000999000999	633
