EC	enrich_score	p_val	where
3	0.018808777429467086	0.000999000999000999	163
3.2	0.0718562874251497	0.000999000999000999	157
3.2.1	0.08067226890756303	0.000999000999000999	157
