EC	enrich_score	p_val	where
1	0.4723651330295458	0.000999000999000999	7591
1.1	0.0002818489289740699	0.014985014985014986	4
1.14	0.007045354469396741	0.000999000999000999	97
1.1.1	0.0003749531308586427	0.013986013986013986	4
1.14.13	0.010958904109589041	0.000999000999000999	58
