EC	enrich_score	p_val	where
6	0.06307692307692307	0.000999000999000999	123
2	0.07644010364759816	0.000999000999000999	5022
6.3	0.060077519379844964	0.000999000999000999	49
6.3.2	0.07692307692307693	0.000999000999000999	49
