EC	enrich_score	p_val	where
1	0.4740555637218874	0.000999000999000999	7606
1.17	0.003289473684210526	0.000999000999000999	4
1.1	0.036076662908680945	0.000999000999000999	449
1.17.1	0.021739130434782608	0.000999000999000999	4
1.1.1	0.021372328458942633	0.000999000999000999	448
