EC	enrich_score	p_val	where
1	0.02484198147875937	0.000999000999000999	1443
1.13	0.00234192037470726	0.000999000999000999	0
1.14	0.004183179216204315	0.000999000999000999	42
1.13.11	0.0034482758620689655	0.000999000999000999	0
1.14.16	0.18181818181818182	0.000999000999000999	15
