EC	enrich_score	p_val	where
1	0.044539173893870354	0.000999000999000999	4126
1.14	0.001100836635843241	0.000999000999000999	76
1.14.19	0.002004008016032064	0.000999000999000999	42
