EC	enrich_score	p_val	where
2	0.12686864660155472	0.000999000999000999	1554
2.1	0.7102803738317757	0.000999000999000999	1340
2.1.1	0.7287899860917941	0.000999000999000999	1340
