EC	enrich_score	p_val	where
1	0.024694987505512273	0.000999000999000999	1449
1.14	0.039189784236019376	0.000999000999000999	806
1.14.14	0.0035945363048166786	0.000999000999000999	35
