EC	enrich_score	p_val	where
2	0.0014949172812437712	0.000999000999000999	75
2.5	0.0034904013961605585	0.000999000999000999	3
2.5.1	0.003663003663003663	0.000999000999000999	3
