EC	enrich_score	p_val	where
2	0.09697030097667929	0.000999000999000999	5230
2.3	0.043478260869565216	0.000999000999000999	206
2.3.1	0.03809086737035337	0.000999000999000999	206
