EC	enrich_score	p_val	where
2	0.0013952561291608531	0.000999000999000999	14
2.1	0.006853582554517134	0.000999000999000999	11
2.1.2	0.16923076923076924	0.000999000999000999	11
