EC	enrich_score	p_val	where
1	0.47383507276201675	0.000999000999000999	7591
1.14	0.007045354469396741	0.000999000999000999	80
1.14.13	0.0136986301369863	0.000999000999000999	26
