EC	enrich_score	p_val	where
1	0.4736880787887697	0.000999000999000999	7618
1.1	0.06482525366403608	0.000999000999000999	543
1.1.1	0.07574053243344582	0.000999000999000999	543
