EC	enrich_score	p_val	where
2	0.0032888180187362966	0.000999000999000999	75
2.3	0.003250711093051605	0.000999000999000999	24
2.3.1	0.0036714089031665903	0.000999000999000999	24
