EC	enrich_score	p_val	where
1	0.007717183595472586	0.000999000999000999	366
1.5	0.0058309037900874635	0.000999000999000999	1
1.1	0.0008455467869222097	0.000999000999000999	9
1.5.5	0.18181818181818182	0.000999000999000999	1
1.1.5	0.02857142857142857	0.000999000999000999	9
