EC	enrich_score	p_val	where
1	0.4736880787887697	0.000999000999000999	7606
1.1	0.040022547914317926	0.000999000999000999	423
1.1.1	0.04274465691788527	0.000999000999000999	150
