EC	enrich_score	p_val	where
2	0.013952561291608531	0.000999000999000999	313
2.8	0.22787610619469026	0.000999000999000999	186
2.8.2	0.5026455026455027	0.000999000999000999	186
