EC	enrich_score	p_val	where
2	0.039166832768586804	0.000999000999000999	1927
2.7	0.17862518815855494	0.000999000999000999	939
2.7.1	0.006896551724137931	0.000999000999000999	892
