EC	enrich_score	p_val	where
2	0.11899541558700419	0.000999000999000999	5278
2.4	0.18691588785046728	0.000999000999000999	1003
2.4.1	0.14394710071210579	0.000999000999000999	634
