EC	enrich_score	p_val	where
5	0.005738880918220947	0.000999000999000999	3
3	0.01614420062695925	0.000999000999000999	431
5.4	0.02702702702702703	0.000999000999000999	3
3.1	0.033049574361542315	0.000999000999000999	292
5.4.1	0.4444444444444444	0.000999000999000999	3
