EC	enrich_score	p_val	where
2	0.14480765397647996	0.000999000999000999	5099
2.4	0.21617228768793173	0.000999000999000999	1247
2.4.99	0.1678832116788321	0.000999000999000999	26
2.4.1	0.13936927772126145	0.000999000999000999	1208
