EC	enrich_score	p_val	where
1	0.4742025576951345	0.000999000999000999	7615
1.2	0.0067243035542747355	0.000999000999000999	35
1.2.1	0.006561679790026247	0.000999000999000999	35
