EC	enrich_score	p_val	where
4	0.005257623554153523	0.000999000999000999	18
4.2	0.010471204188481676	0.000999000999000999	18
4.2.3|4	0.018518518518518517	0.000999000999000999	0
4.2.3	0.003676470588235294	0.000999000999000999	9
