EC	enrich_score	p_val	where
1	0.47339409084227546	0.000999000999000999	7630
1.1	0.06905298759864713	0.000999000999000999	896
1.1.1	0.08023997000374954	0.000999000999000999	895
