EC	enrich_score	p_val	where
3	0.013479623824451411	0.000999000999000999	393
3.2	0.02844311377245509	0.000999000999000999	349
3.2.1	0.02857142857142857	0.000999000999000999	349
