EC	enrich_score	p_val	where
1	0.19292958988681463	0.000999000999000999	6026
1.2	0.10470701248799232	0.000999000999000999	138
1.2.1	0.14304461942257218	0.000999000999000999	138
