EC	enrich_score	p_val	where
1	0.4603851242099074	0.000999000999000999	8240
1.3	0.08027681660899653	0.000999000999000999	221
1.3.1	0.14600550964187328	0.000999000999000999	221
