EC	enrich_score	p_val	where
1	0.4736880787887697	0.000999000999000999	7633
1.1	0.03241262683201804	0.000999000999000999	1012
1.1.1	0.031871016122984624	0.000999000999000999	863
