EC	enrich_score	p_val	where
1	0.4739085697486403	0.000999000999000999	7646
1.1	0.036922209695603156	0.000999000999000999	1411
1.1.1	0.0307461567304087	0.000999000999000999	1337
