EC	enrich_score	p_val	where
6	0.2815384615384615	0.000999000999000999	587
2	0.15278054614311343	0.000999000999000999	8534
6.2	0.38809034907597534	0.000999000999000999	258
6.2.1	0.36147186147186144	0.000999000999000999	258
