EC	enrich_score	p_val	where
1	0.4742025576951345	0.000999000999000999	7650
1.3	0.0020761245674740486	0.000999000999000999	7
1.14	0.00022016732716864817	0.014985014985014986	29
1.1	0.012683201803833146	0.000999000999000999	1141
1.3.1	0.004132231404958678	0.000999000999000999	7
