EC	enrich_score	p_val	where
5	0.15781922525107603	0.000999000999000999	298
5.1	0.2222222222222222	0.000999000999000999	298
5.1.3	0.030303030303030304	0.000999000999000999	13
