EC	enrich_score	p_val	where
3	0.004545454545454545	0.000999000999000999	47
3.7	0.009433962264150943	0.000999000999000999	1
3.1	0.0030045067601402104	0.000999000999000999	23
3.7.1	0.00980392156862745	0.000999000999000999	1
3.1.1	0.003978779840848806	0.000999000999000999	5
