EC	enrich_score	p_val	where
2	0.0013952561291608531	0.000999000999000999	55
2.5	0.017452006980802792	0.000999000999000999	16
2.5.1	0.014652014652014652	0.000999000999000999	16
