EC	enrich_score	p_val	where
2	0.12029101056408212	0.000999000999000999	1767
2.3	0.45469321414059327	0.000999000999000999	1707
2.3.1	0.4327673244607618	0.000999000999000999	1707
