EC	enrich_score	p_val	where
1	0.4723651330295458	0.000999000999000999	7595
1.1	0.0005636978579481398	0.002997002997002997	18
1.1.1	0.0003749531308586427	0.013986013986013986	0
