EC	enrich_score	p_val	where
1	0.0013229457592238718	0.000999000999000999	545
1.14	0.00022016732716864817	0.014985014985014986	0
1.21	0.031578947368421054	0.000999000999000999	4
1.14.19	0.002004008016032064	0.000999000999000999	0
1.21.99	0.1	0.000999000999000999	4
