EC	enrich_score	p_val	where
4	0.0005257623554153522	0.01998001998001998	2
1	0.019844186388358078	0.000999000999000999	2404
1.8	0.0029498525073746312	0.000999000999000999	0
4.4	0.006369426751592357	0.000999000999000999	2
1.8.3	0.04	0.000999000999000999	0
4.4.1	0.00641025641025641	0.000999000999000999	2
