EC	enrich_score	p_val	where
1	0.0022784065853300017	0.000999000999000999	140
2	0.03976479968108431	0.000999000999000999	2408
2.3	0.02600568874441284	0.000999000999000999	928
2.3.1	0.01101422670949977	0.000999000999000999	26
