EC	enrich_score	p_val	where
1	0.4739085697486403	0.000999000999000999	7611
1.3	0.0006920415224913495	0.001998001998001998	6
1.1	0.020011273957158963	0.000999000999000999	215
1.3.1	0.0013774104683195593	0.000999000999000999	6
1.1.1	0.022122234720659918	0.000999000999000999	215
