EC	enrich_score	p_val	where
1	0.02675290313097163	0.000999000999000999	3693
1.13	0.01405152224824356	0.000999000999000999	5
1.13.99	0.3333333333333333	0.000999000999000999	5
