EC	enrich_score	p_val	where
3	0.0009404388714733542	0.002997002997002997	10
2	0.0672712776559697	0.000999000999000999	3880
3.1	0.0030045067601402104	0.000999000999000999	10
3.1.1	0.001326259946949602	0.000999000999000999	0
3.1.3	0.0038461538461538464	0.000999000999000999	4
