EC	enrich_score	p_val	where
2	0.060494319314331274	0.000999000999000999	3280
2.3	0.004876066639577408	0.000999000999000999	15
2.3.1	0.004589261128958238	0.000999000999000999	15
