EC	enrich_score	p_val	where
2	0.16464022324098065	0.000999000999000999	3531
2.4	0.5014221861032101	0.000999000999000999	2160
2.4.1	0.4333672431332655	0.000999000999000999	2065
