EC	enrich_score	p_val	where
6	0.057692307692307696	0.000999000999000999	114
2	0.048933625672712776	0.000999000999000999	4430
6.1	0.3694581280788177	0.000999000999000999	114
6.1.1	0.37967914438502676	0.000999000999000999	114
