EC	enrich_score	p_val	where
2	0.11799880406617501	0.000999000999000999	1916
2.3	0.44331572531491265	0.000999000999000999	1718
2.3.1	0.4189995410738871	0.000999000999000999	1634
