EC	enrich_score	p_val	where
1	0.23070704101131853	0.000999000999000999	4299
1.1	0.0011273957158962795	0.000999000999000999	3
1.2	0.056676272814601344	0.000999000999000999	238
1.1.1	0.0014998125234345708	0.000999000999000999	3
1.2.1	0.07742782152230972	0.000999000999000999	238
