EC	enrich_score	p_val	where
5	0.0014347202295552368	0.000999000999000999	0
1	0.011906511833014846	0.000999000999000999	881
5.3	0.004761904761904762	0.000999000999000999	0
5.3.99	0.05555555555555555	0.000999000999000999	0
