EC	enrich_score	p_val	where
1	0.001690430692341614	0.000999000999000999	439
1.14	0.00044033465433729633	0.002997002997002997	1
1.14.14	0.0014378145219266715	0.000999000999000999	1
