EC	enrich_score	p_val	where
1	0.016169337057180655	0.000999000999000999	557
1.10	0.006802721088435374	0.000999000999000999	0
1.-	0.024390243902439025	0.000999000999000999	2
1.10.2	0.1111111111111111	0.000999000999000999	0
1.-.-	0.024390243902439025	0.000999000999000999	2
