EC	enrich_score	p_val	where
2	0.03727327087901136	0.000999000999000999	8483
2.7	0.09784244856999498	0.000999000999000999	424
2.7.4	0.04827586206896552	0.000999000999000999	6
2.7.1	0.0011494252873563218	0.000999000999000999	173
