EC	enrich_score	p_val	where
2	0.09188758222045047	0.000999000999000999	6922
2.4	0.1349045103616416	0.000999000999000999	1236
2.4.1	0.07426246185147507	0.000999000999000999	466
