EC	enrich_score	p_val	where
6	0.016923076923076923	0.000999000999000999	159
2	0.07683874825592985	0.000999000999000999	7117
2.7	0.007526342197691922	0.000999000999000999	31
2.7.7	0.0391566265060241	0.000999000999000999	25
