EC	enrich_score	p_val	where
4	0.0026288117770767614	0.000999000999000999	15
1	0.010657063060414524	0.000999000999000999	3488
4.2	0.0020942408376963353	0.000999000999000999	1
4.2.1	0.0036496350364963502	0.000999000999000999	1
