EC	enrich_score	p_val	where
2	0.1360374725931832	0.000999000999000999	6865
2.4	0.19951239333604226	0.000999000999000999	1103
2.4.1	0.14191251271617497	0.000999000999000999	894
