EC	enrich_score	p_val	where
6	0.05384615384615385	0.000999000999000999	350
2	0.04554514650189356	0.000999000999000999	3103
6.2	0.018480492813141684	0.000999000999000999	17
2.7	0.06974410436527848	0.000999000999000999	1685
6.2.1	0.01948051948051948	0.000999000999000999	17
