EC	enrich_score	p_val	where
2	0.11959338249950169	0.000999000999000999	1851
2.3	0.4559122308004876	0.000999000999000999	1717
2.3.1	0.432308398347866	0.000999000999000999	1717
