EC	enrich_score	p_val	where
1	0.025062472438630017	0.000999000999000999	2563
1.3	0.0034602076124567475	0.000999000999000999	5
1.3.3	0.009433962264150943	0.000999000999000999	0
1.3.8	0.006802721088435374	0.000999000999000999	3
