EC	enrich_score	p_val	where
1	0.000514478906364839	0.01998001998001998	8
1.5	0.0029154518950437317	0.000999000999000999	0
1.5.99	0.014492753623188406	0.000999000999000999	0
