EC	enrich_score	p_val	where
1	0.01594884609731001	0.000999000999000999	7095
1.3	0.0006920415224913495	0.001998001998001998	28
1.13	0.00234192037470726	0.000999000999000999	51
1.3.3	0.009433962264150943	0.000999000999000999	28
1.13.12	0.010638297872340425	0.000999000999000999	51
