EC	enrich_score	p_val	where
6	0.2953846153846154	0.000999000999000999	758
2	0.17351006577636038	0.000999000999000999	9431
6.2	0.33059548254620125	0.000999000999000999	239
6.2.1	0.3116883116883117	0.000999000999000999	222
