EC	enrich_score	p_val	where
1	0.0047038071439071	0.000999000999000999	676
1.3	0.0006920415224913495	0.001998001998001998	21
1.7	0.008928571428571428	0.000999000999000999	41
1.3.98	0.038461538461538464	0.000999000999000999	21
1.7.3	0.07407407407407407	0.000999000999000999	41
