EC	enrich_score	p_val	where
1	0.47339409084227546	0.000999000999000999	7613
1.2	0.0038424591738712775	0.000999000999000999	3
1.2.1	0.005249343832020997	0.000999000999000999	3
