EC	enrich_score	p_val	where
2	0.002491528802072952	0.000999000999000999	165
2.3	0.008533116619260463	0.000999000999000999	68
2.3.2	0.040229885057471264	0.000999000999000999	23
