EC	enrich_score	p_val	where
2	0.009467809447877217	0.000999000999000999	115
2.7	0.047666833918715505	0.000999000999000999	115
2.7.1	0.10919540229885058	0.000999000999000999	115
