EC	enrich_score	p_val	where
2	0.006976280645804266	0.000999000999000999	204
2.6	0.16049382716049382	0.000999000999000999	198
2.6.1	0.13672922252010725	0.000999000999000999	198
