EC	enrich_score	p_val	where
2	0.01704205700617899	0.000999000999000999	292
2.8	0.25	0.000999000999000999	139
2.8.2|2	0.5714285714285714	0.000999000999000999	6
2.8.2	0.5132275132275133	0.000999000999000999	137
