EC	enrich_score	p_val	where
3	0.0023510971786833857	0.000999000999000999	21
2	0.10125573051624477	0.000999000999000999	6952
3.2	0.01122754491017964	0.000999000999000999	21
2.4	0.11743193823648923	0.000999000999000999	961
3.2.1	0.012605042016806723	0.000999000999000999	21
2.4.1	0.04069175991861648	0.000999000999000999	840
