EC	enrich_score	p_val	where
5	0.0014347202295552368	0.000999000999000999	1
1	0.019844186388358078	0.000999000999000999	1162
5.3	0.004761904761904762	0.000999000999000999	1
1.1	0.0002818489289740699	0.014985014985014986	7
5.3.99|5	1.0	0.000999000999000999	1
