EC	enrich_score	p_val	where
1	0.013082463618991621	0.000999000999000999	2794
1.2	0.002881844380403458	0.000999000999000999	3
1.14	0.001321003963011889	0.000999000999000999	63
1.2.4	0.05084745762711865	0.000999000999000999	3
