EC	enrich_score	p_val	where
1	0.02726738203733647	0.000999000999000999	2676
1.1	0.005918827508455468	0.000999000999000999	24
1.1.3	0.005405405405405406	0.000999000999000999	0
1.1.99	0.01646090534979424	0.000999000999000999	7
