EC	enrich_score	p_val	where
1	0.011906511833014846	0.000999000999000999	1551
1.14	0.00022016732716864817	0.014985014985014986	1
1.14.14	0.0007189072609633358	0.000999000999000999	1
