EC	enrich_score	p_val	where
2	0.016743073549930237	0.000999000999000999	583
2.1	0.041744548286604365	0.000999000999000999	202
2.1.1	0.04242002781641168	0.000999000999000999	202
