EC	enrich_score	p_val	where
6	0.01	0.000999000999000999	25
2	0.040661750049830574	0.000999000999000999	1479
6.3	0.025193798449612403	0.000999000999000999	25
2.7	0.17611640742599097	0.000999000999000999	1459
2.7.2	0.018518518518518517	0.000999000999000999	3
6.3.2	0.03678929765886288	0.000999000999000999	25
2.7.1	0.04482758620689655	0.000999000999000999	647
