EC	enrich_score	p_val	where
1	0.0007349698662354843	0.004995004995004995	71
1.14	0.00044033465433729633	0.002997002997002997	2
1.14.18	0.007692307692307693	0.000999000999000999	0
