EC	enrich_score	p_val	where
2	0.003687462627067969	0.000999000999000999	122
2.7	0.008529854490717512	0.000999000999000999	33
2.7.4	0.034482758620689655	0.000999000999000999	27
