EC	enrich_score	p_val	where
2	0.06458042654973091	0.000999000999000999	3712
2.4	0.004876066639577408	0.000999000999000999	36
2.4.1	0.001525940996948118	0.000999000999000999	3
