EC	enrich_score	p_val	where
4	0.0010515247108307045	0.000999000999000999	1
1	0.001690430692341614	0.000999000999000999	52
4.5	0.14285714285714285	0.000999000999000999	1
4.5.1	0.2	0.000999000999000999	1
