EC	enrich_score	p_val	where
3	0.03667711598746082	0.000999000999000999	649
3.5	0.06011560693641618	0.000999000999000999	85
3.5.1	0.0821917808219178	0.000999000999000999	85
