EC	enrich_score	p_val	where
2	0.12198525014949173	0.000999000999000999	1744
2.3	0.46160097521332794	0.000999000999000999	1728
2.3.1	0.4387333639284075	0.000999000999000999	1728
