EC	enrich_score	p_val	where
2	0.07085907913095475	0.000999000999000999	4870
2.7	0.009533366783743101	0.000999000999000999	77
2.7.1	0.005747126436781609	0.000999000999000999	10
