EC	enrich_score	p_val	where
2	0.11949372134741877	0.000999000999000999	2138
2.3	0.42868752539618044	0.000999000999000999	2138
2.3.1|2	0.03636363636363636	0.000999000999000999	1
2.3.1	0.3997246443322625	0.000999000999000999	2138
