EC	enrich_score	p_val	where
2	0.09667131752043054	0.000999000999000999	5534
2.3	0.04469727752945957	0.000999000999000999	205
2.3.1	0.03946764570904084	0.000999000999000999	205
