EC	enrich_score	p_val	where
1	0.4448037630457151	0.000999000999000999	7999
1.3	0.07889273356401384	0.000999000999000999	229
1.3.1	0.14325068870523416	0.000999000999000999	229
