EC	enrich_score	p_val	where
3	0.014890282131661442	0.000999000999000999	433
3.1	0.011517275913870806	0.000999000999000999	103
3.1.3	0.03076923076923077	0.000999000999000999	18
