EC	enrich_score	p_val	where
2	0.008670520231213872	0.000999000999000999	169
2.7	0.027596588058203714	0.000999000999000999	97
2.7.1	0.06321839080459771	0.000999000999000999	97
