EC	enrich_score	p_val	where
2	0.0600956747059996	0.000999000999000999	4995
2.4	0.025599349857781388	0.000999000999000999	168
2.4.99	0.145985401459854	0.000999000999000999	40
