EC	enrich_score	p_val	where
2	0.06139126968307754	0.000999000999000999	5167
2.7	0.010536879076768691	0.000999000999000999	52
2.7.7	0.012048192771084338	0.000999000999000999	3
2.7.8	0.024242424242424242	0.000999000999000999	40
