EC	enrich_score	p_val	where
2	0.1113215068766195	0.000999000999000999	5264
2.4	0.16619260463226332	0.000999000999000999	1478
2.4.1	0.1185147507629705	0.000999000999000999	777
