EC	enrich_score	p_val	where
3	0.0018808777429467085	0.000999000999000999	37
2	0.002292206497907116	0.000999000999000999	142
2.3	0.0008126777732629012	0.000999000999000999	1
3.2	0.008982035928143712	0.000999000999000999	37
2.3.1	0.0009178522257916476	0.000999000999000999	1
3.2.1	0.0067226890756302525	0.000999000999000999	15
