EC	enrich_score	p_val	where
1	0.010069087167426136	0.000999000999000999	689
1.3	0.06228373702422145	0.000999000999000999	236
1.3.8	0.11564625850340136	0.000999000999000999	30
