EC	enrich_score	p_val	where
5	0.020086083213773313	0.000999000999000999	31
5.3	0.06666666666666667	0.000999000999000999	31
5.3.1	0.16091954022988506	0.000999000999000999	31
