EC	enrich_score	p_val	where
1	0.043069234161399385	0.000999000999000999	2397
1.2	0.0009606147934678194	0.000999000999000999	1
1.1	0.0002818489289740699	0.014985014985014986	5
1.2.-	0.25	0.000999000999000999	1
1.1.-	0.03571428571428571	0.000999000999000999	5
