EC	enrich_score	p_val	where
1	0.4742025576951345	0.000999000999000999	7588
1.2	0.0019212295869356388	0.000999000999000999	11
1.1	0.011837655016910935	0.000999000999000999	390
1.2.1	0.0026246719160104987	0.000999000999000999	11
1.1.1	0.006749156355455568	0.000999000999000999	390
