EC	enrich_score	p_val	where
1	0.0397618697633397	0.000999000999000999	2413
1.14	0.0055041831792162045	0.000999000999000999	247
1.14.14	0.002156721782890007	0.000999000999000999	4
