EC	enrich_score	p_val	where
3	0.014733542319749215	0.000999000999000999	161
3.2	0.05089820359281437	0.000999000999000999	132
3.2.1	0.05126050420168067	0.000999000999000999	129
