EC	enrich_score	p_val	where
5	0.005738880918220947	0.000999000999000999	3
5.4	0.02702702702702703	0.000999000999000999	3
5.4.3	0.25	0.000999000999000999	2
