EC	enrich_score	p_val	where
1	0.4739085697486403	0.000999000999000999	7607
1.1	0.03861330326944758	0.000999000999000999	819
1.1.1	0.045369328833895765	0.000999000999000999	456
