EC	enrich_score	p_val	where
2	0.17450667729718955	0.000999000999000999	3886
2.4	0.4741974806989029	0.000999000999000999	2252
2.4.1	0.3886063072227874	0.000999000999000999	2193
