EC	enrich_score	p_val	where
2	0.12198525014949173	0.000999000999000999	1865
2.3	0.4620073140999594	0.000999000999000999	1718
2.3.1	0.43965121615419916	0.000999000999000999	1708
