EC	enrich_score	p_val	where
5	0.015781922525107604	0.000999000999000999	10
1	0.006761722769366456	0.000999000999000999	887
5.3	0.05238095238095238	0.000999000999000999	10
5.3.1	0.12643678160919541	0.000999000999000999	10
