EC	enrich_score	p_val	where
1	0.004189328237542261	0.000999000999000999	174
1.1	0.008737316798196167	0.000999000999000999	174
1.1.99	0.02880658436213992	0.000999000999000999	7
