EC	enrich_score	p_val	where
1	0.012420990739379686	0.000999000999000999	1357
1.14	0.001321003963011889	0.000999000999000999	33
1.14.99	0.00847457627118644	0.000999000999000999	2
