EC	enrich_score	p_val	where
1	0.0047038071439071	0.000999000999000999	374
1.14	0.006164685160722149	0.000999000999000999	104
1.14.15	0.04421768707482993	0.000999000999000999	15
