EC	enrich_score	p_val	where
1	0.00036748493311774215	0.04695304695304695	21
