EC	enrich_score	p_val	where
1	0.007790680582096134	0.000999000999000999	148
1.8	0.02064896755162242	0.000999000999000999	37
1.8.7	0.21428571428571427	0.000999000999000999	5
