EC	enrich_score	p_val	where
1	0.0074231956489783915	0.000999000999000999	155
1.11	0.010169491525423728	0.000999000999000999	2
1.17	0.13157894736842105	0.000999000999000999	57
1.11.1	0.012	0.000999000999000999	2
1.17.4	0.5194805194805194	0.000999000999000999	57
