EC	enrich_score	p_val	where
3	0.00109717868338558	0.000999000999000999	7
3.2	0.0037425149700598802	0.000999000999000999	4
3.2.1	0.004201680672268907	0.000999000999000999	4
