EC	enrich_score	p_val	where
2	0.0020928841937412797	0.000999000999000999	143
1	0.009334117301190652	0.000999000999000999	3160
1.4	0.006802721088435374	0.000999000999000999	3
2.6	0.04197530864197531	0.000999000999000999	134
1.4.3	0.014388489208633094	0.000999000999000999	3
2.6.1	0.03753351206434316	0.000999000999000999	55
