EC	enrich_score	p_val	where
6	0.24461538461538462	0.000999000999000999	676
2	0.10713573848913693	0.000999000999000999	8533
6.2	0.06570841889117043	0.000999000999000999	45
6.2.1	0.06926406926406926	0.000999000999000999	45
