EC	enrich_score	p_val	where
2	0.08760215268088499	0.000999000999000999	3352
2.3	0.07192198293376677	0.000999000999000999	394
2.3.1	0.05644791188618632	0.000999000999000999	330
