EC	enrich_score	p_val	where
1	0.47464353961487576	0.000999000999000999	7601
1.6	0.004761904761904762	0.000999000999000999	0
1.1	0.0002818489289740699	0.014985014985014986	3
1.6.5	0.006993006993006993	0.000999000999000999	0
1.1.1	0.0003749531308586427	0.013986013986013986	3
