EC	enrich_score	p_val	where
1	0.47383507276201675	0.000999000999000999	7578
1.14	0.008806693086745927	0.000999000999000999	83
1.14.15	0.003401360544217687	0.000999000999000999	2
1.14.13	0.021917808219178082	0.000999000999000999	83
