EC	enrich_score	p_val	where
2	0.11172015148495117	0.000999000999000999	4211
2.4	0.08451848841934173	0.000999000999000999	1630
2.4.1	0.011190233977619531	0.000999000999000999	30
