EC	enrich_score	p_val	where
6	0.003076923076923077	0.000999000999000999	5
2	0.08530994618297788	0.000999000999000999	5471
6.2	0.008213552361396304	0.000999000999000999	5
6.2.1	0.008658008658008658	0.000999000999000999	5
