EC	enrich_score	p_val	where
6	0.016153846153846154	0.000999000999000999	320
2	0.027107833366553716	0.000999000999000999	8392
2.7	0.0005017561465127947	0.002997002997002997	0
6.3	0.031007751937984496	0.000999000999000999	25
2.7.1	0.0011494252873563218	0.000999000999000999	0
6.3.2	0.013377926421404682	0.000999000999000999	17
