EC	enrich_score	p_val	where
6	0.024615384615384615	0.000999000999000999	164
2	0.01803866852700817	0.000999000999000999	7958
6.3	0.031007751937984496	0.000999000999000999	28
6.3.2	0.026755852842809364	0.000999000999000999	14
