EC	enrich_score	p_val	where
2	0.045246163045644806	0.000999000999000999	3025
2.7	0.1996989463120923	0.000999000999000999	674
2.7.1	0.2620689655172414	0.000999000999000999	530
