EC	enrich_score	p_val	where
1	0.4717771571365574	0.000999000999000999	7583
1.1	0.022829763246899663	0.000999000999000999	146
1.1.1	0.027371578552680915	0.000999000999000999	146
