EC	enrich_score	p_val	where
2	0.16992226430137533	0.000999000999000999	3489
2.4	0.45794392523364486	0.000999000999000999	2364
2.4.1	0.3708036622583927	0.000999000999000999	1689
