EC	enrich_score	p_val	where
1	0.009775099220931942	0.000999000999000999	2314
1.1	0.005636978579481398	0.000999000999000999	25
1.1.5	0.11428571428571428	0.000999000999000999	23
