EC	enrich_score	p_val	where
1	0.47457004262825225	0.000999000999000999	7606
1.1	0.019165727170236752	0.000999000999000999	195
1.1.1	0.01799775028121485	0.000999000999000999	195
