EC	enrich_score	p_val	where
7	0.00909090909090909	0.000999000999000999	4
1	0.026385418197853887	0.000999000999000999	1881
1.12	0.08695652173913043	0.000999000999000999	1
7.1	0.03571428571428571	0.000999000999000999	4
1.12.5	0.5	0.000999000999000999	1
7.1.1	0.037037037037037035	0.000999000999000999	4
