EC	enrich_score	p_val	where
2	0.0014949172812437712	0.000999000999000999	15
3	0.00987460815047022	0.000999000999000999	202
2.3	0.006095083299471759	0.000999000999000999	15
3.2	0.023203592814371257	0.000999000999000999	165
2.3.1	0.006883891693437357	0.000999000999000999	15
3.2.1	0.02100840336134454	0.000999000999000999	165
