EC	enrich_score	p_val	where
2	0.05082718756228822	0.000999000999000999	2288
2.3	0.06704591629418935	0.000999000999000999	1055
2.3.1	0.045433685176686556	0.000999000999000999	268
