EC	enrich_score	p_val	where
1	0.0006614728796119359	0.01098901098901099	19
1.2	0.005763688760806916	0.000999000999000999	5
1.2.7	0.05	0.000999000999000999	2
