EC	enrich_score	p_val	where
4	0.0010515247108307045	0.000999000999000999	5
4.4	0.006369426751592357	0.000999000999000999	4
4.4.1	0.00641025641025641	0.000999000999000999	4
