EC	enrich_score	p_val	where
2	0.007175602949970101	0.000999000999000999	247
2.3	0.014221861032100772	0.000999000999000999	135
2.3.1	0.01330885727397889	0.000999000999000999	135
