EC	enrich_score	p_val	where
2	0.070560095674706	0.000999000999000999	2473
2.3	0.11052417716375457	0.000999000999000999	999
2.3.1	0.10325837540156035	0.000999000999000999	959
