EC	enrich_score	p_val	where
2	0.050926848714371135	0.000999000999000999	3254
2.7	0.19618665328650275	0.000999000999000999	712
2.7.7	0.0030120481927710845	0.000999000999000999	0
2.7.1	0.271264367816092	0.000999000999000999	365
