EC	enrich_score	p_val	where
1	0.4736145818021461	0.000999000999000999	7614
1.14|1	0.3333333333333333	0.000999000999000999	0
1.14	0.008146191105239982	0.000999000999000999	143
1.14|1.14	0.3333333333333333	0.000999000999000999	0
1.14.13	0.012785388127853882	0.000999000999000999	42
