EC	enrich_score	p_val	where
6	0.03769230769230769	0.000999000999000999	70
2	0.041857683874825594	0.000999000999000999	3476
6.3	0.08527131782945736	0.000999000999000999	61
2.7	0.07526342197691922	0.000999000999000999	1433
6.3.2	0.0802675585284281	0.000999000999000999	61
