EC	enrich_score	p_val	where
1	0.011906511833014846	0.000999000999000999	2318
1.13	0.05620608899297424	0.000999000999000999	65
1.13.11	0.07931034482758621	0.000999000999000999	64
