EC	enrich_score	p_val	where
2	0.07753637632051026	0.000999000999000999	4450
2.3	0.1958553433563592	0.000999000999000999	1471
2.3.1	0.1753097751262047	0.000999000999000999	1471
