EC	enrich_score	p_val	where
2	0.10294997010165438	0.000999000999000999	1364
2.1	0.5495327102803739	0.000999000999000999	1087
2.1.1	0.5605006954102921	0.000999000999000999	1084
