EC	enrich_score	p_val	where
2	0.10713573848913693	0.000999000999000999	1329
2.1	0.5651090342679128	0.000999000999000999	1329
2.1.1	0.5709318497913769	0.000999000999000999	1103
