EC	enrich_score	p_val	where
1	0.001028957812729678	0.000999000999000999	250
1.2	0.0009606147934678194	0.000999000999000999	0
1.2.98	0.25	0.000999000999000999	0
