EC	enrich_score	p_val	where
2	0.17410803268885788	0.000999000999000999	3491
2.4	0.47785453067858596	0.000999000999000999	2284
2.4.1	0.38606307222787384	0.000999000999000999	2248
