EC	enrich_score	p_val	where
4	0.0005257623554153522	0.01998001998001998	1
1	0.009040129354696457	0.000999000999000999	3104
4.1	0.0017699115044247787	0.000999000999000999	1
4.1.2	0.008547008547008548	0.000999000999000999	1
