EC	enrich_score	p_val	where
3	0.0004702194357366771	0.030969030969030968	2
2	0.11042455650787324	0.000999000999000999	4913
3.2	0.002245508982035928	0.000999000999000999	2
3.2.2	0.022900763358778626	0.000999000999000999	2
