EC	enrich_score	p_val	where
2	0.07853298784133944	0.000999000999000999	3991
2.1	0.0012461059190031153	0.000999000999000999	1
2.3	0.04388459975619667	0.000999000999000999	368
2.1.1	0.0013908205841446453	0.000999000999000999	1
2.3.1	0.04864616796695732	0.000999000999000999	368
