EC	enrich_score	p_val	where
1	0.4684697927384977	0.000999000999000999	7680
1.3	0.06366782006920416	0.000999000999000999	229
1.3.1	0.11294765840220386	0.000999000999000999	229
