EC	enrich_score	p_val	where
2	0.1719154873430337	0.000999000999000999	3242
2.4	0.46160097521332794	0.000999000999000999	2201
2.4.1|2	0.017241379310344827	0.000999000999000999	3
2.4.1	0.3662258392675483	0.000999000999000999	2201
