EC	enrich_score	p_val	where
1	0.022049095987064532	0.000999000999000999	2005
1.13	0.11007025761124122	0.000999000999000999	70
1.13.11	0.1413793103448276	0.000999000999000999	70
