EC	enrich_score	p_val	where
1	0.0280758488901955	0.000999000999000999	1787
1.1	0.005073280721533258	0.000999000999000999	20
1.1.99	0.02880658436213992	0.000999000999000999	6
