EC	enrich_score	p_val	where
4	0.0010515247108307045	0.000999000999000999	1
1	0.0330736439805968	0.000999000999000999	2426
4.1	0.0035398230088495575	0.000999000999000999	1
4.1.2	0.017094017094017096	0.000999000999000999	1
