EC	enrich_score	p_val	where
5	0.1563845050215208	0.000999000999000999	299
5.1	0.21693121693121692	0.000999000999000999	299
5.1.3	0.020202020202020204	0.000999000999000999	14
