EC	enrich_score	p_val	where
1	0.4737615757753932	0.000999000999000999	7638
1.1	0.04114994363021421	0.000999000999000999	342
1.1.1	0.03937007874015748	0.000999000999000999	177
