EC	enrich_score	p_val	where
1	0.47457004262825225	0.000999000999000999	7608
1.14	0.0030823425803610744	0.000999000999000999	38
1.14.12	0.09923664122137404	0.000999000999000999	23
