EC	enrich_score	p_val	where
3	0.00109717868338558	0.000999000999000999	6
1	0.005144789063648391	0.000999000999000999	4177
3.5	0.008092485549132947	0.000999000999000999	6
3.5.1	0.011986301369863013	0.000999000999000999	6
