EC	enrich_score	p_val	where
3	0.0009404388714733542	0.002997002997002997	6
1	0.023813023666029692	0.000999000999000999	1604
3.7	0.05660377358490566	0.000999000999000999	6
3.7.1	0.058823529411764705	0.000999000999000999	6
