EC	enrich_score	p_val	where
1	0.0008084668528590327	0.003996003996003996	99
1.1	0.0005636978579481398	0.002997002997002997	51
1.1.99	0.00823045267489712	0.000999000999000999	51
