EC	enrich_score	p_val	where
2	0.000996611520829181	0.000999000999000999	43
3	0.006426332288401254	0.000999000999000999	359
2.8	0.004424778761061947	0.000999000999000999	6
2.4	0.0004063388866314506	0.002997002997002997	9
2.8.1	0.01652892561983471	0.000999000999000999	6
2.4.2	0.004405286343612335	0.000999000999000999	9
