EC	enrich_score	p_val	where
1	0.024694987505512273	0.000999000999000999	2983
1.3	0.0006920415224913495	0.001998001998001998	0
1.3.8	0.006802721088435374	0.000999000999000999	0
