EC	enrich_score	p_val	where
1	0.3919594296633838	0.000999000999000999	7116
1.1	0.040304396843292	0.000999000999000999	177
1.1.1	0.049868766404199474	0.000999000999000999	177
