EC	enrich_score	p_val	where
2	0.013055610922862268	0.000999000999000999	661
2.4	0.005688744412840309	0.000999000999000999	26
2.4.1	0.001525940996948118	0.000999000999000999	5
