EC	enrich_score	p_val	where
2	0.12188558899740881	0.000999000999000999	1762
2.3	0.4632263307598537	0.000999000999000999	1720
2.3.1	0.4405690683799908	0.000999000999000999	1720
