EC	enrich_score	p_val	where
2	0.12118796093282838	0.000999000999000999	1819
2.3	0.4534741974806989	0.000999000999000999	1756
2.3.1	0.42955484167049107	0.000999000999000999	1756
