EC	enrich_score	p_val	where
1	0.019476701455240334	0.000999000999000999	2971
1.14	0.00022016732716864817	0.014985014985014986	0
1.14.11	0.0035587188612099642	0.000999000999000999	0
