EC	enrich_score	p_val	where
2	0.09657165636834762	0.000999000999000999	5934
2.3	0.04307192198293377	0.000999000999000999	220
2.3.1	0.03763194125745755	0.000999000999000999	220
