EC	enrich_score	p_val	where
3	0.006112852664576803	0.000999000999000999	47
3.5	0.026589595375722544	0.000999000999000999	47
3.5.1	0.025684931506849314	0.000999000999000999	47
