EC	enrich_score	p_val	where
2	0.12118796093282838	0.000999000999000999	1969
2.3	0.4477854530678586	0.000999000999000999	1704
2.3.1	0.42496558054153283	0.000999000999000999	1704
