EC	enrich_score	p_val	where
1	0.47457004262825225	0.000999000999000999	7606
1.1	0.01832018038331454	0.000999000999000999	207
1.1.1	0.020247469066366704	0.000999000999000999	136
