EC	enrich_score	p_val	where
2	0.00039864460833167234	0.04695304695304695	3
3	0.02225705329153605	0.000999000999000999	494
2.3	0.0016253555465258025	0.000999000999000999	3
3.4	0.03233830845771144	0.000999000999000999	166
2.3.2	0.022988505747126436	0.000999000999000999	3
