EC	enrich_score	p_val	where
3	0.0023510971786833857	0.000999000999000999	21
1	0.03175069822137292	0.000999000999000999	2786
3.1	0.007511266900350526	0.000999000999000999	21
1.14	0.0024218405988551297	0.000999000999000999	570
3.1.1	0.003978779840848806	0.000999000999000999	10
