EC	enrich_score	p_val	where
1	0.0008819638394825813	0.002997002997002997	17
1.13	0.00234192037470726	0.000999000999000999	0
1.4	0.01020408163265306	0.000999000999000999	12
1.13.11	0.0034482758620689655	0.000999000999000999	0
1.4.99	0.08695652173913043	0.000999000999000999	11
