EC	enrich_score	p_val	where
2	0.0006976280645804266	0.007992007992007992	87
2.1	0.003115264797507788	0.000999000999000999	54
2.1.1	0.0006954102920723226	0.000999000999000999	45
