EC	enrich_score	p_val	where
3	0.0017241379310344827	0.000999000999000999	91
2	0.014151883595774368	0.000999000999000999	4278
2.3	0.0008126777732629012	0.000999000999000999	1
3.1	0.0015022533800701052	0.000999000999000999	9
2.3.1	0.0009178522257916476	0.000999000999000999	1
