EC	enrich_score	p_val	where
3	0.016927899686520375	0.000999000999000999	299
3.2	0.0531437125748503	0.000999000999000999	89
3.2.1	0.05966386554621849	0.000999000999000999	89
