EC	enrich_score	p_val	where
1	0.0065412318094958104	0.000999000999000999	2694
1.14	0.008146191105239982	0.000999000999000999	47
1.14.11	0.099644128113879	0.000999000999000999	38
