EC	enrich_score	p_val	where
2	0.002292206497907116	0.000999000999000999	54
2.4	0.0040633888663145065	0.000999000999000999	9
2.4.2	0.04405286343612335	0.000999000999000999	9
