EC	enrich_score	p_val	where
1	0.47221813905629867	0.000999000999000999	7602
1.2	0.0038424591738712775	0.000999000999000999	5
1.1	0.037485907553551294	0.000999000999000999	902
1.2.1	0.005249343832020997	0.000999000999000999	5
1.1.1	0.04236970378702662	0.000999000999000999	902
