EC	enrich_score	p_val	where
1	0.05916507423195649	0.000999000999000999	3926
1.3	0.006920415224913495	0.000999000999000999	10
1.14	0.0035226772346983706	0.000999000999000999	425
1.3.99	0.04975124378109453	0.000999000999000999	10
