EC	enrich_score	p_val	where
2	0.0031891568666533787	0.000999000999000999	40
2.6	0.07901234567901234	0.000999000999000999	40
2.6.1	0.08579088471849866	0.000999000999000999	40
