EC	enrich_score	p_val	where
1	0.47398206673526383	0.000999000999000999	7599
1.1	0.04875986471251409	0.000999000999000999	335
1.1.1	0.04161979752530934	0.000999000999000999	335
