EC	enrich_score	p_val	where
1	0.4736145818021461	0.000999000999000999	7597
1.1	0.0016910935738444193	0.000999000999000999	16
1.1.1	0.0022497187851518562	0.000999000999000999	16
