EC	enrich_score	p_val	where
2	0.0014949172812437712	0.000999000999000999	51
2.5	0.02443280977312391	0.000999000999000999	15
2.5.1	0.02197802197802198	0.000999000999000999	15
