EC	enrich_score	p_val	where
2	0.0004983057604145904	0.01998001998001998	10
2.5	0.005235602094240838	0.000999000999000999	2
2.5.1	0.005494505494505495	0.000999000999000999	2
