EC	enrich_score	p_val	where
5	0.0014347202295552368	0.000999000999000999	10
1	0.008599147434955167	0.000999000999000999	277
5.3	0.004761904761904762	0.000999000999000999	10
1.3	0.0782006920415225	0.000999000999000999	211
5.3.3	0.012987012987012988	0.000999000999000999	10
1.3.8	0.07482993197278912	0.000999000999000999	30
