EC	enrich_score	p_val	where
1	0.02756136998383066	0.000999000999000999	5883
1.14	0.00044033465433729633	0.002997002997002997	40
1.1	0.0002818489289740699	0.014985014985014986	61
1.14.14	0.0014378145219266715	0.000999000999000999	40
1.1.99	0.00411522633744856	0.000999000999000999	61
