EC	enrich_score	p_val	where
2	0.04604345226230815	0.000999000999000999	1001
2.7	0.22779729051680883	0.000999000999000999	1001
2.7.1|2	0.058823529411764705	0.000999000999000999	1
2.7.1	0.052873563218390804	0.000999000999000999	226
