EC	enrich_score	p_val	where
6	0.05076923076923077	0.000999000999000999	386
2	0.08471197927048037	0.000999000999000999	4996
6.2	0.030800821355236138	0.000999000999000999	39
6.2.1	0.032467532467532464	0.000999000999000999	39
