EC	enrich_score	p_val	where
2	0.1283635638827985	0.000999000999000999	1605
2.1	0.7096573208722742	0.000999000999000999	1335
2.1.1	0.7294853963838664	0.000999000999000999	1335
