EC	enrich_score	p_val	where
6	0.010769230769230769	0.000999000999000999	85
2	0.09906318517042056	0.000999000999000999	6711
6.2	0.028747433264887063	0.000999000999000999	85
2.3	0.010158472165786265	0.000999000999000999	311
2.3.1	0.002294630564479119	0.000999000999000999	4
6.2.1	0.030303030303030304	0.000999000999000999	85
