EC	enrich_score	p_val	where
3	0.0006269592476489029	0.01098901098901099	7
2	0.04803667530396651	0.000999000999000999	3776
3.4	0.004975124378109453	0.000999000999000999	7
2.3	0.0016253555465258025	0.000999000999000999	38
3.4.11	0.006756756756756757	0.000999000999000999	0
