EC	enrich_score	p_val	where
1	0.4744230486550051	0.000999000999000999	7594
1.14	0.0006605019815059445	0.001998001998001998	6
1.14.13	0.0027397260273972603	0.000999000999000999	6
