EC	enrich_score	p_val	where
2	0.07424755830177397	0.000999000999000999	3183
2.3	0.09427062169849655	0.000999000999000999	668
2.3.1	0.08994951812758147	0.000999000999000999	668
