EC	enrich_score	p_val	where
1	0.045127149786858736	0.000999000999000999	6478
1.7	0.008928571428571428	0.000999000999000999	31
1.7.3	0.07407407407407407	0.000999000999000999	31
