EC	enrich_score	p_val	where
1	0.017124797883286785	0.000999000999000999	993
1.14	0.0015411712901805372	0.000999000999000999	10
1.14.12	0.015267175572519083	0.000999000999000999	1
