EC	enrich_score	p_val	where
3	0.0004702194357366771	0.030969030969030968	4
3.5	0.0023121387283236996	0.000999000999000999	1
3.5.2	0.020833333333333332	0.000999000999000999	0
