EC	enrich_score	p_val	where
1	0.001028957812729678	0.000999000999000999	43
1.1	0.0033821871476888386	0.000999000999000999	43
1.1.5	0.01904761904761905	0.000999000999000999	2
