EC	enrich_score	p_val	where
1	0.4723651330295458	0.000999000999000999	7617
1.17	0.009868421052631578	0.000999000999000999	5
1.14	0.0017613386173491853	0.000999000999000999	33
1.17.1	0.021739130434782608	0.000999000999000999	0
