EC	enrich_score	p_val	where
3	0.0109717868338558	0.000999000999000999	311
3.4	0.03233830845771144	0.000999000999000999	107
3.4.13	0.03225806451612903	0.000999000999000999	7
