EC	enrich_score	p_val	where
1	0.011465529913273556	0.000999000999000999	1191
1.14	0.0019815059445178335	0.000999000999000999	58
1.14.99	0.002824858757062147	0.000999000999000999	0
