EC	enrich_score	p_val	where
1	0.01403792444509775	0.000999000999000999	269
1.14	0.04007045354469397	0.000999000999000999	242
1.14.99	0.002824858757062147	0.000999000999000999	1
1.14.19	0.1623246492985972	0.000999000999000999	199
