EC	enrich_score	p_val	where
1	0.4744230486550051	0.000999000999000999	7618
1.3	0.006920415224913495	0.000999000999000999	12
1.3.1	0.013774104683195593	0.000999000999000999	12
