EC	enrich_score	p_val	where
1	0.000514478906364839	0.01998001998001998	6
1.3	0.004844290657439446	0.000999000999000999	6
1.3.99	0.009950248756218905	0.000999000999000999	1
1.3.8	0.013605442176870748	0.000999000999000999	5
