EC	enrich_score	p_val	where
1	0.47221813905629867	0.000999000999000999	7594
1.1	0.04340473506200677	0.000999000999000999	360
1.1.1	0.05249343832020997	0.000999000999000999	360
