EC	enrich_score	p_val	where
1	0.004630310157283551	0.000999000999000999	488
1.14	0.0048436811977102595	0.000999000999000999	54
1.14.11	0.02491103202846975	0.000999000999000999	11
