EC	enrich_score	p_val	where
2	0.07893163244967112	0.000999000999000999	2928
2.3	0.16253555465258024	0.000999000999000999	1542
2.3.1	0.1413492427719137	0.000999000999000999	1542
