EC	enrich_score	p_val	where
1	0.007643686608849037	0.000999000999000999	1687
1.13	0.00468384074941452	0.000999000999000999	3
1.13.11	0.006896551724137931	0.000999000999000999	3
