EC	enrich_score	p_val	where
2	0.0385688658560893	0.000999000999000999	2706
2.7	0.1440040140491721	0.000999000999000999	823
2.7.1	0.12413793103448276	0.000999000999000999	217
