EC	enrich_score	p_val	where
5	0.11477761836441894	0.000999000999000999	344
5.1	0.031746031746031744	0.000999000999000999	344
