EC	enrich_score	p_val	where
4	0.011566771819137749	0.000999000999000999	26
4.2	0.020942408376963352	0.000999000999000999	24
4.2.1	0.029197080291970802	0.000999000999000999	24
