EC	enrich_score	p_val	where
2	0.13713374526609529	0.000999000999000999	5662
2.4	0.22104835432750913	0.000999000999000999	1622
2.4.1|2	0.008620689655172414	0.000999000999000999	0
2.4.1	0.17497456765005087	0.000999000999000999	870
