EC	enrich_score	p_val	where
2	0.11152082918078533	0.000999000999000999	2266
2.3	0.42584315318976024	0.000999000999000999	1807
2.3.1	0.398347865993575	0.000999000999000999	1807
