EC	enrich_score	p_val	where
1	0.47412906070851096	0.000999000999000999	7572
1.1	0.013810597519729425	0.000999000999000999	571
1.1.1	0.016497937757780277	0.000999000999000999	98
