EC	enrich_score	p_val	where
1	0.4743495516683816	0.000999000999000999	7592
1.4	0.003401360544217687	0.000999000999000999	13
1.1	0.011273957158962795	0.000999000999000999	369
1.4.1	0.015625	0.000999000999000999	13
1.1.1	0.006749156355455568	0.000999000999000999	337
