EC	enrich_score	p_val	where
1	0.47339409084227546	0.000999000999000999	7586
1.1	0.009019165727170236	0.000999000999000999	1213
1.1.1	0.00974878140232471	0.000999000999000999	30
