EC	enrich_score	p_val	where
2	0.12766593581821806	0.000999000999000999	1574
2.1	0.7109034267912773	0.000999000999000999	1330
2.1.1	0.7294853963838664	0.000999000999000999	1330
