EC	enrich_score	p_val	where
2	0.0010962726729120988	0.000999000999000999	51
2.7	0.0010035122930255895	0.000999000999000999	4
2.7.4	0.013793103448275862	0.000999000999000999	4
