EC	enrich_score	p_val	where
3	0.00109717868338558	0.000999000999000999	22
1	0.0031603704248125827	0.000999000999000999	571
3.1	0.00200300450676014	0.000999000999000999	3
3.1.1	0.005305039787798408	0.000999000999000999	3
