EC	enrich_score	p_val	where
1	0.47221813905629867	0.000999000999000999	7566
1.14	0.010568031704095112	0.000999000999000999	103
1.14.13	0.01004566210045662	0.000999000999000999	29
