EC	enrich_score	p_val	where
3	0.017398119122257052	0.000999000999000999	183
3.2	0.05389221556886228	0.000999000999000999	90
3.2.1	0.06050420168067227	0.000999000999000999	90
