EC	enrich_score	p_val	where
2	0.12098863862866255	0.000999000999000999	1840
2.3	0.4550995530272247	0.000999000999000999	1761
2.3.1	0.43139054612207434	0.000999000999000999	1761
