EC	enrich_score	p_val	where
2	0.001993223041658362	0.000999000999000999	208
2.9	0.0625	0.000999000999000999	0
2.9.1	0.0625	0.000999000999000999	0
