EC	enrich_score	p_val	where
1	0.017124797883286785	0.000999000999000999	4700
1.1	0.0008455467869222097	0.000999000999000999	50
1.1.99	0.012345679012345678	0.000999000999000999	50
