EC	enrich_score	p_val	where
1	0.46457445244744966	0.000999000999000999	7978
1.3	0.07474048442906574	0.000999000999000999	172
1.3.1	0.14049586776859505	0.000999000999000999	172
