EC	enrich_score	p_val	where
1	0.007129207702484198	0.000999000999000999	1567
1.3	0.0034602076124567475	0.000999000999000999	5
1.1	0.008173618940248028	0.000999000999000999	148
1.3.3	0.009433962264150943	0.000999000999000999	0
1.3.2	0.1875	0.000999000999000999	5
1.1.3	0.005405405405405406	0.000999000999000999	18
