EC	enrich_score	p_val	where
2	0.002491528802072952	0.000999000999000999	35
1	0.04505365280023519	0.000999000999000999	1157
2.3	0.010158472165786265	0.000999000999000999	35
2.3.1	0.011473152822395595	0.000999000999000999	35
