EC	enrich_score	p_val	where
2	0.0013952561291608531	0.000999000999000999	30
3	0.0018808777429467085	0.000999000999000999	72
2.7	0.006522829904666332	0.000999000999000999	29
2.7.8	0.03939393939393939	0.000999000999000999	29
