EC	enrich_score	p_val	where
3	0.02225705329153605	0.000999000999000999	253
3.1	0.05408112168252378	0.000999000999000999	253
3.1.3	0.11153846153846154	0.000999000999000999	69
