EC	enrich_score	p_val	where
1	0.04622960458621197	0.000999000999000999	4004
1.14	0.013650374284456186	0.000999000999000999	375
1.14.19	0.08016032064128256	0.000999000999000999	156
