EC	enrich_score	p_val	where
2	0.17071955351803866	0.000999000999000999	3476
2.4	0.4961397805770012	0.000999000999000999	2020
2.4.1	0.4313326551373347	0.000999000999000999	2010
