EC	enrich_score	p_val	where
1	0.4737615757753932	0.000999000999000999	7642
1.3	0.001384083044982699	0.000999000999000999	7
1.14	0.001100836635843241	0.000999000999000999	38
1.14.13	0.0009132420091324201	0.000999000999000999	1
1.3.1	0.0027548209366391185	0.000999000999000999	7
