EC	enrich_score	p_val	where
2	0.12467610125573052	0.000999000999000999	1506
2.1	0.7121495327102804	0.000999000999000999	1349
2.1.1	0.7308762169680111	0.000999000999000999	1349
