EC	enrich_score	p_val	where
1	0.4736145818021461	0.000999000999000999	7567
1.1	0.07187147688838783	0.000999000999000999	902
1.1.1	0.08773903262092239	0.000999000999000999	898
