EC	enrich_score	p_val	where
1	0.47295310892253417	0.000999000999000999	7608
1.14	0.002642007926023778	0.000999000999000999	40
1.14.13	0.0036529680365296802	0.000999000999000999	40
