EC	enrich_score	p_val	where
1	0.4740555637218874	0.000999000999000999	7578
1.1	0.032976324689966176	0.000999000999000999	992
1.1.1|1	0.005714285714285714	0.000999000999000999	1
1.1.1	0.0307461567304087	0.000999000999000999	495
