EC	enrich_score	p_val	where
3	0.0004702194357366771	0.030969030969030968	9
2	0.08939605341837752	0.000999000999000999	2982
2.8	0.0022123893805309734	0.000999000999000999	0
3.1	0.0015022533800701052	0.000999000999000999	9
2.3	0.23973994311255586	0.000999000999000999	1801
2.8.1	0.008264462809917356	0.000999000999000999	0
2.3.1	0.20927030748049563	0.000999000999000999	1195
