EC	enrich_score	p_val	where
1	0.4736145818021461	0.000999000999000999	7572
1.6	0.014285714285714285	0.000999000999000999	2
1.1	0.0005636978579481398	0.002997002997002997	19
1.6.5	0.02097902097902098	0.000999000999000999	2
1.1.1	0.0007499062617172854	0.000999000999000999	19
