EC	enrich_score	p_val	where
2	0.17500498305760415	0.000999000999000999	3444
2.4	0.43112555871596914	0.000999000999000999	2337
2.4.1|2	0.008620689655172414	0.000999000999000999	0
2.4.1	0.3240081383519837	0.000999000999000999	2337
