EC	enrich_score	p_val	where
4	0.0005257623554153522	0.01998001998001998	3
1	0.04174628840217551	0.000999000999000999	3526
4.1	0.0017699115044247787	0.000999000999000999	3
4.1.1	0.003367003367003367	0.000999000999000999	3
