EC	enrich_score	p_val	where
6	0.016923076923076923	0.000999000999000999	60
2	0.06477974885389676	0.000999000999000999	4712
6.1	0.10837438423645321	0.000999000999000999	60
6.1.1	0.10695187165775401	0.000999000999000999	60
