EC	enrich_score	p_val	where
1	0.04593561663971777	0.000999000999000999	1841
1.3	0.02768166089965398	0.000999000999000999	100
1.14	0.004623513870541612	0.000999000999000999	823
1.3.99	0.004975124378109453	0.000999000999000999	1
1.3.5	0.031914893617021274	0.000999000999000999	9
