EC	enrich_score	p_val	where
2	0.12716763005780346	0.000999000999000999	1589
2.1	0.7096573208722742	0.000999000999000999	1335
2.1.1	0.7280945757997218	0.000999000999000999	1335
