EC	enrich_score	p_val	where
2	0.017241379310344827	0.000999000999000999	357
2.8	0.35176991150442477	0.000999000999000999	200
2.8.2	0.7566137566137566	0.000999000999000999	200
