EC	enrich_score	p_val	where
4	0.11514195583596215	0.000999000999000999	384
4.2	0.22722513089005236	0.000999000999000999	384
4.2.3	0.4632352941176471	0.000999000999000999	339
