EC	enrich_score	p_val	where
3	0.00109717868338558	0.000999000999000999	11
2	0.07514450867052024	0.000999000999000999	5813
3.1	0.0035052578868302454	0.000999000999000999	11
2.7	0.005017561465127948	0.000999000999000999	45
3.1.3	0.011538461538461539	0.000999000999000999	5
