EC	enrich_score	p_val	where
1	0.024033514625900337	0.000999000999000999	2266
1.13	0.1522248243559719	0.000999000999000999	81
1.13.11	0.18275862068965518	0.000999000999000999	81
