EC	enrich_score	p_val	where
1	0.0024254005585770985	0.000999000999000999	397
1.4	0.013605442176870748	0.000999000999000999	3
1.4.3	0.02877697841726619	0.000999000999000999	3
