EC	enrich_score	p_val	where
1	0.47427605468175804	0.000999000999000999	7589
1.1	0.0002818489289740699	0.014985014985014986	9
1.2	0.0019212295869356388	0.000999000999000999	15
1.1.1	0.0003749531308586427	0.013986013986013986	9
1.2.1	0.0026246719160104987	0.000999000999000999	15
