EC	enrich_score	p_val	where
2	0.05232210484353199	0.000999000999000999	4232
2.3	0.00690776107273466	0.000999000999000999	26
2.3.2	0.08620689655172414	0.000999000999000999	26
