EC	enrich_score	p_val	where
1	0.011392032926650007	0.000999000999000999	1293
1.3	0.0006920415224913495	0.001998001998001998	3
1.14	0.003963011889035667	0.000999000999000999	51
1.14.99	0.0423728813559322	0.000999000999000999	27
