EC	enrich_score	p_val	where
3	0.019122257053291535	0.000999000999000999	2335
3.2	0.016467065868263474	0.000999000999000999	34
3.2.1	0.01764705882352941	0.000999000999000999	22
