EC	enrich_score	p_val	where
2	0.06896551724137931	0.000999000999000999	3148
2.3	0.07436001625355547	0.000999000999000999	468
2.3.1	0.0559889857732905	0.000999000999000999	358
