EC	enrich_score	p_val	where
6	0.24461538461538462	0.000999000999000999	515
2	0.11401235798285828	0.000999000999000999	8010
6.2	0.0513347022587269	0.000999000999000999	44
6.2.1	0.05411255411255411	0.000999000999000999	44
