EC	enrich_score	p_val	where
4	0.0010515247108307045	0.000999000999000999	1
1	0.003527855357930325	0.000999000999000999	199
4.1	0.0035398230088495575	0.000999000999000999	1
1.1	0.004509582863585118	0.000999000999000999	55
4.1.99	0.02631578947368421	0.000999000999000999	1
1.1.2	0.06153846153846154	0.000999000999000999	15
