EC	enrich_score	p_val	where
1	0.10848155225635749	0.000999000999000999	2248
1.14	0.001321003963011889	0.000999000999000999	28
1.14.13	0.0027397260273972603	0.000999000999000999	5
