EC	enrich_score	p_val	where
1	0.4743495516683816	0.000999000999000999	7596
1.14	0.004183179216204315	0.000999000999000999	38
1.14.12	0.1450381679389313	0.000999000999000999	38
