EC	enrich_score	p_val	where
5	0.0014347202295552368	0.000999000999000999	6
1	0.01874173158900485	0.000999000999000999	1905
1.17	0.006578947368421052	0.000999000999000999	1
5.4	0.006756756756756757	0.000999000999000999	6
1.17.3	0.05555555555555555	0.000999000999000999	1
5.4.4	0.05	0.000999000999000999	6
