EC	enrich_score	p_val	where
2	0.16483954554514652	0.000999000999000999	4218
2.4	0.47744819179195447	0.000999000999000999	1990
2.4.1	0.4155645981688708	0.000999000999000999	1642
