EC	enrich_score	p_val	where
1	0.0005879758929883875	0.013986013986013986	13
1.1	0.0011273957158962795	0.000999000999000999	9
1.1.2	0.015384615384615385	0.000999000999000999	0
1.1.3	0.005405405405405406	0.000999000999000999	2
