EC	enrich_score	p_val	where
5	0.03299856527977044	0.000999000999000999	28
1	0.030721740408643245	0.000999000999000999	2088
5.3	0.10952380952380952	0.000999000999000999	28
1.14	0.019374724790841038	0.000999000999000999	360
5.3.3	0.22077922077922077	0.000999000999000999	28
1.14.19	0.01603206412825651	0.000999000999000999	99
