EC	enrich_score	p_val	where
1	0.0036013523445538732	0.000999000999000999	224
1.14	0.006825187142228093	0.000999000999000999	53
1.14.11	0.042704626334519574	0.000999000999000999	29
