EC	enrich_score	p_val	where
1	0.4742025576951345	0.000999000999000999	7575
1.1	0.052423900789177004	0.000999000999000999	1086
1.1.1	0.06411698537682789	0.000999000999000999	342
