EC	enrich_score	p_val	where
1	0.4733205938556519	0.000999000999000999	7598
1.1	0.0005636978579481398	0.002997002997002997	10
1.14	0.001100836635843241	0.000999000999000999	42
1.14.13	0.0009132420091324201	0.000999000999000999	4
1.1.1	0.0007499062617172854	0.000999000999000999	10
