EC	enrich_score	p_val	where
1	0.027855357930324856	0.000999000999000999	1771
1.10	0.013605442176870748	0.000999000999000999	4
1.10.3	0.018518518518518517	0.000999000999000999	4
