EC	enrich_score	p_val	where
1	0.47265912097603996	0.000999000999000999	7571
1.6	0.2904761904761905	0.000999000999000999	68
1.6.5	0.38461538461538464	0.000999000999000999	68
