EC	enrich_score	p_val	where
4	0.0005257623554153522	0.01998001998001998	0
3	0.00109717868338558	0.000999000999000999	24
4.4	0.006369426751592357	0.000999000999000999	0
3.2	0.005239520958083832	0.000999000999000999	24
4.4.1	0.00641025641025641	0.000999000999000999	0
3.2.1	0.0058823529411764705	0.000999000999000999	24
