EC	enrich_score	p_val	where
1	0.010216081140673232	0.000999000999000999	914
1.14	0.010347864376926464	0.000999000999000999	305
1.14.20	0.037037037037037035	0.000999000999000999	1
1.14.11	0.03558718861209965	0.000999000999000999	36
