EC	enrich_score	p_val	where
3	0.052664576802507836	0.000999000999000999	837
3.4	0.13930348258706468	0.000999000999000999	373
3.4.11	0.02027027027027027	0.000999000999000999	10
