EC	enrich_score	p_val	where
1	0.47339409084227546	0.000999000999000999	7596
1.2	0.010566762728146013	0.000999000999000999	10
1.2.1	0.014435695538057743	0.000999000999000999	10
