EC	enrich_score	p_val	where
2	0.08660554116005581	0.000999000999000999	5511
2.3	0.051198699715562776	0.000999000999000999	252
2.3.1	0.046810463515374025	0.000999000999000999	252
