EC	enrich_score	p_val	where
2	0.04704006378313733	0.000999000999000999	3387
2.7	0.1535373808329152	0.000999000999000999	739
2.7.1	0.14597701149425288	0.000999000999000999	407
