EC	enrich_score	p_val	where
3	0.023824451410658306	0.000999000999000999	480
3.4	0.004975124378109453	0.000999000999000999	3
3.4.11	0.02702702702702703	0.000999000999000999	3
