EC	enrich_score	p_val	where
1	0.004630310157283551	0.000999000999000999	1006
1.14	0.00022016732716864817	0.014985014985014986	46
1.1	0.0002818489289740699	0.014985014985014986	52
1.14.99	0.002824858757062147	0.000999000999000999	46
1.1.99	0.00411522633744856	0.000999000999000999	52
