EC	enrich_score	p_val	where
2	0.0004983057604145904	0.01998001998001998	64
1	0.0012494487726003234	0.000999000999000999	1108
1.5	0.008746355685131196	0.000999000999000999	43
2.1	0.001869158878504673	0.000999000999000999	61
1.5.99	0.043478260869565216	0.000999000999000999	43
