EC	enrich_score	p_val	where
1	0.006394237836248714	0.000999000999000999	1207
1.14	0.00044033465433729633	0.002997002997002997	59
1.14.14	0.0007189072609633358	0.000999000999000999	20
