EC	enrich_score	p_val	where
3	0.0028213166144200625	0.000999000999000999	22
2	0.045943791110225236	0.000999000999000999	1689
3.1	0.009013520280420632	0.000999000999000999	22
2.3	0.12312068264932954	0.000999000999000999	853
3.1.2	0.08256880733944955	0.000999000999000999	22
2.3.1	0.1179440110142267	0.000999000999000999	853
