EC	enrich_score	p_val	where
2	0.00039864460833167234	0.04695304695304695	3
2.5	0.006980802792321117	0.000999000999000999	3
2.5.1	0.007326007326007326	0.000999000999000999	3
