EC	enrich_score	p_val	where
3	0.03510971786833856	0.000999000999000999	851
3.1	0.03355032548823235	0.000999000999000999	220
3.1.3	0.0019230769230769232	0.000999000999000999	0
3.1.31	0.3333333333333333	0.000999000999000999	2
