EC	enrich_score	p_val	where
1	0.019844186388358078	0.000999000999000999	1857
1.14	0.00044033465433729633	0.002997002997002997	25
1.14.13	0.0018264840182648401	0.000999000999000999	25
