EC	enrich_score	p_val	where
1	0.4736145818021461	0.000999000999000999	7609
1.14	0.007045354469396741	0.000999000999000999	185
1.14.13	0.0027397260273972603	0.000999000999000999	3
