EC	enrich_score	p_val	where
1	0.027340879023960016	0.000999000999000999	1610
1.14	0.04381329810656099	0.000999000999000999	296
1.14.99	0.0480225988700565	0.000999000999000999	33
1.14.19	0.1623246492985972	0.000999000999000999	255
