EC	enrich_score	p_val	where
2	0.08670520231213873	0.000999000999000999	2547
2.3	0.2779357984559122	0.000999000999000999	1376
2.3.1	0.25791647544745294	0.000999000999000999	1376
