EC	enrich_score	p_val	where
1	0.09980890783477878	0.000999000999000999	2741
1.1	0.0002818489289740699	0.014985014985014986	0
1.1.1|1	0.005714285714285714	0.000999000999000999	0
