EC	enrich_score	p_val	where
1	0.4728061149492871	0.000999000999000999	7613
1.1	0.020011273957158963	0.000999000999000999	173
1.1.1	0.018747656542932135	0.000999000999000999	163
