EC	enrich_score	p_val	where
2	0.12447677895156468	0.000999000999000999	6177
2.4	0.17878911011783827	0.000999000999000999	1184
2.4.1	0.12817904374364192	0.000999000999000999	820
