EC	enrich_score	p_val	where
2	0.13314729918277857	0.000999000999000999	5912
2.4	0.18691588785046728	0.000999000999000999	1081
2.4.1	0.15869786368260427	0.000999000999000999	763
