EC	enrich_score	p_val	where
2	0.0004983057604145904	0.01998001998001998	5
3	0.02413793103448276	0.000999000999000999	719
2.7	0.002508780732563974	0.000999000999000999	5
3.1	0.05157736604907361	0.000999000999000999	334
2.7.1	0.005747126436781609	0.000999000999000999	5
3.1.3	0.03653846153846154	0.000999000999000999	47
