EC	enrich_score	p_val	where
1	0.0007349698662354843	0.004995004995004995	11
5	0.1449067431850789	0.000999000999000999	308
1.1	0.001972942502818489	0.000999000999000999	7
5.1	0.1746031746031746	0.000999000999000999	308
1.1.2	0.03076923076923077	0.000999000999000999	2
