EC	enrich_score	p_val	where
2	0.16603547937014151	0.000999000999000999	5754
2.4	0.31044290938642827	0.000999000999000999	1508
2.4.1	0.2375381485249237	0.000999000999000999	983
