EC	enrich_score	p_val	where
1	0.4740555637218874	0.000999000999000999	7578
1.14	0.004183179216204315	0.000999000999000999	104
1.14.13	0.0091324200913242	0.000999000999000999	17
