EC	enrich_score	p_val	where
1	0.17551080405703365	0.000999000999000999	3753
1.1	0.03269447576099211	0.000999000999000999	166
1.1.1	0.03824521934758155	0.000999000999000999	166
