EC	enrich_score	p_val	where
6	0.033846153846153845	0.000999000999000999	78
2	0.04175802272274268	0.000999000999000999	3522
6.3	0.08139534883720931	0.000999000999000999	74
2.7	0.0772704465629704	0.000999000999000999	1424
6.3.2	0.07357859531772576	0.000999000999000999	60
