EC	enrich_score	p_val	where
4	0.014195583596214511	0.000999000999000999	38
1	0.015140379244450978	0.000999000999000999	950
4.1	0.047787610619469026	0.000999000999000999	38
4.1.1	0.09090909090909091	0.000999000999000999	38
