EC	enrich_score	p_val	where
1	0.47295310892253417	0.000999000999000999	7605
1.6	0.2857142857142857	0.000999000999000999	67
1.6.5	0.3776223776223776	0.000999000999000999	67
