EC	enrich_score	p_val	where
2	0.033984452860275065	0.000999000999000999	2583
2.-	0.25	0.000999000999000999	0
2.4	0.012190166598943519	0.000999000999000999	95
2.-.-	0.25	0.000999000999000999	0
2.4.1	0.00254323499491353	0.000999000999000999	16
