EC	enrich_score	p_val	where
1	0.4744230486550051	0.000999000999000999	7605
1.1	0.0016910935738444193	0.000999000999000999	11
1.1.1	0.0022497187851518562	0.000999000999000999	11
