EC	enrich_score	p_val	where
1	0.016610318976921945	0.000999000999000999	4187
