EC	enrich_score	p_val	where
4	0.02103049421661409	0.000999000999000999	52
4.2	0.041884816753926704	0.000999000999000999	52
4.2.3	0.09558823529411764	0.000999000999000999	52
