EC	enrich_score	p_val	where
1	0.4713361752168161	0.000999000999000999	7555
1.14	0.00022016732716864817	0.014985014985014986	0
1.14.13	0.0009132420091324201	0.000999000999000999	0
