EC	enrich_score	p_val	where
5	0.0028694404591104736	0.000999000999000999	1
1	0.026605909157724532	0.000999000999000999	2340
5.5	0.01904761904761905	0.000999000999000999	1
1.14	0.003742844561867019	0.000999000999000999	130
5.5.1	0.0196078431372549	0.000999000999000999	1
