EC	enrich_score	p_val	where
1	0.47457004262825225	0.000999000999000999	7608
1.4	0.017006802721088437	0.000999000999000999	15
1.1	0.011273957158962795	0.000999000999000999	254
1.4.1	0.078125	0.000999000999000999	15
1.1.1	0.005249343832020997	0.000999000999000999	254
