EC	enrich_score	p_val	where
2	0.0810245166434124	0.000999000999000999	3657
2.3	0.0650142218610321	0.000999000999000999	352
2.3.1	0.06975676916016521	0.000999000999000999	352
