EC	enrich_score	p_val	where
1	0.47427605468175804	0.000999000999000999	7598
1.3	0.0006920415224913495	0.001998001998001998	1
1.14	0.001100836635843241	0.000999000999000999	18
1.3.1	0.0013774104683195593	0.000999000999000999	1
