EC	enrich_score	p_val	where
2	0.17520430536176998	0.000999000999000999	3879
2.4	0.5180820804550995	0.000999000999000999	2021
2.4.1	0.45320447609359105	0.000999000999000999	2021
