EC	enrich_score	p_val	where
4	0.0010515247108307045	0.000999000999000999	1
1	0.0017639276789651625	0.000999000999000999	146
4.99	0.04081632653061224	0.000999000999000999	1
1.14	0.00044033465433729633	0.002997002997002997	33
4.99.1	0.041666666666666664	0.000999000999000999	1
