EC	enrich_score	p_val	where
2	0.0402631054414989	0.000999000999000999	3961
2.1	0.0006230529595015577	0.001998001998001998	0
2.3	0.007314099959366111	0.000999000999000999	89
2.1.1	0.0006954102920723226	0.000999000999000999	0
2.3.1	0.005966039467645709	0.000999000999000999	44
