EC	enrich_score	p_val	where
3	0.015360501567398118	0.000999000999000999	248
3.2	0.03592814371257485	0.000999000999000999	248
3.2.1	0.03865546218487395	0.000999000999000999	248
