EC	enrich_score	p_val	where
6	0.19384615384615383	0.000999000999000999	511
2	0.11789914291409209	0.000999000999000999	6243
6.2	0.28336755646817247	0.000999000999000999	305
6.2.1	0.24025974025974026	0.000999000999000999	296
