EC	enrich_score	p_val	where
1	0.02763486697045421	0.000999000999000999	1845
1.14	0.037648612945838836	0.000999000999000999	575
1.14.13	0.005479452054794521	0.000999000999000999	5
