EC	enrich_score	p_val	where
2	0.09069164839545545	0.000999000999000999	4061
2.3	0.21454693214140594	0.000999000999000999	1214
2.3.2	0.005747126436781609	0.000999000999000999	0
2.3.1	0.2010096374483708	0.000999000999000999	1191
