EC	enrich_score	p_val	where
2	0.11989236595575045	0.000999000999000999	1816
2.3	0.45631856968711904	0.000999000999000999	1703
2.3.3	0.1276595744680851	0.000999000999000999	13
2.3.1	0.4336851766865535	0.000999000999000999	1703
