EC	enrich_score	p_val	where
3	0.022727272727272728	0.000999000999000999	1085
3.2	0.017964071856287425	0.000999000999000999	386
3.2.1	0.008403361344537815	0.000999000999000999	386
