EC	enrich_score	p_val	where
2	0.000996611520829181	0.000999000999000999	52
2.3	0.0004063388866314506	0.002997002997002997	8
