EC	enrich_score	p_val	where
3	0.0040752351097178684	0.000999000999000999	90
3.4	0.007462686567164179	0.000999000999000999	55
3.4.11	0.006756756756756757	0.000999000999000999	3
3.4.24	0.014705882352941176	0.000999000999000999	5
