EC	enrich_score	p_val	where
2	0.015248156268686466	0.000999000999000999	194
2.8	0.3230088495575221	0.000999000999000999	193
2.8.2	0.6984126984126984	0.000999000999000999	193
