EC	enrich_score	p_val	where
2	0.006378313733306757	0.000999000999000999	255
2.8	0.00663716814159292	0.000999000999000999	2
2.8.2	0.015873015873015872	0.000999000999000999	2
