EC	enrich_score	p_val	where
6	0.0015384615384615385	0.000999000999000999	1
2	0.14141917480566074	0.000999000999000999	5720
6.5	0.05714285714285714	0.000999000999000999	1
2.4	0.034538805363673306	0.000999000999000999	2017
6.5.1	0.05714285714285714	0.000999000999000999	1
