EC	enrich_score	p_val	where
2	0.04325294000398645	0.000999000999000999	1424
2.7	0.19116909182137481	0.000999000999000999	1409
2.7.1	0.21379310344827587	0.000999000999000999	289
