EC	enrich_score	p_val	where
2	0.12188558899740881	0.000999000999000999	2040
2.3	0.42990654205607476	0.000999000999000999	1733
2.3.3	0.02127659574468085	0.000999000999000999	0
2.3.1	0.4047728315741166	0.000999000999000999	1733
