EC	enrich_score	p_val	where
4	0.0005257623554153522	0.01998001998001998	0
2	0.002292206497907116	0.000999000999000999	484
4.2	0.0010471204188481676	0.000999000999000999	0
2.4	0.0004063388866314506	0.002997002997002997	19
4.2.2	0.020833333333333332	0.000999000999000999	0
