EC	enrich_score	p_val	where
1	0.28678524180508597	0.000999000999000999	7031
1.1	0.036076662908680945	0.000999000999000999	148
1.1.1	0.044244469441319836	0.000999000999000999	148
