EC	enrich_score	p_val	where
2	0.17111819812637033	0.000999000999000999	4170
2.4	0.4108086143843966	0.000999000999000999	1954
2.4.1|2	0.02586206896551724	0.000999000999000999	4
2.4.1	0.31536113936927773	0.000999000999000999	1734
