EC	enrich_score	p_val	where
1	0.47310010289578125	0.000999000999000999	7596
1.1	0.010146561443066516	0.000999000999000999	49
1.1.1	0.013498312710911136	0.000999000999000999	49
