EC	enrich_score	p_val	where
1	0.000514478906364839	0.01998001998001998	6
1.17	0.023026315789473683	0.000999000999000999	6
1.17.7	0.3076923076923077	0.000999000999000999	3
