EC	enrich_score	p_val	where
3	0.005172413793103448	0.000999000999000999	264
3.2	0.0074850299401197605	0.000999000999000999	9
3.2.1	0.008403361344537815	0.000999000999000999	9
