EC	enrich_score	p_val	where
4	0.0005257623554153522	0.01998001998001998	0
2	0.09687063982459637	0.000999000999000999	6041
4.2	0.0010471204188481676	0.000999000999000999	0
2.3	0.04469727752945957	0.000999000999000999	205
4.2.1	0.0018248175182481751	0.000999000999000999	0
2.3.1	0.03946764570904084	0.000999000999000999	205
