EC	enrich_score	p_val	where
1	0.47427605468175804	0.000999000999000999	7594
1.1	0.008737316798196167	0.000999000999000999	110
1.1.1	0.005999250093738283	0.000999000999000999	62
