EC	enrich_score	p_val	where
2	0.0004983057604145904	0.01998001998001998	7
2.1	0.0006230529595015577	0.001998001998001998	0
2.1.1	0.0006954102920723226	0.000999000999000999	0
