EC	enrich_score	p_val	where
2	0.0010962726729120988	0.000999000999000999	26
3	0.0274294670846395	0.000999000999000999	507
2.7	0.0055193176116407425	0.000999000999000999	26
3.1	0.07060590886329494	0.000999000999000999	425
2.7.1	0.01264367816091954	0.000999000999000999	26
3.1.3	0.0038461538461538464	0.000999000999000999	236
