EC	enrich_score	p_val	where
1	0.19021020138174335	0.000999000999000999	6038
1.2	0.10182516810758886	0.000999000999000999	167
1.2.1	0.13910761154855644	0.000999000999000999	167
