EC	enrich_score	p_val	where
2	0.12537372932031093	0.000999000999000999	1501
2.1	0.6834890965732088	0.000999000999000999	1489
2.1.1	0.6988873435326843	0.000999000999000999	1489
