EC	enrich_score	p_val	where
2	0.11969304365158462	0.000999000999000999	2053
2.3	0.4485981308411215	0.000999000999000999	1767
2.3.1	0.42404772831574117	0.000999000999000999	1767
