EC	enrich_score	p_val	where
1	0.01932970748199324	0.000999000999000999	2937
1.13	0.07962529274004684	0.000999000999000999	42
1.13.11	0.1103448275862069	0.000999000999000999	42
