EC	enrich_score	p_val	where
2	0.08192146701215866	0.000999000999000999	4451
2.3	0.17878911011783827	0.000999000999000999	1515
2.3.1	0.15787058283616337	0.000999000999000999	1392
