EC	enrich_score	p_val	where
3	0.003918495297805642	0.000999000999000999	48
3.4	0.022388059701492536	0.000999000999000999	21
3.4.16	0.08888888888888889	0.000999000999000999	10
3.4.17	0.025	0.000999000999000999	21
