EC	enrich_score	p_val	where
2	0.00039864460833167234	0.04695304695304695	3
2.2	0.07142857142857142	0.000999000999000999	3
2.2.1	0.07142857142857142	0.000999000999000999	3
