EC	enrich_score	p_val	where
2	0.004883396452062986	0.000999000999000999	469
2.8	0.024336283185840708	0.000999000999000999	12
2.8.1	0.09090909090909091	0.000999000999000999	12
