EC	enrich_score	p_val	where
2	0.0010962726729120988	0.000999000999000999	24
2.1	0.001869158878504673	0.000999000999000999	2
2.5	0.0017452006980802793	0.000999000999000999	6
2.1.1	0.002086230876216968	0.000999000999000999	2
2.5.1	0.0018315018315018315	0.000999000999000999	6
