EC	enrich_score	p_val	where
3	0.017711598746081504	0.000999000999000999	267
3.5	0.0023121387283236996	0.000999000999000999	3
3.4	0.03109452736318408	0.000999000999000999	194
3.5.1	0.003424657534246575	0.000999000999000999	3
