EC	enrich_score	p_val	where
6	0.003076923076923077	0.000999000999000999	29
2	0.03607733705401634	0.000999000999000999	896
6.4	0.034482758620689655	0.000999000999000999	2
2.7	0.17762167586552935	0.000999000999000999	896
6.4.1	0.038461538461538464	0.000999000999000999	2
2.7.1	0.0011494252873563218	0.000999000999000999	11
