EC	enrich_score	p_val	where
2	0.14919274466812837	0.000999000999000999	4888
2.4	0.2718407151564405	0.000999000999000999	1553
2.4.1	0.19735503560528994	0.000999000999000999	963
