EC	enrich_score	p_val	where
5	0.00430416068866571	0.000999000999000999	4
5.1	0.015873015873015872	0.000999000999000999	4
5.1.1	0.07692307692307693	0.000999000999000999	4
