EC	enrich_score	p_val	where
1	0.47346758782889903	0.000999000999000999	7577
1.14	0.0035226772346983706	0.000999000999000999	33
1.14.13	0.014611872146118721	0.000999000999000999	33
