EC	enrich_score	p_val	where
2	0.001195933824995017	0.000999000999000999	23
2.5	0.020942408376963352	0.000999000999000999	23
2.5.1	0.02197802197802198	0.000999000999000999	23
