EC	enrich_score	p_val	where
2	0.16753039665138528	0.000999000999000999	3889
2.4	0.44453474197480697	0.000999000999000999	2009
2.4.2	0.013215859030837005	0.000999000999000999	3
2.4.1	0.3662258392675483	0.000999000999000999	2009
