EC	enrich_score	p_val	where
3	0.005172413793103448	0.000999000999000999	44
3.1	0.016524787180771158	0.000999000999000999	44
3.1.1	0.04376657824933687	0.000999000999000999	44
