EC	enrich_score	p_val	where
4	0.006834910620399579	0.000999000999000999	44
4.1	0.019469026548672566	0.000999000999000999	13
4.1.1	0.030303030303030304	0.000999000999000999	13
