EC	enrich_score	p_val	where
3	0.0009404388714733542	0.002997002997002997	20
3.4	0.004975124378109453	0.000999000999000999	3
3.4.21	0.008064516129032258	0.000999000999000999	0
3.4.24	0.014705882352941176	0.000999000999000999	2
