EC	enrich_score	p_val	where
2	0.16882599162846323	0.000999000999000999	4385
2.4	0.415684681023974	0.000999000999000999	1951
2.4.1	0.33418107833163785	0.000999000999000999	1951
