EC	enrich_score	p_val	where
2	0.1278652581223839	0.000999000999000999	1571
2.1	0.7109034267912773	0.000999000999000999	1327
2.1.1	0.7308762169680111	0.000999000999000999	1327
