EC	enrich_score	p_val	where
2	0.12168626669324298	0.000999000999000999	1782
2.3	0.4620073140999594	0.000999000999000999	1692
2.3.1	0.43919229004130333	0.000999000999000999	1692
