EC	enrich_score	p_val	where
1	0.009113626341320007	0.000999000999000999	1985
1.14	0.004623513870541612	0.000999000999000999	75
1.14.19	0.012024048096192385	0.000999000999000999	9
