EC	enrich_score	p_val	where
3	0.0032915360501567397	0.000999000999000999	116
3.4	0.022388059701492536	0.000999000999000999	32
3.4.11	0.02702702702702703	0.000999000999000999	7
