EC	enrich_score	p_val	where
1	0.08929883874761135	0.000999000999000999	1941
1.14	0.00022016732716864817	0.014985014985014986	0
1.1	0.005073280721533258	0.000999000999000999	73
1.14.18	0.007692307692307693	0.000999000999000999	0
1.1.1	0.006749156355455568	0.000999000999000999	73
