EC	enrich_score	p_val	where
2	0.09936216862666933	0.000999000999000999	2467
2.3	0.3250711093051605	0.000999000999000999	1499
2.3.1	0.28820559889857733	0.000999000999000999	1274
