EC	enrich_score	p_val	where
3	0.006426332288401254	0.000999000999000999	42
1	0.02484198147875937	0.000999000999000999	2112
3.4	0.03855721393034826	0.000999000999000999	33
3.4.22	0.03508771929824561	0.000999000999000999	3
3.4.21	0.016129032258064516	0.000999000999000999	9
