EC	enrich_score	p_val	where
1	0.01036307511392033	0.000999000999000999	601
1.17	0.009868421052631578	0.000999000999000999	2
1.14	0.00022016732716864817	0.014985014985014986	15
1.17.7	0.23076923076923078	0.000999000999000999	2
