EC	enrich_score	p_val	where
1	0.02851683080993679	0.000999000999000999	2735
1.14	0.004623513870541612	0.000999000999000999	24
1.14.15	0.006802721088435374	0.000999000999000999	1
1.14.14	0.002156721782890007	0.000999000999000999	13
