EC	enrich_score	p_val	where
1	0.025870939291489047	0.000999000999000999	1758
1.14	0.0006605019815059445	0.001998001998001998	7
1.14.-	0.007936507936507936	0.000999000999000999	0
