EC	enrich_score	p_val	where
1	0.0013964427458474202	0.000999000999000999	20
1.3	0.01314878892733564	0.000999000999000999	20
1.3.8	0.034013605442176874	0.000999000999000999	16
