EC	enrich_score	p_val	where
2	0.12168626669324298	0.000999000999000999	2308
2.3	0.4242177976432345	0.000999000999000999	1898
2.3.1	0.3955943093162001	0.000999000999000999	1898
