EC	enrich_score	p_val	where
1	0.4723651330295458	0.000999000999000999	7605
1.1	0.03072153325817362	0.000999000999000999	762
1.1.1	0.03487064116985377	0.000999000999000999	762
