EC	enrich_score	p_val	where
1	0.023445538732911952	0.000999000999000999	2778
1.14	0.00044033465433729633	0.002997002997002997	4
1.14.15	0.003401360544217687	0.000999000999000999	0
