EC	enrich_score	p_val	where
2	0.04006378313733307	0.000999000999000999	959
2.7	0.19769192172604114	0.000999000999000999	959
2.7.1	0.0011494252873563218	0.000999000999000999	1
2.7.2	0.05555555555555555	0.000999000999000999	7
