EC	enrich_score	p_val	where
3	0.0007836990595611285	0.004995004995004995	13
2	0.012357982858281841	0.000999000999000999	2417
3.1	0.0025037556334501754	0.000999000999000999	13
2.5	0.0034904013961605585	0.000999000999000999	20
3.1.1	0.006631299734748011	0.000999000999000999	13
2.5.1	0.003663003663003663	0.000999000999000999	20
