EC	enrich_score	p_val	where
3	0.030721003134796237	0.000999000999000999	578
3.1	0.022033049574361543	0.000999000999000999	250
