EC	enrich_score	p_val	where
1	0.0004409819197412906	0.030969030969030968	9
2	0.011162049033286825	0.000999000999000999	320
1.8	0.017699115044247787	0.000999000999000999	9
2.8	0.1902654867256637	0.000999000999000999	197
1.8.99	0.25	0.000999000999000999	9
2.8.2	0.43386243386243384	0.000999000999000999	197
