EC	enrich_score	p_val	where
1	0.47427605468175804	0.000999000999000999	7609
1.14	0.0035226772346983706	0.000999000999000999	27
1.14.13	0.0073059360730593605	0.000999000999000999	9
