EC	enrich_score	p_val	where
4	0.07833859095688749	0.000999000999000999	400
4.2	0.15392670157068064	0.000999000999000999	400
4.2.3|4	0.018518518518518517	0.000999000999000999	0
4.2.3	0.20955882352941177	0.000999000999000999	400
