EC	enrich_score	p_val	where
1	0.4742025576951345	0.000999000999000999	7623
1.2	0.002881844380403458	0.000999000999000999	7
1.2.1	0.003937007874015748	0.000999000999000999	7
