EC	enrich_score	p_val	where
2	0.08092485549132948	0.000999000999000999	5125
2.4	0.04144656643640796	0.000999000999000999	234
2.4.99	0.15328467153284672	0.000999000999000999	80
