EC	enrich_score	p_val	where
1	0.004336322210789357	0.000999000999000999	446
1.2	0.0009606147934678194	0.000999000999000999	0
1.2.4	0.01694915254237288	0.000999000999000999	0
