EC	enrich_score	p_val	where
1	0.47457004262825225	0.000999000999000999	7616
1.1	0.006482525366403607	0.000999000999000999	58
1.1.1	0.007124109486314211	0.000999000999000999	58
