EC	enrich_score	p_val	where
1	0.4733205938556519	0.000999000999000999	7604
1.1	0.002818489289740699	0.000999000999000999	27
1.1.1	0.0037495313085864268	0.000999000999000999	27
