EC	enrich_score	p_val	where
2	0.0055810245166434125	0.000999000999000999	582
2.4	0.0040633888663145065	0.000999000999000999	14
2.4.1	0.00508646998982706	0.000999000999000999	14
