EC	enrich_score	p_val	where
1	0.043804204027634866	0.000999000999000999	6209
1.1	0.0014092446448703494	0.000999000999000999	64
1.1.99	0.0205761316872428	0.000999000999000999	64
