EC	enrich_score	p_val	where
1	0.0024988975452006467	0.000999000999000999	36
5	0.07317073170731707	0.000999000999000999	368
1.1	0.009582863585118376	0.000999000999000999	36
1.1.9	0.2857142857142857	0.000999000999000999	1
