EC	enrich_score	p_val	where
1	0.015140379244450978	0.000999000999000999	2014
1.13	0.0117096018735363	0.000999000999000999	32
1.13.12	0.010638297872340425	0.000999000999000999	0
