EC	enrich_score	p_val	where
2	0.11500896950368747	0.000999000999000999	6459
2.3	0.22104835432750913	0.000999000999000999	1050
2.3.1	0.18999541073887105	0.000999000999000999	901
