EC	enrich_score	p_val	where
1	0.4728796119359106	0.000999000999000999	7597
1.14	0.00044033465433729633	0.002997002997002997	2
1.1	0.002536640360766629	0.000999000999000999	36
1.14.13	0.0018264840182648401	0.000999000999000999	2
1.1.1	0.003374578177727784	0.000999000999000999	36
