EC	enrich_score	p_val	where
2	0.1190950767390871	0.000999000999000999	2015
2.3	0.4485981308411215	0.000999000999000999	1749
2.3.1	0.42404772831574117	0.000999000999000999	1749
