EC	enrich_score	p_val	where
1	0.028369836836689696	0.000999000999000999	1937
1.14	0.010127697049757816	0.000999000999000999	91
1.14.18	0.015384615384615385	0.000999000999000999	3
1.14.14	0.002875629043853343	0.000999000999000999	54
