EC	enrich_score	p_val	where
3	0.011128526645768026	0.000999000999000999	667
2	0.07962926051425155	0.000999000999000999	5002
3.1	0.00100150225338007	0.000999000999000999	1
3.2	0.012724550898203593	0.000999000999000999	130
3.1.1	0.002652519893899204	0.000999000999000999	1
3.2.1	0.012605042016806723	0.000999000999000999	130
