EC	enrich_score	p_val	where
1	0.47427605468175804	0.000999000999000999	7580
1.14	0.0019815059445178335	0.000999000999000999	89
1.14.13	0.0018264840182648401	0.000999000999000999	4
