EC	enrich_score	p_val	where
1	0.4719241511098045	0.000999000999000999	7545
1.14	0.0028621752531924264	0.000999000999000999	65
1.14.13	0.01004566210045662	0.000999000999000999	12
