EC	enrich_score	p_val	where
1	0.47383507276201675	0.000999000999000999	7591
1.14	0.005063848524878908	0.000999000999000999	194
1.14.13	0.0018264840182648401	0.000999000999000999	1
