EC	enrich_score	p_val	where
3	0.0007836990595611285	0.004995004995004995	9
2	0.01813832967909109	0.000999000999000999	1427
3.5	0.004624277456647399	0.000999000999000999	4
2.3	0.003250711093051605	0.000999000999000999	31
3.5.1	0.003424657534246575	0.000999000999000999	4
2.3.1	0.0027535566773749425	0.000999000999000999	31
