EC	enrich_score	p_val	where
1	0.008378656475084522	0.000999000999000999	906
1.17	0.023026315789473683	0.000999000999000999	7
1.14	0.00044033465433729633	0.002997002997002997	28
1.17.99	0.109375	0.000999000999000999	7
