EC	enrich_score	p_val	where
2	0.12756627466613515	0.000999000999000999	1536
2.1	0.712772585669782	0.000999000999000999	1361
2.1.1	0.7315716272600834	0.000999000999000999	1361
