EC	enrich_score	p_val	where
1	0.05534323092753197	0.000999000999000999	3158
1.14	0.019594892118009688	0.000999000999000999	456
1.14.19	0.11222444889779559	0.000999000999000999	97
