EC	enrich_score	p_val	where
6	0.0007692307692307692	0.004995004995004995	0
3	0.0007836990595611285	0.004995004995004995	26
6.3	0.001937984496124031	0.000999000999000999	0
6.3.2	0.0033444816053511705	0.000999000999000999	0
