EC	enrich_score	p_val	where
1	0.47457004262825225	0.000999000999000999	7596
1.14	0.0008806693086745927	0.000999000999000999	29
1.1	0.0002818489289740699	0.014985014985014986	56
1.14.12	0.030534351145038167	0.000999000999000999	29
