EC	enrich_score	p_val	where
3	0.009561128526645767	0.000999000999000999	229
2	0.04125971696232809	0.000999000999000999	3183
3.2	0.03967065868263473	0.000999000999000999	229
3.2.1	0.041176470588235294	0.000999000999000999	229
