EC	enrich_score	p_val	where
3	0.008307210031347963	0.000999000999000999	66
1	0.02116713214758195	0.000999000999000999	1650
3.4	0.0472636815920398	0.000999000999000999	42
3.4.21	0.16129032258064516	0.000999000999000999	42
