EC	enrich_score	p_val	where
3	0.005799373040752351	0.000999000999000999	273
3.2	0.002245508982035928	0.000999000999000999	18
3.2.2	0.022900763358778626	0.000999000999000999	18
