EC	enrich_score	p_val	where
2	0.16234801674307356	0.000999000999000999	5401
2.4	0.28524989841527837	0.000999000999000999	1498
2.4.1	0.22075279755849442	0.000999000999000999	929
