EC	enrich_score	p_val	where
1	0.47229163604292224	0.000999000999000999	7557
1.6	0.2857142857142857	0.000999000999000999	69
1.6.5	0.3776223776223776	0.000999000999000999	69
