EC	enrich_score	p_val	where
4	0.0005257623554153522	0.01998001998001998	0
3	0.015517241379310345	0.000999000999000999	504
4.2	0.0010471204188481676	0.000999000999000999	0
3.1	0.023535302954431646	0.000999000999000999	353
4.2.3	0.003676470588235294	0.000999000999000999	0
3.1.3	0.013461538461538462	0.000999000999000999	47
