EC	enrich_score	p_val	where
5	0.0014347202295552368	0.000999000999000999	0
1	0.000514478906364839	0.01998001998001998	85
5.4	0.006756756756756757	0.000999000999000999	0
1.13	0.00234192037470726	0.000999000999000999	2
5.4.4	0.05	0.000999000999000999	0
1.13.11	0.0034482758620689655	0.000999000999000999	2
