EC	enrich_score	p_val	where
1	0.001543436719094517	0.000999000999000999	666
