EC	enrich_score	p_val	where
3	0.04310344827586207	0.000999000999000999	606
3.4	0.06592039800995025	0.000999000999000999	103
3.4.11	0.10810810810810811	0.000999000999000999	25
