EC	enrich_score	p_val	where
2	0.08331672314131951	0.000999000999000999	1138
2.1	0.4093457943925234	0.000999000999000999	1137
2.1.1	0.40681502086230875	0.000999000999000999	1137
