EC	enrich_score	p_val	where
2	0.1599561490930835	0.000999000999000999	4758
2.4	0.2503047541649736	0.000999000999000999	1660
2.4.1	0.20600203458799593	0.000999000999000999	1006
