EC	enrich_score	p_val	where
3	0.005015673981191223	0.000999000999000999	152
2	0.09986047438708391	0.000999000999000999	4964
3.2	0.023952095808383235	0.000999000999000999	152
2.4	0.10646078829744006	0.000999000999000999	1817
3.2.1	0.025210084033613446	0.000999000999000999	152
2.4.1	0.03153611393692777	0.000999000999000999	613
