EC	enrich_score	p_val	where
2	0.002491528802072952	0.000999000999000999	32
4	0.05625657202944269	0.000999000999000999	417
2.5	0.04363001745200698	0.000999000999000999	32
4.2	0.1099476439790576	0.000999000999000999	417
2.5.1|2	0.037037037037037035	0.000999000999000999	0
2.5.1	0.038461538461538464	0.000999000999000999	32
4.2.3	0.06985294117647059	0.000999000999000999	415
