EC	enrich_score	p_val	where
4	0.0010515247108307045	0.000999000999000999	1
3	0.015203761755485894	0.000999000999000999	1415
4.1	0.0035398230088495575	0.000999000999000999	1
4.1.2	0.008547008547008548	0.000999000999000999	0
