EC	enrich_score	p_val	where
1	0.0008819638394825813	0.002997002997002997	41
1.1	0.002818489289740699	0.000999000999000999	41
1.1.5	0.01904761904761905	0.000999000999000999	1
