EC	enrich_score	p_val	where
1	0.4744230486550051	0.000999000999000999	7614
1.14	0.0019815059445178335	0.000999000999000999	43
1.14.13	0.0027397260273972603	0.000999000999000999	3
