EC	enrich_score	p_val	where
1	0.0327796560341026	0.000999000999000999	2171
1.14	0.028621752531924262	0.000999000999000999	601
1.14.99	0.00847457627118644	0.000999000999000999	2
1.14.14	0.002875629043853343	0.000999000999000999	26
