EC	enrich_score	p_val	where
3	0.0493730407523511	0.000999000999000999	2091
3.2	0.09131736526946108	0.000999000999000999	439
3.2.1	0.09243697478991597	0.000999000999000999	439
