EC	enrich_score	p_val	where
3	0.0007836990595611285	0.004995004995004995	6
2	0.059497707793502094	0.000999000999000999	3811
2.3	0.0004063388866314506	0.002997002997002997	0
3.2	0.0007485029940119761	0.001998001998001998	4
2.3.2	0.005747126436781609	0.000999000999000999	0
3.2.1	0.0008403361344537816	0.000999000999000999	4
