EC	enrich_score	p_val	where
2	0.039864460833167234	0.000999000999000999	696
2.7	0.2002007024586051	0.000999000999000999	659
2.7.1	0.2908045977011494	0.000999000999000999	408
