EC	enrich_score	p_val	where
1	0.47412906070851096	0.000999000999000999	7597
1.14	0.0008806693086745927	0.000999000999000999	15
1.14.13	0.0009132420091324201	0.000999000999000999	0
