EC	enrich_score	p_val	where
7	0.00909090909090909	0.000999000999000999	5
1	0.022122592973688078	0.000999000999000999	878
1.10	0.006802721088435374	0.000999000999000999	0
7.1	0.03571428571428571	0.000999000999000999	5
1.10.3	0.009259259259259259	0.000999000999000999	0
7.1.1	0.037037037037037035	0.000999000999000999	5
