EC	enrich_score	p_val	where
1	0.47457004262825225	0.000999000999000999	7602
1.14	0.003963011889035667	0.000999000999000999	86
1.14.13	0.006392694063926941	0.000999000999000999	21
