EC	enrich_score	p_val	where
1	0.001837424665588711	0.000999000999000999	42
2	0.12258321706198924	0.000999000999000999	5993
1.2	0.0009606147934678194	0.000999000999000999	1
1.1	0.0002818489289740699	0.014985014985014986	5
1.2.1	0.0013123359580052493	0.000999000999000999	1
1.1.1	0.0003749531308586427	0.013986013986013986	5
