EC	enrich_score	p_val	where
3	0.0014106583072100312	0.000999000999000999	10
3.1	0.0035052578868302454	0.000999000999000999	10
3.1.1	0.009283819628647215	0.000999000999000999	10
