EC	enrich_score	p_val	where
2	0.0018935618895754435	0.000999000999000999	68
1	0.008378656475084522	0.000999000999000999	448
1.2	0.004803073967339097	0.000999000999000999	5
2.3	0.0077204388459975615	0.000999000999000999	68
1.2.1	0.006561679790026247	0.000999000999000999	5
2.3.1	0.008719596145020651	0.000999000999000999	68
