EC	enrich_score	p_val	where
3	0.007053291536050157	0.000999000999000999	93
3.2	0.027694610778443114	0.000999000999000999	79
3.2.1	0.029411764705882353	0.000999000999000999	79
