EC	enrich_score	p_val	where
1	0.008378656475084522	0.000999000999000999	146
1.17	0.13157894736842105	0.000999000999000999	43
1.17.4	0.5194805194805194	0.000999000999000999	43
