EC	enrich_score	p_val	where
1	0.47214464206967516	0.000999000999000999	7602
1.1	0.0014092446448703494	0.000999000999000999	10
1.1.1	0.0011248593925759281	0.000999000999000999	10
