EC	enrich_score	p_val	where
1	0.4733205938556519	0.000999000999000999	7575
1.1	0.03720405862457723	0.000999000999000999	744
1.1.1	0.04349456317960255	0.000999000999000999	744
