EC	enrich_score	p_val	where
2	0.07962926051425155	0.000999000999000999	1107
2.1	0.394392523364486	0.000999000999000999	1021
2.1.1	0.39707927677329624	0.000999000999000999	1021
