EC	enrich_score	p_val	where
2	0.002890173410404624	0.000999000999000999	58
1	0.008599147434955167	0.000999000999000999	436
2.3	0.011783827712312069	0.000999000999000999	58
2.3.1	0.01330885727397889	0.000999000999000999	58
