EC	enrich_score	p_val	where
1	0.017124797883286785	0.000999000999000999	2924
1.13	0.0117096018735363	0.000999000999000999	10
1.13.11	0.017241379310344827	0.000999000999000999	10
