EC	enrich_score	p_val	where
3	0.0007836990595611285	0.004995004995004995	4
5	0.1449067431850789	0.000999000999000999	309
3.8	0.06329113924050633	0.000999000999000999	4
5.1	0.164021164021164	0.000999000999000999	309
3.8.1	0.06493506493506493	0.000999000999000999	4
