EC	enrich_score	p_val	where
2	0.0014949172812437712	0.000999000999000999	56
1	0.030280758488901955	0.000999000999000999	938
1.2	0.0009606147934678194	0.000999000999000999	1
2.3	0.006095083299471759	0.000999000999000999	56
1.2.1	0.0013123359580052493	0.000999000999000999	1
2.3.1	0.006883891693437357	0.000999000999000999	56
