EC	enrich_score	p_val	where
1	0.47383507276201675	0.000999000999000999	7601
1.14	0.001100836635843241	0.000999000999000999	5
1.3	0.01453287197231834	0.000999000999000999	56
1.14.13	0.0009132420091324201	0.000999000999000999	1
1.14.14	0.002156721782890007	0.000999000999000999	5
1.3.1	0.023415977961432508	0.000999000999000999	56
