EC	enrich_score	p_val	where
2	0.0882001195933825	0.000999000999000999	5217
2.4	0.02641202763104429	0.000999000999000999	865
2.4.1	0.003051881993896236	0.000999000999000999	6
