EC	enrich_score	p_val	where
2	0.0008969503687462627	0.002997002997002997	14
2.5	0.015706806282722512	0.000999000999000999	14
2.5.1	0.01282051282051282	0.000999000999000999	14
