EC	enrich_score	p_val	where
5	0.15494978479196556	0.000999000999000999	300
5.1	0.21164021164021163	0.000999000999000999	300
5.1.3	0.010101010101010102	0.000999000999000999	15
