EC	enrich_score	p_val	where
1	0.001690430692341614	0.000999000999000999	259
1.8	0.0029498525073746312	0.000999000999000999	10
1.8.3	0.04	0.000999000999000999	10
