EC	enrich_score	p_val	where
5	0.0014347202295552368	0.000999000999000999	0
1	0.022049095987064532	0.000999000999000999	1310
5.3	0.004761904761904762	0.000999000999000999	0
1.1	0.0016910935738444193	0.000999000999000999	13
1.14	0.011228533685601057	0.000999000999000999	595
5.3.1	0.011494252873563218	0.000999000999000999	0
