EC	enrich_score	p_val	where
3	0.0028213166144200625	0.000999000999000999	24
2	0.05371736097269284	0.000999000999000999	2150
3.1	0.009013520280420632	0.000999000999000999	24
2.3	0.11661926046322633	0.000999000999000999	782
3.1.2	0.08256880733944955	0.000999000999000999	24
2.3.1	0.11106011932078935	0.000999000999000999	620
