EC	enrich_score	p_val	where
2	0.0029898345624875425	0.000999000999000999	144
2.7	0.014049172102358254	0.000999000999000999	144
2.7.4	0.020689655172413793	0.000999000999000999	3
2.7.1	0.0011494252873563218	0.000999000999000999	8
