EC	enrich_score	p_val	where
2	0.12447677895156468	0.000999000999000999	2099
2.3	0.4510361641609102	0.000999000999000999	1787
2.3.1	0.42909591555759524	0.000999000999000999	1760
