EC	enrich_score	p_val	where
2	0.09049232609128961	0.000999000999000999	1199
2.1	0.45669781931464176	0.000999000999000999	1133
2.1.1	0.4624478442280946	0.000999000999000999	1133
