EC	enrich_score	p_val	where
2	0.12637034084114013	0.000999000999000999	1550
2.1	0.7152647975077882	0.000999000999000999	1358
2.1.1	0.7343532684283728	0.000999000999000999	1358
