EC	enrich_score	p_val	where
2	0.04335260115606936	0.000999000999000999	2305
2.3	0.04144656643640796	0.000999000999000999	395
2.3.1	0.031206975676916018	0.000999000999000999	395
