EC	enrich_score	p_val	where
2	0.00259118995415587	0.000999000999000999	50
3	0.0006269592476489029	0.01098901098901099	382
2.4	0.010158472165786265	0.000999000999000999	35
2.4.2	0.11013215859030837	0.000999000999000999	35
