EC	enrich_score	p_val	where
1	0.053211818315449064	0.000999000999000999	2941
1.14	0.003742844561867019	0.000999000999000999	16
1.14.21	0.10344827586206896	0.000999000999000999	2
1.14.19	0.018036072144288578	0.000999000999000999	16
