EC	enrich_score	p_val	where
2	0.0016942395854096072	0.000999000999000999	20
2.6	0.04197530864197531	0.000999000999000999	20
2.6.1	0.040214477211796246	0.000999000999000999	20
