EC	enrich_score	p_val	where
1	0.01550786417756872	0.000999000999000999	1086
1.14	0.018494055482166448	0.000999000999000999	295
1.14.11|1	0.25806451612903225	0.000999000999000999	21
1.14.11	0.042704626334519574	0.000999000999000999	56
