EC	enrich_score	p_val	where
2	0.003687462627067969	0.000999000999000999	48
2.5	0.059336823734729496	0.000999000999000999	33
2.5.1|2	0.037037037037037035	0.000999000999000999	0
2.5.1	0.04395604395604396	0.000999000999000999	33
