EC	enrich_score	p_val	where
2	0.08939605341837752	0.000999000999000999	5764
2.3	0.05201137748882568	0.000999000999000999	212
2.3.1	0.04772831574116567	0.000999000999000999	212
