EC	enrich_score	p_val	where
2	0.1278652581223839	0.000999000999000999	1645
2.1	0.7090342679127726	0.000999000999000999	1333
2.1.1	0.7273991655076495	0.000999000999000999	1333
