EC	enrich_score	p_val	where
2	0.015945784333266894	0.000999000999000999	890
2.5	0.02268760907504363	0.000999000999000999	16
2.5.1	0.020146520146520148	0.000999000999000999	16
