EC	enrich_score	p_val	where
4	0.002103049421661409	0.000999000999000999	17
3	0.0004702194357366771	0.030969030969030968	27
4.3	0.017391304347826087	0.000999000999000999	5
4.3.1	0.029411764705882353	0.000999000999000999	5
