EC	enrich_score	p_val	where
2	0.0030894957145704604	0.000999000999000999	121
2.3	0.009345794392523364	0.000999000999000999	48
2.3.1	0.010555300596603947	0.000999000999000999	48
