EC	enrich_score	p_val	where
1	0.47170366014993387	0.000999000999000999	7592
1.14	0.0017613386173491853	0.000999000999000999	13
1.1	0.005918827508455468	0.000999000999000999	224
1.14.13|1	0.02857142857142857	0.000999000999000999	0
1.14.-	0.007936507936507936	0.000999000999000999	7
1.1.1	0.0026246719160104987	0.000999000999000999	201
