EC	enrich_score	p_val	where
6	0.26461538461538464	0.000999000999000999	615
2	0.1547737691847718	0.000999000999000999	7976
6.2	0.3470225872689938	0.000999000999000999	330
6.2.1|6	0.0625	0.000999000999000999	0
6.2.1	0.31385281385281383	0.000999000999000999	231
