EC	enrich_score	p_val	where
2	0.1693242973888778	0.000999000999000999	4531
2.4	0.42381145875660303	0.000999000999000999	1957
2.4.1	0.3453713123092574	0.000999000999000999	1957
