EC	enrich_score	p_val	where
1	0.0329266500073497	0.000999000999000999	2452
1.14	0.00022016732716864817	0.014985014985014986	29
1.7	0.004464285714285714	0.000999000999000999	40
1.14.99	0.002824858757062147	0.000999000999000999	29
1.7.3	0.037037037037037035	0.000999000999000999	40
