EC	enrich_score	p_val	where
1	0.47457004262825225	0.000999000999000999	7599
1.14	0.0059445178335535	0.000999000999000999	53
1.14.12|1	0.09090909090909091	0.000999000999000999	0
1.14.12	0.12213740458015267	0.000999000999000999	28
