EC	enrich_score	p_val	where
2	0.1356388279848515	0.000999000999000999	6767
2.4	0.1982933766761479	0.000999000999000999	1025
2.4.1	0.15615462868769076	0.000999000999000999	628
