EC	enrich_score	p_val	where
4	0.0005257623554153522	0.01998001998001998	2
1	0.0008819638394825813	0.002997002997002997	54
1	0.1111111111111111	0.000999000999000999	0
1	0.1111111111111111	0.000999000999000999	0
