EC	enrich_score	p_val	where
4	0.0015772870662460567	0.000999000999000999	2
2	0.0018935618895754435	0.000999000999000999	115
4.2	0.0031413612565445027	0.000999000999000999	2
4.2.1	0.005474452554744526	0.000999000999000999	2
