EC	enrich_score	p_val	where
2	0.12188558899740881	0.000999000999000999	1742
2.3	0.46403900853311664	0.000999000999000999	1660
2.3.1	0.4414869206057825	0.000999000999000999	1660
