EC	enrich_score	p_val	where
3	0.0028213166144200625	0.000999000999000999	27
3.2	0.01347305389221557	0.000999000999000999	27
3.2.1	0.015126050420168067	0.000999000999000999	27
