EC	enrich_score	p_val	where
2	0.11092286226828782	0.000999000999000999	4753
2.7	0.007526342197691922	0.000999000999000999	24
2.7.8	0.03939393939393939	0.000999000999000999	22
