EC	enrich_score	p_val	where
1	0.47383507276201675	0.000999000999000999	7609
1.14	0.015852047556142668	0.000999000999000999	311
1.14.14	0.0014378145219266715	0.000999000999000999	1
1.14.13	0.005479452054794521	0.000999000999000999	79
