EC	enrich_score	p_val	where
3	0.005642633228840125	0.000999000999000999	148
2	0.0540163444289416	0.000999000999000999	4494
3.2	0.0187125748502994	0.000999000999000999	57
3.2.1	0.015966386554621848	0.000999000999000999	57
