EC	enrich_score	p_val	where
1	0.020285168308099368	0.000999000999000999	3068
1.13	0.12177985948477751	0.000999000999000999	79
1.13.11	0.15172413793103448	0.000999000999000999	79
