EC	enrich_score	p_val	where
2	0.07125772373928643	0.000999000999000999	6728
2.7	0.039136979427997994	0.000999000999000999	264
2.7.1	0.0034482758620689655	0.000999000999000999	3
