EC	enrich_score	p_val	where
1	0.4737615757753932	0.000999000999000999	7619
1.1	0.058624577226606536	0.000999000999000999	386
1.1.1	0.0712410948631421	0.000999000999000999	280
