EC	enrich_score	p_val	where
1	0.47310010289578125	0.000999000999000999	7608
1.1	0.07638105975197294	0.000999000999000999	755
1.1.1	0.0896137982752156	0.000999000999000999	726
