EC	enrich_score	p_val	where
1	0.4747905335881229	0.000999000999000999	7593
1.14	0.00022016732716864817	0.014985014985014986	3
1.14.12|1	0.09090909090909091	0.000999000999000999	3
