EC	enrich_score	p_val	where
3	0.0018808777429467085	0.000999000999000999	13
3.4	0.014925373134328358	0.000999000999000999	13
3.4	0.2	0.000999000999000999	0
