EC	enrich_score	p_val	where
2	0.02760613912696831	0.000999000999000999	2628
2.3	0.022348638764729784	0.000999000999000999	170
2.3.1	0.023405231757687012	0.000999000999000999	170
