EC	enrich_score	p_val	where
2	0.00039864460833167234	0.04695304695304695	21
2.2	0.05357142857142857	0.000999000999000999	9
2.2.1	0.05357142857142857	0.000999000999000999	9
