EC	enrich_score	p_val	where
1	0.0031603704248125827	0.000999000999000999	78
1.21	0.05263157894736842	0.000999000999000999	6
1.21.99	0.16666666666666666	0.000999000999000999	6
