EC	enrich_score	p_val	where
1	0.4736880787887697	0.000999000999000999	7627
1.1	0.0552423900789177	0.000999000999000999	395
1.1.1	0.06711661042369704	0.000999000999000999	385
