EC	enrich_score	p_val	where
3	0.0004702194357366771	0.030969030969030968	4
1	0.0008084668528590327	0.003996003996003996	1432
3.4	0.0037313432835820895	0.000999000999000999	4
3.4.11	0.006756756756756757	0.000999000999000999	0
