EC	enrich_score	p_val	where
2	0.09099063185170421	0.000999000999000999	3861
2.3	0.08086143843965868	0.000999000999000999	640
2.3.1	0.05920146856356127	0.000999000999000999	342
