EC	enrich_score	p_val	where
3	0.06316614420062695	0.000999000999000999	1319
3.4	0.10199004975124377	0.000999000999000999	133
3.4.22	0.05263157894736842	0.000999000999000999	2
3.4.14	0.21951219512195122	0.000999000999000999	17
