EC	enrich_score	p_val	where
4	0.010515247108307046	0.000999000999000999	29
1	0.018080258709392914	0.000999000999000999	2425
4.1	0.033628318584070796	0.000999000999000999	25
4.1.1	0.06397306397306397	0.000999000999000999	25
