EC	enrich_score	p_val	where
1	0.2797295310892253	0.000999000999000999	7498
1.3	0.05674740484429066	0.000999000999000999	186
1.3.1	0.09917355371900827	0.000999000999000999	186
