EC	enrich_score	p_val	where
3	0.003761755485893417	0.000999000999000999	42
3.5	0.021965317919075144	0.000999000999000999	19
3.5.1	0.032534246575342464	0.000999000999000999	19
