EC	enrich_score	p_val	where
3	0.0017241379310344827	0.000999000999000999	10
3.1	0.005508262393590386	0.000999000999000999	10
3.1.1	0.013262599469496022	0.000999000999000999	9
