EC	enrich_score	p_val	where
3	0.013009404388714733	0.000999000999000999	157
3.2	0.04715568862275449	0.000999000999000999	157
3.2.1	0.04789915966386555	0.000999000999000999	157
