EC	enrich_score	p_val	where
2	0.040163444289415984	0.000999000999000999	1383
2.7	0.18013045659809332	0.000999000999000999	1383
2.7.2	0.037037037037037035	0.000999000999000999	2
2.7.1	0.05517241379310345	0.000999000999000999	668
