EC	enrich_score	p_val	where
1	0.0019844186388358076	0.000999000999000999	29
1.3	0.018685121107266434	0.000999000999000999	29
1.3.8	0.08843537414965986	0.000999000999000999	29
