EC	enrich_score	p_val	where
4	0.010515247108307046	0.000999000999000999	32
1	0.024254005585770982	0.000999000999000999	2555
4.1	0.035398230088495575	0.000999000999000999	32
4.1.1	0.06734006734006734	0.000999000999000999	32
