EC	enrich_score	p_val	where
1	0.011392032926650007	0.000999000999000999	622
1.10	0.013605442176870748	0.000999000999000999	3
1.10.3	0.018518518518518517	0.000999000999000999	3
