EC	enrich_score	p_val	where
3	0.02523510971786834	0.000999000999000999	757
2	0.026808849910304963	0.000999000999000999	4045
2.4	0.002438033319788704	0.000999000999000999	9
3.2	0.04790419161676647	0.000999000999000999	495
2.4.1	0.002034587995930824	0.000999000999000999	9
3.2.1	0.047058823529411764	0.000999000999000999	495
