EC	enrich_score	p_val	where
2	0.1284632250348814	0.000999000999000999	1583
2.1	0.7096573208722742	0.000999000999000999	1334
2.1.1	0.7280945757997218	0.000999000999000999	1334
