EC	enrich_score	p_val	where
2	0.17390871038469205	0.000999000999000999	3611
2.4	0.49167005282405524	0.000999000999000999	2005
2.4.1	0.42268565615462866	0.000999000999000999	2004
