EC	enrich_score	p_val	where
2	0.008471197927048037	0.000999000999000999	406
2.8	0.01991150442477876	0.000999000999000999	12
2.8.1	0.0743801652892562	0.000999000999000999	12
