EC	enrich_score	p_val	where
2	0.0007972892166633447	0.003996003996003996	49
2.5	0.0034904013961605585	0.000999000999000999	1
2.5.1|2	0.037037037037037035	0.000999000999000999	0
