EC	enrich_score	p_val	where
3	0.007210031347962382	0.000999000999000999	261
3.2	0.025449101796407185	0.000999000999000999	68
3.2.1	0.025210084033613446	0.000999000999000999	68
