EC	enrich_score	p_val	where
2	0.07335060793302771	0.000999000999000999	7748
2.7	0.025589563472152535	0.000999000999000999	349
2.7.1	0.014942528735632184	0.000999000999000999	14
