EC	enrich_score	p_val	where
5	0.0014347202295552368	0.000999000999000999	4
1	0.000514478906364839	0.01998001998001998	45
1.3	0.0006920415224913495	0.001998001998001998	0
5.3	0.004761904761904762	0.000999000999000999	4
1.3.1	0.0013774104683195593	0.000999000999000999	0
5.3.3	0.012987012987012988	0.000999000999000999	4
