EC	enrich_score	p_val	where
2	0.12527406816822803	0.000999000999000999	1481
2.1	0.7140186915887851	0.000999000999000999	1346
2.1.1	0.7329624478442281	0.000999000999000999	1346
