EC	enrich_score	p_val	where
4	0.0005257623554153522	0.01998001998001998	19
1	0.00036748493311774215	0.04695304695304695	36
4.3	0.008695652173913044	0.000999000999000999	19
1.14	0.00044033465433729633	0.002997002997002997	23
4.3.2	0.0625	0.000999000999000999	19
1.14.19	0.002004008016032064	0.000999000999000999	22
