EC	enrich_score	p_val	where
2	0.014849511660354794	0.000999000999000999	1371
2.3	0.016253555465258026	0.000999000999000999	47
2.3.1	0.018357044515832952	0.000999000999000999	47
