EC	enrich_score	p_val	where
1	0.4736145818021461	0.000999000999000999	7599
1.3	0.008304498269896194	0.000999000999000999	24
1.1	0.013528748590755355	0.000999000999000999	547
1.3.1	0.01652892561983471	0.000999000999000999	24
1.1.1	0.008248968878890138	0.000999000999000999	547
