EC	enrich_score	p_val	where
2	0.0014949172812437712	0.000999000999000999	135
3	0.0065830721003134795	0.000999000999000999	741
2.5	0.0017452006980802793	0.000999000999000999	0
2.5.1	0.0018315018315018315	0.000999000999000999	0
