EC	enrich_score	p_val	where
6	0.036923076923076927	0.000999000999000999	64
2	0.09099063185170421	0.000999000999000999	8199
6.1	0.1477832512315271	0.000999000999000999	30
6.1.1	0.16042780748663102	0.000999000999000999	30
