EC	enrich_score	p_val	where
1	0.013376451565485815	0.000999000999000999	271
1.1	0.0008455467869222097	0.000999000999000999	2
1.3	0.001384083044982699	0.000999000999000999	12
1.1.5	0.02857142857142857	0.000999000999000999	2
