EC	enrich_score	p_val	where
2	0.14191748056607534	0.000999000999000999	5974
2.4	0.21535960991466882	0.000999000999000999	1425
2.4.99	0.15328467153284672	0.000999000999000999	23
2.4.1	0.1363173957273652	0.000999000999000999	954
