EC	enrich_score	p_val	where
1	0.0352050565926797	0.000999000999000999	2115
1.14	0.041831792162043156	0.000999000999000999	431
1.14.19	0.1743486973947896	0.000999000999000999	244
