EC	enrich_score	p_val	where
2	0.0021925453458241976	0.000999000999000999	29
2.6	0.05432098765432099	0.000999000999000999	29
2.6.1	0.04825737265415549	0.000999000999000999	29
