EC	enrich_score	p_val	where
3	0.03134796238244514	0.000999000999000999	878
3.1	0.03355032548823235	0.000999000999000999	580
3.1.4	0.008849557522123894	0.000999000999000999	2
3.1.1	0.001326259946949602	0.000999000999000999	9
