EC	enrich_score	p_val	where
2	0.076639425951764	0.000999000999000999	5220
2.7	0.010035122930255895	0.000999000999000999	44
2.7.8	0.021212121212121213	0.000999000999000999	9
