EC	enrich_score	p_val	where
2	0.0005979669124975084	0.013986013986013986	5
3	0.013479623824451411	0.000999000999000999	219
2.3	0.002438033319788704	0.000999000999000999	5
3.1	0.0385578367551327	0.000999000999000999	207
2.3.1	0.0027535566773749425	0.000999000999000999	5
3.1.1	0.06763925729442971	0.000999000999000999	146
