EC	enrich_score	p_val	where
1	0.028884315743054535	0.000999000999000999	1057
1.14	0.048436811977102597	0.000999000999000999	488
1.14.14	0.013659237958303379	0.000999000999000999	75
