EC	enrich_score	p_val	where
2	0.09996013553916683	0.000999000999000999	5465
2.4	0.11621292157659488	0.000999000999000999	803
2.4.1	0.0595116988809766	0.000999000999000999	508
