EC	enrich_score	p_val	where
1	0.0163898280170513	0.000999000999000999	1731
1.13	0.0234192037470726	0.000999000999000999	9
1.13.11	0.020689655172413793	0.000999000999000999	7
