EC	enrich_score	p_val	where
1	0.05269733940908423	0.000999000999000999	5055
1.14	0.0006605019815059445	0.001998001998001998	50
1.1	0.0005636978579481398	0.002997002997002997	63
1.14.14	0.002156721782890007	0.000999000999000999	50
1.1.99	0.00823045267489712	0.000999000999000999	63
