EC	enrich_score	p_val	where
1	0.04284874320152874	0.000999000999000999	3491
1.1	0.0014092446448703494	0.000999000999000999	62
1.14	0.010127697049757816	0.000999000999000999	1404
1.1.99	0.0205761316872428	0.000999000999000999	62
