EC	enrich_score	p_val	where
1	0.47310010289578125	0.000999000999000999	7587
1.14	0.005724350506384853	0.000999000999000999	39
1.14.13	0.02009132420091324	0.000999000999000999	39
