EC	enrich_score	p_val	where
2	0.0044847518437313135	0.000999000999000999	224
2.1	0.016822429906542057	0.000999000999000999	54
2.1.1	0.011821974965229486	0.000999000999000999	18
