EC	enrich_score	p_val	where
3	0.01974921630094044	0.000999000999000999	255
3.2	0.05538922155688623	0.000999000999000999	253
3.2.1	0.06050420168067227	0.000999000999000999	253
