EC	enrich_score	p_val	where
1	0.005659267970013229	0.000999000999000999	513
1.14	0.0028621752531924264	0.000999000999000999	42
1.14.20	0.018518518518518517	0.000999000999000999	0
1.14.11	0.021352313167259787	0.000999000999000999	32
