EC	enrich_score	p_val	where
3	0.0012539184952978057	0.000999000999000999	16
3.1	0.00200300450676014	0.000999000999000999	16
3.1.1	0.002652519893899204	0.000999000999000999	1
