EC	enrich_score	p_val	where
3	0.01833855799373041	0.000999000999000999	389
2	0.08740283037671916	0.000999000999000999	5243
3.2	0.07110778443113773	0.000999000999000999	312
3.2.1	0.07478991596638655	0.000999000999000999	312
