EC	enrich_score	p_val	where
2	0.045445485349810646	0.000999000999000999	4446
2.7	0.13196186653286504	0.000999000999000999	715
2.7.1	0.08735632183908046	0.000999000999000999	486
