EC	enrich_score	p_val	where
3	0.0007836990595611285	0.004995004995004995	6
2	0.05242176599561491	0.000999000999000999	3508
3.1	0.0015022533800701052	0.000999000999000999	3
2.4	0.001219016659894352	0.000999000999000999	61
3.1.1	0.003978779840848806	0.000999000999000999	3
