EC	enrich_score	p_val	where
4	0.0010515247108307045	0.000999000999000999	1
1	0.04314273114802293	0.000999000999000999	3118
4.1	0.0035398230088495575	0.000999000999000999	1
1.1	0.0005636978579481398	0.002997002997002997	8
1.14	0.02025539409951563	0.000999000999000999	476
4.1.99	0.02631578947368421	0.000999000999000999	1
1.14.19	0.04408817635270541	0.000999000999000999	249
