EC	enrich_score	p_val	where
1	0.11281787446714685	0.000999000999000999	2461
1.1	0.006764374295377677	0.000999000999000999	89
1.1.1	0.008998875140607425	0.000999000999000999	89
