EC	enrich_score	p_val	where
2	0.0035878014749850507	0.000999000999000999	52
1	0.010730560047038071	0.000999000999000999	495
2.3	0.014628199918732222	0.000999000999000999	52
2.3.1	0.016521340064249657	0.000999000999000999	52
