EC	enrich_score	p_val	where
2	0.17380904923260912	0.000999000999000999	3624
2.4	0.49573344169036976	0.000999000999000999	2115
2.4.1	0.4211597151576806	0.000999000999000999	2115
