EC	enrich_score	p_val	where
2	0.17101853697428743	0.000999000999000999	3677
2.4	0.4741974806989029	0.000999000999000999	2064
2.4.1	0.40132248219735506	0.000999000999000999	2064
