EC	enrich_score	p_val	where
1	0.023372041746288402	0.000999000999000999	2721
1.2	0.0009606147934678194	0.000999000999000999	53
1.1	0.0002818489289740699	0.014985014985014986	64
1.14	0.03302509907529723	0.000999000999000999	461
1.2.99	0.038461538461538464	0.000999000999000999	53
1.1.99	0.00411522633744856	0.000999000999000999	64
