EC	enrich_score	p_val	where
4	0.002103049421661409	0.000999000999000999	3
4.1	0.007079646017699115	0.000999000999000999	3
4.1.2	0.03418803418803419	0.000999000999000999	3
