EC	enrich_score	p_val	where
5	0.03730272596843615	0.000999000999000999	29
1	0.013229457592238718	0.000999000999000999	1566
5.3	0.12380952380952381	0.000999000999000999	29
1.14	0.002201673271686482	0.000999000999000999	292
5.3.3|5	0.5	0.000999000999000999	1
5.3.3	0.2597402597402597	0.000999000999000999	29
