EC	enrich_score	p_val	where
4	0.002103049421661409	0.000999000999000999	3
3	0.0028213166144200625	0.000999000999000999	127
2	0.003986446083316724	0.000999000999000999	770
4.2	0.004188481675392671	0.000999000999000999	3
3.2	0.006736526946107785	0.000999000999000999	59
4.2.2	0.08333333333333333	0.000999000999000999	3
3.2.1	0.007563025210084034	0.000999000999000999	59
