EC	enrich_score	p_val	where
1	0.0013964427458474202	0.000999000999000999	336
1.1	0.002254791431792559	0.000999000999000999	12
1.1.3	0.032432432432432434	0.000999000999000999	12
