EC	enrich_score	p_val	where
4	0.08622502628811778	0.000999000999000999	452
4.2	0.16963350785340314	0.000999000999000999	452
4.2.3	0.2610294117647059	0.000999000999000999	321
