EC	enrich_score	p_val	where
1	0.004850801117154197	0.000999000999000999	414
1.14	0.0048436811977102595	0.000999000999000999	106
1.14.18	0.038461538461538464	0.000999000999000999	4
1.14.-	0.007936507936507936	0.000999000999000999	13
