EC	enrich_score	p_val	where
4	0.0010515247108307045	0.000999000999000999	3
2	0.005282041060394658	0.000999000999000999	1499
4.1	0.0035398230088495575	0.000999000999000999	3
4.1.99	0.02631578947368421	0.000999000999000999	3
