EC	enrich_score	p_val	where
2	0.1719154873430337	0.000999000999000999	4034
2.4	0.4270621698496546	0.000999000999000999	2386
2.4.1|2	0.02586206896551724	0.000999000999000999	8
2.4.1	0.3285859613428281	0.000999000999000999	1827
