EC	enrich_score	p_val	where
2	0.17380904923260912	0.000999000999000999	3288
2.4	0.49329540837058106	0.000999000999000999	2190
2.4.1	0.41149542217700913	0.000999000999000999	1853
