EC	enrich_score	p_val	where
1	0.016095840070557105	0.000999000999000999	1181
1.14	0.03346543372963452	0.000999000999000999	211
1.14.19	0.1623246492985972	0.000999000999000999	194
