EC	enrich_score	p_val	where
1	0.47346758782889903	0.000999000999000999	7594
1.2	0.009606147934678195	0.000999000999000999	47
1.2.1	0.013123359580052493	0.000999000999000999	47
