EC	enrich_score	p_val	where
1	0.47427605468175804	0.000999000999000999	7602
1.5	0.0058309037900874635	0.000999000999000999	9
1.1	0.002254791431792559	0.000999000999000999	381
1.5.1	0.006756756756756757	0.000999000999000999	6
