EC	enrich_score	p_val	where
2	0.0015945784333266893	0.000999000999000999	18
2.6	0.0345679012345679	0.000999000999000999	13
2.6.1	0.032171581769437	0.000999000999000999	13
