EC	enrich_score	p_val	where
1	0.0022784065853300017	0.000999000999000999	95
1.1	0.001972942502818489	0.000999000999000999	78
1.1.2	0.046153846153846156	0.000999000999000999	6
