EC	enrich_score	p_val	where
2	0.1427147697827387	0.000999000999000999	6467
2.4	0.19910605444941082	0.000999000999000999	854
2.4.1	0.16734486266531026	0.000999000999000999	755
