EC	enrich_score	p_val	where
1	0.4744230486550051	0.000999000999000999	7589
1.1	0.0036640360766629085	0.000999000999000999	165
1.1.1	0.0018747656542932134	0.000999000999000999	17
