EC	enrich_score	p_val	where
1	0.35499044539173896	0.000999000999000999	7663
1.1	0.007328072153325817	0.000999000999000999	42
1.1.1	0.008998875140607425	0.000999000999000999	42
