EC	enrich_score	p_val	where
1	0.007276201675731295	0.000999000999000999	199
1.14	0.019594892118009688	0.000999000999000999	130
1.14.11	0.2846975088967972	0.000999000999000999	114
