EC	enrich_score	p_val	where
3	0.0017241379310344827	0.000999000999000999	198
3.1	0.000500751126690035	0.002997002997002997	0
3.1.1|3	0.04	0.000999000999000999	0
