EC	enrich_score	p_val	where
3	0.010815047021943573	0.000999000999000999	308
3.4	0.004975124378109453	0.000999000999000999	134
