EC	enrich_score	p_val	where
1	0.4739085697486403	0.000999000999000999	7640
1.1	0.037485907553551294	0.000999000999000999	669
1.1.1	0.04311961004874391	0.000999000999000999	669
