EC	enrich_score	p_val	where
3	0.0006269592476489029	0.01098901098901099	7
6	0.043076923076923075	0.000999000999000999	328
2	0.044747857285230216	0.000999000999000999	3542
3.6	0.003952569169960474	0.000999000999000999	7
2.7	0.07425990968389362	0.000999000999000999	1663
3.6.1	0.008298755186721992	0.000999000999000999	4
