EC	enrich_score	p_val	where
1	0.04314273114802293	0.000999000999000999	3952
1.17	0.01644736842105263	0.000999000999000999	5
1.3	0.002768166089965398	0.000999000999000999	64
1.17.99	0.078125	0.000999000999000999	5
1.3.99	0.004975124378109453	0.000999000999000999	20
