EC	enrich_score	p_val	where
1	0.002204909598706453	0.000999000999000999	123
1.14	0.0008806693086745927	0.000999000999000999	3
1.14.13	0.0018264840182648401	0.000999000999000999	1
