EC	enrich_score	p_val	where
3	0.022727272727272728	0.000999000999000999	433
3.4	0.014925373134328358	0.000999000999000999	111
3.4.11	0.033783783783783786	0.000999000999000999	10
