EC	enrich_score	p_val	where
1	0.4705277083639571	0.000999000999000999	7536
1.1	0.018038331454340473	0.000999000999000999	143
1.1.1	0.021747281589801274	0.000999000999000999	143
