EC	enrich_score	p_val	where
3	0.006112852664576803	0.000999000999000999	686
3.2	0.009730538922155689	0.000999000999000999	23
3.2.1	0.010924369747899159	0.000999000999000999	23
