EC	enrich_score	p_val	where
1	0.013670439511980008	0.000999000999000999	229
1.14	0.03786878027300748	0.000999000999000999	225
1.14.19	0.14228456913827656	0.000999000999000999	171
