EC	enrich_score	p_val	where
1	0.4694987505512274	0.000999000999000999	7535
1.2	0.0009606147934678194	0.000999000999000999	0
1.1	0.0002818489289740699	0.014985014985014986	2
1.2.1	0.0013123359580052493	0.000999000999000999	0
1.1.1	0.0003749531308586427	0.013986013986013986	2
