EC	enrich_score	p_val	where
1	0.0024254005585770985	0.000999000999000999	132
5	0.03443328550932568	0.000999000999000999	429
1.21	0.031578947368421054	0.000999000999000999	3
1.21.99	0.1	0.000999000999000999	3
