EC	enrich_score	p_val	where
1	0.007570189622225489	0.000999000999000999	144
1.3	0.008996539792387544	0.000999000999000999	36
1.3.5	0.06382978723404255	0.000999000999000999	7
