EC	enrich_score	p_val	where
3	0.00219435736677116	0.000999000999000999	91
3.1	0.004506760140210316	0.000999000999000999	10
3.1.1	0.009283819628647215	0.000999000999000999	8
