EC	enrich_score	p_val	where
3	0.02962382445141066	0.000999000999000999	778
2	0.04315327885190353	0.000999000999000999	4972
3.2	0.03817365269461078	0.000999000999000999	185
3.2.1	0.03949579831932773	0.000999000999000999	185
