EC	enrich_score	p_val	where
2	0.06906517839346223	0.000999000999000999	8068
2.7	0.09282488710486704	0.000999000999000999	497
2.7.1	0.0367816091954023	0.000999000999000999	137
