EC	enrich_score	p_val	where
1	0.003674849331177422	0.000999000999000999	643
1.14	0.0015411712901805372	0.000999000999000999	7
1.14.14	0.0050323508267433505	0.000999000999000999	7
