EC	enrich_score	p_val	where
1	0.0024988975452006467	0.000999000999000999	376
1.13	0.01405152224824356	0.000999000999000999	7
1.1	0.0005636978579481398	0.002997002997002997	16
1.13.12	0.06382978723404255	0.000999000999000999	7
