EC	enrich_score	p_val	where
2	0.12716763005780346	0.000999000999000999	1526
2.1	0.7109034267912773	0.000999000999000999	1350
2.1.1	0.7294853963838664	0.000999000999000999	1350
