EC	enrich_score	p_val	where
2	0.08222045046840741	0.000999000999000999	1060
2.1	0.43613707165109034	0.000999000999000999	955
2.1.1	0.44089012517385257	0.000999000999000999	955
