EC	enrich_score	p_val	where
2	0.08949571457046043	0.000999000999000999	1152
2.1	0.45919003115264795	0.000999000999000999	1149
2.1.1	0.46383866481223923	0.000999000999000999	1149
