EC	enrich_score	p_val	where
2	0.08610723539964121	0.000999000999000999	4113
2.4	0.001219016659894352	0.000999000999000999	2
2.4.2	0.004405286343612335	0.000999000999000999	0
