EC	enrich_score	p_val	where
1	0.47398206673526383	0.000999000999000999	7590
1.1	0.0033821871476888386	0.000999000999000999	15
1.1.1	0.0037495313085864268	0.000999000999000999	15
