EC	enrich_score	p_val	where
3	0.0004702194357366771	0.030969030969030968	2
3.1	0.0015022533800701052	0.000999000999000999	2
3.1.3	0.0057692307692307696	0.000999000999000999	2
