EC	enrich_score	p_val	where
1	0.47302660590915774	0.000999000999000999	7603
1.1	0.05129650507328072	0.000999000999000999	633
1.1.1	0.0614923134608174	0.000999000999000999	520
