EC	enrich_score	p_val	where
2	0.001295594977077935	0.000999000999000999	16
3	0.018025078369905956	0.000999000999000999	594
2.7	0.0055193176116407425	0.000999000999000999	16
3.1	0.04006009013520281	0.000999000999000999	589
2.7.1|2	0.11764705882352941	0.000999000999000999	1
2.7.1	0.008045977011494253	0.000999000999000999	16
