EC	enrich_score	p_val	where
1	0.21284727326179625	0.000999000999000999	4217
1.1	0.035231116121758735	0.000999000999000999	151
1.1.1	0.04161979752530934	0.000999000999000999	151
