EC	enrich_score	p_val	where
3	0.01896551724137931	0.000999000999000999	387
3.5	0.0023121387283236996	0.000999000999000999	1
3.4	0.0012437810945273632	0.000999000999000999	7
3.5.1	0.003424657534246575	0.000999000999000999	1
