EC	enrich_score	p_val	where
2	0.09697030097667929	0.000999000999000999	2258
2.3	0.3315725314912637	0.000999000999000999	1747
2.3.1	0.30289123451124367	0.000999000999000999	1747
