EC	enrich_score	p_val	where
2	0.0027905122583217062	0.000999000999000999	73
2.1	0.014330218068535825	0.000999000999000999	61
2.1.2	0.12307692307692308	0.000999000999000999	13
