EC	enrich_score	p_val	where
3	0.0020376175548589342	0.000999000999000999	28
3.4	0.0024875621890547263	0.000999000999000999	1
3.5	0.0011560693641618498	0.000999000999000999	4
3.4.99	1.0	0.000999000999000999	1
3.5.1	0.0017123287671232876	0.000999000999000999	4
