EC	enrich_score	p_val	where
2	0.05301973290811242	0.000999000999000999	8394
2.7	0.0963371801304566	0.000999000999000999	379
2.7.4	0.027586206896551724	0.000999000999000999	10
2.7.1	0.04367816091954023	0.000999000999000999	144
