EC	enrich_score	p_val	where
1	0.000514478906364839	0.01998001998001998	8
1.1	0.0016910935738444193	0.000999000999000999	5
1.1.3	0.010810810810810811	0.000999000999000999	1
