EC	enrich_score	p_val	where
5	0.007173601147776184	0.000999000999000999	13
2	0.0007972892166633447	0.003996003996003996	135
5.5	0.0380952380952381	0.000999000999000999	10
2.5	0.0034904013961605585	0.000999000999000999	58
5.5.1	0.0392156862745098	0.000999000999000999	10
