EC	enrich_score	p_val	where
3	0.03808777429467085	0.000999000999000999	848
3.2	0.06437125748502993	0.000999000999000999	346
3.2.1	0.06386554621848739	0.000999000999000999	346
