EC	enrich_score	p_val	where
2	0.0032888180187362966	0.000999000999000999	81
2.6	0.08148148148148149	0.000999000999000999	81
2.6.1	0.0777479892761394	0.000999000999000999	81
