EC	enrich_score	p_val	where
4	0.11409043112513144	0.000999000999000999	375
4.2	0.225130890052356	0.000999000999000999	375
4.2.3|4	0.05555555555555555	0.000999000999000999	9
4.2.3	0.4485294117647059	0.000999000999000999	342
