EC	enrich_score	p_val	where
1	0.46788181684550934	0.000999000999000999	7791
1.1	0.0011273957158962795	0.000999000999000999	5
1.14	0.001100836635843241	0.000999000999000999	31
1.1.1	0.0014998125234345708	0.000999000999000999	5
