EC	enrich_score	p_val	where
1	0.002866382478318389	0.000999000999000999	68
1.14	0.005284015852047556	0.000999000999000999	35
1.14.99	0.03954802259887006	0.000999000999000999	18
