EC	enrich_score	p_val	where
1	0.01749228281640453	0.000999000999000999	1878
1.14	0.0006605019815059445	0.001998001998001998	3
1.1	0.0005636978579481398	0.002997002997002997	28
1.14.14	0.002156721782890007	0.000999000999000999	3
1.1.99	0.00823045267489712	0.000999000999000999	28
