EC	enrich_score	p_val	where
1	0.016316331030427754	0.000999000999000999	3376
1.14	0.001321003963011889	0.000999000999000999	6
1.14.14	0.002156721782890007	0.000999000999000999	2
