EC	enrich_score	p_val	where
1	0.12193150080846685	0.000999000999000999	2393
1.5	0.008746355685131196	0.000999000999000999	2
1.5.1	0.02027027027027027	0.000999000999000999	2
