EC	enrich_score	p_val	where
1	0.47155666617668673	0.000999000999000999	7651
1.6	0.29523809523809524	0.000999000999000999	71
1.6.5	0.3916083916083916	0.000999000999000999	71
