EC	enrich_score	p_val	where
1	0.009628105247684845	0.000999000999000999	1313
1.14	0.00044033465433729633	0.002997002997002997	2
1.14.-	0.015873015873015872	0.000999000999000999	2
