EC	enrich_score	p_val	where
3	0.011755485893416929	0.000999000999000999	522
3.1	0.000500751126690035	0.002997002997002997	0
3.4	0.004975124378109453	0.000999000999000999	13
3.1.1	0.001326259946949602	0.000999000999000999	0
