EC	enrich_score	p_val	where
2	0.11929439904325294	0.000999000999000999	1849
2.3	0.452661519707436	0.000999000999000999	1678
2.3.3	0.3617021276595745	0.000999000999000999	21
2.3.1	0.4300137677833869	0.000999000999000999	1677
