EC	enrich_score	p_val	where
1	0.2256357489342937	0.000999000999000999	4722
1.3	0.01245674740484429	0.000999000999000999	42
1.3.1	0.024793388429752067	0.000999000999000999	42
