EC	enrich_score	p_val	where
2	0.1250747458640622	0.000999000999000999	2104
2.3	0.44900446972775293	0.000999000999000999	1838
2.3.1	0.42542450665442866	0.000999000999000999	1838
