EC	enrich_score	p_val	where
1	0.0017639276789651625	0.000999000999000999	59
1.13	0.0468384074941452	0.000999000999000999	59
1.13.11	0.06896551724137931	0.000999000999000999	59
