EC	enrich_score	p_val	where
2	0.0015945784333266893	0.000999000999000999	27
2.3	0.0036570499796830555	0.000999000999000999	9
2.3.2	0.05172413793103448	0.000999000999000999	9
