EC	enrich_score	p_val	where
2	0.002292206497907116	0.000999000999000999	91
2.6	0.056790123456790124	0.000999000999000999	91
2.6.1|2	0.14285714285714285	0.000999000999000999	1
2.6.1	0.03485254691689008	0.000999000999000999	25
