EC	enrich_score	p_val	where
4	0.007886435331230283	0.000999000999000999	24
1	0.019403204468616788	0.000999000999000999	2166
4.1	0.02654867256637168	0.000999000999000999	24
4.1.1	0.050505050505050504	0.000999000999000999	24
