EC	enrich_score	p_val	where
1	0.0017639276789651625	0.000999000999000999	116
