EC	enrich_score	p_val	where
2	0.0004983057604145904	0.01998001998001998	30
2.7	0.0005017561465127947	0.002997002997002997	0
2.7.8	0.0030303030303030303	0.000999000999000999	0
