EC	enrich_score	p_val	where
3	0.004858934169278997	0.000999000999000999	83
2	0.001295594977077935	0.000999000999000999	347
3.1	0.009013520280420632	0.000999000999000999	27
3.1.3	0.0019230769230769232	0.000999000999000999	0
3.1.1	0.007957559681697613	0.000999000999000999	27
