EC	enrich_score	p_val	where
1	0.020432162281346464	0.000999000999000999	1895
1.13	0.04215456674473068	0.000999000999000999	20
1.13.11	0.06206896551724138	0.000999000999000999	20
