EC	enrich_score	p_val	where
1	0.4736145818021461	0.000999000999000999	7609
1.14	0.00044033465433729633	0.002997002997002997	1
1.3	0.004152249134948097	0.000999000999000999	20
1.14.13	0.0009132420091324201	0.000999000999000999	0
1.3.1	0.008264462809917356	0.000999000999000999	20
