EC	enrich_score	p_val	where
6	0.02	0.000999000999000999	78
2	0.041160055810245164	0.000999000999000999	947
6.4	0.034482758620689655	0.000999000999000999	1
6.3	0.027131782945736434	0.000999000999000999	49
2.7	0.2032112393376819	0.000999000999000999	947
6.4.1	0.038461538461538464	0.000999000999000999	1
6.3.2	0.026755852842809364	0.000999000999000999	49
