EC	enrich_score	p_val	where
3	0.034796238244514104	0.000999000999000999	515
3.5	0.016184971098265895	0.000999000999000999	79
3.5.1	0.02054794520547945	0.000999000999000999	35
