EC	enrich_score	p_val	where
1	0.4740555637218874	0.000999000999000999	7609
1.1	0.02818489289740699	0.000999000999000999	444
1.1.1	0.020247469066366704	0.000999000999000999	444
