EC	enrich_score	p_val	where
3	0.022727272727272728	0.000999000999000999	247
3.2	0.07709580838323353	0.000999000999000999	168
3.2.1	0.08487394957983194	0.000999000999000999	168
