EC	enrich_score	p_val	where
1	0.0017639276789651625	0.000999000999000999	56
5	0.09182209469153516	0.000999000999000999	358
1.8	0.011799410029498525	0.000999000999000999	5
1.8.3	0.04	0.000999000999000999	0
