EC	enrich_score	p_val	where
1	0.4728796119359106	0.000999000999000999	7610
1.1	0.004227733934611048	0.000999000999000999	133
1.1.1	0.004124484439445069	0.000999000999000999	133
