EC	enrich_score	p_val	where
2	0.0008969503687462627	0.002997002997002997	24
2.6	0.012345679012345678	0.000999000999000999	24
2.6.1	0.013404825737265416	0.000999000999000999	24
