EC	enrich_score	p_val	where
1	0.16941055416727915	0.000999000999000999	3664
1.2	0.10566762728146013	0.000999000999000999	141
1.2.1	0.14435695538057744	0.000999000999000999	141
