EC	enrich_score	p_val	where
1	0.0047038071439071	0.000999000999000999	902
1.17	0.006578947368421052	0.000999000999000999	1
1.14	0.0048436811977102595	0.000999000999000999	122
1.17.99	0.03125	0.000999000999000999	1
