EC	enrich_score	p_val	where
1	0.47398206673526383	0.000999000999000999	7606
1.14	0.00044033465433729633	0.002997002997002997	1
1.1	0.002254791431792559	0.000999000999000999	15
1.14.13	0.0018264840182648401	0.000999000999000999	1
1.1.1	0.0029996250468691415	0.000999000999000999	15
