EC	enrich_score	p_val	where
1	0.47457004262825225	0.000999000999000999	7602
1.14	0.00044033465433729633	0.002997002997002997	29
1.1	0.0008455467869222097	0.000999000999000999	130
1.14.12	0.015267175572519083	0.000999000999000999	29
1.1.1	0.0003749531308586427	0.013986013986013986	130
