EC	enrich_score	p_val	where
3	0.003918495297805642	0.000999000999000999	29
3.4	0.03109452736318408	0.000999000999000999	29
3.4.11	0.006756756756756757	0.000999000999000999	5
3.4.21	0.008064516129032258	0.000999000999000999	9
