EC	enrich_score	p_val	where
2	0.04106039465816225	0.000999000999000999	783
2.7	0.20572002007024587	0.000999000999000999	783
2.7.1	0.2735632183908046	0.000999000999000999	392
