EC	enrich_score	p_val	where
1	0.002057915625459356	0.000999000999000999	75
1.3	0.01522491349480969	0.000999000999000999	42
1.3.8	0.09523809523809523	0.000999000999000999	28
