EC	enrich_score	p_val	where
2	0.10942794498704406	0.000999000999000999	4726
2.7	0.014049172102358254	0.000999000999000999	74
2.7.8	0.06666666666666667	0.000999000999000999	35
