EC	enrich_score	p_val	where
4	0.0005257623554153522	0.01998001998001998	3
1	0.003233867411436131	0.000999000999000999	385
1.13	0.00234192037470726	0.000999000999000999	1
1.14	0.0006605019815059445	0.001998001998001998	11
1.13.12	0.010638297872340425	0.000999000999000999	1
1.14.15	0.006802721088435374	0.000999000999000999	8
