EC	enrich_score	p_val	where
2	0.1041459039266494	0.000999000999000999	4122
2.4	0.003250711093051605	0.000999000999000999	24
2.4.1	0.002034587995930824	0.000999000999000999	22
