EC	enrich_score	p_val	where
4	0.008937960042060988	0.000999000999000999	16
4.4	0.10828025477707007	0.000999000999000999	16
4.4.1	0.10897435897435898	0.000999000999000999	16
