EC	enrich_score	p_val	where
1	0.4744965456416287	0.000999000999000999	7594
1.1	0.02677564825253664	0.000999000999000999	346
1.1.1	0.024371953505811773	0.000999000999000999	346
