EC	enrich_score	p_val	where
3	0.02006269592476489	0.000999000999000999	1421
3.1	0.04356534802203305	0.000999000999000999	345
3.1.3|3	0.02857142857142857	0.000999000999000999	0
3.1.3	0.021153846153846155	0.000999000999000999	21
