EC	enrich_score	p_val	where
1	0.0008084668528590327	0.003996003996003996	87
1.1	0.0002818489289740699	0.014985014985014986	56
1.1.99	0.00411522633744856	0.000999000999000999	56
