EC	enrich_score	p_val	where
1	0.02065265324121711	0.000999000999000999	1488
1.14	0.00044033465433729633	0.002997002997002997	11
