EC	enrich_score	p_val	where
1	0.004042334264295164	0.000999000999000999	354
1.13	0.0234192037470726	0.000999000999000999	34
1.13.11	0.02413793103448276	0.000999000999000999	9
