EC	enrich_score	p_val	where
2	0.001195933824995017	0.000999000999000999	22
2.8	0.01991150442477876	0.000999000999000999	10
2.8.3	0.08653846153846154	0.000999000999000999	10
