EC	enrich_score	p_val	where
2	0.04933227028104445	0.000999000999000999	2843
2.3	0.05729378301503454	0.000999000999000999	305
2.3.1	0.046810463515374025	0.000999000999000999	191
