EC	enrich_score	p_val	where
1	0.29722181390562985	0.000999000999000999	6497
1.3	0.001384083044982699	0.000999000999000999	1
1.14	0.0017613386173491853	0.000999000999000999	25
1.3.1	0.0027548209366391185	0.000999000999000999	1
1.14.13	0.0036529680365296802	0.000999000999000999	23
