EC	enrich_score	p_val	where
4	0.0031545741324921135	0.000999000999000999	5
2	0.005880007972892167	0.000999000999000999	541
4.2	0.004188481675392671	0.000999000999000999	3
4.2.1	0.0036496350364963502	0.000999000999000999	3
