EC	enrich_score	p_val	where
2	0.030994618297787522	0.000999000999000999	2040
2.3	0.03169443315725315	0.000999000999000999	198
2.3.3	0.02127659574468085	0.000999000999000999	1
2.3.1	0.029371271225332722	0.000999000999000999	171
