EC	enrich_score	p_val	where
3	0.02006269592476489	0.000999000999000999	762
3.1	0.022533800701051578	0.000999000999000999	258
3.1.1	0.04376657824933687	0.000999000999000999	44
