EC	enrich_score	p_val	where
1	0.03410260179332647	0.000999000999000999	1423
1.14	0.06252752091589608	0.000999000999000999	557
1.14.15	0.01020408163265306	0.000999000999000999	2
1.14.14	0.009345794392523364	0.000999000999000999	54
