EC	enrich_score	p_val	where
1	0.015140379244450978	0.000999000999000999	3987
1.14	0.0030823425803610744	0.000999000999000999	41
1.14.19	0.012024048096192385	0.000999000999000999	8
