EC	enrich_score	p_val	where
1	0.12435690136704396	0.000999000999000999	2576
1.1	0.0016910935738444193	0.000999000999000999	32
1.2	0.09029779058597502	0.000999000999000999	174
1.1.1	0.0022497187851518562	0.000999000999000999	32
1.2.1	0.12335958005249344	0.000999000999000999	174
