EC	enrich_score	p_val	where
2	0.03757225433526012	0.000999000999000999	2243
2.7	0.14601103863522327	0.000999000999000999	1065
2.7.10	0.3333333333333333	0.000999000999000999	1
