EC	enrich_score	p_val	where
1	0.47398206673526383	0.000999000999000999	7579
1.1	0.039177001127395715	0.000999000999000999	699
1.1.1|1	0.005714285714285714	0.000999000999000999	1
1.1.1	0.03787026621672291	0.000999000999000999	699
