EC	enrich_score	p_val	where
1	0.03851242099073938	0.000999000999000999	5918
1.7	0.008928571428571428	0.000999000999000999	32
1.7.3	0.07407407407407407	0.000999000999000999	32
