EC	enrich_score	p_val	where
2	0.17221447079928243	0.000999000999000999	3811
2.4	0.5087362860625761	0.000999000999000999	2003
2.4.1	0.44150559511698884	0.000999000999000999	2003
