EC	enrich_score	p_val	where
1	0.47185065412318095	0.000999000999000999	7571
1.1	0.032130777903043965	0.000999000999000999	263
1.1.1	0.0359955005624297	0.000999000999000999	182
