EC	enrich_score	p_val	where
6	0.0015384615384615385	0.000999000999000999	10
2	0.07305162447677895	0.000999000999000999	9117
2.5	0.0017452006980802793	0.000999000999000999	3
2.7	0.014049172102358254	0.000999000999000999	223
2.5.1	0.0018315018315018315	0.000999000999000999	3
2.7.7	0.05421686746987952	0.000999000999000999	69
