EC	enrich_score	p_val	where
1	0.026826400117595177	0.000999000999000999	877
1.14	0.047335975341259356	0.000999000999000999	466
1.14.14	0.010064701653486701	0.000999000999000999	72
