EC	enrich_score	p_val	where
2	0.0066772971895555115	0.000999000999000999	708
2.7	0.004014049172102358	0.000999000999000999	12
2.7.1	0.005747126436781609	0.000999000999000999	6
