EC	enrich_score	p_val	where
1	0.0026458915184477435	0.000999000999000999	186
1.14	0.0019815059445178335	0.000999000999000999	31
1.14.14	0.002156721782890007	0.000999000999000999	3
