EC	enrich_score	p_val	where
1	0.13258856386888138	0.000999000999000999	2642
1.14	0.0035226772346983706	0.000999000999000999	49
1.14.14	0.0007189072609633358	0.000999000999000999	0
