EC	enrich_score	p_val	where
1	0.47655446126708806	0.000999000999000999	7709
1.5	0.0058309037900874635	0.000999000999000999	1
1.14	0.00044033465433729633	0.002997002997002997	5
1.5.1	0.013513513513513514	0.000999000999000999	1
1.14.99	0.005649717514124294	0.000999000999000999	5
