EC	enrich_score	p_val	where
1	0.05776863148610907	0.000999000999000999	3794
1.14	0.031704095112285335	0.000999000999000999	528
1.14.19	0.18637274549098196	0.000999000999000999	215
