EC	enrich_score	p_val	where
1	0.4742025576951345	0.000999000999000999	7582
1.14	0.0008806693086745927	0.000999000999000999	17
1.14.12	0.007633587786259542	0.000999000999000999	5
1.14.13	0.0009132420091324201	0.000999000999000999	9
