EC	enrich_score	p_val	where
1	0.0004409819197412906	0.030969030969030968	141
2	0.022722742674905323	0.000999000999000999	1770
2.3	0.008533116619260463	0.000999000999000999	55
2.3.1	0.009637448370812299	0.000999000999000999	55
