EC	enrich_score	p_val	where
2	0.09986047438708391	0.000999000999000999	1266
2.1	0.5233644859813084	0.000999000999000999	1209
2.1.1	0.5326842837273992	0.000999000999000999	1209
