EC	enrich_score	p_val	where
1	0.000514478906364839	0.01998001998001998	6
2	0.0008969503687462627	0.002997002997002997	317
1.3	0.004844290657439446	0.000999000999000999	6
1.3.7	0.05952380952380952	0.000999000999000999	4
