EC	enrich_score	p_val	where
1	0.0013229457592238718	0.000999000999000999	22
5	0.08608321377331421	0.000999000999000999	363
1.14	0.0033025099075297227	0.000999000999000999	17
1.14.15	0.023809523809523808	0.000999000999000999	7
