EC	enrich_score	p_val	where
1	0.4742025576951345	0.000999000999000999	7601
1.1	0.030439684329199548	0.000999000999000999	527
1.1.1	0.01799775028121485	0.000999000999000999	405
