EC	enrich_score	p_val	where
3	0.0007836990595611285	0.004995004995004995	4
1	0.0019109216522122593	0.000999000999000999	149
3.1	0.0025037556334501754	0.000999000999000999	4
1.1	0.0005636978579481398	0.002997002997002997	89
3.1.1	0.003978779840848806	0.000999000999000999	4
