EC	enrich_score	p_val	where
2	0.10613912696830775	0.000999000999000999	1283
2.1	0.5825545171339563	0.000999000999000999	1148
2.1.1	0.588317107093185	0.000999000999000999	1147
