EC	enrich_score	p_val	where
2	0.08192146701215866	0.000999000999000999	2855
2.3	0.16009752133279154	0.000999000999000999	1541
2.3.1	0.1385956860945388	0.000999000999000999	1541
