EC	enrich_score	p_val	where
4	0.0005257623554153522	0.01998001998001998	0
1	0.021240629134205498	0.000999000999000999	2156
4.5	0.07142857142857142	0.000999000999000999	0
4.5.1|4	0.3333333333333333	0.000999000999000999	0
