EC	enrich_score	p_val	where
2	0.16952361969304366	0.000999000999000999	3439
2.4	0.4831369362047948	0.000999000999000999	1978
2.4.1	0.40488301119023395	0.000999000999000999	1763
