EC	enrich_score	p_val	where
6	0.055384615384615386	0.000999000999000999	151
2	0.11152082918078533	0.000999000999000999	7724
6.3	0.06201550387596899	0.000999000999000999	40
6.3.2	0.0802675585284281	0.000999000999000999	33
