EC	enrich_score	p_val	where
3	0.001567398119122257	0.000999000999000999	13
3.5	0.009248554913294798	0.000999000999000999	7
3.5.1	0.0136986301369863	0.000999000999000999	7
