EC	enrich_score	p_val	where
1	0.4732470968690284	0.000999000999000999	7600
1.1	0.011273957158962795	0.000999000999000999	141
1.1.1	0.013498312710911136	0.000999000999000999	141
