EC	enrich_score	p_val	where
2	0.17271277655969702	0.000999000999000999	3935
2.4	0.44941080861438437	0.000999000999000999	1848
2.4.1|2	0.008620689655172414	0.000999000999000999	1
2.4.1	0.37741607324516785	0.000999000999000999	1848
