EC	enrich_score	p_val	where
2	0.1312537372932031	0.000999000999000999	4293
2.7	0.007024586051179127	0.000999000999000999	37
2.7.7	0.04216867469879518	0.000999000999000999	37
