EC	enrich_score	p_val	where
1	0.4743495516683816	0.000999000999000999	7590
1.1	0.0008455467869222097	0.000999000999000999	7
1.1.1	0.0011248593925759281	0.000999000999000999	7
