EC	enrich_score	p_val	where
1	0.31802146112009405	0.000999000999000999	8493
1.3	0.01245674740484429	0.000999000999000999	95
1.3.1	0.023415977961432508	0.000999000999000999	94
