EC	enrich_score	p_val	where
2	0.041658361570659753	0.000999000999000999	2953
2.7	0.2012042147516307	0.000999000999000999	682
2.7.1	0.2689655172413793	0.000999000999000999	427
