EC	enrich_score	p_val	where
3	0.010815047021943573	0.000999000999000999	394
3.1	0.0025037556334501754	0.000999000999000999	25
