EC	enrich_score	p_val	where
1	0.00374834631780097	0.000999000999000999	175
1.1	0.010146561443066516	0.000999000999000999	75
1.1.99	0.037037037037037035	0.000999000999000999	15
