EC	enrich_score	p_val	where
1	0.47457004262825225	0.000999000999000999	7599
1.1	0.009301014656144307	0.000999000999000999	97
1.1.1	0.010873640794900637	0.000999000999000999	88
