EC	enrich_score	p_val	where
1	0.4740555637218874	0.000999000999000999	7582
1.3	0.0034602076124567475	0.000999000999000999	5
1.3.1	0.006887052341597796	0.000999000999000999	5
