EC	enrich_score	p_val	where
1	0.0017639276789651625	0.000999000999000999	50
1.14	0.005284015852047556	0.000999000999000999	50
1.14.11	0.03558718861209965	0.000999000999000999	17
