EC	enrich_score	p_val	where
5	0.10760401721664276	0.000999000999000999	354
5.1	0.015873015873015872	0.000999000999000999	354
