EC	enrich_score	p_val	where
1	0.006908716742613553	0.000999000999000999	504
1.14	0.0055041831792162045	0.000999000999000999	34
1.14.14	0.006470165348670022	0.000999000999000999	29
