EC	enrich_score	p_val	where
1	0.023813023666029692	0.000999000999000999	2428
1.14	0.004623513870541612	0.000999000999000999	63
1.14.14	0.002875629043853343	0.000999000999000999	9
