EC	enrich_score	p_val	where
3	0.006426332288401254	0.000999000999000999	117
3.1	0.009514271407110666	0.000999000999000999	117
3.1.3	0.0019230769230769232	0.000999000999000999	1
3.1.1	0.007957559681697613	0.000999000999000999	83
