EC	enrich_score	p_val	where
2	0.0013952561291608531	0.000999000999000999	21
5	0.13199426111908177	0.000999000999000999	319
2.1	0.005607476635514018	0.000999000999000999	8
5.1	0.1164021164021164	0.000999000999000999	319
2.1.1	0.006258692628650904	0.000999000999000999	8
