EC	enrich_score	p_val	where
1	0.4742025576951345	0.000999000999000999	7621
1.1	0.05045095828635851	0.000999000999000999	406
1.1.1	0.05586801649793776	0.000999000999000999	406
