EC	enrich_score	p_val	where
4	0.006309148264984227	0.000999000999000999	23
1	0.009187123327943554	0.000999000999000999	2741
4.3	0.09565217391304348	0.000999000999000999	15
4.3.1	0.16176470588235295	0.000999000999000999	15
