EC	enrich_score	p_val	where
1	0.47427605468175804	0.000999000999000999	7615
1.1	0.0002818489289740699	0.014985014985014986	0
1.14	0.0019815059445178335	0.000999000999000999	29
1.1.1|1	0.005714285714285714	0.000999000999000999	0
1.14.12	0.04580152671755725	0.000999000999000999	20
