EC	enrich_score	p_val	where
2	0.04285429539565477	0.000999000999000999	705
2.7	0.21475163070747616	0.000999000999000999	705
2.7.1	0.27816091954022987	0.000999000999000999	447
