EC	enrich_score	p_val	where
2	0.04255531193940602	0.000999000999000999	1810
2.7	0.19016557952834923	0.000999000999000999	716
2.7.1	0.2264367816091954	0.000999000999000999	423
