EC	enrich_score	p_val	where
1	0.02440099955901808	0.000999000999000999	3849
1.14	0.0019815059445178335	0.000999000999000999	36
1.14.14	0.004313443565780014	0.000999000999000999	15
