EC	enrich_score	p_val	where
1	0.4740555637218874	0.000999000999000999	7624
1.1	0.0014092446448703494	0.000999000999000999	27
1.1.1|1	0.005714285714285714	0.000999000999000999	9
1.1.1	0.0011248593925759281	0.000999000999000999	27
