EC	enrich_score	p_val	where
1	0.001028957812729678	0.000999000999000999	20
5	0.11047345767575323	0.000999000999000999	341
1.14	0.002201673271686482	0.000999000999000999	11
5.1	0.026455026455026454	0.000999000999000999	341
1.14.15	0.017006802721088437	0.000999000999000999	9
