EC	enrich_score	p_val	where
3	0.023981191222570534	0.000999000999000999	1315
3.2	0.03592814371257485	0.000999000999000999	149
3.2.1	0.03361344537815126	0.000999000999000999	51
