EC	enrich_score	p_val	where
5	0.00430416068866571	0.000999000999000999	2
3	0.010658307210031349	0.000999000999000999	767
5.5	0.02857142857142857	0.000999000999000999	2
5.5.1	0.029411764705882353	0.000999000999000999	2
