EC	enrich_score	p_val	where
1	0.4727326179626635	0.000999000999000999	7599
1.14	0.001321003963011889	0.000999000999000999	14
1.14.-	0.015873015873015872	0.000999000999000999	6
