EC	enrich_score	p_val	where
5	0.018651362984218076	0.000999000999000999	23
5.3	0.06190476190476191	0.000999000999000999	23
5.3.1	0.14942528735632185	0.000999000999000999	23
