EC	enrich_score	p_val	where
1	0.0423342642951639	0.000999000999000999	2818
1.13	0.0117096018735363	0.000999000999000999	47
1.13.11	0.010344827586206896	0.000999000999000999	47
