EC	enrich_score	p_val	where
1	0.021975599000440982	0.000999000999000999	1704
1.13	0.06791569086651054	0.000999000999000999	33
1.13.11	0.08620689655172414	0.000999000999000999	33
