EC	enrich_score	p_val	where
1	0.015581361164192268	0.000999000999000999	725
1.1	0.0031003382187147687	0.000999000999000999	10
1.1.5	0.0380952380952381	0.000999000999000999	5
