EC	enrich_score	p_val	where
3	0.0006269592476489029	0.01098901098901099	3
2	0.08919673111421168	0.000999000999000999	4944
3.6	0.003952569169960474	0.000999000999000999	3
2.7	0.009031610637230306	0.000999000999000999	50
3.6.1	0.016597510373443983	0.000999000999000999	3
2.7.8	0.012121212121212121	0.000999000999000999	19
