EC	enrich_score	p_val	where
4	0.0015772870662460567	0.000999000999000999	6
3	0.04764890282131661	0.000999000999000999	1817
4.2	0.0031413612565445027	0.000999000999000999	6
3.2	0.0658682634730539	0.000999000999000999	648
4.2.2	0.0625	0.000999000999000999	6
3.2.1	0.06638655462184874	0.000999000999000999	300
