EC	enrich_score	p_val	where
1	0.47457004262825225	0.000999000999000999	7594
1.14	0.0015411712901805372	0.000999000999000999	11
1.14.13	0.0018264840182648401	0.000999000999000999	9
