EC	enrich_score	p_val	where
2	0.00039864460833167234	0.04695304695304695	33
3	0.011912225705329153	0.000999000999000999	864
2.7	0.0015052684395383843	0.000999000999000999	2
3.1	0.020530796194291438	0.000999000999000999	178
2.7.8	0.00909090909090909	0.000999000999000999	2
