EC	enrich_score	p_val	where
4	0.06361724500525763	0.000999000999000999	219
4.2	0.12041884816753927	0.000999000999000999	150
4.2.1	0.18795620437956204	0.000999000999000999	150
