EC	enrich_score	p_val	where
4	0.0005257623554153522	0.01998001998001998	0
5	0.0028694404591104736	0.000999000999000999	4
1	0.000514478906364839	0.01998001998001998	244
4.5	0.07142857142857142	0.000999000999000999	0
5.5	0.009523809523809525	0.000999000999000999	2
4.5.1|5	1.0	0.000999000999000999	0
5.5.1|5	0.3333333333333333	0.000999000999000999	2
