EC	enrich_score	p_val	where
3	0.0225705329153605	0.000999000999000999	390
3.1	0.06409614421632448	0.000999000999000999	390
3.1.3	0.032692307692307694	0.000999000999000999	196
