EC	enrich_score	p_val	where
1	0.47412906070851096	0.000999000999000999	7591
1.1	0.03100338218714769	0.000999000999000999	258
1.1.1	0.02249718785151856	0.000999000999000999	222
