EC	enrich_score	p_val	where
1	0.0033073643980596795	0.000999000999000999	54
1.20	0.025	0.000999000999000999	0
1.8	0.029498525073746312	0.000999000999000999	11
1.20.4	0.0625	0.000999000999000999	0
1.8.4	0.1	0.000999000999000999	9
