EC	enrich_score	p_val	where
2	0.0013952561291608531	0.000999000999000999	19
2.5	0.02443280977312391	0.000999000999000999	19
2.5.1	0.02564102564102564	0.000999000999000999	19
