EC	enrich_score	p_val	where
2	0.17281243771177995	0.000999000999000999	4724
2.4	0.47501015847216577	0.000999000999000999	1850
2.4.1|2	0.0603448275862069	0.000999000999000999	15
2.4.1	0.4125127161749746	0.000999000999000999	1850
