EC	enrich_score	p_val	where
2	0.004086107235399641	0.000999000999000999	278
2.4	0.001219016659894352	0.000999000999000999	4
2.5	0.0017452006980802793	0.000999000999000999	31
2.4.1	0.001525940996948118	0.000999000999000999	4
