EC	enrich_score	p_val	where
1	0.001837424665588711	0.000999000999000999	244
1.8	0.0029498525073746312	0.000999000999000999	11
1.8.3	0.04	0.000999000999000999	11
