EC	enrich_score	p_val	where
4	0.0026288117770767614	0.000999000999000999	4
1	0.002719388505071292	0.000999000999000999	180
4.2	0.005235602094240838	0.000999000999000999	4
4.2.1	0.009124087591240875	0.000999000999000999	4
