EC	enrich_score	p_val	where
1	0.006835219755990004	0.000999000999000999	580
1.14	0.0008806693086745927	0.000999000999000999	3
1.14.14	0.002875629043853343	0.000999000999000999	3
