EC	enrich_score	p_val	where
2	0.0014949172812437712	0.000999000999000999	19
2.5	0.02617801047120419	0.000999000999000999	19
2.5.1	0.023809523809523808	0.000999000999000999	19
