EC	enrich_score	p_val	where
1	0.4744965456416287	0.000999000999000999	7604
1.1	0.0011273957158962795	0.000999000999000999	9
1.14	0.00022016732716864817	0.014985014985014986	97
1.1.1	0.0011248593925759281	0.000999000999000999	8
