EC	enrich_score	p_val	where
2	0.008570859079130955	0.000999000999000999	778
2.7	0.002007024586051179	0.000999000999000999	3
2.7.7	0.009036144578313253	0.000999000999000999	2
