EC	enrich_score	p_val	where
6	0.05076923076923077	0.000999000999000999	122
2	0.050428542953956546	0.000999000999000999	4461
6.1	0.3251231527093596	0.000999000999000999	122
6.1.1	0.3315508021390374	0.000999000999000999	122
