EC	enrich_score	p_val	where
1	0.016169337057180655	0.000999000999000999	2053
1.14	0.041831792162043156	0.000999000999000999	294
1.14.19	0.18637274549098196	0.000999000999000999	246
