EC	enrich_score	p_val	where
1	0.02072615022784066	0.000999000999000999	1413
1.14	0.015411712901805373	0.000999000999000999	589
1.14.-	0.03968253968253968	0.000999000999000999	5
