EC	enrich_score	p_val	where
1	0.030207261502278406	0.000999000999000999	4303
1.14	0.0019815059445178335	0.000999000999000999	9
1.14.14	0.004313443565780014	0.000999000999000999	8
