EC	enrich_score	p_val	where
3	0.03793103448275862	0.000999000999000999	1255
3.1	0.02704056084126189	0.000999000999000999	470
3.1.6	0.2714285714285714	0.000999000999000999	19
