EC	enrich_score	p_val	where
1	0.4743495516683816	0.000999000999000999	7626
1.1	0.001972942502818489	0.000999000999000999	8
1.1.1	0.0026246719160104987	0.000999000999000999	8
