EC	enrich_score	p_val	where
2	0.12597169623280846	0.000999000999000999	1523
2.1	0.680373831775701	0.000999000999000999	1521
2.1.1	0.6954102920723226	0.000999000999000999	1521
