EC	enrich_score	p_val	where
3	0.00109717868338558	0.000999000999000999	6
2	0.08042654973091488	0.000999000999000999	2663
3.1	0.0035052578868302454	0.000999000999000999	6
2.3	0.1450629825274279	0.000999000999000999	1601
3.1.2	0.03211009174311927	0.000999000999000999	6
2.3.1	0.127581459385039	0.000999000999000999	1145
