EC	enrich_score	p_val	where
1	0.2004262825224166	0.000999000999000999	5416
1.2	0.1037463976945245	0.000999000999000999	136
1.2.1	0.14173228346456693	0.000999000999000999	136
