EC	enrich_score	p_val	where
2	0.07813434323300777	0.000999000999000999	2263
2.3	0.20276310442909387	0.000999000999000999	1305
2.3.1	0.17668655346489215	0.000999000999000999	1305
