EC	enrich_score	p_val	where
2	0.09288419374127965	0.000999000999000999	1246
2.1	0.46791277258566977	0.000999000999000999	1191
2.1.1	0.4721835883171071	0.000999000999000999	1191
