EC	enrich_score	p_val	where
1	0.002057915625459356	0.000999000999000999	1712
1.1	0.002254791431792559	0.000999000999000999	17
1.1.3	0.02702702702702703	0.000999000999000999	16
