EC	enrich_score	p_val	where
1	0.014405409378215493	0.000999000999000999	249
1.14	0.04117129018053721	0.000999000999000999	248
1.14.19	0.16633266533066132	0.000999000999000999	241
