EC	enrich_score	p_val	where
2	0.00039864460833167234	0.04695304695304695	12
1	0.0024988975452006467	0.000999000999000999	4160
2.6	0.009876543209876543	0.000999000999000999	12
2.6.1	0.010723860589812333	0.000999000999000999	12
