EC	enrich_score	p_val	where
3	0.0009404388714733542	0.002997002997002997	11
2	0.0017939007374925253	0.000999000999000999	495
3.2	0.004491017964071856	0.000999000999000999	11
3.2.1	0.005042016806722689	0.000999000999000999	11
