EC	enrich_score	p_val	where
2	0.07484552521427147	0.000999000999000999	4784
2.4	0.037383177570093455	0.000999000999000999	379
2.4.2	0.022026431718061675	0.000999000999000999	9
2.4.99	0.014598540145985401	0.000999000999000999	18
