EC	enrich_score	p_val	where
1	0.47464353961487576	0.000999000999000999	7603
1.1	0.0005636978579481398	0.002997002997002997	2
1.1.1	0.0007499062617172854	0.000999000999000999	2
