EC	enrich_score	p_val	where
1	0.0034543583713067764	0.000999000999000999	406
1.5	0.023323615160349854	0.000999000999000999	9
1.5.99	0.043478260869565216	0.000999000999000999	8
