EC	enrich_score	p_val	where
1	0.47457004262825225	0.000999000999000999	7606
1.1	0.022829763246899663	0.000999000999000999	241
1.1.1	0.021747281589801274	0.000999000999000999	228
