EC	enrich_score	p_val	where
1	0.4733205938556519	0.000999000999000999	7601
1.2	0.0009606147934678194	0.000999000999000999	0
1.1	0.032130777903043965	0.000999000999000999	441
1.2.1	0.0013123359580052493	0.000999000999000999	0
1.1.1	0.0386201724784402	0.000999000999000999	353
