EC	enrich_score	p_val	where
2	0.06069364161849711	0.000999000999000999	4196
2.7	0.007526342197691922	0.000999000999000999	21
2.7.8	0.045454545454545456	0.000999000999000999	21
