EC	enrich_score	p_val	where
1	0.0047038071439071	0.000999000999000999	340
1.3	0.0006920415224913495	0.001998001998001998	4
1.2	0.011527377521613832	0.000999000999000999	21
1.3.1	0.0013774104683195593	0.000999000999000999	4
1.2.1	0.015748031496062992	0.000999000999000999	21
