EC	enrich_score	p_val	where
3	0.0004702194357366771	0.030969030969030968	12
2	0.04414989037273271	0.000999000999000999	2964
3.1	0.000500751126690035	0.002997002997002997	0
3.2	0.0007485029940119761	0.001998001998001998	12
2.4	0.016253555465258026	0.000999000999000999	101
3.1.4	0.004424778761061947	0.000999000999000999	0
3.2.1	0.0008403361344537816	0.000999000999000999	12
