EC	enrich_score	p_val	where
1	0.47383507276201675	0.000999000999000999	7598
1.14	0.003742844561867019	0.000999000999000999	16
1.14.13	0.011872146118721462	0.000999000999000999	12
