EC	enrich_score	p_val	where
1	0.007276201675731295	0.000999000999000999	2130
1.14	0.0008806693086745927	0.000999000999000999	54
1.14.21	0.034482758620689655	0.000999000999000999	0
1.14.19	0.002004008016032064	0.000999000999000999	3
