EC	enrich_score	p_val	where
1	0.4732470968690284	0.000999000999000999	7613
1.1	0.032130777903043965	0.000999000999000999	778
1.1.1|1	0.005714285714285714	0.000999000999000999	2
1.1.1	0.03224596925384327	0.000999000999000999	147
