EC	enrich_score	p_val	where
2	0.16772971895555114	0.000999000999000999	4268
2.4	0.43112555871596914	0.000999000999000999	1782
2.4.1	0.3535096642929807	0.000999000999000999	1641
