EC	enrich_score	p_val	where
2	0.0931831771975284	0.000999000999000999	5336
2.3	0.049979683055668425	0.000999000999000999	182
2.3.1	0.045433685176686556	0.000999000999000999	182
