EC	enrich_score	p_val	where
4	0.0005257623554153522	0.01998001998001998	4
2	0.09447877217460633	0.000999000999000999	4231
4.6	0.02631578947368421	0.000999000999000999	4
2.7	0.002508780732563974	0.000999000999000999	31
2.7.1	0.0022988505747126436	0.000999000999000999	1
4.6.1	0.02631578947368421	0.000999000999000999	4
