EC	enrich_score	p_val	where
1	0.47427605468175804	0.000999000999000999	7614
1.2	0.0009606147934678194	0.000999000999000999	8
1.14	0.0019815059445178335	0.000999000999000999	40
1.2.1	0.0013123359580052493	0.000999000999000999	8
1.14.12	0.06870229007633588	0.000999000999000999	40
