EC	enrich_score	p_val	where
1	0.4739085697486403	0.000999000999000999	7614
1.1	0.0002818489289740699	0.014985014985014986	0
1.14	0.0024218405988551297	0.000999000999000999	369
1.1.1	0.0003749531308586427	0.013986013986013986	0
1.14.13	0.0027397260273972603	0.000999000999000999	19
