EC	enrich_score	p_val	where
1	0.4712626782301926	0.000999000999000999	7529
1.1	0.006764374295377677	0.000999000999000999	30
1.1.1	0.008998875140607425	0.000999000999000999	30
