EC	enrich_score	p_val	where
2	0.0015945784333266893	0.000999000999000999	24
2.3	0.005688744412840309	0.000999000999000999	24
2.3.1	0.006424965580541533	0.000999000999000999	24
