EC	enrich_score	p_val	where
2	0.00039864460833167234	0.04695304695304695	4
3	0.00109717868338558	0.000999000999000999	29
1	0.021755108040570337	0.000999000999000999	3955
2.3	0.0016253555465258025	0.000999000999000999	4
3.1	0.0025037556334501754	0.000999000999000999	29
2.3.1	0.0018357044515832951	0.000999000999000999	4
