EC	enrich_score	p_val	where
3	0.0006269592476489029	0.01098901098901099	3
6	0.004615384615384616	0.000999000999000999	99
2	0.08281841738090492	0.000999000999000999	7043
3.1	0.00200300450676014	0.000999000999000999	3
6.2	0.008213552361396304	0.000999000999000999	99
2.3	0.01950426655830963	0.000999000999000999	349
3.1.2	0.01834862385321101	0.000999000999000999	3
6.2.1	0.008658008658008658	0.000999000999000999	99
2.3.1	0.01101422670949977	0.000999000999000999	349
