EC	enrich_score	p_val	where
1	0.011686020873144201	0.000999000999000999	1569
1.14	0.019594892118009688	0.000999000999000999	136
1.14.11|1	0.06451612903225806	0.000999000999000999	9
1.14.11	0.07829181494661921	0.000999000999000999	67
