EC	enrich_score	p_val	where
1	0.4748640305747464	0.000999000999000999	7598
1.13	0.00936768149882904	0.000999000999000999	12
1.14	0.001321003963011889	0.000999000999000999	127
1.13.12	0.0425531914893617	0.000999000999000999	12
