EC	enrich_score	p_val	where
1	0.47310010289578125	0.000999000999000999	7612
1.1	0.048478015783540024	0.000999000999000999	759
1.1.1	0.05474315710536183	0.000999000999000999	759
