EC	enrich_score	p_val	where
2	0.1681283635638828	0.000999000999000999	3429
2.4	0.3998374644453474	0.000999000999000999	2268
2.4.2	0.030837004405286344	0.000999000999000999	15
2.4.1	0.29247202441505593	0.000999000999000999	1851
