EC	enrich_score	p_val	where
1	0.0008084668528590327	0.003996003996003996	25
1.3	0.0020761245674740486	0.000999000999000999	2
1.14	0.00044033465433729633	0.002997002997002997	7
1.3.99	0.014925373134328358	0.000999000999000999	2
1.14.99	0.002824858757062147	0.000999000999000999	6
