EC	enrich_score	p_val	where
2	0.06517839346222842	0.000999000999000999	5433
2.3	0.047541649735879724	0.000999000999000999	251
2.3.1	0.041762276273519965	0.000999000999000999	245
