EC	enrich_score	p_val	where
1	0.001175951785976775	0.000999000999000999	21
1.8	0.02654867256637168	0.000999000999000999	9
1.8.98	0.2631578947368421	0.000999000999000999	9
