EC	enrich_score	p_val	where
1	0.25275613699838306	0.000999000999000999	5667
1.3	0.0629757785467128	0.000999000999000999	179
1.3.1	0.1115702479338843	0.000999000999000999	179
