EC	enrich_score	p_val	where
3	0.03605015673981191	0.000999000999000999	882
2	0.005381702212477576	0.000999000999000999	4213
3.1	0.00100150225338007	0.000999000999000999	2
3.2	0.06062874251497006	0.000999000999000999	614
3.1.1	0.002652519893899204	0.000999000999000999	2
3.2.1	0.05714285714285714	0.000999000999000999	480
