EC	enrich_score	p_val	where
3	0.003918495297805642	0.000999000999000999	52
3.1	0.012518778167250876	0.000999000999000999	52
3.1.4	0.0752212389380531	0.000999000999000999	34
