EC	enrich_score	p_val	where
2	0.10823201116204903	0.000999000999000999	4770
2.4	0.08167411621292157	0.000999000999000999	1372
2.4.1	0.013224821973550356	0.000999000999000999	32
