EC	enrich_score	p_val	where
2	0.015945784333266894	0.000999000999000999	1324
2.4	0.001219016659894352	0.000999000999000999	2
2.7	0.0015052684395383843	0.000999000999000999	39
2.4.1	0.001525940996948118	0.000999000999000999	2
2.7.8	0.0030303030303030303	0.000999000999000999	17
