EC	enrich_score	p_val	where
1	0.06600029398794649	0.000999000999000999	1396
