EC	enrich_score	p_val	where
2	0.10444488738289814	0.000999000999000999	1379
2.1	0.5725856697819315	0.000999000999000999	1112
2.1.1	0.5820584144645341	0.000999000999000999	1112
