EC	enrich_score	p_val	where
2	0.1206896551724138	0.000999000999000999	1889
2.3	0.4595692807801707	0.000999000999000999	1728
2.3.1	0.43689765947682424	0.000999000999000999	1727
