EC	enrich_score	p_val	where
2	0.1637432728722344	0.000999000999000999	4440
2.4	0.4099959366111337	0.000999000999000999	1849
2.4.1	0.3402848423194303	0.000999000999000999	1661
