EC	enrich_score	p_val	where
4	0.0005257623554153522	0.01998001998001998	0
2	0.10623878812039067	0.000999000999000999	2218
4.1	0.0017699115044247787	0.000999000999000999	0
2.3	0.37383177570093457	0.000999000999000999	1882
4.1.1	0.003367003367003367	0.000999000999000999	0
2.3.1	0.33960532354290957	0.000999000999000999	1811
