EC	enrich_score	p_val	where
3	0.019435736677115987	0.000999000999000999	654
2	0.021128164241578633	0.000999000999000999	3431
3.2	0.03967065868263473	0.000999000999000999	462
3.2.1	0.03949579831932773	0.000999000999000999	462
