EC	enrich_score	p_val	where
1	0.0007349698662354843	0.004995004995004995	9
2	0.0004983057604145904	0.01998001998001998	69
1.1	0.0002818489289740699	0.014985014985014986	0
1.10	0.006802721088435374	0.000999000999000999	2
1.3	0.001384083044982699	0.000999000999000999	9
1.1.5	0.009523809523809525	0.000999000999000999	0
1.3.5	0.02127659574468085	0.000999000999000999	9
