EC	enrich_score	p_val	where
1	0.01837424665588711	0.000999000999000999	1210
1.1	0.010146561443066516	0.000999000999000999	39
1.1.99	0.12345679012345678	0.000999000999000999	39
