EC	enrich_score	p_val	where
2	0.12138728323699421	0.000999000999000999	1758
2.3	0.45875660300690774	0.000999000999000999	1695
2.3.1	0.43689765947682424	0.000999000999000999	1671
