EC	enrich_score	p_val	where
6	0.1930769230769231	0.000999000999000999	621
2	0.14690053817022125	0.000999000999000999	9113
2.3	0.0020316944331572532	0.000999000999000999	4
6.2	0.26078028747433263	0.000999000999000999	276
2.3.1	0.002294630564479119	0.000999000999000999	4
6.2.1	0.22727272727272727	0.000999000999000999	276
