EC	enrich_score	p_val	where
1	0.4743495516683816	0.000999000999000999	7596
1.14	0.0048436811977102595	0.000999000999000999	42
1.14.12	0.10687022900763359	0.000999000999000999	42
