EC	enrich_score	p_val	where
2	0.10504285429539566	0.000999000999000999	1264
2.1	0.5669781931464174	0.000999000999000999	1264
2.1.1|2	0.02127659574468085	0.000999000999000999	0
2.1.1	0.56884561891516	0.000999000999000999	1264
