EC	enrich_score	p_val	where
1	0.47258562398941645	0.000999000999000999	7594
1.14	0.003963011889035667	0.000999000999000999	140
1.14.13	0.0045662100456621	0.000999000999000999	21
