EC	enrich_score	p_val	where
2	0.002690851106238788	0.000999000999000999	720
2.5	0.005235602094240838	0.000999000999000999	14
2.5.1	0.005494505494505495	0.000999000999000999	14
