EC	enrich_score	p_val	where
3	0.012695924764890282	0.000999000999000999	185
3.1	0.024036054081121683	0.000999000999000999	140
3.1.1	0.021220159151193633	0.000999000999000999	53
