EC	enrich_score	p_val	where
3	0.00909090909090909	0.000999000999000999	374
3.1	0.01602403605408112	0.000999000999000999	49
3.1.1	0.042440318302387266	0.000999000999000999	49
