EC	enrich_score	p_val	where
1	0.003527855357930325	0.000999000999000999	187
1.7	0.008928571428571428	0.000999000999000999	1
1.7.3	0.037037037037037035	0.000999000999000999	0
