EC	enrich_score	p_val	where
1	0.4742025576951345	0.000999000999000999	7583
1.1	0.006482525366403607	0.000999000999000999	84
1.1.1	0.007874015748031496	0.000999000999000999	84
