EC	enrich_score	p_val	where
2	0.0035878014749850507	0.000999000999000999	82
2.3	0.006095083299471759	0.000999000999000999	28
2.3.1	0.006883891693437357	0.000999000999000999	28
