EC	enrich_score	p_val	where
1	0.19175363810083787	0.000999000999000999	3611
1.2	0.10854947166186359	0.000999000999000999	120
1.2.1	0.14829396325459318	0.000999000999000999	120
