EC	enrich_score	p_val	where
5	0.020086083213773313	0.000999000999000999	15
1	0.019182713508746143	0.000999000999000999	3510
5.5	0.13333333333333333	0.000999000999000999	15
5.5.1	0.13725490196078433	0.000999000999000999	15
