EC	enrich_score	p_val	where
2	0.08829978074546542	0.000999000999000999	4706
2.4	0.10564811052417716	0.000999000999000999	697
2.4.1	0.0686673448626653	0.000999000999000999	501
