EC	enrich_score	p_val	where
3	0.0004702194357366771	0.030969030969030968	6
2	0.002391867649990034	0.000999000999000999	3066
3.1	0.00100150225338007	0.000999000999000999	1
3.1.1	0.002652519893899204	0.000999000999000999	1
