EC	enrich_score	p_val	where
2	0.003488140322902133	0.000999000999000999	66
2.3	0.01259650548557497	0.000999000999000999	66
2.3.1	0.011473152822395595	0.000999000999000999	66
