EC	enrich_score	p_val	where
1	0.47398206673526383	0.000999000999000999	7574
1.1	0.05411499436302142	0.000999000999000999	799
1.1.1	0.05661792275965504	0.000999000999000999	751
