EC	enrich_score	p_val	where
4	0.11198738170347003	0.000999000999000999	331
4.2	0.22094240837696336	0.000999000999000999	331
4.2.3	0.45588235294117646	0.000999000999000999	330
