EC	enrich_score	p_val	where
1	0.0005879758929883875	0.013986013986013986	11
5	0.14203730272596843	0.000999000999000999	308
1.12	0.17391304347826086	0.000999000999000999	9
5.1	0.164021164021164	0.000999000999000999	308
1.12.99	0.3333333333333333	0.000999000999000999	0
