EC	enrich_score	p_val	where
1	0.47412906070851096	0.000999000999000999	7584
1.14	0.0030823425803610744	0.000999000999000999	137
1.14.14	0.0014378145219266715	0.000999000999000999	2
