EC	enrich_score	p_val	where
1	0.019623695428487433	0.000999000999000999	1833
1.1	0.002254791431792559	0.000999000999000999	15
1.1.3	0.021621621621621623	0.000999000999000999	10
