EC	enrich_score	p_val	where
3	0.00877742946708464	0.000999000999000999	91
2	0.03059597368945585	0.000999000999000999	2267
3.2	0.041916167664670656	0.000999000999000999	91
3.2.1	0.047058823529411764	0.000999000999000999	91
