EC	enrich_score	p_val	where
1	0.01359694252535646	0.000999000999000999	783
1.14	0.012109202994275649	0.000999000999000999	382
1.14.18	0.19230769230769232	0.000999000999000999	26
