EC	enrich_score	p_val	where
1	0.008084668528590327	0.000999000999000999	2031
