EC	enrich_score	p_val	where
2	0.009966115208291808	0.000999000999000999	130
2.7	0.050175614651279475	0.000999000999000999	130
2.7.1	0.11494252873563218	0.000999000999000999	130
