EC	enrich_score	p_val	where
1	0.4740555637218874	0.000999000999000999	7627
1.1	0.04988726042841037	0.000999000999000999	545
1.1.1	0.05474315710536183	0.000999000999000999	469
