EC	enrich_score	p_val	where
1	0.4743495516683816	0.000999000999000999	7592
1.1	0.005355129650507328	0.000999000999000999	288
1.1.1	0.0011248593925759281	0.000999000999000999	24
