EC	enrich_score	p_val	where
3	0.001567398119122257	0.000999000999000999	9
1	0.0031603704248125827	0.000999000999000999	360
3.5	0.011560693641618497	0.000999000999000999	9
3.5.1	0.017123287671232876	0.000999000999000999	9
