EC	enrich_score	p_val	where
3	0.0004702194357366771	0.030969030969030968	10
5	0.027259684361549498	0.000999000999000999	432
3.5	0.003468208092485549	0.000999000999000999	10
3.5.3	0.037037037037037035	0.000999000999000999	6
