EC	enrich_score	p_val	where
1	0.4740555637218874	0.000999000999000999	7619
1.14	0.015852047556142668	0.000999000999000999	356
1.14.13	0.019178082191780823	0.000999000999000999	43
