EC	enrich_score	p_val	where
1	0.00610024988975452	0.000999000999000999	337
1.1	0.0011273957158962795	0.000999000999000999	5
1.1.5	0.0380952380952381	0.000999000999000999	5
