EC	enrich_score	p_val	where
2	0.040861072353996414	0.000999000999000999	1974
2.7	0.18966382338183643	0.000999000999000999	673
2.7.1	0.2597701149425287	0.000999000999000999	290
