EC	enrich_score	p_val	where
1	0.05019844186388358	0.000999000999000999	1308
1.1	0.0002818489289740699	0.014985014985014986	0
1.14	0.00022016732716864817	0.014985014985014986	4
1.1.1	0.0003749531308586427	0.013986013986013986	0
1.14.13	0.0009132420091324201	0.000999000999000999	4
