EC	enrich_score	p_val	where
1	0.47214464206967516	0.000999000999000999	7621
1.1	0.005636978579481398	0.000999000999000999	60
1.1.1	0.0074990626171728535	0.000999000999000999	60
