EC	enrich_score	p_val	where
1	0.025209466411877112	0.000999000999000999	1988
