EC	enrich_score	p_val	where
2	0.16753039665138528	0.000999000999000999	3611
2.4	0.4437220642015441	0.000999000999000999	1894
2.4.1	0.35249237029501523	0.000999000999000999	1893
