EC	enrich_score	p_val	where
1	0.4732470968690284	0.000999000999000999	7598
1.2	0.005763688760806916	0.000999000999000999	7
1.1	0.004791431792559188	0.000999000999000999	1385
1.2.1	0.007874015748031496	0.000999000999000999	7
1.1.1	0.0026246719160104987	0.000999000999000999	76
