EC	enrich_score	p_val	where
1	0.012347493752756136	0.000999000999000999	2283
1.97	0.022727272727272728	0.000999000999000999	0
1.97.1	0.023255813953488372	0.000999000999000999	0
