EC	enrich_score	p_val	where
3	0.0219435736677116	0.000999000999000999	315
3.2	0.07335329341317365	0.000999000999000999	163
3.2.1	0.08235294117647059	0.000999000999000999	163
