EC	enrich_score	p_val	where
2	0.002690851106238788	0.000999000999000999	31
3	0.009404388714733543	0.000999000999000999	492
2.4	0.010971149939049168	0.000999000999000999	31
2.4.2	0.11013215859030837	0.000999000999000999	31
