EC	enrich_score	p_val	where
5	0.007173601147776184	0.000999000999000999	9
1	0.011980008819638396	0.000999000999000999	2610
5.5	0.047619047619047616	0.000999000999000999	9
5.5.1	0.049019607843137254	0.000999000999000999	9
