EC	enrich_score	p_val	where
3	0.0007836990595611285	0.004995004995004995	22
1	0.013376451565485815	0.000999000999000999	3510
