EC	enrich_score	p_val	where
1	0.4742025576951345	0.000999000999000999	7619
1.2	0.0009606147934678194	0.000999000999000999	3
1.1	0.0016910935738444193	0.000999000999000999	32
1.2.1	0.0013123359580052493	0.000999000999000999	3
