EC	enrich_score	p_val	where
1	0.0008084668528590327	0.003996003996003996	34
5	0.12051649928263988	0.000999000999000999	331
1.8	0.011799410029498525	0.000999000999000999	5
5.1	0.08465608465608465	0.000999000999000999	331
1.8.-	1.0	0.000999000999000999	1
