EC	enrich_score	p_val	where
3	0.020689655172413793	0.000999000999000999	742
3.2	0.0029940119760479044	0.000999000999000999	3
3.2.1	0.0033613445378151263	0.000999000999000999	3
