EC	enrich_score	p_val	where
3	0.0014106583072100312	0.000999000999000999	50
2	0.049631253737293206	0.000999000999000999	3167
3.1	0.004506760140210316	0.000999000999000999	50
2.3	0.0963023161316538	0.000999000999000999	614
3.1.2	0.04128440366972477	0.000999000999000999	50
2.3.1	0.09683340982101882	0.000999000999000999	614
