EC	enrich_score	p_val	where
2	0.06986246761012557	0.000999000999000999	8524
2.7	0.0672353236327145	0.000999000999000999	1982
2.7.4	0.1103448275862069	0.000999000999000999	15
