EC	enrich_score	p_val	where
1	0.000514478906364839	0.01998001998001998	10
2	0.012756627466613515	0.000999000999000999	362
1.8	0.02064896755162242	0.000999000999000999	10
2.8	0.252212389380531	0.000999000999000999	185
1.8.99	0.20833333333333334	0.000999000999000999	5
2.8.2	0.5608465608465608	0.000999000999000999	183
