EC	enrich_score	p_val	where
3	0.0025078369905956114	0.000999000999000999	47
3.5	0.016184971098265895	0.000999000999000999	47
3.5.4	0.08247422680412371	0.000999000999000999	23
