EC	enrich_score	p_val	where
1	0.0019844186388358076	0.000999000999000999	33
2	0.10334861470998605	0.000999000999000999	5247
1.17	0.003289473684210526	0.000999000999000999	1
1.1	0.002254791431792559	0.000999000999000999	30
1.17.1	0.021739130434782608	0.000999000999000999	1
1.1.1	0.0029996250468691415	0.000999000999000999	30
