EC	enrich_score	p_val	where
1	0.47339409084227546	0.000999000999000999	7585
1.14	0.006164685160722149	0.000999000999000999	103
1.14.13	0.0073059360730593605	0.000999000999000999	9
