EC	enrich_score	p_val	where
1	0.0008819638394825813	0.002997002997002997	23
1.2	0.011527377521613832	0.000999000999000999	23
1.2.4	0.2033898305084746	0.000999000999000999	23
