EC	enrich_score	p_val	where
2	0.1250747458640622	0.000999000999000999	1518
2.1	0.6809968847352025	0.000999000999000999	1518
2.1.1|2	0.02127659574468085	0.000999000999000999	0
2.1.1	0.696105702364395	0.000999000999000999	1518
