EC	enrich_score	p_val	where
3	0.003605015673981191	0.000999000999000999	48
1	0.00984859620755549	0.000999000999000999	646
3.3	0.21100917431192662	0.000999000999000999	48
3.3.2	0.16831683168316833	0.000999000999000999	48
