EC	enrich_score	p_val	where
1	0.02667940614434808	0.000999000999000999	2355
1.14	0.006825187142228093	0.000999000999000999	49
1.14.99	0.07627118644067797	0.000999000999000999	28
