EC	enrich_score	p_val	where
1	0.008158165515213877	0.000999000999000999	787
1.3	0.05674740484429066	0.000999000999000999	108
1.3.8	0.013605442176870748	0.000999000999000999	4
1.3.3	0.09433962264150944	0.000999000999000999	47
