EC	enrich_score	p_val	where
1	0.4737615757753932	0.000999000999000999	7614
1.1	0.03128523111612176	0.000999000999000999	183
1.1.1	0.032995875515560553	0.000999000999000999	177
