EC	enrich_score	p_val	where
3	0.0040752351097178684	0.000999000999000999	37
3.4	0.022388059701492536	0.000999000999000999	29
3.4.17	0.0125	0.000999000999000999	0
3.4.16	0.1111111111111111	0.000999000999000999	10
