EC	enrich_score	p_val	where
1	0.006835219755990004	0.000999000999000999	172
1.1	0.006764374295377677	0.000999000999000999	43
1.1.5	0.11428571428571428	0.000999000999000999	20
