EC	enrich_score	p_val	where
3	0.01677115987460815	0.000999000999000999	455
3.2	0.05464071856287425	0.000999000999000999	94
3.2.1	0.06134453781512605	0.000999000999000999	94
