EC	enrich_score	p_val	where
1	0.0027928854916948404	0.000999000999000999	260
1.10	0.006802721088435374	0.000999000999000999	0
1.10.3	0.009259259259259259	0.000999000999000999	0
