EC	enrich_score	p_val	where
5	0.021520803443328552	0.000999000999000999	17
1	0.004630310157283551	0.000999000999000999	347
5.5	0.14285714285714285	0.000999000999000999	17
5.5.1	0.14705882352941177	0.000999000999000999	17
