EC	enrich_score	p_val	where
1	0.030207261502278406	0.000999000999000999	2408
1.13	0.05620608899297424	0.000999000999000999	43
1.13.11	0.05172413793103448	0.000999000999000999	42
