EC	enrich_score	p_val	where
2	0.001295594977077935	0.000999000999000999	16
2.5	0.02268760907504363	0.000999000999000999	16
2.5.1	0.020146520146520148	0.000999000999000999	16
