EC	enrich_score	p_val	where
4	0.0015772870662460567	0.000999000999000999	9
6	0.045384615384615384	0.000999000999000999	313
2	0.045445485349810646	0.000999000999000999	3124
4.4	0.01910828025477707	0.000999000999000999	9
2.7	0.07375815353738083	0.000999000999000999	1569
4.4.1	0.019230769230769232	0.000999000999000999	9
