EC	enrich_score	p_val	where
2	0.04195734502690851	0.000999000999000999	2937
2.3	0.006095083299471759	0.000999000999000999	25
2.3.1	0.005507113354749885	0.000999000999000999	16
