EC	enrich_score	p_val	where
1	0.45274143760105834	0.000999000999000999	8232
1.14	0.0019815059445178335	0.000999000999000999	47
1.14.13	0.0009132420091324201	0.000999000999000999	0
