EC	enrich_score	p_val	where
1	0.014625900338086138	0.000999000999000999	1606
1.14	0.006164685160722149	0.000999000999000999	84
1.14.14	0.0014378145219266715	0.000999000999000999	1
1.14.15	0.01020408163265306	0.000999000999000999	8
