EC	enrich_score	p_val	where
2	0.005481363364560494	0.000999000999000999	65
2.5	0.09598603839441536	0.000999000999000999	65
2.5.1|2	0.07407407407407407	0.000999000999000999	2
2.5.1	0.07142857142857142	0.000999000999000999	57
