EC	enrich_score	p_val	where
1	0.4728061149492871	0.000999000999000999	7591
1.3	0.0006920415224913495	0.001998001998001998	0
1.14	0.001321003963011889	0.000999000999000999	16
1.3.1	0.0013774104683195593	0.000999000999000999	0
1.14.13	0.0009132420091324201	0.000999000999000999	3
