EC	enrich_score	p_val	where
1	0.47354108481552254	0.000999000999000999	7623
1.14	0.007045354469396741	0.000999000999000999	77
1.14.99	0.002824858757062147	0.000999000999000999	1
1.14.13	0.010958904109589041	0.000999000999000999	33
