EC	enrich_score	p_val	where
2	0.01664341239784732	0.000999000999000999	569
2.7	0.027596588058203714	0.000999000999000999	89
2.7.8	0.12727272727272726	0.000999000999000999	67
