EC	enrich_score	p_val	where
2	0.12268287821407216	0.000999000999000999	5812
2.1	0.005607476635514018	0.000999000999000999	19
2.4	0.05079236082893133	0.000999000999000999	1069
2.1.1	0.006258692628650904	0.000999000999000999	19
