EC	enrich_score	p_val	where
3	0.02053291536050157	0.000999000999000999	242
3.2	0.07335329341317365	0.000999000999000999	149
3.2.1	0.08235294117647059	0.000999000999000999	149
