EC	enrich_score	p_val	where
2	0.1251744070161451	0.000999000999000999	1502
2.1	0.7071651090342679	0.000999000999000999	1304
2.1.1	0.7267037552155772	0.000999000999000999	1304
