EC	enrich_score	p_val	where
2	0.08241977277257326	0.000999000999000999	5602
2.3	0.05444941080861439	0.000999000999000999	193
2.3.1	0.05139972464433226	0.000999000999000999	193
