EC	enrich_score	p_val	where
3	0.0009404388714733542	0.002997002997002997	19
3.5	0.006936416184971098	0.000999000999000999	19
3.5.2	0.0625	0.000999000999000999	10
