EC	enrich_score	p_val	where
2	0.03807056009567471	0.000999000999000999	8405
2.7	0.09533366783743101	0.000999000999000999	439
2.7.1	0.05632183908045977	0.000999000999000999	106
