EC	enrich_score	p_val	where
2	0.03478174207693841	0.000999000999000999	7433
2.7	0.03963873557451079	0.000999000999000999	708
2.7.1	0.0011494252873563218	0.000999000999000999	1
2.7.4	0.041379310344827586	0.000999000999000999	16
