EC	enrich_score	p_val	where
4	0.0005257623554153522	0.01998001998001998	0
3	0.0004702194357366771	0.030969030969030968	4
4.4	0.006369426751592357	0.000999000999000999	0
3.1	0.0015022533800701052	0.000999000999000999	4
4.4.1	0.00641025641025641	0.000999000999000999	0
3.1.2	0.013761467889908258	0.000999000999000999	4
