EC	enrich_score	p_val	where
1	0.4744230486550051	0.000999000999000999	7598
1.8	0.0029498525073746312	0.000999000999000999	7
1.3	0.0006920415224913495	0.001998001998001998	15
1.1	0.0008455467869222097	0.000999000999000999	147
1.8.1	0.009523809523809525	0.000999000999000999	7
