EC	enrich_score	p_val	where
2	0.0038867849312338052	0.000999000999000999	107
2.6	0.09135802469135802	0.000999000999000999	107
2.6.1	0.07238605898123325	0.000999000999000999	107
