EC	enrich_score	p_val	where
1	0.0004409819197412906	0.030969030969030968	5
6	0.012307692307692308	0.000999000999000999	74
2	0.035180386685270085	0.000999000999000999	2825
1.3	0.004152249134948097	0.000999000999000999	5
6.3	0.023255813953488372	0.000999000999000999	74
2.7	0.047666833918715505	0.000999000999000999	615
1.3.7	0.07142857142857142	0.000999000999000999	5
