EC	enrich_score	p_val	where
3	0.005329153605015674	0.000999000999000999	40
3.1	0.01702553830746119	0.000999000999000999	40
3.1.1	0.04509283819628647	0.000999000999000999	40
