EC	enrich_score	p_val	where
2	0.09966115208291808	0.000999000999000999	1247
2.1	0.5345794392523364	0.000999000999000999	1071
2.1.1	0.5458970792767733	0.000999000999000999	1068
