EC	enrich_score	p_val	where
4	0.048370136698212406	0.000999000999000999	144
4.2	0.09633507853403141	0.000999000999000999	144
4.2.1	0.15328467153284672	0.000999000999000999	144
