EC	enrich_score	p_val	where
1	0.47427605468175804	0.000999000999000999	7591
1.5	0.0029154518950437317	0.000999000999000999	11
1.1	0.024239007891770012	0.000999000999000999	731
1.5.1	0.006756756756756757	0.000999000999000999	11
1.1.1	0.023247094113235847	0.000999000999000999	294
