EC	enrich_score	p_val	where
1	0.00036748493311774215	0.04695304695304695	5
5	0.15208034433285508	0.000999000999000999	302
1.13	0.00936768149882904	0.000999000999000999	4
5.1	0.20105820105820105	0.000999000999000999	302
1.13.11	0.013793103448275862	0.000999000999000999	4
