EC	enrich_score	p_val	where
2	0.0027905122583217062	0.000999000999000999	40
3	0.00877742946708464	0.000999000999000999	478
2.4	0.009752133279154815	0.000999000999000999	29
2.4.2	0.09691629955947137	0.000999000999000999	29
