EC	enrich_score	p_val	where
1	0.006761722769366456	0.000999000999000999	1096
1.14	0.009247027741083224	0.000999000999000999	63
1.14.13	0.0073059360730593605	0.000999000999000999	9
