EC	enrich_score	p_val	where
2	0.0004983057604145904	0.01998001998001998	9
1	0.001837424665588711	0.000999000999000999	305
2.6	0.012345679012345678	0.000999000999000999	9
2.6.1	0.013404825737265416	0.000999000999000999	9
