EC	enrich_score	p_val	where
2	0.004783735299980068	0.000999000999000999	293
2.8	0.033185840707964605	0.000999000999000999	32
2.8.3	0.14423076923076922	0.000999000999000999	32
