EC	enrich_score	p_val	where
3	0.04090909090909091	0.000999000999000999	581
3.4	0.1417910447761194	0.000999000999000999	159
3.4.13	0.010752688172043012	0.000999000999000999	2
3.4.11	0.033783783783783786	0.000999000999000999	27
