EC	enrich_score	p_val	where
6	0.0015384615384615385	0.000999000999000999	124
2	0.016145106637432727	0.000999000999000999	298
3	0.06442006269592476	0.000999000999000999	1200
6.3	0.003875968992248062	0.000999000999000999	124
2.7	0.08028098344204716	0.000999000999000999	298
3.6	0.4031620553359684	0.000999000999000999	1198
2.7.4	0.006896551724137931	0.000999000999000999	109
2.7.11	0.08333333333333333	0.000999000999000999	289
3.6.3	0.5163934426229508	0.000999000999000999	1198
