EC	enrich_score	p_val	where
2	0.12816424157863265	0.000999000999000999	4121
2.7	0.0005017561465127947	0.002997002997002997	0
2.7.7	0.0030120481927710845	0.000999000999000999	0
