EC	enrich_score	p_val	where
3	0.001567398119122257	0.000999000999000999	150
1	0.007790680582096134	0.000999000999000999	2776
3.4	0.008706467661691543	0.000999000999000999	10
3.4.11|3	0.16666666666666666	0.000999000999000999	3
