EC	enrich_score	p_val	where
2	0.06328483157265298	0.000999000999000999	6309
2.4	0.003250711093051605	0.000999000999000999	14
2.4.1	0.002034587995930824	0.000999000999000999	10
