EC	enrich_score	p_val	where
3	0.033072100313479624	0.000999000999000999	951
3.1	0.04556835252879319	0.000999000999000999	201
3.1.3	0.051923076923076926	0.000999000999000999	78
