EC	enrich_score	p_val	where
1	0.01602234308393356	0.000999000999000999	4694
1.7	0.004464285714285714	0.000999000999000999	50
1.7.3	0.037037037037037035	0.000999000999000999	50
