EC	enrich_score	p_val	where
1	0.0006614728796119359	0.01098901098901099	26
1.1	0.0011273957158962795	0.000999000999000999	8
1.1.3	0.010810810810810811	0.000999000999000999	1
