EC	enrich_score	p_val	where
1	0.4736880787887697	0.000999000999000999	7608
1.14	0.016072214883311318	0.000999000999000999	273
1.14.14	0.0014378145219266715	0.000999000999000999	6
