EC	enrich_score	p_val	where
4	0.0005257623554153522	0.01998001998001998	5
5	0.03873744619799139	0.000999000999000999	433
4.2	0.0010471204188481676	0.000999000999000999	5
4.2.1	0.0018248175182481751	0.000999000999000999	5
