EC	enrich_score	p_val	where
1	0.004262825224165809	0.000999000999000999	1019
1.14	0.0008806693086745927	0.000999000999000999	9
1.14.14	0.002875629043853343	0.000999000999000999	9
