EC	enrich_score	p_val	where
3	0.003761755485893417	0.000999000999000999	68
3.1	0.009514271407110666	0.000999000999000999	42
3.1.3	0.011538461538461539	0.000999000999000999	17
