EC	enrich_score	p_val	where
1	0.005953255916507423	0.000999000999000999	862
1.2	0.002881844380403458	0.000999000999000999	3
1.14	0.002642007926023778	0.000999000999000999	85
1.2.4	0.05084745762711865	0.000999000999000999	3
1.14.11	0.0071174377224199285	0.000999000999000999	13
