EC	enrich_score	p_val	where
1	0.0007349698662354843	0.004995004995004995	15
4	0.0010515247108307045	0.000999000999000999	40
1.14	0.002201673271686482	0.000999000999000999	15
1.14.14	0.007189072609633357	0.000999000999000999	15
