EC	enrich_score	p_val	where
4	0.003680336487907466	0.000999000999000999	72
4.1	0.0017699115044247787	0.000999000999000999	2
