EC	enrich_score	p_val	where
1	0.028957812729678085	0.000999000999000999	4378
1.1	0.0011273957158962795	0.000999000999000999	60
1.14	0.02664024658740643	0.000999000999000999	783
1.1.99	0.01646090534979424	0.000999000999000999	60
