EC	enrich_score	p_val	where
2	0.16832768586804864	0.000999000999000999	3836
2.4	0.47785453067858596	0.000999000999000999	2009
2.4.1	0.40996948118006105	0.000999000999000999	2009
