EC	enrich_score	p_val	where
1	0.4712626782301926	0.000999000999000999	7567
1.23	0.6666666666666666	0.000999000999000999	5
1.23.1	1.0	0.000999000999000999	4
