EC	enrich_score	p_val	where
1	0.4736145818021461	0.000999000999000999	7603
1.1	0.024239007891770012	0.000999000999000999	205
1.1.1	0.023997000374953132	0.000999000999000999	205
