EC	enrich_score	p_val	where
4	0.06624605678233439	0.000999000999000999	253
4.2	0.12460732984293194	0.000999000999000999	199
4.2.1	0.18795620437956204	0.000999000999000999	199
