EC	enrich_score	p_val	where
1	0.044539173893870354	0.000999000999000999	1895
1.3	0.02768166089965398	0.000999000999000999	93
1.14	0.010127697049757816	0.000999000999000999	466
1.3.99	0.014925373134328358	0.000999000999000999	2
