EC	enrich_score	p_val	where
2	0.004285429539565478	0.000999000999000999	44
3	0.04467084639498432	0.000999000999000999	1500
2.4	0.017472572125152377	0.000999000999000999	44
3.2	0.061377245508982034	0.000999000999000999	390
2.4.1	0.02187182095625636	0.000999000999000999	44
3.2.1	0.06050420168067227	0.000999000999000999	390
