EC	enrich_score	p_val	where
5	0.04447632711621234	0.000999000999000999	419
