EC	enrich_score	p_val	where
1	0.004924298103777745	0.000999000999000999	1863
1.14	0.0015411712901805372	0.000999000999000999	35
1.14.21	0.034482758620689655	0.000999000999000999	1
1.14.19	0.004008016032064128	0.000999000999000999	11
