EC	enrich_score	p_val	where
3	0.012382445141065831	0.000999000999000999	135
2	0.09109029300378713	0.000999000999000999	4623
3.2	0.05913173652694611	0.000999000999000999	135
2.4	0.11336854937017472	0.000999000999000999	1636
3.2.1	0.06386554621848739	0.000999000999000999	132
2.4.1	0.02187182095625636	0.000999000999000999	715
