EC	enrich_score	p_val	where
1	0.4742025576951345	0.000999000999000999	7615
1.4	0.006802721088435374	0.000999000999000999	3
1.1	0.0033821871476888386	0.000999000999000999	1531
1.4.1	0.03125	0.000999000999000999	3
