EC	enrich_score	p_val	where
6	0.20076923076923076	0.000999000999000999	468
2	0.11421168028702412	0.000999000999000999	7310
6.2	0.27720739219712526	0.000999000999000999	208
6.2.1	0.24891774891774893	0.000999000999000999	208
