EC	enrich_score	p_val	where
1	0.31713949728061147	0.000999000999000999	7501
1.1	0.037485907553551294	0.000999000999000999	180
1.1.1	0.04611923509561305	0.000999000999000999	180
