EC	enrich_score	p_val	where
5	0.0014347202295552368	0.000999000999000999	0
1	0.004997795090401293	0.000999000999000999	1283
5.4	0.006756756756756757	0.000999000999000999	0
5.4.4	0.05	0.000999000999000999	0
