EC	enrich_score	p_val	where
1	0.28678524180508597	0.000999000999000999	7880
1.3	0.06505190311418685	0.000999000999000999	214
1.3.1	0.1115702479338843	0.000999000999000999	212
