EC	enrich_score	p_val	where
2	0.12607135738489136	0.000999000999000999	1489
2.1	0.7077881619937695	0.000999000999000999	1319
2.1.1	0.7260083449235049	0.000999000999000999	1319
