EC	enrich_score	p_val	where
2	0.0021925453458241976	0.000999000999000999	34
3	0.05172413793103448	0.000999000999000999	1678
2.4	0.005282405526208858	0.000999000999000999	14
2.4.1	0.006612410986775178	0.000999000999000999	14
