EC	enrich_score	p_val	where
1	0.0491694840511539	0.000999000999000999	3214
1.14	0.03412593571114047	0.000999000999000999	608
1.14.99	0.002824858757062147	0.000999000999000999	0
