EC	enrich_score	p_val	where
3	0.0007836990595611285	0.004995004995004995	50
3.4	0.0012437810945273632	0.000999000999000999	0
3.4.14	0.024390243902439025	0.000999000999000999	0
