EC	enrich_score	p_val	where
1	0.4743495516683816	0.000999000999000999	7619
1.7	0.004464285714285714	0.000999000999000999	0
1.14	0.0035226772346983706	0.000999000999000999	74
1.7.1	0.014705882352941176	0.000999000999000999	0
1.14.12	0.061068702290076333	0.000999000999000999	74
