EC	enrich_score	p_val	where
3	0.022100313479623823	0.000999000999000999	435
3.4	0.08333333333333333	0.000999000999000999	187
3.4.11	0.006756756756756757	0.000999000999000999	0
