EC	enrich_score	p_val	where
2	0.12497508471197927	0.000999000999000999	1511
2.1	0.712772585669782	0.000999000999000999	1351
2.1.1	0.7315716272600834	0.000999000999000999	1351
