EC	enrich_score	p_val	where
1	0.05556372188740261	0.000999000999000999	3753
1.14	0.018494055482166448	0.000999000999000999	335
1.14.19	0.14428857715430862	0.000999000999000999	89
