EC	enrich_score	p_val	where
1	0.47339409084227546	0.000999000999000999	7611
1.14	0.012769704975781594	0.000999000999000999	82
1.14.13	0.031050228310502283	0.000999000999000999	82
