EC	enrich_score	p_val	where
3	0.003761755485893417	0.000999000999000999	681
3.2	0.004491017964071856	0.000999000999000999	5
3.2.1	0.005042016806722689	0.000999000999000999	5
