EC	enrich_score	p_val	where
1	0.05747464353961487	0.000999000999000999	3609
1.3	0.008304498269896194	0.000999000999000999	12
1.3.99	0.05970149253731343	0.000999000999000999	12
