EC	enrich_score	p_val	where
2	0.08680486346422164	0.000999000999000999	5408
2.3	0.05323039414872003	0.000999000999000999	211
2.3.1|2	0.01818181818181818	0.000999000999000999	2
2.3.1	0.04910509407985315	0.000999000999000999	211
