EC	enrich_score	p_val	where
1	0.4742025576951345	0.000999000999000999	7632
1.1	0.005355129650507328	0.000999000999000999	113
1.1.1	0.004124484439445069	0.000999000999000999	57
