EC	enrich_score	p_val	where
1	0.47398206673526383	0.000999000999000999	7627
1.1	0.0701803833145434	0.000999000999000999	342
1.1.1	0.08511436070491189	0.000999000999000999	342
