EC	enrich_score	p_val	where
2	0.11490930835160454	0.000999000999000999	6816
2.4	0.14587566030069077	0.000999000999000999	1133
2.4.1	0.07934893184130214	0.000999000999000999	576
