EC	enrich_score	p_val	where
3	0.001567398119122257	0.000999000999000999	13
3.4	0.0037313432835820895	0.000999000999000999	3
3.1	0.00200300450676014	0.000999000999000999	13
3.4.21|3	0.25	0.000999000999000999	2
