EC	enrich_score	p_val	where
2	0.009268487143711382	0.000999000999000999	360
2.8	0.02654867256637168	0.000999000999000999	13
2.8.1	0.09917355371900827	0.000999000999000999	13
