EC	enrich_score	p_val	where
1	0.47383507276201675	0.000999000999000999	7581
1.1	0.005636978579481398	0.000999000999000999	62
1.1.1	0.005999250093738283	0.000999000999000999	62
