EC	enrich_score	p_val	where
4	0.0005257623554153522	0.01998001998001998	0
3	0.0006269592476489029	0.01098901098901099	21
4.1	0.0017699115044247787	0.000999000999000999	0
4.1.1	0.003367003367003367	0.000999000999000999	0
