EC	enrich_score	p_val	where
1	0.47501102454799354	0.000999000999000999	7595
1.14	0.00022016732716864817	0.014985014985014986	0
1.5	0.0029154518950437317	0.000999000999000999	2
1.14.14	0.0007189072609633358	0.000999000999000999	0
1.5.1	0.006756756756756757	0.000999000999000999	2
