EC	enrich_score	p_val	where
1	0.47412906070851096	0.000999000999000999	7579
1.14	0.0008806693086745927	0.000999000999000999	42
1.14.13	0.0027397260273972603	0.000999000999000999	14
