EC	enrich_score	p_val	where
1	0.010510069087167426	0.000999000999000999	2178
1.14	0.004623513870541612	0.000999000999000999	119
1.14.14	0.0007189072609633358	0.000999000999000999	0
1.14.11	0.0035587188612099642	0.000999000999000999	2
