EC	enrich_score	p_val	where
3	0.0006269592476489029	0.01098901098901099	12
2	0.06418178194139924	0.000999000999000999	3632
3.1	0.00200300450676014	0.000999000999000999	12
2.3	0.022754977651361235	0.000999000999000999	274
3.1.2	0.01834862385321101	0.000999000999000999	12
2.3.1	0.02569986232216613	0.000999000999000999	274
