EC	enrich_score	p_val	where
1	0.046156107599588415	0.000999000999000999	3139
1.1	0.0014092446448703494	0.000999000999000999	62
1.14	0.031043593130779392	0.000999000999000999	1040
1.1.99	0.0205761316872428	0.000999000999000999	62
1.14.14	0.0007189072609633358	0.000999000999000999	89
