EC	enrich_score	p_val	where
5	0.0028694404591104736	0.000999000999000999	9
1	0.001543436719094517	0.000999000999000999	137
1.1	0.0008455467869222097	0.000999000999000999	2
5.3	0.009523809523809525	0.000999000999000999	9
1.1.3	0.016216216216216217	0.000999000999000999	2
5.3.1	0.022988505747126436	0.000999000999000999	9
