EC	enrich_score	p_val	where
2	0.12637034084114013	0.000999000999000999	1559
2.1	0.6903426791277258	0.000999000999000999	1455
2.1.1	0.7065368567454798	0.000999000999000999	1455
