EC	enrich_score	p_val	where
3	0.0018808777429467085	0.000999000999000999	13
3.1	0.005508262393590386	0.000999000999000999	10
3.1.1	0.014588859416445624	0.000999000999000999	10
