EC	enrich_score	p_val	where
3	0.019278996865203762	0.000999000999000999	413
3.2	0.03817365269461078	0.000999000999000999	244
3.2.1	0.041176470588235294	0.000999000999000999	244
