EC	enrich_score	p_val	where
2	0.12816424157863265	0.000999000999000999	6363
2.4	0.17066233238520925	0.000999000999000999	1045
2.4.1	0.11139369277721262	0.000999000999000999	929
