EC	enrich_score	p_val	where
1	0.021975599000440982	0.000999000999000999	4768
1.14	0.001321003963011889	0.000999000999000999	44
1.14.14	0.0014378145219266715	0.000999000999000999	20
