EC	enrich_score	p_val	where
1	0.4744230486550051	0.000999000999000999	7588
1.2	0.0019212295869356388	0.000999000999000999	3
1.1	0.0011273957158962795	0.000999000999000999	14
1.2.1|1	0.03571428571428571	0.000999000999000999	0
