EC	enrich_score	p_val	where
1	0.47339409084227546	0.000999000999000999	7598
1.3	0.001384083044982699	0.000999000999000999	1
1.1	0.013810597519729425	0.000999000999000999	824
1.3.1	0.0027548209366391185	0.000999000999000999	1
1.1.1	0.011623547056617924	0.000999000999000999	173
