EC	enrich_score	p_val	where
2	0.04763803069563484	0.000999000999000999	4058
2.7	0.14099347717009533	0.000999000999000999	653
2.7.1	0.1310344827586207	0.000999000999000999	404
