EC	enrich_score	p_val	where
6	0.20615384615384616	0.000999000999000999	490
2	0.08291807853298784	0.000999000999000999	7101
6.2	0.03490759753593429	0.000999000999000999	34
6.2.1	0.0367965367965368	0.000999000999000999	34
