EC	enrich_score	p_val	where
2	0.07723739286426151	0.000999000999000999	4932
2.4	0.0337261275904104	0.000999000999000999	234
2.4.99	0.18248175182481752	0.000999000999000999	54
