EC	enrich_score	p_val	where
1	0.4723651330295458	0.000999000999000999	7647
1.1	0.021138669673055242	0.000999000999000999	369
1.1.1	0.025871766029246346	0.000999000999000999	369
