EC	enrich_score	p_val	where
2	0.11451066374327287	0.000999000999000999	5709
2.7	0.013547415955845458	0.000999000999000999	230
2.7.1	0.0034482758620689655	0.000999000999000999	2
