EC	enrich_score	p_val	where
2	0.11959338249950169	0.000999000999000999	1845
2.3	0.45469321414059327	0.000999000999000999	1694
2.3.1	0.4309316200091785	0.000999000999000999	1694
