EC	enrich_score	p_val	where
2	0.001993223041658362	0.000999000999000999	19
2.6	0.044444444444444446	0.000999000999000999	17
2.6.1	0.04825737265415549	0.000999000999000999	17
