EC	enrich_score	p_val	where
6	0.0015384615384615385	0.000999000999000999	4
2	0.10454454853498106	0.000999000999000999	5683
2.7	0.0005017561465127947	0.002997002997002997	0
6.5	0.05714285714285714	0.000999000999000999	4
2.7.1	0.0011494252873563218	0.000999000999000999	0
6.5.1	0.05714285714285714	0.000999000999000999	4
