EC	enrich_score	p_val	where
2	0.0030894957145704604	0.000999000999000999	56
2.6	0.07160493827160494	0.000999000999000999	56
2.6.1	0.07238605898123325	0.000999000999000999	56
