EC	enrich_score	p_val	where
2	0.0004983057604145904	0.01998001998001998	11
3	0.019278996865203762	0.000999000999000999	785
2.7	0.0005017561465127947	0.002997002997002997	11
3.1	0.022033049574361543	0.000999000999000999	150
3.1.4	0.01327433628318584	0.000999000999000999	2
