EC	enrich_score	p_val	where
3	0.005015673981191223	0.000999000999000999	157
2	0.031492924058202115	0.000999000999000999	3225
3.2	0.02245508982035928	0.000999000999000999	157
3.2.1	0.025210084033613446	0.000999000999000999	157
