EC	enrich_score	p_val	where
5	0.0028694404591104736	0.000999000999000999	6
1	0.021387623107452593	0.000999000999000999	2155
1.11	0.003389830508474576	0.000999000999000999	0
5.4	0.013513513513513514	0.000999000999000999	6
1.13	0.0585480093676815	0.000999000999000999	64
1.11.2	0.027777777777777776	0.000999000999000999	0
5.4.4	0.1	0.000999000999000999	6
1.13.11	0.07931034482758621	0.000999000999000999	64
