EC	enrich_score	p_val	where
1	0.03689548728502132	0.000999000999000999	1576
1.14	0.045134302069572876	0.000999000999000999	293
1.14.99	0.01694915254237288	0.000999000999000999	23
1.14.19	0.15430861723446893	0.000999000999000999	283
