EC	enrich_score	p_val	where
1	0.0009554608261061297	0.002997002997002997	12
1.2	0.012487992315081652	0.000999000999000999	12
1.2.4	0.22033898305084745	0.000999000999000999	12
