EC	enrich_score	p_val	where
3	0.004858934169278997	0.000999000999000999	51
3.2	0.015718562874251496	0.000999000999000999	51
3.2.2	0.16030534351145037	0.000999000999000999	51
