EC	enrich_score	p_val	where
1	0.021755108040570337	0.000999000999000999	1785
1.14	0.033905768383971815	0.000999000999000999	264
1.14.19	0.11022044088176353	0.000999000999000999	212
