EC	enrich_score	p_val	where
2	0.10454454853498106	0.000999000999000999	1315
2.1	0.5464174454828661	0.000999000999000999	1267
2.1.1	0.5500695410292072	0.000999000999000999	1267
