EC	enrich_score	p_val	where
4	0.0005257623554153522	0.01998001998001998	0
2	0.00039864460833167234	0.04695304695304695	28
4.2	0.0010471204188481676	0.000999000999000999	0
2.3	0.0004063388866314506	0.002997002997002997	17
4.2.1	0.0018248175182481751	0.000999000999000999	0
2.3.1	0.0004589261128958238	0.013986013986013986	17
