EC	enrich_score	p_val	where
3	0.0012539184952978057	0.000999000999000999	16
1	0.0013229457592238718	0.000999000999000999	121
3.1	0.00400600901352028	0.000999000999000999	16
1.1	0.002536640360766629	0.000999000999000999	102
3.1.1	0.007957559681697613	0.000999000999000999	16
