EC	enrich_score	p_val	where
6	0.07615384615384616	0.000999000999000999	231
2	0.08421367351006577	0.000999000999000999	6491
6.3	0.050387596899224806	0.000999000999000999	65
6.3.-	0.5714285714285714	0.000999000999000999	5
