EC	enrich_score	p_val	where
1	0.47383507276201675	0.000999000999000999	7629
1.1	0.04650507328072153	0.000999000999000999	358
1.1.1	0.05586801649793776	0.000999000999000999	358
