EC	enrich_score	p_val	where
2	0.014151883595774368	0.000999000999000999	1783
2.3	0.007314099959366111	0.000999000999000999	20
2.3.1	0.0073428178063331805	0.000999000999000999	20
