EC	enrich_score	p_val	where
1	0.4740555637218874	0.000999000999000999	7582
1.2	0.0009606147934678194	0.000999000999000999	7
1.2.1	0.0013123359580052493	0.000999000999000999	7
