EC	enrich_score	p_val	where
2	0.1251744070161451	0.000999000999000999	1513
2.1	0.6797507788161994	0.000999000999000999	1483
2.1.1	0.6947148817802503	0.000999000999000999	1483
