EC	enrich_score	p_val	where
2	0.17161650388678493	0.000999000999000999	4027
2.4	0.5197074360016254	0.000999000999000999	2158
2.4.1	0.45320447609359105	0.000999000999000999	2158
