EC	enrich_score	p_val	where
2	0.13842934024317322	0.000999000999000999	6000
2.4	0.1934173100365705	0.000999000999000999	1003
2.4.1	0.1368260427263479	0.000999000999000999	910
