EC	enrich_score	p_val	where
2	0.1709188758222045	0.000999000999000999	3879
2.4	0.4063388866314506	0.000999000999000999	2226
2.4.2	0.04405286343612335	0.000999000999000999	16
2.4.1	0.30366225839267547	0.000999000999000999	1754
