EC	enrich_score	p_val	where
3	0.00109717868338558	0.000999000999000999	35
3.5	0.004624277456647399	0.000999000999000999	9
3.5.4	0.041237113402061855	0.000999000999000999	9
