EC	enrich_score	p_val	where
2	0.08441299581423162	0.000999000999000999	5639
2.3	0.041040227549776515	0.000999000999000999	209
2.3.1	0.03441945846718678	0.000999000999000999	209
