EC	enrich_score	p_val	where
6	0.16692307692307692	0.000999000999000999	608
2	0.11012557305162447	0.000999000999000999	8175
6.2	0.08008213552361396	0.000999000999000999	52
6.2.1	0.08441558441558442	0.000999000999000999	52
