EC	enrich_score	p_val	where
1	0.47464353961487576	0.000999000999000999	7592
1.1	0.0002818489289740699	0.014985014985014986	0
1.3	0.001384083044982699	0.000999000999000999	4
1.1.1	0.0003749531308586427	0.013986013986013986	0
1.3.1	0.0027548209366391185	0.000999000999000999	4
