EC	enrich_score	p_val	where
2	0.0991628463225035	0.000999000999000999	5312
2.7	0.002007024586051179	0.000999000999000999	3
2.4	0.023161316537992686	0.000999000999000999	580
2.7.8	0.012121212121212121	0.000999000999000999	3
