EC	enrich_score	p_val	where
1	0.01697780391003969	0.000999000999000999	2023
1.14	0.04227212681638045	0.000999000999000999	288
1.14.19	0.1903807615230461	0.000999000999000999	223
