EC	enrich_score	p_val	where
1	0.01874173158900485	0.000999000999000999	1749
1.2	0.0019212295869356388	0.000999000999000999	4
1.2.7	0.03333333333333333	0.000999000999000999	4
