EC	enrich_score	p_val	where
3	0.0034482758620689655	0.000999000999000999	227
2	0.0015945784333266893	0.000999000999000999	717
3.1	0.005007511266900351	0.000999000999000999	9
3.1.21	0.09090909090909091	0.000999000999000999	0
3.1.26	0.1111111111111111	0.000999000999000999	9
