EC	enrich_score	p_val	where
1	0.0014699397324709686	0.000999000999000999	92
1.4	0.006802721088435374	0.000999000999000999	1
1.1	0.0011273957158962795	0.000999000999000999	7
1.4.3	0.014388489208633094	0.000999000999000999	1
1.1.99	0.00411522633744856	0.000999000999000999	6
