EC	enrich_score	p_val	where
5	0.10329985652797705	0.000999000999000999	359
