EC	enrich_score	p_val	where
2	0.026310544149890373	0.000999000999000999	1121
2.7	0.09382839939789263	0.000999000999000999	503
2.7.1	0.008045977011494253	0.000999000999000999	69
