EC	enrich_score	p_val	where
3	0.0034482758620689655	0.000999000999000999	28
2	0.05889974088100459	0.000999000999000999	2029
3.1	0.011016524787180772	0.000999000999000999	28
2.3	0.11986997155627793	0.000999000999000999	681
3.1.2	0.10091743119266056	0.000999000999000999	28
2.3.1	0.11886186324001835	0.000999000999000999	681
