EC	enrich_score	p_val	where
1	0.018080258709392914	0.000999000999000999	6053
