EC	enrich_score	p_val	where
4	0.0015772870662460567	0.000999000999000999	13
4.1	0.0017699115044247787	0.000999000999000999	0
4.1.1	0.003367003367003367	0.000999000999000999	0
