EC	enrich_score	p_val	where
4	0.0015772870662460567	0.000999000999000999	4
2	0.010065776360374725	0.000999000999000999	341
4.1	0.005309734513274336	0.000999000999000999	4
4.1.2	0.02564102564102564	0.000999000999000999	4
