EC	enrich_score	p_val	where
1	0.001543436719094517	0.000999000999000999	71
1.2	0.0009606147934678194	0.000999000999000999	4
1.13	0.00702576112412178	0.000999000999000999	10
1.13.11	0.0034482758620689655	0.000999000999000999	1
