EC	enrich_score	p_val	where
3	0.0032915360501567397	0.000999000999000999	28
3.4	0.022388059701492536	0.000999000999000999	21
3.4.17	0.05	0.000999000999000999	3
