EC	enrich_score	p_val	where
1	0.0012494487726003234	0.000999000999000999	30
5	0.13486370157819225	0.000999000999000999	327
1.15	0.2857142857142857	0.000999000999000999	9
5.1	0.13756613756613756	0.000999000999000999	327
1.15.1	0.2857142857142857	0.000999000999000999	9
