EC	enrich_score	p_val	where
1	0.4719241511098045	0.000999000999000999	7580
1.1	0.04425028184892897	0.000999000999000999	406
1.1.1	0.052868391451068614	0.000999000999000999	406
