EC	enrich_score	p_val	where
2	0.024616304564480766	0.000999000999000999	1426
2.7	0.009533366783743101	0.000999000999000999	379
