EC	enrich_score	p_val	where
1	0.000514478906364839	0.01998001998001998	410
