EC	enrich_score	p_val	where
4	0.002103049421661409	0.000999000999000999	3
4.1	0.007079646017699115	0.000999000999000999	3
4.1.1	0.013468013468013467	0.000999000999000999	3
