EC	enrich_score	p_val	where
2	0.07683874825592985	0.000999000999000999	2199
2.3	0.24705404307192197	0.000999000999000999	1330
2.3.1	0.22625057365764112	0.000999000999000999	1266
