EC	enrich_score	p_val	where
1	0.010877554020285169	0.000999000999000999	1244
1.14	0.00022016732716864817	0.014985014985014986	0
1.13	0.00936768149882904	0.000999000999000999	5
1.14.14	0.0007189072609633358	0.000999000999000999	0
1.13.12	0.0425531914893617	0.000999000999000999	5
