EC	enrich_score	p_val	where
3	0.0034482758620689655	0.000999000999000999	38
3.6	0.0009881422924901185	0.000999000999000999	0
3.1	0.00100150225338007	0.000999000999000999	3
3.6.1	0.004149377593360996	0.000999000999000999	0
3.1.3	0.0038461538461538464	0.000999000999000999	3
