EC	enrich_score	p_val	where
2	0.12537372932031093	0.000999000999000999	1554
2.1	0.7096573208722742	0.000999000999000999	1324
2.1.1	0.7280945757997218	0.000999000999000999	1324
