EC	enrich_score	p_val	where
2	0.0007972892166633447	0.003996003996003996	12
2.1	0.0012461059190031153	0.000999000999000999	5
2.1.2	0.03076923076923077	0.000999000999000999	5
