EC	enrich_score	p_val	where
1	0.4743495516683816	0.000999000999000999	7598
1.14	0.00044033465433729633	0.002997002997002997	13
1.2	0.0038424591738712775	0.000999000999000999	21
1.14.13	0.0018264840182648401	0.000999000999000999	13
1.2.1	0.005249343832020997	0.000999000999000999	21
