EC	enrich_score	p_val	where
3	0.002664576802507837	0.000999000999000999	35
1	0.008746141408202264	0.000999000999000999	3087
3.4	0.014925373134328358	0.000999000999000999	25
3.4.21	0.008064516129032258	0.000999000999000999	0
3.4.14	0.024390243902439025	0.000999000999000999	2
