EC	enrich_score	p_val	where
4	0.09568874868559411	0.000999000999000999	389
4.2	0.18848167539267016	0.000999000999000999	389
4.2.3	0.3014705882352941	0.000999000999000999	381
