EC	enrich_score	p_val	where
4	0.0015772870662460567	0.000999000999000999	2
1	0.012347493752756136	0.000999000999000999	918
4.2	0.0031413612565445027	0.000999000999000999	2
1.14	0.001321003963011889	0.000999000999000999	21
4.2.1	0.0036496350364963502	0.000999000999000999	1
