reaction_id,Prediction
10233,"2.4.2,0.9490035772323608;2.7.7,0.028817791491746902;2.5.1,0.009999347850680351;1.3.1,0.003375847125425935;2.4.1,0.002922241808846593"
11273,"1.1.5,0.7882283329963684;1.3.5,0.07421889156103134;1.8.5,0.06004568189382553;1.4.5,0.02700231596827507;1.6.5,0.026427723467350006"
11381,"1.14.11,0.839790940284729;1.13.11,0.0937514528632164;2.6.1,0.0298171304166317;1.14.20,0.012179568409919739;1.13.12,0.0074926987290382385"
12714,"2.7.1,0.9462271332740784;3.6.1,0.03457708656787872;2.7.4,0.005590422544628382;2.7.9,0.0014486195286735892;2.7.8,0.001423581619746983"
12886,"2.4.1,0.9997027516365051;2.4.2,0.00022444025671575218;2.7.4,2.392646092630457e-05;3.6.1,1.2971278010809328e-05;2.7.7,1.1344995982653927e-05"
13822,"1.14.11,0.9835883378982544;1.1.99,0.005937283392995596;4.1.3,0.003788674483075738;2.6.1,0.0019639560487121344;1.14.20,0.001017277711071074"
14590,"2.1.1,0.9998843669891357;2.8.4,6.956724246265367e-05;2.3.1,1.0535004548728466e-05;1.17.98,1.019519186229445e-05;2.5.1,8.083771717792843e-06"
15086,"3.2.1,0.995513379573822;2.4.1,0.0014894383493810892;4.2.1,0.0004197183297947049;2.3.1,0.0003677378117572516;3.1.4,0.0003183534718118608"
15534,"1.1.1,0.9952913522720337;1.4.1,0.001829707995057106;1.17.1,0.000682905490975827;1.16.1,0.0003318361996207386;1.12.1,0.00030614237766712904"
15594,"3.1.3,0.9948521256446838;3.6.1,0.001177263562567532;3.6.5,0.0007400212343782187;3.6.4,0.0005708056269213557;3.1.7,0.0005305188824422657"
16330,"1.13.11,0.919434130191803;5.4.4,0.05398503318428993;1.3.3,0.005726872012019157;4.2.1,0.0031218347139656544;1.14.99,0.002650640672072768"
16742,"2.3.1,0.9911928772926331;6.2.1,0.004578329622745514;2.3.3,0.001458163489587605;3.1.2,0.001378317829221487;2.3.2,0.00018347895820625126"
17134,"2.7.11,0.9059699773788452;2.7.12,0.05894597992300987;2.7.1,0.028545327484607697;2.7.8,0.002831442281603813;2.7.4,0.001772949704900384"
17610,"2.1.1,0.2239941507577896;1.17.98,0.18147160112857819;2.5.1,0.151507169008255;2.8.4,0.14224675297737122;4.4.1,0.06377303600311279"
18346,"3.3.2,0.06034952402114868;5.1.99,0.05929619446396828;4.1.1,0.050829123705625534;2.2.1,0.0507412925362587;6.1.3,0.038661275058984756"
18758,"1.14.11,0.9306347966194153;1.14.20,0.05452935770153999;1.13.12,0.007326975930482149;1.14.99,0.0019333930686116219;2.6.1,0.0006504189223051071"
18806,"2.7.4,0.1598474532365799;2.7.8,0.05540730059146881;2.3.1,0.052567701786756516;5.2.1,0.034546274691820145;2.6.1,0.0285967905074358"
18882,"6.3.1,0.7011963129043579;6.3.2,0.24086596071720123;6.3.4,0.03433464467525482;3.5.2,0.007705064956098795;6.3.5,0.007271823473274708"
19358,"1.14.13,0.972098708152771;1.6.3,0.014008249156177044;1.14.19,0.00616303039714694;1.18.1,0.0009161304333247244;1.17.1,0.0008312005084007978"
19390,"6.2.1,0.9385568499565125;1.2.1,0.02324916236102581;2.3.1,0.022043438628315926;3.1.2,0.012115377932786942;2.3.3,0.0012274193577468395"
20094,"2.4.1,0.9973957538604736;2.4.2,0.0024803997948765755;2.3.1,5.812837844132446e-05;2.7.8,3.214400203432888e-05;2.7.1,1.6472737115691416e-05"
20330,"2.7.11,0.9059699773788452;2.7.12,0.05894597992300987;2.7.1,0.028545327484607697;2.7.8,0.002831442281603813;2.7.4,0.001772949704900384"
20350,"1.14.13,0.9877673387527466;1.6.3,0.006374479737132788;1.14.12,0.0014708441449329257;1.6.5,0.0008776210015639663;1.3.1,0.0006513046682812274"
20362,"1.14.15,0.517021656036377;1.14.19,0.4260617196559906;1.14.13,0.019368277862668037;1.13.11,0.00923734437674284;1.14.99,0.0038534256163984537"
20713,"2.3.1,0.99836665391922;2.6.1,0.0008615914266556501;2.3.3,0.0002221317117800936;6.2.1,0.00019062819774262607;4.1.1,0.00011929753964068368"
20733,"2.7.4,0.1598474532365799;2.7.8,0.05540730059146881;2.3.1,0.052567701786756516;5.2.1,0.034546274691820145;2.6.1,0.0285967905074358"
20929,"1.8.5,0.98398756980896;1.3.5,0.006151907611638308;1.1.5,0.0022089239209890366;1.6.5,0.001001044176518917;1.8.4,0.0009192696306854486"
22265,"1.14.14,0.7652868628501892;1.14.19,0.10600679367780685;1.5.8,0.048510219901800156;1.5.1,0.019504506140947342;1.14.99,0.012389397248625755"
22685,"1.14.99,0.7647156715393066;1.14.19,0.06808358430862427;1.97.1,0.03389076516032219;1.5.99,0.02227073535323143;1.17.99,0.01625536009669304"
23121,"3.6.1,0.30846738815307617;3.6.5,0.28236863017082214;3.6.4,0.22018170356750488;6.3.5,0.06133836880326271;5.6.2,0.05911293625831604"
23817,"2.6.1,0.9928690791130066;4.1.1,0.003511437913402915;1.4.1,0.0013277580728754401;5.4.3,0.0009348504827357829;4.4.1,0.00018637806351762265"
24025,"2.6.1,0.995381772518158;5.4.3,0.0015900838188827038;1.4.1,0.000638304278254509;4.4.1,0.0006086817011237144;4.3.1,0.0004500139912124723"
24449,"2.4.1,0.9882289171218872;2.4.2,0.011451526544988155;2.7.4,0.0001523840765003115;2.7.8,9.578241588314995e-05;2.7.7,1.3722586118092295e-05"
24830,"6.3.1,0.47929659485816956;6.3.4,0.33819153904914856;6.3.2,0.07446226477622986;3.5.2,0.02816079743206501;6.3.3,0.025435859337449074"
26157,"1.1.1,0.9948687553405762;5.1.3,0.0016235364601016045;1.17.1,0.0009205866954289377;1.12.1,0.00045625268830917776;1.4.1,0.00027933064848184586"
27611,"4.1.1,0.8155837059020996;1.2.2,0.06579239666461945;1.17.98,0.029059533029794693;1.2.3,0.00881802849471569;1.2.98,0.008056613616645336"
27651,"2.7.1,0.9969602227210999;2.7.4,0.0014330529375001788;2.7.8,0.0006627529510296881;2.7.12,0.0002975033421535045;2.7.11,0.00022492010612040758"
27711,"2.7.1,0.9969602227210999;2.7.4,0.0014330529375001788;2.7.8,0.0006627529510296881;2.7.12,0.0002975033421535045;2.7.11,0.00022492010612040758"
27759,"2.1.2,0.6531414985656738;1.5.1,0.3437972366809845;4.3.1,0.0026099374517798424;2.1.1,0.00022275742958299816;1.4.1,0.00010458093311171979"
27787,"2.3.1,0.4670567214488983;1.1.1,0.23581525683403015;1.2.1,0.20313526690006256;1.8.1,0.03374664485454559;1.4.1,0.02565336786210537"
28011,"2.8.3,0.9033710956573486;2.7.4,0.04062478616833687;2.3.1,0.007382087409496307;5.2.1,0.005204744171351194;6.2.1,0.0030790483579039574"
28043,"1.2.1,0.8176825642585754;1.1.1,0.11020474880933762;2.3.1,0.041883889585733414;1.8.1,0.015719331800937653;2.3.3,0.004135210998356342"
28051,"3.1.3,0.9746422171592712;3.6.1,0.007618575822561979;3.6.5,0.003617781214416027;3.6.4,0.002479902468621731;2.7.7,0.002038695616647601"
28191,"3.5.4,0.99993896484375;3.5.1,2.4269080313388258e-05;6.3.4,9.31487011257559e-06;3.5.5,7.065217687340919e-06;3.5.99,4.644640739570605e-06"
28331,"3.6.1,0.30846738815307617;3.6.5,0.28236863017082214;3.6.4,0.22018170356750488;6.3.5,0.06133836880326271;5.6.2,0.05911293625831604"
28375,"6.3.2,0.9866355061531067;2.7.7,0.002925511682406068;3.6.4,0.001508911605924368;3.6.5,0.0014810721622779965;6.3.1,0.00105384923517704"
28387,"2.7.4,0.1598474532365799;2.7.8,0.05540730059146881;2.3.1,0.052567701786756516;5.2.1,0.034546274691820145;2.6.1,0.0285967905074358"
28403,"2.7.1,0.4555974006652832;2.4.1,0.21595147252082825;2.7.4,0.11669489741325378;2.4.2,0.106731116771698;2.7.7,0.04591967165470123"
28407,"3.6.1,0.30846738815307617;3.6.5,0.28236863017082214;3.6.4,0.22018170356750488;6.3.5,0.06133836880326271;5.6.2,0.05911293625831604"
28539,"2.7.1,0.6162570714950562;2.7.4,0.10920432955026627;2.4.2,0.09796549379825592;2.7.7,0.05901821330189705;2.4.1,0.044603511691093445"
28676,"5.1.3,0.9750770330429077;3.2.1,0.020312853157520294;2.4.1,0.002713126828894019;5.3.1,0.0003883442550431937;2.3.1,0.0003497231809888035"
29768,"3.6.1,0.30846738815307617;3.6.5,0.28236863017082214;3.6.4,0.22018170356750488;6.3.5,0.06133836880326271;5.6.2,0.05911293625831604"
29776,"2.7.1,0.9949776530265808;2.7.4,0.0022045341320335865;2.7.8,0.0009044275502674282;5.4.2,0.0005991224898025393;2.7.12,0.0004701700818259269"
29780,"3.6.1,0.30846738815307617;3.6.5,0.28236863017082214;3.6.4,0.22018170356750488;6.3.5,0.06133836880326271;5.6.2,0.05911293625831604"
29792,"3.6.1,0.30846738815307617;3.6.5,0.28236863017082214;3.6.4,0.22018170356750488;6.3.5,0.06133836880326271;5.6.2,0.05911293625831604"
29796,"3.6.1,0.30846738815307617;3.6.5,0.28236863017082214;3.6.4,0.22018170356750488;6.3.5,0.06133836880326271;5.6.2,0.05911293625831604"
29800,"3.6.1,0.30846738815307617;3.6.5,0.28236863017082214;3.6.4,0.22018170356750488;6.3.5,0.06133836880326271;5.6.2,0.05911293625831604"
29812,"3.6.1,0.30846738815307617;3.6.5,0.28236863017082214;3.6.4,0.22018170356750488;6.3.5,0.06133836880326271;5.6.2,0.05911293625831604"
29996,"3.6.1,0.30846738815307617;3.6.5,0.28236863017082214;3.6.4,0.22018170356750488;6.3.5,0.06133836880326271;5.6.2,0.05911293625831604"
30000,"3.6.1,0.30846738815307617;3.6.5,0.28236863017082214;3.6.4,0.22018170356750488;6.3.5,0.06133836880326271;5.6.2,0.05911293625831604"
30084,"1.16.3,0.5294873118400574;1.4.9,0.09173817187547684;1.20.9,0.016318023204803467;1.15.1,0.015850486233830452;1.17.9,0.01516201626509428"
30112,"3.1.1,0.9991931319236755;4.2.1,0.00031328361365012825;3.8.1,0.00010561454837443307;3.3.2,9.117680747294798e-05;1.2.98,5.572580630541779e-05"
30392,"2.6.1,0.9782742857933044;2.7.4,0.003982119727879763;2.3.1,0.0033372321631759405;5.4.3,0.001424178248271346;2.7.8,0.0011853629257529974"
30688,"4.1.3,0.994866132736206;4.1.2,0.003261749166995287;1.1.99,0.000630839029327035;1.1.2,0.00016655340732540935;5.3.2,0.00014495092909783125"
30700,"2.6.1,0.9830868244171143;4.1.1,0.012736995704472065;5.4.3,0.002287979470565915;1.4.1,0.0008471404435113072;4.3.1,0.00026671457453630865"
30872,"2.7.1,0.9969602227210999;2.7.4,0.0014330529375001788;2.7.8,0.0006627529510296881;2.7.12,0.0002975033421535045;2.7.11,0.00022492010612040758"
31156,"1.2.1,0.8664085865020752;1.4.1,0.08715661615133286;1.17.1,0.010189655236899853;1.7.1,0.008605027571320534;1.3.1,0.006322373636066914"
31228,"2.4.1,0.9975612163543701;2.4.2,0.0013131484156474471;2.7.8,0.0005363110103644431;3.6.1,0.00011604678729781881;2.7.4,0.00010070576536236331"
31236,"2.6.1,0.8163390159606934;2.7.4,0.03464944660663605;2.3.1,0.01652783900499344;5.1.1,0.014914380386471748;2.7.8,0.008018974214792252"
31416,"4.2.3,0.9984027743339539;5.5.1,0.001563037047162652;5.3.3,2.2995145627646707e-05;5.4.99,6.812161245761672e-06;2.5.1,3.611544343584683e-06"
31424,"4.2.3,0.9987199306488037;5.5.1,0.0011833050521090627;5.4.99,4.888360854238272e-05;2.5.1,3.351458508404903e-05;5.3.3,7.980615919223055e-06"
32588,"1.14.13,0.951513946056366;1.1.1,0.03805607184767723;1.6.3,0.002724667079746723;1.14.19,0.002478739945217967;1.4.1,0.0009527051006443799"
32764,"6.3.2,0.7266477942466736;6.3.1,0.22315414249897003;6.3.4,0.006316097918897867;3.6.4,0.0045711505226790905;2.7.4,0.003907248843461275"
32980,"3.1.1,0.856647789478302;2.3.1,0.058256737887859344;2.7.1,0.01721629872918129;2.7.8,0.01701907441020012;3.2.1,0.014274139888584614"
33032,"1.1.1,0.9992584586143494;5.3.1,0.0003244907420594245;5.1.3,0.0002832124300766736;1.1.99,4.075823017046787e-05;1.17.1,2.1020312487962656e-05"
33088,"5.3.1,0.5848697423934937;4.1.3,0.1486271470785141;4.1.2,0.09473986178636551;5.5.1,0.05780252069234848;1.1.1,0.02276386320590973"
33148,"3.6.1,0.30846738815307617;3.6.5,0.28236863017082214;3.6.4,0.22018170356750488;6.3.5,0.06133836880326271;5.6.2,0.05911293625831604"
33156,"3.1.3,0.9959143996238708;2.7.8,0.0009789590258151293;3.6.1,0.0005557762924581766;3.1.7,0.0005535256350412965;4.2.3,0.0003849445201922208"
33276,"3.1.1,0.996605634689331;3.2.1,0.0011274210410192609;3.6.1,0.00038093014154583216;3.1.2,0.0003182860091328621;3.5.1,0.00014321287744678557"
33688,"2.3.1,0.9994274377822876;3.1.2,0.0002382281090831384;6.2.1,0.00019391224486753345;2.3.2,2.9315260690054856e-05;2.3.3,1.6343015886377543e-05"
33796,"3.2.1,0.9763466119766235;2.4.1,0.011535974219441414;5.1.3,0.005148626398295164;5.4.99,0.002636207267642021;4.2.1,0.0013253812212496996"
34800,"2.3.1,0.9977813363075256;2.3.3,0.00047144232667051256;4.1.3,0.0004353723779786378;5.4.99,0.00029326448566280305;5.3.3,0.00020834096358157694"
35264,"3.1.1,0.8950626850128174;2.7.1,0.02507816068828106;3.2.1,0.01880412921309471;4.2.1,0.007513098884373903;3.1.4,0.004824597388505936"
35580,"2.3.1,0.9894790053367615;2.3.2,0.0018918632995337248;5.4.99,0.0013966029509902;2.7.1,0.001272567198611796;2.7.8,0.0007262211875058711"
35816,"2.4.2,0.9810349345207214;4.1.1,0.01234752219170332;2.7.7,0.0024360099341720343;2.5.1,0.0021266289986670017;2.4.1,0.0007553913164883852"
36080,"2.7.8,0.978596568107605;2.4.1,0.007851198315620422;2.7.1,0.004294256214052439;2.3.1,0.0017618810525164008;2.7.11,0.0009640795760788023"
36228,"2.7.8,0.9934120774269104;2.7.1,0.0058006527833640575;4.6.1,0.0002674194984138012;3.1.4,0.00021919343271292746;2.4.3,9.134806168731302e-05"
36252,"6.2.1,0.9888688325881958;1.2.1,0.006034845486283302;2.3.1,0.0018909192876890302;3.1.2,0.0016220322577282786;2.7.4,0.0008322842186316848"
36308,"4.1.2,0.7531039714813232;2.3.1,0.12628312408924103;2.8.3,0.04627125337719917;4.2.1,0.02820233255624771;4.1.3,0.0071292719803750515"
38356,"4.2.1,0.5995036959648132;2.8.3,0.10759610682725906;4.1.2,0.04518049582839012;2.3.1,0.02883121185004711;1.3.1,0.0262855626642704"
38460,"2.3.1,0.9891820549964905;3.1.2,0.005023772828280926;6.2.1,0.0025924379006028175;2.3.3,0.0011867007706314325;2.3.2,0.0008165628532879055"
40720,"2.1.1,0.9979185461997986;2.5.1,0.000995307113043964;2.3.1,0.000747671234421432;2.7.8,0.00019621275714598596;1.8.4,7.060244388412684e-05"
41945,"2.7.2,0.9344425797462463;2.7.4,0.051262419670820236;2.7.1,0.005992069374769926;6.3.1,0.0007883749785833061;2.7.7,0.0007481473730877042"
41949,"1.2.1,0.9968754053115845;1.1.1,0.0012439136626198888;1.17.1,0.0002817249915096909;2.5.1,0.0002596788399387151;1.3.1,0.0001903282100101933"
41953,"2.6.1,0.9921412467956543;4.1.1,0.0037755421362817287;5.4.3,0.002556280232965946;1.4.1,0.0008990708156488836;2.3.1,0.0001691969227977097"
42213,"3.1.1,0.7507588863372803;4.2.1,0.05010906979441643;2.7.1,0.03562706708908081;3.2.1,0.029385900124907494;3.8.1,0.014997062273323536"
42269,"2.3.1,0.9578376412391663;4.1.1,0.039302658289670944;1.2.7,0.0009463177993893623;1.2.1,0.00033331612939946353;3.1.2,0.0002515034284442663"
42273,"2.3.1,0.9266194701194763;4.1.1,0.07167372852563858;1.2.7,0.0003555219736881554;1.2.3,0.00024678034242242575;3.1.2,0.00013072836736682802"
42277,"2.3.1,0.9964304566383362;4.1.1,0.0033261084463447332;1.2.7,5.960566340945661e-05;6.2.1,2.4439077606075443e-05;3.1.2,2.255357503599953e-05"
42409,"2.7.1,0.9949776530265808;2.7.4,0.0022045341320335865;2.7.8,0.0009044275502674282;5.4.2,0.0005991224898025393;2.7.12,0.0004701700818259269"
42413,"2.7.7,0.4697394371032715;2.7.1,0.27587971091270447;2.7.4,0.12272538989782333;2.7.6,0.017602205276489258;2.7.9,0.016843149438500404"
42441,"1.4.1,0.7560907006263733;1.5.1,0.06912840157747269;1.2.1,0.024740135297179222;1.16.1,0.02063526026904583;4.3.1,0.020300311967730522"
42489,"2.3.1,0.9219808578491211;3.1.2,0.039413608610630035;6.2.1,0.02546745166182518;2.3.3,0.005037556402385235;2.3.2,0.0034584139939397573"
42493,"1.14.14,0.9985666871070862;1.14.19,0.0011167679913342;1.19.6,8.371949661523104e-05;1.5.1,6.982229388086125e-05;1.14.99,5.136029722052626e-05"
42717,"2.5.1,0.8646152019500732;2.8.1,0.09364785999059677;3.1.7,0.017236921936273575;3.6.1,0.009079976938664913;2.7.6,0.00364438584074378"
43637,"2.3.1,0.5429951548576355;2.3.2,0.4223804175853729;3.5.1,0.019756408408284187;3.2.2,0.011891827918589115;3.5.4,0.00071787677006796"
43641,"2.3.1,0.990362823009491;4.1.1,0.009138340130448341;1.2.7,9.247310663340613e-05;1.2.3,5.745132875745185e-05;6.2.1,5.514207077794708e-05"
43765,"6.2.1,0.9983672499656677;1.2.1,0.0006401885184459388;3.1.2,0.000598257000092417;2.8.3,0.00013397610746324062;2.7.4,0.00010940360516542569"
44061,"2.3.1,0.9955216646194458;6.2.1,0.002216737950220704;3.1.2,0.0013855992583557963;2.3.3,0.00026771074044518173;2.8.3,0.0001923788368003443"
44141,"1.14.14,0.5613078474998474;2.3.3,0.11199241876602173;2.3.1,0.08987929672002792;3.1.2,0.039989881217479706;1.5.1,0.03765227273106575"
44181,"1.3.8,0.7079678773880005;1.14.14,0.18330876529216766;1.5.1,0.022246550768613815;1.5.8,0.021266579627990723;2.5.1,0.019967779517173767"
44649,"3.1.1,0.9934272766113281;3.2.1,0.0027417149394750595;2.3.1,0.001536137075163424;2.7.8,0.0010647911112755537;3.1.4,0.0005245455540716648"
44769,"4.1.1,0.9920874238014221;1.13.11,0.0019118433119729161;1.2.3,0.0017589402850717306;1.17.98,0.000876198522746563;3.1.1,0.0005686699296347797"
45233,"1.3.1,0.9935506582260132;5.3.3,0.004287245683372021;1.16.1,0.0002473804634064436;1.1.1,0.00022662425180897117;1.17.1,0.00022114133753348142"
45701,"1.14.13,0.9672370553016663;1.6.3,0.0223773755133152;1.14.19,0.0021820045076310635;1.17.1,0.0008577199769206345;1.18.1,0.0008391807787120342"
45717,"3.1.2,0.9420733451843262;1.2.1,0.037817396223545074;6.2.1,0.008933370001614094;2.3.3,0.004011896904557943;2.3.1,0.003124537179246545"
45757,"2.1.2,0.39448192715644836;2.1.1,0.3449001610279083;1.5.3,0.22543193399906158;1.5.1,0.02916734106838703;1.4.3,0.0033936097752302885"
45821,"2.8.3,0.7024367451667786;2.3.1,0.0696936771273613;2.7.4,0.053166504949331284;5.4.99,0.03936447948217392;4.2.1,0.03431880846619606"
45913,"1.3.1,0.5949795842170715;5.3.3,0.4047379493713379;1.3.99,9.09430455067195e-05;1.1.1,4.038757106172852e-05;2.5.1,1.6500915080541745e-05"
46001,"2.5.1,0.9884896874427795;4.2.3,0.0064878989942371845;3.6.1,0.0015047467313706875;3.1.7,0.000838839856442064;3.5.4,0.0007401549373753369"
46309,"1.14.14,0.9993174076080322;1.14.19,0.0004342790925875306;1.14.99,7.295636169146746e-05;1.17.7,4.8814061301527545e-05;1.19.6,3.2049698347691447e-05"
47045,"2.3.1,0.7394459843635559;4.1.3,0.037098370492458344;2.6.1,0.02413160726428032;2.7.4,0.020522749051451683;2.8.3,0.020040683448314667"
47129,"6.2.1,0.9983672499656677;1.2.1,0.0006401885184459388;3.1.2,0.000598257000092417;2.8.3,0.00013397610746324062;2.7.4,0.00010940360516542569"
47137,"6.2.1,0.9983672499656677;1.2.1,0.0006401885184459388;3.1.2,0.000598257000092417;2.8.3,0.00013397610746324062;2.7.4,0.00010940360516542569"
47621,"1.14.11,0.5453802347183228;4.1.1,0.30298614501953125;3.1.6,0.06081885099411011;1.14.20,0.033246126025915146;1.13.11,0.01313705276697874"
48129,"3.6.1,0.9816552400588989;2.7.9,0.010187351144850254;3.1.7,0.0018851840868592262;3.6.5,0.00084906374104321;2.5.1,0.0008341287611983716"
48637,"4.2.1,0.991081714630127;1.13.11,0.0039933789521455765;5.4.4,0.0034967081155627966;1.14.99,0.0002086224121740088;3.2.1,0.00014322104107122868"
48685,"3.5.2,0.3683856129646301;3.5.1,0.24867594242095947;2.6.1,0.14281906187534332;1.13.12,0.06423665583133698;5.4.3,0.029978785663843155"
50237,"1.14.14,0.9993174076080322;1.14.19,0.0004342790925875306;1.14.99,7.295636169146746e-05;1.17.7,4.8814061301527545e-05;1.19.6,3.2049698347691447e-05"
50305,"1.14.14,0.9994012117385864;1.14.19,0.0003252857131883502;1.5.1,7.650347833987325e-05;1.19.6,5.52331366634462e-05;1.14.99,3.455405749264173e-05"
50309,"1.14.14,0.9992926120758057;1.14.19,0.00048606484779156744;1.5.1,5.5108230299083516e-05;1.14.99,4.5918401156086475e-05;1.19.6,3.582279532565735e-05"
50337,"1.14.14,0.999363124370575;1.14.19,0.000533180427737534;1.17.7,2.3956365112098865e-05;1.19.6,2.2945727323531173e-05;1.5.1,1.2163870451331604e-05"
51429,"2.3.1,0.997542142868042;6.2.1,0.0013243058929219842;3.1.2,0.000580811349209398;2.3.3,0.0003504794149193913;1.2.1,5.230054375715554e-05"
51505,"2.4.1,0.9839178323745728;2.4.2,0.015309005044400692;2.7.8,0.0003821486607193947;2.7.1,0.00018701879889704287;2.7.4,6.336736987577751e-05"
51589,"1.1.1,0.9959320425987244;1.2.1,0.0026632421649992466;1.17.1,0.00028902466874569654;1.4.1,0.00020303566998336464;1.12.1,0.0001798600860638544"
51637,"1.8.5,0.5207639932632446;1.3.5,0.26018479466438293;1.1.5,0.07835584878921509;1.2.5,0.05235053971409798;1.4.5,0.021967971697449684"
52321,"1.14.14,0.9930880665779114;1.14.19,0.00499351229518652;1.14.99,0.0010719572892412543;1.19.6,0.00014671737153548747;1.14.13,0.0001462089567212388"
52541,"2.4.2,0.9952539205551147;2.7.8,0.0020530223846435547;3.2.2,0.0008299130713567138;2.7.7,0.0004906415706500411;3.1.3,0.0004165607679169625"
52613,"1.3.8,0.7966711521148682;1.14.14,0.13170327246189117;1.5.8,0.034389663487672806;1.5.1,0.019570987671613693;1.19.6,0.006148329470306635"
52625,"6.3.2,0.8443293571472168;6.3.1,0.1219954565167427;3.5.2,0.016767345368862152;6.3.4,0.008534498512744904;3.5.1,0.0019550235010683537"
52633,"2.7.2,0.9344425797462463;2.7.4,0.051262419670820236;2.7.1,0.005992069374769926;6.3.1,0.0007883749785833061;2.7.7,0.0007481473730877042"
52669,"1.2.1,0.9968754053115845;1.1.1,0.0012439136626198888;1.17.1,0.0002817249915096909;2.5.1,0.0002596788399387151;1.3.1,0.0001903282100101933"
52673,"2.6.1,0.9921412467956543;4.1.1,0.0037755421362817287;5.4.3,0.002556280232965946;1.4.1,0.0008990708156488836;2.3.1,0.0001691969227977097"
52677,"3.5.2,0.3683856129646301;3.5.1,0.24867594242095947;2.6.1,0.14281906187534332;1.13.12,0.06423665583133698;5.4.3,0.029978785663843155"
52681,"2.3.1,0.9995834231376648;3.1.2,0.00022381864255294204;2.3.3,9.541884355712682e-05;6.2.1,4.635244476958178e-05;2.3.2,1.681374851614237e-05"
52825,"1.14.13,0.9545270204544067;1.1.1,0.03702481463551521;1.6.3,0.0024897379335016012;1.14.19,0.0015605960506945848;3.1.1,0.000752279709558934"
52829,"1.14.13,0.955910861492157;1.1.1,0.033369943499565125;1.14.19,0.0024711922742426395;1.6.3,0.002264006994664669;1.4.1,0.0015793954953551292"
53409,"1.14.13,0.9926782846450806;1.14.99,0.0022372202947735786;1.14.19,0.0013861990300938487;1.6.3,0.0009578040917403996;1.1.1,0.0007616512011736631"
53413,"1.14.13,0.9936311841011047;1.14.99,0.0018473597010597587;1.14.19,0.0014502546982839704;1.1.1,0.0006935131968930364;1.6.3,0.0005320413620211184"
53777,"1.13.11,0.8415541648864746;2.3.1,0.06046378239989281;3.13.1,0.011062653735280037;1.14.99,0.008325591683387756;1.8.4,0.008091880939900875"
53829,"1.14.11,0.9402024149894714;1.14.20,0.011822862550616264;1.2.3,0.007090173661708832;1.4.3,0.005798982456326485;1.13.12,0.005623260512948036"
53833,"4.1.1,0.6267231702804565;1.14.11,0.3058716058731079;1.2.3,0.034644193947315216;1.13.11,0.012814478017389774;1.14.20,0.007084366399794817"
53837,"2.3.1,0.9985499978065491;3.1.2,0.0006449222564697266;2.3.2,0.00028400987503118813;3.5.1,0.00015626497042831033;6.2.1,0.0001375416322844103"
54257,"1.14.11,0.9964588284492493;2.6.1,0.0011471209581941366;1.14.20,0.0008409120491705835;1.14.99,0.0003145873488392681;1.13.12,0.0002891157637350261"
54413,"1.3.1,0.9993748068809509;1.3.99,0.00023682927712798119;1.1.1,0.0001302895980188623;1.17.1,4.309865107643418e-05;1.12.1,1.9841445464408025e-05"
54421,"3.1.4,0.825240433216095;3.6.1,0.13080120086669922;2.7.8,0.014260615222156048;3.1.7,0.009256605058908463;3.1.3,0.0035363100469112396"
54877,"3.1.1,0.9604953527450562;3.7.1,0.013827129267156124;4.1.2,0.007802217733114958;4.1.1,0.0067919036373496056;2.5.1,0.0014592880615964532"
54881,"3.1.1,0.95201575756073;3.7.1,0.016603948548436165;4.1.2,0.008744235150516033;4.1.1,0.006934531033039093;4.1.3,0.0015717099886387587"
55009,"1.14.13,0.9708649516105652;1.14.99,0.00917853508144617;4.2.1,0.0032233241945505142;1.3.1,0.0026440382935106754;1.6.3,0.002409709617495537"
55013,"1.14.13,0.9680327773094177;1.14.99,0.009900552220642567;1.6.3,0.003128093434497714;4.2.1,0.0030178928282111883;1.2.1,0.0023881352972239256"
55041,"2.3.1,0.990362823009491;4.1.1,0.009138340130448341;1.2.7,9.247310663340613e-05;1.2.3,5.745132875745185e-05;6.2.1,5.514207077794708e-05"
56005,"3.2.1,0.31079337000846863;4.2.1,0.12274640798568726;3.6.1,0.0905296728014946;3.1.3,0.05568564683198929;3.1.2,0.01970903016626835"
56009,"3.2.1,0.35100507736206055;3.6.1,0.09089729934930801;4.2.1,0.08161903917789459;3.1.3,0.04519413411617279;3.1.2,0.018878033384680748"
56029,"3.2.1,0.35100507736206055;3.6.1,0.09089729934930801;4.2.1,0.08161903917789459;3.1.3,0.04519413411617279;3.1.2,0.018878033384680748"
56045,"3.2.1,0.31079337000846863;4.2.1,0.12274640798568726;3.6.1,0.0905296728014946;3.1.3,0.05568564683198929;3.1.2,0.01970903016626835"
56125,"4.2.3,0.9766842126846313;3.1.7,0.02073688991367817;1.3.99,0.0012251747539266944;2.5.1,0.0005928294267505407;3.6.1,0.0002415071940049529"
56129,"4.2.3,0.6585443615913391;3.1.7,0.13658706843852997;3.6.1,0.11932063102722168;2.5.1,0.05758551135659218;1.3.99,0.014743021689355373"
56517,"1.3.3,0.4875431954860687;1.11.1,0.4284226596355438;1.11.2,0.036929789930582047;4.2.1,0.007216829806566238;1.1.3,0.004256389103829861"
56521,"1.3.98,0.8889396786689758;1.17.98,0.025307515636086464;2.1.1,0.01865127868950367;1.21.98,0.014090207405388355;4.4.1,0.008688216097652912"
56709,"1.14.14,0.999630331993103;1.14.19,0.00018057963461615145;1.19.6,6.725269486196339e-05;1.5.1,3.688877768581733e-05;1.17.7,2.629221671668347e-05"
56745,"1.14.11,0.9925861954689026;1.14.20,0.002306821756064892;2.6.1,0.0019700878765434027;1.13.12,0.0014608824858441949;1.14.99,0.00026554978103376925"
56753,"1.14.15,0.9195125102996826;1.14.19,0.03732188791036606;1.2.7,0.007817058824002743;1.17.7,0.006390008144080639;4.2.1,0.00508153485134244"
56829,"1.8.4,0.5084275007247925;1.8.5,0.16533054411411285;1.8.1,0.11158619076013565;1.17.4,0.03974892199039459;4.4.1,0.02426028810441494"
56833,"1.8.4,0.6602761149406433;1.8.1,0.12315956503152847;1.17.4,0.04161722585558891;1.20.4,0.025047503411769867;1.8.5,0.021768590435385704"
56845,"2.1.1,0.9994365572929382;2.3.1,0.00023981589765753597;2.8.4,0.00021033835946582258;2.5.1,3.6636865843320265e-05;1.17.98,1.924380921991542e-05"
56865,"1.2.1,0.9956128597259521;3.1.2,0.002080112462863326;2.3.1,0.0014936313964426517;1.8.1,0.0001718203566269949;1.3.1,0.00015303821419365704"
56909,"3.1.1,0.7895308136940002;2.5.1,0.1354057490825653;2.3.1,0.025793541222810745;4.1.1,0.01836422272026539;5.3.3,0.004907076712697744"
56941,"5.3.1,0.6600978970527649;4.1.2,0.27056360244750977;1.1.1,0.024300022050738335;2.3.1,0.010986261069774628;1.1.99,0.006366654299199581"
56997,"5.3.1,0.39460182189941406;4.1.2,0.3850315511226654;2.3.1,0.039536986500024796;2.6.1,0.02933265082538128;4.1.3,0.018055759370326996"
57021,"2.7.1,0.8696674704551697;2.7.4,0.10925621539354324;2.7.7,0.00476019037887454;2.7.12,0.0045716892927885056;2.7.11,0.003355999942868948"
57025,"2.2.1,0.9776214361190796;4.1.2,0.015247507020831108;5.3.1,0.0036980891600251198;5.1.3,0.001385871204547584;5.1.2,0.00030885639716871083"
57045,"1.1.1,0.9945618510246277;1.17.1,0.0012753222836181521;1.4.1,0.0005944502772763371;1.2.1,0.0005456330254673958;1.12.1,0.00045460701221600175"
57053,"4.1.1,0.8791743516921997;2.2.1,0.07415477186441422;4.2.1,0.017970029264688492;4.1.2,0.0085022347047925;4.1.3,0.003290829947218299"
57057,"1.1.1,0.9982120990753174;1.2.1,0.0003974934224970639;1.17.1,0.00023992423666641116;1.12.1,0.00014445932174567133;1.16.1,0.0001121808381867595"
57061,"3.1.1,0.9955190420150757;3.6.1,0.0015410505002364516;2.7.2,0.0005367715493775904;3.1.2,0.0005340744974091649;1.2.1,0.0002315227029612288"
57065,"3.1.1,0.9973824620246887;4.2.1,0.0009186253882944584;4.1.1,0.00040224092663265765;5.5.1,0.00017256903811357915;4.1.2,0.00010031354031525552"
57069,"2.7.1,0.9926306009292603;2.7.4,0.0064778863452374935;2.7.8,0.00021459412528201938;2.7.7,0.0002092088689096272;2.7.12,0.00016082660295069218"
57073,"4.1.1,0.7834274768829346;2.2.1,0.12443164736032486;4.2.1,0.030689598992466927;4.1.2,0.016398074105381966;4.1.3,0.009687526151537895"
57077,"4.2.1,0.9754641056060791;2.7.1,0.004122529644519091;4.1.3,0.0033999939914792776;3.8.1,0.0026071802712976933;5.4.2,0.0013871637638658285"
57081,"1.8.4,0.5281304717063904;1.8.1,0.25786295533180237;4.4.1,0.04213915020227432;1.17.4,0.04196001961827278;1.8.7,0.025728125125169754"
57101,"5.1.3,0.8705112934112549;5.3.1,0.05952883139252663;2.6.1,0.018569445237517357;2.7.1,0.008605992421507835;1.1.1,0.007496007718145847"
57153,"1.14.11,0.9952439665794373;2.6.1,0.0012652019504457712;1.1.99,0.0009743047994561493;1.14.20,0.0007518795318901539;1.13.12,0.0004344433546066284"
57377,"1.14.14,0.9975161552429199;1.14.19,0.0019207290606573224;1.14.99,0.00014912965707480907;1.19.6,0.00012862597941420972;1.5.1,5.988610428175889e-05"
57385,"2.3.1,0.9971342086791992;2.3.3,0.0012483774917200208;3.1.2,0.000863999652210623;6.2.1,0.00037559110205620527;1.2.1,0.00011109013576060534"
57389,"1.14.14,0.9972875118255615;1.14.19,0.002304104855284095;1.5.1,0.00011948199244216084;1.19.6,8.508752944180742e-05;1.14.99,5.425602648756467e-05"
57397,"2.1.1,0.995693027973175;2.8.4,0.001495701028034091;2.3.1,0.0010101509978994727;2.5.1,0.0007840953185223043;1.3.98,0.00019561579392757267"
57401,"3.1.1,0.997961163520813;4.1.1,0.0005838393117301166;1.2.1,0.00040097880992107093;1.2.3,0.00020920725364703685;1.1.1,0.00014724201173521578"
57581,"5.1.99,0.30544960498809814;5.1.3,0.1830826699733734;2.6.1,0.10532967001199722;5.3.1,0.10165556520223618;2.7.4,0.04325554147362709"
57681,"1.14.14,0.9991000890731812;1.14.19,0.00027540139853954315;1.14.99,0.00019701768178492785;1.13.11,9.16964709176682e-05;1.3.8,5.579596836469136e-05"
57749,"1.2.1,0.6358183026313782;2.3.1,0.24232062697410583;1.1.1,0.09434129297733307;1.17.1,0.007320206146687269;4.1.1,0.005650615785270929"
57753,"1.2.1,0.6358183026313782;2.3.1,0.24232062697410583;1.1.1,0.09434129297733307;1.17.1,0.007320206146687269;4.1.1,0.005650615785270929"
57757,"2.3.1,0.5617749691009521;1.2.1,0.36724308133125305;1.1.1,0.04721925035119057;4.1.1,0.006367370951920748;1.17.1,0.004916380625218153"
57761,"2.3.1,0.5617749691009521;1.2.1,0.36724308133125305;1.1.1,0.04721925035119057;4.1.1,0.006367370951920748;1.17.1,0.004916380625218153"
57833,"1.2.1,0.9674832224845886;1.1.1,0.008072095923125744;1.17.1,0.005886413156986237;1.14.13,0.0034478879533708096;1.5.1,0.0024500631261616945"
57857,"1.14.11,0.8931993842124939;1.13.11,0.035853855311870575;1.14.20,0.02402108907699585;4.1.1,0.017272140830755234;1.13.12,0.009969981387257576"
57869,"1.14.11,0.9181810617446899;1.14.20,0.02193710207939148;4.1.1,0.017266010865569115;1.13.11,0.01690445840358734;1.13.12,0.011816720478236675"
57885,"3.6.1,0.987294614315033;2.7.4,0.002216555178165436;2.7.7,0.001978907035663724;2.7.9,0.0016420123865827918;2.7.1,0.0012871805811300874"
57929,"6.3.5,0.3948040306568146;3.6.1,0.17286944389343262;3.6.5,0.09706418961286545;3.6.4,0.0930323526263237;6.3.1,0.05388771370053291"
57937,"1.2.1,0.9673281908035278;1.1.1,0.01253700815141201;1.17.1,0.010466785170137882;1.14.13,0.0017112256027758121;1.6.3,0.0008398367208428681"
57949,"1.14.13,0.990394651889801;1.6.3,0.0032715797424316406;1.14.19,0.002343743108212948;1.14.12,0.0006039564614184201;1.17.1,0.0004997731884941459"
57953,"1.14.13,0.9205819368362427;1.6.3,0.03267759084701538;1.14.19,0.013757563196122646;1.17.1,0.0063177538104355335;1.14.12,0.004706607665866613"
57957,"1.8.1,0.6729997396469116;1.14.13,0.20067788660526276;1.6.3,0.05803537741303444;1.17.1,0.016332190483808517;1.18.1,0.0067784227430820465"
57961,"1.14.13,0.9351682662963867;1.6.3,0.024968279525637627;1.8.1,0.01520514115691185;1.14.19,0.006212995387613773;1.17.1,0.003540356643497944"
57965,"1.14.14,0.998499870300293;1.14.19,0.0012120144674554467;1.14.99,6.865998875582591e-05;1.19.6,5.722626156057231e-05;1.17.7,5.217760553932749e-05"
57969,"1.14.14,0.9996840953826904;1.14.19,4.689031993621029e-05;1.14.99,4.2936128011206165e-05;1.19.6,4.2034655052702874e-05;1.5.8,3.626663237810135e-05"
57973,"1.14.14,0.9998058676719666;1.19.6,3.165379530400969e-05;1.14.19,2.999880598508753e-05;1.5.8,2.2787849957239814e-05;1.14.99,2.0624287571990862e-05"
57977,"2.4.1,0.963945209980011;2.4.2,0.035887766629457474;2.7.8,4.446026650839485e-05;3.6.1,3.59516307071317e-05;2.7.4,2.878471241274383e-05"
57981,"2.4.1,0.963945209980011;2.4.2,0.035887766629457474;2.7.8,4.446026650839485e-05;3.6.1,3.59516307071317e-05;2.7.4,2.878471241274383e-05"
57985,"2.4.1,0.9120276570320129;2.4.2,0.06472399085760117;3.6.1,0.006807521916925907;2.7.7,0.004714501556009054;2.7.1,0.0036606723442673683"
57989,"2.4.1,0.9120276570320129;2.4.2,0.06472399085760117;3.6.1,0.006807521916925907;2.7.7,0.004714501556009054;2.7.1,0.0036606723442673683"
57993,"2.4.1,0.9811882376670837;2.4.2,0.015065624378621578;3.6.1,0.0010256257373839617;2.7.1,0.0007711325888521969;2.7.8,0.000639775360468775"
57997,"2.4.1,0.9915512800216675;2.4.2,0.008373717777431011;3.6.1,2.215198583144229e-05;2.7.8,1.5353483831859194e-05;2.7.4,1.2979902749066241e-05"
58001,"2.4.1,0.9591134786605835;2.4.2,0.036176685243844986;2.7.1,0.001112102996557951;2.7.8,0.0010198765667155385;2.7.4,0.0008095553494058549"
58005,"2.4.1,0.9591134786605835;2.4.2,0.036176685243844986;2.7.1,0.001112102996557951;2.7.8,0.0010198765667155385;2.7.4,0.0008095553494058549"
58009,"2.4.1,0.9452706575393677;2.4.2,0.04125029221177101;2.7.1,0.0036507397890090942;3.6.1,0.002822227543219924;2.7.7,0.0026603920850902796"
58009,"2.4.1,0.9452706575393677;2.4.2,0.04125029221177101;2.7.1,0.0036507397890090942;3.6.1,0.002822227543219924;2.7.7,0.0026603920850902796"
58025,"2.4.1,0.9915512800216675;2.4.2,0.008373717777431011;3.6.1,2.215198583144229e-05;2.7.8,1.5353483831859194e-05;2.7.4,1.2979902749066241e-05"
58029,"2.3.1,0.974816620349884;1.2.1,0.022718876600265503;3.1.2,0.0017319489270448685;1.3.1,0.0002969413762912154;6.2.1,0.00011659462325042114"
58045,"2.3.1,0.9987175464630127;3.1.2,0.0007372192922048271;6.2.1,0.0003484503540676087;2.4.1,8.012072794372216e-05;1.2.1,6.358862447086722e-05"
58049,"2.3.1,0.9955216646194458;6.2.1,0.002216737950220704;3.1.2,0.0013855992583557963;2.3.3,0.00026771074044518173;2.8.3,0.0001923788368003443"
58053,"2.3.1,0.9996299743652344;3.1.2,0.0001404726499458775;2.3.3,9.47244989220053e-05;6.2.1,5.10102508997079e-05;2.3.2,4.065654502483085e-05"
58069,"4.1.2,0.803250253200531;1.13.11,0.17843937873840332;1.1.3,0.009486501105129719;1.14.99,0.0013770085060968995;1.1.99,0.0011719437316060066"
58117,"2.4.2,0.8647322654724121;2.4.1,0.13485020399093628;5.1.3,0.00018702633678913116;2.7.8,0.0001716299302643165;3.2.1,3.507812652969733e-05"
58121,"2.7.7,0.9573841094970703;2.7.8,0.010768787935376167;4.6.1,0.007181952241808176;2.7.12,0.004483622498810291;2.7.4,0.003287245286628604"
58125,"1.14.14,0.9778227210044861;1.14.19,0.0200275257229805;1.5.1,0.0007154728518798947;1.14.99,0.0003381221031304449;1.19.6,0.00023901055101305246"
58145,"6.3.4,0.24280427396297455;2.7.7,0.19301579892635345;6.1.1,0.09991635382175446;3.6.1,0.08998245000839233;6.2.1,0.07820793986320496"
58149,"3.1.1,0.9999792575836182;3.5.1,4.107153927179752e-06;2.5.1,2.498483127055806e-06;1.2.98,1.6305904182445374e-06;4.1.1,1.4609396430387278e-06"
58161,"4.2.3,0.9897264838218689;2.5.1,0.009446575306355953;5.5.1,0.0005380225484259427;3.1.7,0.00012246865662746131;5.3.3,6.006567127769813e-05"
58165,"4.2.3,0.9966256618499756;5.5.1,0.0029266164638102055;4.2.1,0.000327278976328671;5.4.99,7.073012966429815e-05;3.1.7,2.6520534447627142e-05"
58169,"4.2.3,0.9997581839561462;5.5.1,0.00020549829059746116;5.3.3,2.1271203877404332e-05;2.5.1,8.804069693724159e-06;5.4.99,4.960636488249293e-06"
58173,"4.2.3,0.9528890252113342;2.5.1,0.04535352438688278;5.3.3,0.0006180478958413005;3.1.7,0.00041593416244722903;5.5.1,0.0002514543884899467"
58177,"2.5.1,0.9509325623512268;1.3.1,0.01245257817208767;1.1.1,0.008984331041574478;1.2.1,0.008019549772143364;2.7.7,0.006887536961585283"
58185,"2.5.1,0.9657950401306152;1.3.1,0.020101722329854965;1.2.1,0.002986589213833213;2.7.7,0.002655602991580963;1.1.1,0.0025816895067691803"
58189,"4.2.3,0.9871849417686462;3.1.7,0.008297691121697426;2.5.1,0.0041895098984241486;3.6.1,0.00013613241026178002;4.2.1,6.0323651268845424e-05"
58193,"4.2.3,0.8836632966995239;2.5.1,0.09339065104722977;3.1.7,0.015676148235797882;3.6.1,0.006423528306186199;2.7.6,0.0002952268114313483"
58201,"2.6.1,0.9891725778579712;4.1.1,0.005057347472757101;5.4.3,0.0044214907102286816;1.4.1,0.0006930240779183805;4.3.1,0.00018542773614171892"
58413,"1.2.7,0.33469757437705994;1.8.7,0.23151633143424988;2.8.1,0.14911268651485443;1.3.7,0.07883946597576141;4.4.1,0.04282625392079353"
58457,"3.2.1,0.9461681842803955;2.4.1,0.04198108986020088;2.3.1,0.007162231020629406;5.1.3,0.0027141072787344456;5.4.99,0.00045120666618458927"
58493,"3.6.1,0.30846738815307617;3.6.5,0.28236863017082214;3.6.4,0.22018170356750488;6.3.5,0.06133836880326271;5.6.2,0.05911293625831604"
58521,"1.14.14,0.9794803857803345;1.14.19,0.006301550660282373;1.13.11,0.00525188772007823;1.14.99,0.004191297106444836;1.5.1,0.003472014330327511"
58561,"1.5.1,0.4528859853744507;1.3.1,0.3332924246788025;1.4.1,0.043675802648067474;1.1.1,0.03621089085936546;1.14.13,0.017407380044460297"
58565,"1.3.1,0.34671565890312195;1.5.1,0.22138658165931702;1.1.1,0.1674390286207199;1.14.12,0.03316584601998329;1.14.13,0.0313463918864727"
58569,"2.3.1,0.9990943670272827;2.3.3,0.00041031205910257995;3.1.2,0.00022232180344872177;6.2.1,0.00012223438534419984;2.3.2,6.590460543520749e-05"
58573,"1.4.3,0.24146686494350433;1.3.3,0.14508336782455444;1.8.3,0.12702174484729767;1.1.3,0.07969716936349869;1.5.3,0.0792861059308052"
58577,"1.3.1,0.727120041847229;1.1.1,0.08172696828842163;1.5.1,0.037258394062519073;1.17.1,0.026028331369161606;1.12.1,0.01657439023256302"
58665,"1.1.5,0.9394277930259705;1.8.5,0.02409101277589798;1.3.5,0.01755714975297451;1.6.5,0.0064753382466733456;1.4.5,0.0019700040575116873"
58697,"1.14.13,0.9742576479911804;1.14.19,0.0036068421322852373;1.14.99,0.003131068078801036;1.5.1,0.0021662001963704824;1.6.5,0.002156810602173209"
58713,"1.14.13,0.9742576479911804;1.14.19,0.0036068421322852373;1.14.99,0.003131068078801036;1.5.1,0.0021662001963704824;1.6.5,0.002156810602173209"
58813,"3.6.1,0.6803994178771973;5.1.1,0.15655440092086792;2.7.7,0.07582203298807144;2.7.4,0.03195499628782272;6.3.2,0.014842288568615913"
58817,"6.3.2,0.9965205192565918;6.3.1,0.0011360206408426166;3.5.2,0.00072581967106089;6.3.4,0.00028594155446626246;3.4.17,0.0002416618081042543"
58821,"4.1.1,0.9267894625663757;3.7.1,0.006553457584232092;2.7.1,0.0029845444951206446;1.2.2,0.002956966869533062;2.3.1,0.0025869470555335283"
58825,"1.14.15,0.7361776232719421;1.14.19,0.22319403290748596;1.21.3,0.007573800161480904;1.17.7,0.007525632157921791;1.8.7,0.0027071614749729633"
58833,"1.14.19,0.6775334477424622;1.16.3,0.0732666552066803;1.2.3,0.061509594321250916;1.14.18,0.042805690318346024;1.13.11,0.019356615841388702"
58869,"1.14.19,0.6114716529846191;1.2.3,0.11600306630134583;1.16.3,0.06028830260038376;1.14.18,0.04403473064303398;1.13.11,0.03392503038048744"
58885,"1.14.99,0.9378324151039124;1.97.1,0.018592365086078644;1.14.13,0.00926749873906374;1.13.11,0.007372638210654259;1.14.12,0.006046718917787075"
58889,"1.14.99,0.9029035568237305;1.14.13,0.030428651720285416;1.14.19,0.016146361827850342;1.97.1,0.013574328273534775;3.5.99,0.013181682676076889"
58893,"2.8.2,0.9973928928375244;3.6.2,0.0014522162964567542;1.8.99,0.00043783095316030085;3.1.6,0.00023657114070374519;2.7.1,0.00012462097220122814"
58897,"6.2.1,0.9905270338058472;3.1.2,0.004555744118988514;1.2.1,0.002529711462557316;2.8.3,0.0010994912590831518;2.3.1,0.0006762802950106561"
58901,"3.5.1,0.9843542575836182;3.5.2,0.00365298124961555;3.5.4,0.0029553924687206745;3.5.3,0.0015441939467564225;3.5.5,0.0013479158515110612"
58905,"1.2.1,0.83756023645401;2.3.1,0.09417526423931122;1.3.1,0.023721616715192795;1.8.1,0.015073136426508427;1.17.1,0.014215524308383465"
58909,"1.2.1,0.83756023645401;2.3.1,0.09417526423931122;1.3.1,0.023721616715192795;1.8.1,0.015073136426508427;1.17.1,0.014215524308383465"
58913,"3.6.1,0.30846738815307617;3.6.5,0.28236863017082214;3.6.4,0.22018170356750488;6.3.5,0.06133836880326271;5.6.2,0.05911293625831604"
58921,"4.2.1,0.996874213218689;3.2.1,0.0011991180945187807;3.1.3,0.0001892871514428407;4.1.2,0.00016287907783407718;5.5.1,0.00016229931497946382"
58925,"4.2.1,0.920795202255249;4.1.2,0.006823960691690445;3.2.1,0.0066060228273272514;5.1.99,0.006485520396381617;3.3.2,0.0046482631005346775"
58929,"4.2.1,0.9949756860733032;3.2.1,0.002261682413518429;3.1.3,0.00037104799412190914;3.1.1,0.00024505649344064295;4.1.2,0.00016188397421501577"
58933,"2.3.1,0.9496856927871704;1.3.1,0.024355601519346237;1.2.1,0.020751213654875755;3.1.2,0.0021580110769718885;6.2.1,0.0019976648036390543"
58945,"2.3.1,0.9310421943664551;1.3.1,0.04333095997571945;1.2.1,0.019775571301579475;6.2.1,0.0023321902845054865;3.1.2,0.0018766671419143677"
58953,"2.4.1,0.9764911532402039;2.4.2,0.023275049403309822;3.6.1,6.105028296587989e-05;2.7.8,5.716162559110671e-05;2.7.1,4.550586163531989e-05"
59013,"2.1.1,0.9861698150634766;5.5.1,0.006686498876661062;2.5.1,0.003046149853616953;5.3.3,0.0014761049533262849;2.3.1,0.0007970153819769621"
59017,"1.1.1,0.9914963245391846;1.17.1,0.004728137049823999;1.4.1,0.0011919612297788262;1.2.1,0.00045035226503387094;1.3.1,0.00044833263382315636"
59045,"2.4.1,0.963945209980011;2.4.2,0.035887766629457474;2.7.8,4.446026650839485e-05;3.6.1,3.59516307071317e-05;2.7.4,2.878471241274383e-05"
59049,"4.1.1,0.9896796941757202;5.1.1,0.004478237126022577;1.13.12,0.0008906075963750482;2.2.1,0.0005208450020290911;1.13.99,0.0005032019107602537"
59053,"4.1.1,0.9896796941757202;5.1.1,0.004478237126022577;1.13.12,0.0008906075963750482;2.2.1,0.0005208450020290911;1.13.99,0.0005032019107602537"
59057,"1.8.1,0.5962165594100952;1.1.1,0.08135592937469482;1.17.1,0.06030311435461044;1.12.1,0.045304372906684875;1.2.1,0.04216153919696808"
59065,"2.1.1,0.9992924928665161;2.8.4,0.00035950946039520204;2.3.1,0.0001844716171035543;1.17.98,3.678551365737803e-05;2.5.1,3.272598405601457e-05"
59069,"2.1.1,0.9992924928665161;2.8.4,0.00035950946039520204;2.3.1,0.0001844716171035543;1.17.98,3.678551365737803e-05;2.5.1,3.272598405601457e-05"
59073,"1.17.98,0.3401190936565399;2.1.1,0.3207181990146637;2.8.4,0.24209633469581604;4.7.1,0.024820728227496147;2.8.1,0.015105083584785461"
59077,"2.4.1,0.9988927245140076;2.4.2,0.0010063262889161706;3.6.1,4.2585976189002395e-05;2.7.4,2.0341089111752808e-05;2.7.8,1.0465404557180591e-05"
59089,"2.5.1,0.8998996615409851;2.1.1,0.09630140662193298;4.4.1,0.0010514246532693505;2.8.4,0.0006663983804173768;1.5.1,0.0003726826107595116"
59097,"2.4.1,0.914517343044281;2.4.2,0.08211290836334229;2.7.8,0.0013681391719728708;2.7.1,0.0010076613398268819;2.7.7,0.00041294354014098644"
59101,"2.4.1,0.90261310338974;2.4.2,0.0950237363576889;2.7.8,0.0007278725388459861;2.7.1,0.0005922546843066812;2.7.7,0.0004152358160354197"
59113,"2.7.1,0.9909294247627258;2.7.8,0.006604349706321955;2.7.4,0.0016835639253258705;2.7.11,0.0002580618020147085;2.7.12,0.00025482746423222125"
59121,"4.1.1,0.9872819781303406;2.3.1,0.003996965009719133;6.3.2,0.002581461565569043;4.3.1,0.0010797549039125443;4.1.2,0.0009918148862197995"
59125,"6.3.2,0.9309395551681519;6.3.1,0.04685445874929428;6.1.1,0.009679140523076057;6.3.4,0.0024255034513771534;2.7.7,0.002242093672975898"
59129,"6.3.2,0.44218114018440247;6.1.1,0.1980532705783844;2.7.7,0.1549645960330963;2.7.4,0.08475510030984879;6.3.1,0.03385128453373909"
59133,"2.7.7,0.31941720843315125;6.3.4,0.18393929302692413;6.3.1,0.08154169470071793;3.6.1,0.06653668731451035;2.5.1,0.0589611679315567"
59137,"6.3.2,0.6035982370376587;6.3.1,0.3002665042877197;6.3.4,0.058217696845531464;2.7.7,0.012979413382709026;2.3.2,0.006736036855727434"
59141,"5.1.1,0.9646164178848267;6.3.2,0.017376262694597244;6.1.1,0.005180323962122202;2.7.7,0.001998087391257286;3.6.1,0.0017753764986991882"
59149,"6.2.1,0.9983672499656677;1.2.1,0.0006401885184459388;3.1.2,0.000598257000092417;2.8.3,0.00013397610746324062;2.7.4,0.00010940360516542569"
59153,"6.2.1,0.9983672499656677;1.2.1,0.0006401885184459388;3.1.2,0.000598257000092417;2.8.3,0.00013397610746324062;2.7.4,0.00010940360516542569"
59157,"6.2.1,0.9989782571792603;2.7.4,0.0003876729460898787;1.2.1,0.0002788598940242082;3.1.2,0.00011446188727859408;2.7.7,7.468405965482816e-05"
59161,"6.2.1,0.9989782571792603;2.7.4,0.0003876729460898787;1.2.1,0.0002788598940242082;3.1.2,0.00011446188727859408;2.7.7,7.468405965482816e-05"
59165,"6.2.1,0.9989782571792603;2.7.4,0.0003876729460898787;1.2.1,0.0002788598940242082;3.1.2,0.00011446188727859408;2.7.7,7.468405965482816e-05"
59169,"6.2.1,0.9989782571792603;2.7.4,0.0003876729460898787;1.2.1,0.0002788598940242082;3.1.2,0.00011446188727859408;2.7.7,7.468405965482816e-05"
59177,"2.7.1,0.8878342509269714;2.7.8,0.10315625369548798;2.7.9,0.002091964241117239;3.6.1,0.0017537958920001984;3.1.4,0.0012659752974286675"
59181,"3.1.4,0.8125707507133484;3.1.7,0.13491693139076233;3.6.1,0.010066812857985497;4.6.1,0.010000515729188919;2.4.99,0.005808202549815178"
59185,"3.1.1,0.31383469700813293;1.13.12,0.10747203230857849;3.2.1,0.0776403546333313;4.2.1,0.07149603217840195;3.1.2,0.05921347811818123"
59189,"5.1.1,0.9392372965812683;2.6.1,0.025527000427246094;5.1.99,0.02019793912768364;5.4.3,0.006266734097152948;5.4.99,0.0012439904967322946"
59217,"4.1.1,0.9838663935661316;1.2.3,0.007199111860245466;1.17.98,0.0019692026544362307;1.2.2,0.0014175884425640106;1.2.7,0.0007043059449642897"
59221,"3.7.1,0.9875196218490601;4.2.1,0.0024973240215331316;1.14.19,0.0021309347357600927;5.3.3,0.0009674605680629611;3.6.1,0.0009181824279949069"
59225,"4.2.3,0.998365581035614;5.5.1,0.001591418171301484;5.3.3,2.212119579780847e-05;5.4.99,1.8060425645671785e-05;2.5.1,2.19798062062182e-06"
59229,"5.1.3,0.9750770330429077;3.2.1,0.020312853157520294;2.4.1,0.002713126828894019;5.3.1,0.0003883442550431937;2.3.1,0.0003497231809888035"
59233,"4.2.3,0.9979104399681091;4.2.1,0.001185335568152368;5.5.1,0.0008381929364986718;3.1.7,2.8891345209558494e-05;5.4.99,2.7025245799450204e-05"
59237,"4.2.3,0.9997912049293518;2.5.1,0.00016889175458345562;5.3.3,1.2869571037299465e-05;5.4.99,8.623362191428896e-06;3.1.7,7.261245627887547e-06"
59241,"2.7.4,0.1598474532365799;2.7.8,0.05540730059146881;2.3.1,0.052567701786756516;5.2.1,0.034546274691820145;2.6.1,0.0285967905074358"
59245,"3.1.1,0.9901880621910095;3.6.1,0.005552070681005716;2.7.2,0.0005399384535849094;3.1.2,0.0005102863069623709;6.1.1,0.00046255276538431644"
59249,"2.8.3,0.9879405498504639;2.3.1,0.004137595649808645;5.3.3,0.0016292253276333213;2.7.4,0.001413507852703333;4.2.1,0.0010514163877815008"
59253,"2.8.3,0.9879405498504639;2.3.1,0.004137595649808645;5.3.3,0.0016292253276333213;2.7.4,0.001413507852703333;4.2.1,0.0010514163877815008"
59313,"1.1.3,0.9985339641571045;1.1.99,0.0002690693363547325;1.4.3,0.00022362951131071895;1.2.3,0.00021439480769913644;2.3.1,0.00013866099470760673"
59317,"1.1.3,0.9939612150192261;1.4.3,0.0012750589521601796;1.2.3,0.001140726963058114;2.3.1,0.0009154960862360895;1.11.1,0.0005282480851747096"
59329,"3.1.1,0.999674916267395;4.1.1,8.6220919911284e-05;4.2.1,4.891947901342064e-05;5.5.1,3.468593058642e-05;1.1.1,2.9085287678753957e-05"
59345,"1.1.3,0.9939612150192261;1.4.3,0.0012750589521601796;1.2.3,0.001140726963058114;2.3.1,0.0009154960862360895;1.11.1,0.0005282480851747096"
59353,"1.1.3,0.9874840378761292;1.4.3,0.004448630381375551;1.2.3,0.0024224885273724794;1.11.1,0.001368638826534152;1.5.3,0.0009846411412581801"
59361,"3.5.1,0.910434901714325;3.5.2,0.028642436489462852;1.13.12,0.014233463443815708;3.4.17,0.009661338292062283;4.3.1,0.00783791858702898"
59361,"3.5.1,0.910434901714325;3.5.2,0.028642436489462852;1.13.12,0.014233463443815708;3.4.17,0.009661338292062283;4.3.1,0.00783791858702898"
59377,"5.4.99,0.8112059235572815;4.1.3,0.129256471991539;5.5.1,0.014427951537072659;4.2.1,0.011733806692063808;3.3.2,0.0055151814594864845"
59381,"1.3.1,0.6079587936401367;1.14.12,0.10395573824644089;1.4.1,0.0642419382929802;2.3.1,0.060126304626464844;1.14.13,0.05254547297954559"
59413,"3.5.1,0.9967994689941406;3.5.4,0.0009544770000502467;4.3.1,0.0003523242485243827;3.5.99,0.000316614838084206;3.5.5,0.00029737199656665325"
59469,"3.4.19,0.8938132524490356;3.5.1,0.07215958088636398;3.5.2,0.013531172648072243;4.3.2,0.006755815353244543;4.2.1,0.00504716532304883"
59485,"1.20.9,0.4424222409725189;1.20.99,0.22909221053123474;1.20.4,0.15168879926204681;1.16.3,0.026105277240276337;1.12.2,0.02487887069582939"
59501,"3.6.1,0.9666773080825806;2.7.9,0.008038734085857868;3.1.7,0.008023376576602459;3.6.5,0.0023189070634543896;3.6.4,0.0022173745092004538"
59541,"4.1.1,0.6168344616889954;5.4.99,0.3006991147994995;2.8.3,0.032946594059467316;2.3.1,0.02707933820784092;2.2.1,0.0030150669626891613"
59569,"6.3.2,0.8369414210319519;6.3.1,0.12912467122077942;3.5.2,0.0181334987282753;6.3.5,0.004407877568155527;6.3.4,0.0033847123850136995"
59573,"3.5.1,0.8709517121315002;3.5.2,0.07644376903772354;1.13.12,0.013552023097872734;3.4.17,0.009364845231175423;4.2.1,0.006790369749069214"
59573,"3.5.1,0.8709517121315002;3.5.2,0.07644376903772354;1.13.12,0.013552023097872734;3.4.17,0.009364845231175423;4.2.1,0.006790369749069214"
59577,"3.5.1,0.910434901714325;3.5.2,0.028642436489462852;1.13.12,0.014233463443815708;3.4.17,0.009661338292062283;4.3.1,0.00783791858702898"
59577,"3.5.1,0.910434901714325;3.5.2,0.028642436489462852;1.13.12,0.014233463443815708;3.4.17,0.009661338292062283;4.3.1,0.00783791858702898"
59585,"6.3.2,0.9717893600463867;6.3.1,0.019284691661596298;3.5.2,0.005402398761361837;4.3.2,0.001859961892478168;6.3.3,0.0003347434685565531"
59589,"6.3.2,0.9717893600463867;6.3.1,0.019284691661596298;3.5.2,0.005402398761361837;4.3.2,0.001859961892478168;6.3.3,0.0003347434685565531"
59593,"6.3.2,0.9853624105453491;6.3.1,0.008199982345104218;3.5.2,0.002950746798887849;4.3.2,0.0011990474304184318;4.1.1,0.000553787627723068"
59609,"3.5.1,0.8632827997207642;3.5.2,0.08129401504993439;4.3.2,0.027550432831048965;6.3.2,0.0070456028915941715;1.13.12,0.006117179058492184"
59613,"3.5.1,0.8632827997207642;3.5.2,0.08129401504993439;4.3.2,0.027550432831048965;6.3.2,0.0070456028915941715;1.13.12,0.006117179058492184"
59617,"3.5.2,0.3621509373188019;4.3.2,0.2483568638563156;3.5.1,0.13345952332019806;6.3.2,0.11521492898464203;3.4.17,0.03508947417140007"
59621,"3.5.1,0.7634516954421997;3.5.2,0.1942185014486313;4.3.2,0.019519418478012085;1.13.12,0.005418646614998579;6.3.2,0.0030168574303388596"
59625,"3.5.1,0.5758575797080994;3.5.2,0.2591850757598877;4.3.2,0.06380289793014526;2.6.1,0.042171381413936615;1.13.12,0.01922219805419445"
59629,"3.5.2,0.6488631367683411;4.3.2,0.12736167013645172;3.5.1,0.08941616863012314;6.3.2,0.035155221819877625;3.4.17,0.023221449926495552"
59757,"2.1.1,0.9987881779670715;2.8.4,0.0005879626842215657;2.3.1,0.00014085922157391906;1.3.98,0.00010469664266565815;2.5.1,9.231564035871997e-05"
59761,"2.4.1,0.9997159838676453;2.4.2,0.00027029961347579956;2.7.1,4.16866578234476e-06;2.7.8,4.1328416955366265e-06;3.2.1,1.9393141883483622e-06"
59773,"1.1.3,0.9788980484008789;5.3.1,0.006996608804911375;5.1.3,0.006772875785827637;1.4.3,0.0010393318952992558;5.4.99,0.0010113290045410395"
59777,"1.1.3,0.9888975024223328;5.3.1,0.008523950353264809;1.4.3,0.0006461237207986414;5.4.2,0.0004063684318680316;2.3.1,0.0002977336698677391"
59817,"2.3.1,0.9998503923416138;3.1.2,7.51720363041386e-05;6.2.1,4.447026367415674e-05;2.4.1,1.1394068678782787e-05;1.2.1,8.3201866800664e-06"
59829,"2.3.1,0.5053746700286865;2.1.1,0.3469734191894531;4.2.1,0.05220140144228935;3.1.2,0.01814984157681465;2.5.1,0.010807772167026997"
59833,"2.7.1,0.9099345207214355;2.7.4,0.044759806245565414;2.7.11,0.017919491976499557;2.7.12,0.013705874793231487;2.7.7,0.00462655583396554"
59857,"2.1.1,0.9903535842895508;2.7.1,0.0009612668072804809;1.7.2,0.0008607372874394059;2.3.1,0.000647291075438261;2.7.8,0.0004245050949975848"
59957,"1.8.2,0.29431915283203125;1.3.4,0.09297290444374084;4.8.1,0.08882610499858856;2.8.5,0.04822041466832161;1.8.5,0.04690123349428177"
59977,"4.1.1,0.9923121333122253;1.2.3,0.003923691809177399;1.17.98,0.0006685304688289762;3.1.1,0.0004135436029173434;1.13.11,0.0003895851841662079"
59981,"3.6.1,0.30846738815307617;3.6.5,0.28236863017082214;3.6.4,0.22018170356750488;6.3.5,0.06133836880326271;5.6.2,0.05911293625831604"
59985,"3.5.1,0.5623568296432495;3.5.2,0.14155423641204834;4.3.2,0.07514433562755585;3.4.17,0.055055972188711166;2.3.1,0.043347928673028946"
59989,"1.3.1,0.9639222025871277;5.4.99,0.009584661573171616;5.5.1,0.00791283417493105;1.3.99,0.0038029137067496777;1.1.1,0.002064117230474949"
59993,"1.3.8,0.676517903804779;1.14.14,0.17289045453071594;4.3.1,0.0710110291838646;1.5.8,0.0499415397644043;1.5.1,0.010164170525968075"
59997,"1.3.8,0.676517903804779;1.14.14,0.17289045453071594;4.3.1,0.0710110291838646;1.5.8,0.0499415397644043;1.5.1,0.010164170525968075"
60001,"1.13.11,0.9616954922676086;1.2.3,0.008081468753516674;3.11.1,0.003188271541148424;1.1.3,0.0024137336295098066;1.14.99,0.0014155182288959622"
60033,"3.6.1,0.30846738815307617;3.6.5,0.28236863017082214;3.6.4,0.22018170356750488;6.3.5,0.06133836880326271;5.6.2,0.05911293625831604"
60037,"3.5.2,0.38925474882125854;4.3.2,0.21728110313415527;3.5.1,0.17918656766414642;3.4.17,0.06195599585771561;6.3.2,0.025665689259767532"
60041,"4.3.2,0.29622986912727356;3.5.2,0.23379935324192047;3.5.1,0.19943201541900635;3.4.17,0.06709063798189163;4.3.1,0.04794010892510414"
60049,"1.14.13,0.5660749077796936;1.2.1,0.23814250528812408;1.6.3,0.061170149594545364;1.17.1,0.055256061255931854;1.14.19,0.02268405072391033"
60069,"1.14.13,0.540794312953949;1.2.1,0.2832031846046448;1.6.3,0.04358600452542305;1.14.19,0.03776085376739502;1.17.1,0.03638751059770584"
60085,"1.1.1,0.9928102493286133;1.17.1,0.003764977678656578;1.3.1,0.0010093129239976406;1.4.1,0.0007803718326613307;1.2.1,0.00035937438951805234"
60089,"1.1.1,0.9928102493286133;1.17.1,0.003764977678656578;1.3.1,0.0010093129239976406;1.4.1,0.0007803718326613307;1.2.1,0.00035937438951805234"
60093,"1.1.1,0.9938457608222961;1.17.1,0.0028665177524089813;1.4.1,0.0008105032611638308;4.1.1,0.0006220148643478751;1.2.1,0.00046356170787476003"
60097,"1.1.1,0.9938457608222961;1.17.1,0.0028665177524089813;1.4.1,0.0008105032611638308;4.1.1,0.0006220148643478751;1.2.1,0.00046356170787476003"
60101,"2.4.1,0.9999239444732666;2.4.2,7.359473966062069e-05;2.7.8,1.1190511486347532e-06;2.7.4,3.659231708752486e-07;2.7.1,2.9397983780654613e-07"
60105,"1.3.8,0.7913603186607361;1.14.14,0.09634197503328323;1.5.8,0.050388991832733154;4.3.1,0.02811618335545063;1.19.6,0.010229830630123615"
60109,"4.2.1,0.5995036959648132;2.8.3,0.10759610682725906;4.1.2,0.04518049582839012;2.3.1,0.02883121185004711;1.3.1,0.0262855626642704"
60113,"4.2.1,0.6964210867881775;2.8.3,0.1286439299583435;1.3.3,0.014485808089375496;4.1.2,0.012899585999548435;3.2.1,0.010557073168456554"
60117,"1.14.11,0.9031649827957153;1.13.11,0.05412094667553902;1.14.20,0.011515824124217033;4.1.1,0.007833008654415607;2.6.1,0.006078129168599844"
60121,"2.1.1,0.8087954521179199;5.5.1,0.1796940118074417;2.5.1,0.004715261980891228;2.3.1,0.0024542196188122034;5.4.99,0.0023205713368952274"
60125,"4.2.3,0.946902871131897;2.5.1,0.05050179362297058;3.1.7,0.0009825448505580425;5.5.1,0.0008109092595987022;5.3.3,0.0005528655019588768"
60157,"3.6.1,0.30846738815307617;3.6.5,0.28236863017082214;3.6.4,0.22018170356750488;6.3.5,0.06133836880326271;5.6.2,0.05911293625831604"
60169,"2.7.4,0.48017618060112;2.7.1,0.34616315364837646;2.7.2,0.06691545248031616;2.3.1,0.026975493878126144;3.1.1,0.013095113448798656"
60189,"1.14.11,0.8559755086898804;1.14.20,0.0638197511434555;1.13.12,0.025177178904414177;4.1.1,0.023111557587981224;2.6.1,0.01070167776197195"
60201,"1.14.11,0.9445115923881531;1.14.20,0.019906673580408096;1.5.3,0.007452497258782387;1.13.12,0.005513102747499943;2.1.1,0.003722419962286949"
60209,"1.14.11,0.8701984882354736;1.14.20,0.03743315860629082;1.13.12,0.027530435472726822;4.1.1,0.026031171903014183;2.6.1,0.01300925761461258"
60225,"1.14.11,0.9445115923881531;1.14.20,0.019906673580408096;1.5.3,0.007452497258782387;1.13.12,0.005513102747499943;2.1.1,0.003722419962286949"
60237,"1.14.11,0.9445115923881531;1.14.20,0.019906673580408096;1.5.3,0.007452497258782387;1.13.12,0.005513102747499943;2.1.1,0.003722419962286949"
60245,"1.5.99,0.44597700238227844;1.14.99,0.20332719385623932;1.4.99,0.1163831576704979;1.97.1,0.037811748683452606;1.14.19,0.03198991343379021"
60261,"2.1.1,0.9995025396347046;2.8.4,0.00020797991601284593;2.3.1,9.129119280260056e-05;2.5.1,6.511718675028533e-05;1.3.98,3.287714935140684e-05"
60265,"2.1.1,0.9998325109481812;2.5.1,7.211742922663689e-05;2.8.4,4.04940037697088e-05;2.3.1,2.6203953893855214e-05;1.5.3,5.936996785749216e-06"
60277,"2.1.1,0.9995025396347046;2.8.4,0.00020797991601284593;2.3.1,9.129119280260056e-05;2.5.1,6.511718675028533e-05;1.3.98,3.287714935140684e-05"
60281,"2.1.1,0.9998325109481812;2.5.1,7.211742922663689e-05;2.8.4,4.04940037697088e-05;2.3.1,2.6203953893855214e-05;1.5.3,5.936996785749216e-06"
60289,"2.1.1,0.9993382096290588;2.8.4,0.0003611282736528665;2.5.1,7.608234591316432e-05;1.21.98,4.795429777004756e-05;1.17.98,4.32535343861673e-05"
60293,"2.1.1,0.9995025396347046;2.8.4,0.00020797991601284593;2.3.1,9.129119280260056e-05;2.5.1,6.511718675028533e-05;1.3.98,3.287714935140684e-05"
60297,"2.1.1,0.9998325109481812;2.5.1,7.211742922663689e-05;2.8.4,4.04940037697088e-05;2.3.1,2.6203953893855214e-05;1.5.3,5.936996785749216e-06"
60309,"2.1.1,0.9994789958000183;2.8.4,0.00022694890503771603;2.3.1,9.133241110248491e-05;2.5.1,5.3972577006788924e-05;1.3.98,3.2534873753320426e-05"
60325,"2.1.1,0.9995025396347046;2.8.4,0.00020797991601284593;2.3.1,9.129119280260056e-05;2.5.1,6.511718675028533e-05;1.3.98,3.287714935140684e-05"
60329,"2.1.1,0.9995025396347046;2.8.4,0.00020797991601284593;2.3.1,9.129119280260056e-05;2.5.1,6.511718675028533e-05;1.3.98,3.287714935140684e-05"
60345,"2.1.1,0.9998325109481812;2.5.1,7.211742922663689e-05;2.8.4,4.04940037697088e-05;2.3.1,2.6203953893855214e-05;1.5.3,5.936996785749216e-06"
60349,"2.1.1,0.9998041987419128;2.5.1,8.213653200073168e-05;2.8.4,6.759422103641555e-05;1.5.3,1.0642701454344206e-05;2.3.1,7.187071787484456e-06"
60361,"1.14.14,0.9171585440635681;1.3.8,0.024282891303300858;2.7.1,0.008934798650443554;1.19.6,0.008502860553562641;2.5.1,0.007780746091157198"
60385,"4.2.1,0.26723363995552063;3.1.1,0.1502494066953659;3.5.2,0.08636828511953354;3.2.1,0.05940918251872063;1.13.12,0.04202526435256004"
60389,"3.1.1,0.4221472442150116;3.5.2,0.08406993746757507;3.6.1,0.06754288077354431;4.1.1,0.05455990880727768;3.1.2,0.04488636925816536"
60393,"3.1.1,0.4221472442150116;3.5.2,0.08406993746757507;3.6.1,0.06754288077354431;4.1.1,0.05455990880727768;3.1.2,0.04488636925816536"
60397,"4.2.1,0.2568773329257965;3.6.1,0.14150206744670868;3.2.1,0.06217740476131439;1.21.3,0.050183966755867004;3.13.1,0.049316953867673874"
60401,"4.2.1,0.2568773329257965;3.6.1,0.14150206744670868;3.2.1,0.06217740476131439;1.21.3,0.050183966755867004;3.13.1,0.049316953867673874"
60405,"4.2.1,0.2568773329257965;3.6.1,0.14150206744670868;3.2.1,0.06217740476131439;1.21.3,0.050183966755867004;3.13.1,0.049316953867673874"
60409,"3.1.1,0.885375440120697;3.6.1,0.027072753757238388;3.2.1,0.011424929834902287;3.8.1,0.009077650494873524;1.21.3,0.008013306185603142"
60413,"3.1.1,0.4221472442150116;3.5.2,0.08406993746757507;3.6.1,0.06754288077354431;4.1.1,0.05455990880727768;3.1.2,0.04488636925816536"
60417,"3.1.1,0.4221472442150116;3.5.2,0.08406993746757507;3.6.1,0.06754288077354431;4.1.1,0.05455990880727768;3.1.2,0.04488636925816536"
60421,"3.1.1,0.4221472442150116;3.5.2,0.08406993746757507;3.6.1,0.06754288077354431;4.1.1,0.05455990880727768;3.1.2,0.04488636925816536"
60425,"4.2.3,0.9987454414367676;5.5.1,0.0011519879335537553;3.1.7,4.3750453187385574e-05;4.2.1,2.5976742108468898e-05;2.5.1,1.1199736036360264e-05"
60429,"3.5.1,0.9491589665412903;3.5.2,0.014013940468430519;1.13.12,0.009862859733402729;4.3.1,0.006385717075318098;4.3.2,0.005406530108302832"
60437,"3.1.1,0.9999619722366333;2.5.1,7.511488547606859e-06;4.2.1,6.57763666822575e-06;3.3.2,5.516521014214959e-06;1.2.98,2.7634882826532703e-06"
60441,"3.1.1,0.999968409538269;1.2.98,1.5786648873472586e-05;2.7.2,2.0190570921840845e-06;3.6.1,1.9369829260540428e-06;3.1.2,1.860961788224813e-06"
60445,"3.5.1,0.9789978861808777;6.3.1,0.0055756112560629845;3.4.13,0.0029016609769314528;2.1.4,0.0027996699791401625;2.3.2,0.0015913412207737565"
60449,"6.3.2,0.31953006982803345;3.5.1,0.3181239664554596;4.3.2,0.11003342270851135;2.1.4,0.06633903086185455;3.5.2,0.02382929064333439"
60453,"4.4.1,0.7860105037689209;4.1.2,0.1297108381986618;3.13.1,0.022438522428274155;4.1.3,0.012403681874275208;2.3.3,0.0093673812225461"
60577,"2.1.1,0.9867441654205322;2.5.1,0.004830827005207539;4.4.1,0.0016503655351698399;2.8.4,0.0015353221679106355;2.3.1,0.0013714892556890845"
60665,"3.1.3,0.9746422171592712;3.6.1,0.007618575822561979;3.6.5,0.003617781214416027;3.6.4,0.002479902468621731;2.7.7,0.002038695616647601"
60945,"2.1.1,0.9998843669891357;2.8.4,6.956724246265367e-05;2.3.1,1.0535004548728466e-05;1.17.98,1.019519186229445e-05;2.5.1,8.083771717792843e-06"
61021,"2.3.1,0.826919674873352;3.1.2,0.0830029845237732;2.1.1,0.04017465189099312;1.17.98,0.014831813983619213;2.8.4,0.011870293878018856"
61157,"2.7.1,0.9165874123573303;2.7.4,0.018625784665346146;2.7.11,0.015969103202223778;2.7.12,0.01591622456908226;2.7.7,0.0069135078229010105"
61301,"4.1.2,0.5452566146850586;5.3.1,0.4128321707248688;1.1.1,0.01419943105429411;1.1.99,0.0050509958527982235;2.2.1,0.002810277044773102"
61341,"4.1.1,0.8504812717437744;2.1.3,0.0716819316148758;6.4.1,0.027455871924757957;5.4.99,0.013257371261715889;2.3.1,0.00554095720872283"
61393,"2.7.1,0.9863988161087036;2.7.4,0.005315612535923719;2.7.11,0.002900331746786833;2.7.12,0.002671007765457034;2.7.7,0.000726575730368495"
61397,"2.7.1,0.9163601994514465;2.7.4,0.04056626558303833;2.7.11,0.018515141680836678;2.7.12,0.011290760710835457;2.7.7,0.0038504425901919603"
61417,"4.1.2,0.30148279666900635;5.4.99,0.23215033113956451;5.5.1,0.22237125039100647;1.13.11,0.04855649918317795;1.1.3,0.029304098337888718"
61421,"5.5.1,0.40080752968788147;4.1.2,0.19323952496051788;5.4.99,0.10404115915298462;1.13.11,0.0697934627532959;1.1.3,0.04813618212938309"
61425,"1.1.1,0.9523589611053467;1.3.1,0.009786109440028667;1.2.1,0.009006100706756115;1.17.1,0.005619994830340147;1.16.1,0.003655174979940057"
61429,"1.1.1,0.9523589611053467;1.3.1,0.009786109440028667;1.2.1,0.009006100706756115;1.17.1,0.005619994830340147;1.16.1,0.003655174979940057"
61433,"1.3.1,0.6873028874397278;1.1.1,0.1890036016702652;1.2.1,0.022114163264632225;1.14.13,0.009937811642885208;1.18.1,0.008411001414060593"
61437,"3.6.1,0.9816552400588989;2.7.9,0.010187351144850254;3.1.7,0.0018851840868592262;3.6.5,0.00084906374104321;2.5.1,0.0008341287611983716"
61437,"3.6.1,0.9816552400588989;2.7.9,0.010187351144850254;3.1.7,0.0018851840868592262;3.6.5,0.00084906374104321;2.5.1,0.0008341287611983716"
61473,"2.3.1,0.9994938373565674;3.1.2,0.000280863227089867;2.3.2,7.60722832637839e-05;2.3.3,5.414748375187628e-05;3.5.1,2.5549912606948055e-05"
61477,"2.3.1,0.9994938373565674;3.1.2,0.000280863227089867;2.3.2,7.60722832637839e-05;2.3.3,5.414748375187628e-05;3.5.1,2.5549912606948055e-05"
61481,"2.3.1,0.9992486834526062;3.1.2,0.000498458743095398;1.2.1,6.815218512201682e-05;3.5.1,6.156391464173794e-05;2.3.2,4.216390516376123e-05"
61493,"2.3.1,0.9992486834526062;3.1.2,0.000498458743095398;1.2.1,6.815218512201682e-05;3.5.1,6.156391464173794e-05;2.3.2,4.216390516376123e-05"
61501,"2.4.1,0.998769223690033;2.4.2,0.0011848732829093933;2.7.4,2.0505325664998963e-05;2.7.8,9.425484677194618e-06;3.2.1,6.529895017592935e-06"
61505,"2.4.1,0.998769223690033;2.4.2,0.0011848732829093933;2.7.4,2.0505325664998963e-05;2.7.8,9.425484677194618e-06;3.2.1,6.529895017592935e-06"
61509,"2.4.1,0.998769223690033;2.4.2,0.0011848732829093933;2.7.4,2.0505325664998963e-05;2.7.8,9.425484677194618e-06;3.2.1,6.529895017592935e-06"
61529,"3.1.1,0.594152569770813;2.3.1,0.3699052035808563;5.4.99,0.012407826259732246;5.5.1,0.009288504719734192;2.5.1,0.006086245179176331"
61577,"1.3.1,0.8397102355957031;1.1.1,0.1288488507270813;1.2.1,0.0032719746232032776;2.5.1,0.003104697447270155;1.17.1,0.0028058423195034266"
61581,"1.3.1,0.960224449634552;5.4.99,0.009426798671483994;1.1.1,0.00784231536090374;5.5.1,0.006380082108080387;1.3.99,0.004202708136290312"
61589,"2.7.1,0.9072989821434021;2.7.4,0.03418433293700218;2.7.11,0.02217281423509121;2.7.12,0.019926248118281364;2.7.7,0.004767856560647488"
61593,"2.8.1,0.31731241941452026;2.8.4,0.29079484939575195;4.4.1,0.1161961480975151;1.17.98,0.10080018639564514;1.8.1,0.03393790125846863"
61613,"1.14.11,0.9863515496253967;1.14.20,0.003833640133962035;1.13.11,0.0032796598970890045;1.14.99,0.0016613154439255595;1.13.12,0.0007398066227324307"
61617,"1.14.13,0.972098708152771;1.6.3,0.014008249156177044;1.14.19,0.00616303039714694;1.18.1,0.0009161304333247244;1.17.1,0.0008312005084007978"
61637,"6.2.1,0.9834672808647156;2.7.4,0.008167455904185772;2.3.1,0.005800343118607998;2.7.7,0.0013208294985815883;2.5.1,0.0003512730181682855"
61641,"4.1.1,0.9962400197982788;1.2.3,0.0008084675646387041;3.1.1,0.00043069690582342446;2.5.1,0.00025876477593556046;1.17.98,0.00018960850138682872"
61649,"6.2.1,0.9930538535118103;2.7.7,0.00252049439586699;2.7.4,0.0019638335797935724;2.5.1,0.0007761148153804243;1.2.1,0.0006120475009083748"
61653,"6.2.1,0.9930538535118103;2.7.7,0.00252049439586699;2.7.4,0.0019638335797935724;2.5.1,0.0007761148153804243;1.2.1,0.0006120475009083748"
61657,"2.7.1,0.989281177520752;2.7.4,0.005316725466400385;2.7.12,0.001579267904162407;2.7.8,0.0012022373266518116;2.7.11,0.0011219322914257646"
61661,"2.7.1,0.989281177520752;2.7.4,0.005316725466400385;2.7.12,0.001579267904162407;2.7.8,0.0012022373266518116;2.7.11,0.0011219322914257646"
61665,"2.7.1,0.989281177520752;2.7.4,0.005316725466400385;2.7.12,0.001579267904162407;2.7.8,0.0012022373266518116;2.7.11,0.0011219322914257646"
61669,"6.2.1,0.9940593242645264;3.1.2,0.0025638421066105366;1.2.1,0.001397185493260622;2.7.4,0.0005460658576339483;2.3.1,0.00042367831338196993"
61681,"6.2.1,0.870326042175293;2.7.7,0.0613504983484745;2.7.4,0.03907880187034607;3.6.1,0.010932106524705887;1.2.1,0.004945253487676382"
61689,"6.2.1,0.994118332862854;2.7.7,0.002833285368978977;2.7.4,0.0013739512069150805;1.2.1,0.00059333979152143;6.1.1,0.00040676404023543"
61697,"6.2.1,0.993657648563385;2.7.4,0.0021302811801433563;2.7.7,0.0015353192575275898;1.2.1,0.00118824967648834;6.1.1,0.00035038244095630944"
61705,"6.2.1,0.9919655323028564;2.7.4,0.002929214620962739;2.7.7,0.0017575145466253161;1.2.1,0.0010662426939234138;2.5.1,0.0008450115565210581"
61717,"3.6.1,0.30846738815307617;3.6.5,0.28236863017082214;3.6.4,0.22018170356750488;6.3.5,0.06133836880326271;5.6.2,0.05911293625831604"
61789,"6.2.1,0.9952020645141602;2.7.4,0.0014608480269089341;2.7.7,0.0011553351068869233;1.2.1,0.0007842537597753108;6.1.1,0.000554062076844275"
61801,"6.2.1,0.994460940361023;2.7.4,0.00221727741882205;2.7.7,0.001324195065535605;1.2.1,0.0007326867780648172;6.1.1,0.00040501184412278235"
61893,"5.3.3,0.8110069036483765;1.3.1,0.18855206668376923;1.1.1,0.00013052656140644103;1.3.99,6.969187961658463e-05;1.17.1,2.5211355023202486e-05"
62017,"2.4.2,0.8475359082221985;2.4.1,0.14932572841644287;2.7.8,0.0023548195604234934;2.7.7,0.0003015453985426575;2.7.1,0.00019708390755113214"
62021,"3.2.1,0.9687701463699341;2.3.1,0.025165153667330742;2.4.1,0.0040592411532998085;5.4.99,0.000843009096570313;5.1.3,0.0001774044503690675"
62085,"2.7.1,0.9817222952842712;2.7.8,0.011299057863652706;2.7.9,0.0018391035264357924;5.4.2,0.0009291883325204253;2.7.4,0.000598594022449106"
62113,"4.2.1,0.6584586501121521;4.3.1,0.06680628657341003;3.5.99,0.05728379264473915;4.1.3,0.04735999181866646;4.1.99,0.021336013451218605"
62169,"3.5.1,0.9795305728912354;3.5.2,0.008487229235470295;3.1.1,0.0018929524812847376;3.2.1,0.0016404924681410193;3.5.5,0.0015628226101398468"
62233,"4.1.99,0.6564866900444031;3.5.4,0.0477280467748642;4.1.3,0.03747008740901947;1.3.98,0.02411799691617489;1.14.99,0.02326706051826477"
62237,"3.5.4,0.9775598049163818;4.3.1,0.0068722679279744625;6.3.4,0.004580747336149216;2.3.2,0.002594239544123411;3.5.1,0.0020152260549366474"
62241,"3.5.4,0.7406744956970215;4.1.99,0.22709044814109802;4.3.1,0.00657153083011508;6.3.4,0.00601918576285243;1.3.98,0.005056233145296574"
62245,"3.5.4,0.9346628189086914;4.1.99,0.011113026179373264;6.3.4,0.0070223561488091946;5.4.99,0.005150805693119764;2.5.1,0.004979944787919521"
62281,"1.14.14,0.998891294002533;1.14.19,0.0008359618368558586;1.19.6,7.871185516705737e-05;1.5.1,4.5950462663313374e-05;1.17.7,3.81940153602045e-05"
62357,"3.6.1,0.9816552400588989;2.7.9,0.010187351144850254;3.1.7,0.0018851840868592262;3.6.5,0.00084906374104321;2.5.1,0.0008341287611983716"
62373,"1.5.1,0.9396495819091797;2.1.1,0.036947231739759445;2.1.2,0.02033432573080063;1.3.1,0.0022534355521202087;4.3.1,0.00012510517262853682"
62377,"3.7.1,0.7219420671463013;1.1.1,0.07265770435333252;4.2.1,0.0233729500323534;4.1.3,0.018294895067811012;1.1.99,0.0173159372061491"
62385,"3.6.1,0.8519553542137146;3.1.4,0.07523848116397858;3.1.7,0.032594580203294754;2.7.9,0.02003440633416176;2.7.1,0.0037364575546234846"
62393,"1.1.1,0.9941408038139343;1.17.1,0.0016867431113496423;1.4.1,0.0008283542119897902;1.12.1,0.00045550489448942244;1.16.1,0.0003756969526875764"
62397,"1.1.1,0.985920250415802;1.17.1,0.00222549750469625;1.12.1,0.0015890441136434674;1.2.1,0.0010368413059040904;1.23.1,0.000960287288762629"
62401,"1.1.1,0.9903513789176941;1.17.1,0.0014429321745410562;1.12.1,0.0011192176025360823;1.23.1,0.0009087632060982287;1.2.1,0.0007494176388718188"
62405,"4.2.1,0.8973622918128967;1.13.12,0.017173651605844498;1.11.2,0.016208620741963387;1.14.99,0.00713691208511591;1.3.3,0.0062570213340222836"
62409,"2.1.1,0.9921047687530518;2.3.1,0.0038862922228872776;2.8.4,0.0018237584736198187;2.5.1,0.0008931011543609202;1.17.98,0.0002633886178955436"
62413,"4.1.2,0.6115117073059082;2.3.1,0.27602845430374146;2.8.3,0.03617937117815018;4.2.1,0.032573312520980835;4.1.3,0.004864147864282131"
62417,"4.1.2,0.7531039714813232;2.3.1,0.12628312408924103;2.8.3,0.04627125337719917;4.2.1,0.02820233255624771;4.1.3,0.0071292719803750515"
62433,"2.1.1,0.6480653882026672;2.5.1,0.33223533630371094;1.3.98,0.0046958462335169315;2.8.4,0.004556257743388414;4.4.1,0.002589601557701826"
62437,"4.2.1,0.6671148538589478;2.6.1,0.10435127466917038;3.2.1,0.027294354513287544;5.3.99,0.02434629760682583;4.1.3,0.021105783060193062"
62445,"2.1.4,0.47247183322906494;2.3.2,0.18566301465034485;3.5.3,0.08069322258234024;6.3.2,0.07319839298725128;4.3.2,0.05459440499544144"
62453,"6.2.1,0.9645659327507019;2.7.4,0.024362416937947273;2.7.7,0.0072823697701096535;2.5.1,0.0014098506653681397;6.1.1,0.0006788390455767512"
62461,"6.2.1,0.9958380460739136;2.7.4,0.0018176697194576263;2.7.7,0.0013464149087667465;1.2.1,0.0002903147542383522;2.5.1,0.00019763527961913496"
62493,"6.2.1,0.9950573444366455;2.7.4,0.0016613954212516546;2.7.7,0.0011412082239985466;1.2.1,0.0008103714790195227;6.1.1,0.0005093698855489492"
62505,"6.2.1,0.9958380460739136;2.7.4,0.0018176697194576263;2.7.7,0.0013464149087667465;1.2.1,0.0002903147542383522;2.5.1,0.00019763527961913496"
62557,"4.1.1,0.9923121333122253;1.2.3,0.003923691809177399;1.17.98,0.0006685304688289762;3.1.1,0.0004135436029173434;1.13.11,0.0003895851841662079"
62561,"1.1.99,0.31930720806121826;1.3.99,0.11241532117128372;1.14.99,0.10603857785463333;1.17.99,0.10187875479459763;1.5.99,0.04575805738568306"
62565,"1.1.99,0.31930720806121826;1.3.99,0.11241532117128372;1.14.99,0.10603857785463333;1.17.99,0.10187875479459763;1.5.99,0.04575805738568306"
62577,"3.6.1,0.30846738815307617;3.6.5,0.28236863017082214;3.6.4,0.22018170356750488;6.3.5,0.06133836880326271;5.6.2,0.05911293625831604"
62581,"3.6.1,0.30846738815307617;3.6.5,0.28236863017082214;3.6.4,0.22018170356750488;6.3.5,0.06133836880326271;5.6.2,0.05911293625831604"
62585,"3.6.1,0.30846738815307617;3.6.5,0.28236863017082214;3.6.4,0.22018170356750488;6.3.5,0.06133836880326271;5.6.2,0.05911293625831604"
62593,"1.3.1,0.7209771275520325;1.1.1,0.18115822970867157;1.2.1,0.01927732490003109;1.14.13,0.008129063062369823;5.5.1,0.006788628175854683"
62597,"1.3.1,0.7209771275520325;1.1.1,0.18115822970867157;1.2.1,0.01927732490003109;1.14.13,0.008129063062369823;5.5.1,0.006788628175854683"
62621,"1.11.1,0.7547979950904846;1.8.4,0.1368124783039093;1.17.4,0.03614109382033348;1.8.1,0.019414296373724937;1.8.3,0.016046594828367233"
62625,"1.11.1,0.7547979950904846;1.8.4,0.1368124783039093;1.17.4,0.03614109382033348;1.8.1,0.019414296373724937;1.8.3,0.016046594828367233"
62629,"1.11.1,0.31433406472206116;1.6.3,0.18510326743125916;1.17.1,0.12599343061447144;1.2.1,0.10011886060237885;1.1.1,0.04428134486079216"
62633,"1.11.1,0.7547979950904846;1.8.4,0.1368124783039093;1.17.4,0.03614109382033348;1.8.1,0.019414296373724937;1.8.3,0.016046594828367233"
62637,"1.11.1,0.1582452356815338;1.8.1,0.14969275891780853;1.8.4,0.12768355011940002;1.2.4,0.12035401910543442;1.3.4,0.08158174157142639"
62641,"1.11.1,0.7547979950904846;1.8.4,0.1368124783039093;1.17.4,0.03614109382033348;1.8.1,0.019414296373724937;1.8.3,0.016046594828367233"
62933,"3.1.1,0.366781085729599;3.5.1,0.34052929282188416;3.5.2,0.06927382946014404;3.5.4,0.04088691994547844;4.2.1,0.032646551728248596"
62937,"3.1.1,0.366781085729599;3.5.1,0.34052929282188416;3.5.2,0.06927382946014404;3.5.4,0.04088691994547844;4.2.1,0.032646551728248596"
62941,"3.5.1,0.5403555631637573;3.1.1,0.1641169637441635;3.5.2,0.08857360482215881;3.5.4,0.03833054378628731;3.7.1,0.029394302517175674"
63133,"2.1.1,0.9996662139892578;2.5.1,0.0001449402916477993;2.8.4,5.334542947821319e-05;2.7.8,4.682972939917818e-05;4.4.1,2.7347105060471222e-05"
63137,"2.1.1,0.9996883869171143;2.5.1,0.00027306051924824715;2.7.8,2.0852457964792848e-05;2.3.1,1.0555020708125085e-05;4.4.1,3.252355327276746e-06"
63193,"1.13.11,0.9569440484046936;1.2.3,0.013244875706732273;1.1.3,0.005852172616869211;1.13.12,0.0029380526393651962;1.14.99,0.002069968730211258"
63297,"2.5.1,0.6812140941619873;2.1.1,0.29515212774276733;2.8.4,0.005165089387446642;4.4.1,0.004526440054178238;1.3.98,0.0032837192993611097"
63333,"5.1.3,0.8146374225616455;3.2.1,0.15981732308864594;5.3.1,0.00565469590947032;5.4.99,0.004768554586917162;2.4.2,0.003789622336626053"
63337,"5.1.3,0.8146374225616455;3.2.1,0.15981732308864594;5.3.1,0.00565469590947032;5.4.99,0.004768554586917162;2.4.2,0.003789622336626053"
63341,"6.3.1,0.18820106983184814;2.7.11,0.14038285613059998;2.7.12,0.1307651847600937;2.7.7,0.11047564446926117;6.3.2,0.09748893231153488"
63345,"6.3.1,0.38844117522239685;2.7.7,0.09057248383760452;2.7.4,0.07029931992292404;6.3.2,0.0699382871389389;3.6.5,0.06673048436641693"
63349,"6.3.2,0.27386990189552307;6.2.1,0.2365705668926239;6.3.1,0.12032809108495712;2.5.1,0.07650221884250641;2.7.7,0.039210639894008636"
63349,"6.3.2,0.27386990189552307;6.2.1,0.2365705668926239;6.3.1,0.12032809108495712;2.5.1,0.07650221884250641;2.7.7,0.039210639894008636"
63357,"1.13.11,0.3328445851802826;1.8.3,0.28944334387779236;1.1.3,0.08171620965003967;1.3.3,0.08040943741798401;1.2.3,0.02668124996125698"
63361,"1.1.3,0.7742879986763;1.13.11,0.08346690237522125;1.3.3,0.04433339834213257;1.8.3,0.024663206189870834;1.4.3,0.009453926235437393"
63365,"1.1.3,0.6504668593406677;1.13.11,0.08855101466178894;1.3.3,0.08156511932611465;1.8.3,0.02899574115872383;1.4.3,0.01802927814424038"
63377,"1.14.14,0.9998074173927307;1.14.19,9.129413956543431e-05;1.19.6,2.8959269911865704e-05;1.5.1,2.5392455427208915e-05;1.17.7,1.2255941328476183e-05"
63389,"Error: ╭───────────────────── Traceback (most recent call last) ──────────────────────╮
│ /scratch/jarcagniriv/Envs/theia/lib/python3.10/site-packages/theia/cli/cli.p │
│ y:48 in predict_internal                                                     │
│                                                                              │
│   45 │   │   return                                                          │
│   46 │                                                                       │
│   47 │   if "","" not in rxn_smiles:                                           │
│ ❱ 48 │   │   val = predict(model, rxn_smiles, topk, False, probs)            │
│   49 │   │                                                                   │
│   50 │   │   if not probs:                                                   │
│   51 │   │   │   print(val)                                                  │
│                                                                              │
│ ╭───────────────────────────────── locals ─────────────────────────────────╮ │
│ │    is_path = False                                                       │ │
│ │      model = 'DB_rhea_time_seed0.ec123'                                  │ │
│ │     pretty = False                                                       │ │
│ │      probs = True                                                        │ │
│ │ rxn_smiles = 'C=CC1=C(C)C2=[N+]3/C1=C\\C1=C(C)C(CCC(=O)[O-])=C4C=C5C(CC… │ │
│ │       topk = 5                                                           │ │
│ ╰──────────────────────────────────────────────────────────────────────────╯ │
│                                                                              │
│ /scratch/jarcagniriv/Envs/theia/lib/python3.10/site-packages/theia/api/inter │
│ nal.py:89 in predict                                                         │
│                                                                              │
│    86 │   model, label_encoder, background, drfp_map = models[vals[1]]       │
│    87 │   model = model.to(device)                                           │
│    88 │                                                                      │
│ ❱  89 │   result = predict_one(                                              │
│    90 │   │   rxn_smiles,                                                    │
│    91 │   │   model,                                                         │
│    92 │   │   label_encoder,                                                 │
│                                                                              │
│ ╭───────────────────────────────── locals ─────────────────────────────────╮ │
│ │    background = <theia.ml.reaction_dataset.ReactionDataset object at     │ │
│ │                 0x15122d68f3a0>                                          │ │
│ │        device = device(type='cpu')                                       │ │
│ │      drfp_map = {}                                                       │ │
│ │       explain = False                                                    │ │
│ │ label_encoder = LabelEncoder()                                           │ │
│ │         model = MLPClassifier(                                           │ │
│ │                   (fc1): Linear(in_features=10240, out_features=1664,    │ │
│ │                 bias=True)                                               │ │
│ │                   (tanh): Tanh()                                         │ │
│ │                   (fc2): Linear(in_features=1664, out_features=232,      │ │
│ │                 bias=True)                                               │ │
│ │                 )                                                        │ │
│ │      model_id = 'DB_rhea_time_seed0.ec123'                               │ │
│ │        models = {                                                        │ │
│ │                 │   'ec123': (                                           │ │
│ │                 │   │   MLPClassifier(                                   │ │
│ │                   (fc1): Linear(in_features=10240, out_features=1664,    │ │
│ │                 bias=True)                                               │ │
│ │                   (tanh): Tanh()                                         │ │
│ │                   (fc2): Linear(in_features=1664, out_features=232,      │ │
│ │                 bias=True)                                               │ │
│ │                 ),                                                       │ │
│ │                 │   │   LabelEncoder(),                                  │ │
│ │                 │   │   <theia.ml.reaction_dataset.ReactionDataset       │ │
│ │                 object at 0x15122d68f3a0>,                               │ │
│ │                 │   │   {}                                               │ │
│ │                 │   )                                                    │ │
│ │                 }                                                        │ │
│ │         probs = True                                                     │ │
│ │    rxn_smiles = 'C=CC1=C(C)C2=[N+]3/C1=C\\C1=C(C)C(CCC(=O)[O-])=C4C=C5C… │ │
│ │          topk = 5                                                        │ │
│ │          vals = ['DB_rhea_time_seed0', 'ec123']                          │ │
│ ╰──────────────────────────────────────────────────────────────────────────╯ │
│                                                                              │
│ /scratch/jarcagniriv/Envs/theia/lib/python3.10/site-packages/theia/api/inter │
│ nal.py:20 in predict_one                                                     │
│                                                                              │
│    17 def predict_one(                                                       │
│    18 │   rxn, model, label_encoder, background, drfp_map, device, probs, to │
│    19 ):                                                                     │
│ ❱  20 │   dataset = InferenceReactionDataset([rxn])                          │
│    21 │   pred, probabilities, topk_indices = predict_internal(              │
│    22 │   │   model, device, dataset, label_encoder, topk                    │
│    23 │   )                                                                  │
│                                                                              │
│ ╭───────────────────────────────── locals ─────────────────────────────────╮ │
│ │    background = <theia.ml.reaction_dataset.ReactionDataset object at     │ │
│ │                 0x15122d68f3a0>                                          │ │
│ │        device = device(type='cpu')                                       │ │
│ │      drfp_map = {}                                                       │ │
│ │       explain = False                                                    │ │
│ │ label_encoder = LabelEncoder()                                           │ │
│ │         model = MLPClassifier(                                           │ │
│ │                   (fc1): Linear(in_features=10240, out_features=1664,    │ │
│ │                 bias=True)                                               │ │
│ │                   (tanh): Tanh()                                         │ │
│ │                   (fc2): Linear(in_features=1664, out_features=232,      │ │
│ │                 bias=True)                                               │ │
│ │                 )                                                        │ │
│ │         probs = True                                                     │ │
│ │           rxn = 'C=CC1=C(C)C2=[N+]3/C1=C\\C1=C(C)C(CCC(=O)[O-])=C4C=C5C… │ │
│ │          topk = 5                                                        │ │
│ ╰──────────────────────────────────────────────────────────────────────────╯ │
│                                                                              │
│ /scratch/jarcagniriv/Envs/theia/lib/python3.10/site-packages/theia/ml/infere │
│ nce_reaction_dataset.py:24 in __init__                                       │
│                                                                              │
│   21 │   │   self.size = len(rxns)                                           │
│   22 │   │   self.label = label                                              │
│   23 │   │                                                                   │
│ ❱ 24 │   │   fps, shinglings, mappings = DrfpEncoder.encode(                 │
│   25 │   │   │   rxns,                                                       │
│   26 │   │   │   mapping=True,                                               │
│   27 │   │   │   atom_index_mapping=True,                                    │
│                                                                              │
│ ╭───────────────────────────────── locals ─────────────────────────────────╮ │
│ │ include_hydrogens = True                                                 │ │
│ │             label = 'label'                                              │ │
│ │   n_folded_length = 10240                                                │ │
│ │            radius = 2                                                    │ │
│ │ root_central_atom = False                                                │ │
│ │              rxns = [                                                    │ │
│ │                     │                                                    │ │
│ │                     'C=CC1=C(C)C2=[N+]3/C1=C\\C1=C(C)C(CCC(=O)[O-])=C4C… │ │
│ │                     ]                                                    │ │
│ │              self = <theia.ml.inference_reaction_dataset.InferenceReact… │ │
│ │                     object at 0x15122d68f430>                            │ │
│ ╰──────────────────────────────────────────────────────────────────────────╯ │
│                                                                              │
│ /home/jarcagniriv/.local/lib/python3.10/site-packages/drfp/fingerprint.py:37 │
│ 7 in encode                                                                  │
│                                                                              │
│   374 │   │   │   │                                                          │
│   375 │   │   │   │   for product in atom_index_map[""products""]:             │
│   376 │   │   │   │   │   r = defaultdict(list)                              │
│ ❱ 377 │   │   │   │   │   for key, value in product.items():                 │
│   378 │   │   │   │   │   │   if key in smiles_diff:                         │
│   379 │   │   │   │   │   │   │   idx = smiles_diff.index(key)               │
│   380 │   │   │   │   │   │   │   r[on_bits[idx]].append(value)              │
│                                                                              │
│ ╭───────────────────────────────── locals ─────────────────────────────────╮ │
│ │                  _ = 0                                                   │ │
│ │       aidx_bit_map = {                                                   │ │
│ │                      │   'reactants': [                                  │ │
│ │                      │   │   defaultdict(<class 'list'>, {               │ │
│ │                      │   │   │   181: [                                  │ │
│ │                      │   │   │   │   [                                   │ │
│ │                      │   │   │   │   │   frozenset({                     │ │
│ │                      │   │   │   │   │   │   20,                         │ │
│ │                      │   │   │   │   │   │   21,                         │ │
│ │                      │   │   │   │   │   │   27,                         │ │
│ │                      │   │   │   │   │   │   29,                         │ │
│ │                      │   │   │   │   │   │   30                          │ │
│ │                      │   │   │   │   │   }),                             │ │
│ │                      │   │   │   │   │   frozenset({2, 3, 5, 6, 7})      │ │
│ │                      │   │   │   │   ]                                   │ │
│ │                      │   │   │   ],                                      │ │
│ │                      │   │   │   3780: [                                 │ │
│ │                      │   │   │   │   [                                   │ │
│ │                      │   │   │   │   │   frozenset({                     │ │
│ │                      │   │   │   │   │   │   32,                         │ │
│ │                      │   │   │   │   │   │   6,                          │ │
│ │                      │   │   │   │   │   │   7,                          │ │
│ │                      │   │   │   │   │   │   8,                          │ │
│ │                      │   │   │   │   │   │   9,                          │ │
│ │                      │   │   │   │   │   │   31                          │ │
│ │                      │   │   │   │   │   }),                             │ │
│ │                      │   │   │   │   │   frozenset({                     │ │
│ │                      │   │   │   │   │   │   32,                         │ │
│ │                      │   │   │   │   │   │   18,                         │ │
│ │                      │   │   │   │   │   │   19,                         │ │
│ │                      │   │   │   │   │   │   20,                         │ │
│ │                      │   │   │   │   │   │   30,                         │ │
│ │                      │   │   │   │   │   │   31                          │ │
│ │                      │   │   │   │   │   })                              │ │
│ │                      │   │   │   │   ]                                   │ │
│ │                      │   │   │   ],                                      │ │
│ │                      │   │   │   1057: [                                 │ │
│ │                      │   │   │   │   [                                   │ │
│ │                      │   │   │   │   │   frozenset({                     │ │
│ │                      │   │   │   │   │   │   33,                         │ │
│ │                      │   │   │   │   │   │   34,                         │ │
│ │                      │   │   │   │   │   │   36,                         │ │
│ │                      │   │   │   │   │   │   38,                         │ │
│ │                      │   │   │   │   │   │   57                          │ │
│ │                      │   │   │   │   │   }),                             │ │
│ │                      │   │   │   │   │   frozenset({                     │ │
│ │                      │   │   │   │   │   │   32,                         │ │
│ │                      │   │   │   │   │   │   18,                         │ │
│ │                      │   │   │   │   │   │   9,                          │ │
│ │                      │   │   │   │   │   │   10,                         │ │
│ │                      │   │   │   │   │   │   12                          │ │
│ │                      │   │   │   │   │   })                              │ │
│ │                      │   │   │   │   ]                                   │ │
│ │                      │   │   │   ],                                      │ │
│ │                      │   │   │   5028: [                                 │ │
│ │                      │   │   │   │   [                                   │ │
│ │                      │   │   │   │   │   frozenset({                     │ │
│ │                      │   │   │   │   │   │   33,                         │ │
│ │                      │   │   │   │   │   │   34,                         │ │
│ │                      │   │   │   │   │   │   35,                         │ │
│ │                      │   │   │   │   │   │   29,                         │ │
│ │                      │   │   │   │   │   │   30,                         │ │
│ │                      │   │   │   │   │   │   31                          │ │
│ │                      │   │   │   │   │   }),                             │ │
│ │                      │   │   │   │   │   frozenset({                     │ │
│ │                      │   │   │   │   │   │   33,                         │ │
│ │                      │   │   │   │   │   │   5,                          │ │
│ │                      │   │   │   │   │   │   6,                          │ │
│ │                      │   │   │   │   │   │   57,                         │ │
│ │                      │   │   │   │   │   │   58,                         │ │
│ │                      │   │   │   │   │   │   31                          │ │
│ │                      │   │   │   │   │   })                              │ │
│ │                      │   │   │   │   ]                                   │ │
│ │                      │   │   │   ],                                      │ │
│ │                      │   │   │   245: [                                  │ │
│ │                      │   │   │   │   [                                   │ │
│ │                      │   │   │   │   │   frozenset({52}),                │ │
│ │                      │   │   │   │   │   frozenset({49}),                │ │
│ │                      │   │   │   │   │   frozenset({56}),                │ │
│ │                      │   │   │   │   │   frozenset({43}),                │ │
│ │                      │   │   │   │   │   frozenset({28}),                │ │
│ │                      │   │   │   │   │   frozenset({1}),                 │ │
│ │                      │   │   │   │   │   frozenset({23}),                │ │
│ │                      │   │   │   │   │   frozenset({14}),                │ │
│ │                      │   │   │   │   │   frozenset({27}),                │ │
│ │                      │   │   │   │   │   frozenset({24}),                │ │
│ │                      │   │   │   │   │   ... +30                         │ │
│ │                      │   │   │   │   ]                                   │ │
│ │                      │   │   │   ],                                      │ │
│ │                      │   │   │   8922: [                                 │ │
│ │                      │   │   │   │   [frozenset({6}), frozenset({30})]   │ │
│ │                      │   │   │   ],                                      │ │
│ │                      │   │   │   3785: [                                 │ │
│ │                      │   │   │   │   [                                   │ │
│ │                      │   │   │   │   │   frozenset({9}),                 │ │
│ │                      │   │   │   │   │   frozenset({34}),                │ │
│ │                      │   │   │   │   │   frozenset({57}),                │ │
│ │                      │   │   │   │   │   frozenset({10}),                │ │
│ │                      │   │   │   │   │   frozenset({18}),                │ │
│ │                      │   │   │   │   │   frozenset({36}),                │ │
│ │                      │   │   │   │   │   frozenset({12}),                │ │
│ │                      │   │   │   │   │   frozenset({38})                 │ │
│ │                      │   │   │   │   ]                                   │ │
│ │                      │   │   │   ],                                      │ │
│ │                      │   │   │   2083: [                                 │ │
│ │                      │   │   │   │   [                                   │ │
│ │                      │   │   │   │   │   frozenset({25}),                │ │
│ │                      │   │   │   │   │   frozenset({40}),                │ │
│ │                      │   │   │   │   │   frozenset({16})                 │ │
│ │                      │   │   │   │   ]                                   │ │
│ │                      │   │   │   ],                                      │ │
│ │                      │   │   │   7644: [                                 │ │
│ │                      │   │   │   │   [                                   │ │
│ │                      │   │   │   │   │   frozenset({26}),                │ │
│ │                      │   │   │   │   │   frozenset({17})                 │ │
│ │                      │   │   │   │   ]                                   │ │
│ │                      │   │   │   ],                                      │ │
│ │                      │   │   │   4118: [[frozenset({31})]],              │ │
│ │                      │   │   │   ... +59                                 │ │
│ │                      │   │   }),                                         │ │
│ │                      │   │   defaultdict(<class 'list'>, {}),            │ │
│ │                      │   │   defaultdict(<class 'list'>, {}),            │ │
│ │                      │   │   defaultdict(<class 'list'>, {               │ │
│ │                      │   │   │   2083: [[frozenset({0})]],               │ │
│ │                      │   │   │   2935: [[frozenset({0, 1, 2})]],         │ │
│ │                      │   │   │   5620: [                                 │ │
│ │                      │   │   │   │   [                                   │ │
│ │                      │   │   │   │   │   frozenset({0, 1}),              │ │
│ │                      │   │   │   │   │   frozenset({0, 2})               │ │
│ │                      │   │   │   │   ]                                   │ │
│ │                      │   │   │   ]                                       │ │
│ │                      │   │   })                                          │ │
│ │                      │   ],                                              │ │
│ │                      │   'products': []                                  │ │
│ │                      }                                                   │ │
│ │     atom_index_map = {                                                   │ │
│ │                      │   'reactants': [                                  │ │
│ │                      │   │   defaultdict(<class 'list'>, {               │ │
│ │                      │   │   │   b'[C]1[C]=[C][C]=[N+]1': [              │ │
│ │                      │   │   │   │   frozenset({20, 21, 27, 29, 30}),    │ │
│ │                      │   │   │   │   frozenset({2, 3, 5, 6, 7})          │ │
│ │                      │   │   │   ],                                      │ │
│ │                      │   │   │   b'[C]1=[C][N+][Fe-2][n][c]1': [         │ │
│ │                      │   │   │   │   frozenset({32, 6, 7, 8, 9, 31}),    │ │
│ │                      │   │   │   │   frozenset({                         │ │
│ │                      │   │   │   │   │   32,                             │ │
│ │                      │   │   │   │   │   18,                             │ │
│ │                      │   │   │   │   │   19,                             │ │
│ │                      │   │   │   │   │   20,                             │ │
│ │                      │   │   │   │   │   30,                             │ │
│ │                      │   │   │   │   │   31                              │ │
│ │                      │   │   │   │   })                                  │ │
│ │                      │   │   │   ],                                      │ │
│ │                      │   │   │   b'[c]1[c][c][n][c]1': [                 │ │
│ │                      │   │   │   │   frozenset({33, 34, 36, 38, 57}),    │ │
│ │                      │   │   │   │   frozenset({32, 18, 9, 10, 12})      │ │
│ │                      │   │   │   ],                                      │ │
│ │                      │   │   │   b'[C]1=[c][n][Fe-2][N+]=[C]1': [        │ │
│ │                      │   │   │   │   frozenset({                         │ │
│ │                      │   │   │   │   │   33,                             │ │
│ │                      │   │   │   │   │   34,                             │ │
│ │                      │   │   │   │   │   35,                             │ │
│ │                      │   │   │   │   │   29,                             │ │
│ │                      │   │   │   │   │   30,                             │ │
│ │                      │   │   │   │   │   31                              │ │
│ │                      │   │   │   │   }),                                 │ │
│ │                      │   │   │   │   frozenset({33, 5, 6, 57, 58, 31})   │ │
│ │                      │   │   │   ],                                      │ │
│ │                      │   │   │   b'C': [                                 │ │
│ │                      │   │   │   │   frozenset({52}),                    │ │
│ │                      │   │   │   │   frozenset({49}),                    │ │
│ │                      │   │   │   │   frozenset({56}),                    │ │
│ │                      │   │   │   │   frozenset({43}),                    │ │
│ │                      │   │   │   │   frozenset({28}),                    │ │
│ │                      │   │   │   │   frozenset({1}),                     │ │
│ │                      │   │   │   │   frozenset({23}),                    │ │
│ │                      │   │   │   │   frozenset({14}),                    │ │
│ │                      │   │   │   │   frozenset({27}),                    │ │
│ │                      │   │   │   │   frozenset({24}),                    │ │
│ │                      │   │   │   │   ... +30                             │ │
│ │                      │   │   │   ],                                      │ │
│ │                      │   │   │   b'[N+]': [                              │ │
│ │                      │   │   │   │   frozenset({6}),                     │ │
│ │                      │   │   │   │   frozenset({30})                     │ │
│ │                      │   │   │   ],                                      │ │
│ │                      │   │   │   b'c': [                                 │ │
│ │                      │   │   │   │   frozenset({9}),                     │ │
│ │                      │   │   │   │   frozenset({34}),                    │ │
│ │                      │   │   │   │   frozenset({57}),                    │ │
│ │                      │   │   │   │   frozenset({10}),                    │ │
│ │                      │   │   │   │   frozenset({18}),                    │ │
│ │                      │   │   │   │   frozenset({36}),                    │ │
│ │                      │   │   │   │   frozenset({12}),                    │ │
│ │                      │   │   │   │   frozenset({38})                     │ │
│ │                      │   │   │   ],                                      │ │
│ │                      │   │   │   b'O': [                                 │ │
│ │                      │   │   │   │   frozenset({25}),                    │ │
│ │                      │   │   │   │   frozenset({40}),                    │ │
│ │                      │   │   │   │   frozenset({16})                     │ │
│ │                      │   │   │   ],                                      │ │
│ │                      │   │   │   b'[O-]': [                              │ │
│ │                      │   │   │   │   frozenset({26}),                    │ │
│ │                      │   │   │   │   frozenset({17})                     │ │
│ │                      │   │   │   ],                                      │ │
│ │                      │   │   │   b'[Fe-2]': [frozenset({31})],           │ │
│ │                      │   │   │   ... +60                                 │ │
│ │                      │   │   }),                                         │ │
│ │                      │   │   defaultdict(<class 'list'>, {               │ │
│ │                      │   │   │   b'*': [frozenset({0})]                  │ │
│ │                      │   │   }),                                         │ │
│ │                      │   │   defaultdict(<class 'list'>, {               │ │
│ │                      │   │   │   b'*': [frozenset({0})]                  │ │
│ │                      │   │   }),                                         │ │
│ │                      │   │   defaultdict(<class 'list'>, {               │ │
│ │                      │   │   │   b'O': [frozenset({0})],                 │ │
│ │                      │   │   │   b'[H]': [                               │ │
│ │                      │   │   │   │   frozenset({2}),                     │ │
│ │                      │   │   │   │   frozenset({1})                      │ │
│ │                      │   │   │   ],                                      │ │
│ │                      │   │   │   b'[H][O][H]': [frozenset({0, 1, 2})],   │ │
│ │                      │   │   │   b'[H][O]': [                            │ │
│ │                      │   │   │   │   frozenset({0, 1}),                  │ │
│ │                      │   │   │   │   frozenset({0, 2})                   │ │
│ │                      │   │   │   ]                                       │ │
│ │                      │   │   })                                          │ │
│ │                      │   ],                                              │ │
│ │                      │   'products': [                                   │ │
│ │                      │   │   None,                                       │ │
│ │                      │   │   defaultdict(<class 'list'>, {               │ │
│ │                      │   │   │   b'[H]': [                               │ │
│ │                      │   │   │   │   frozenset({2}),                     │ │
│ │                      │   │   │   │   frozenset({0})                      │ │
│ │                      │   │   │   ],                                      │ │
│ │                      │   │   │   b'*': [frozenset({1})],                 │ │
│ │                      │   │   │   b'[*][H]': [                            │ │
│ │                      │   │   │   │   frozenset({0, 1}),                  │ │
│ │                      │   │   │   │   frozenset({1, 2})                   │ │
│ │                      │   │   │   ],                                      │ │
│ │                      │   │   │   b'[H][*][H]': [frozenset({0, 1, 2})]    │ │
│ │                      │   │   }),                                         │ │
│ │                      │   │   defaultdict(<class 'list'>, {               │ │
│ │                      │   │   │   b'[H]': [                               │ │
│ │                      │   │   │   │   frozenset({2}),                     │ │
│ │                      │   │   │   │   frozenset({0})                      │ │
│ │                      │   │   │   ],                                      │ │
│ │                      │   │   │   b'*': [frozenset({1})],                 │ │
│ │                      │   │   │   b'[*][H]': [                            │ │
│ │                      │   │   │   │   frozenset({0, 1}),                  │ │
│ │                      │   │   │   │   frozenset({1, 2})                   │ │
│ │                      │   │   │   ],                                      │ │
│ │                      │   │   │   b'[H][*][H]': [frozenset({0, 1, 2})]    │ │
│ │                      │   │   })                                          │ │
│ │                      │   ]                                               │ │
│ │                      }                                                   │ │
│ │ atom_index_mapping = True                                                │ │
│ │    atom_index_maps = []                                                  │ │
│ │  difference_folded = array([0, 0, 0, ..., 0, 0, 0], dtype=uint8)         │ │
│ │       folded_index = 4118                                                │ │
│ │        hashed_diff = array([ 1751562376,   103726688, -1526432055,       │ │
│ │                      -18025674, -1291588379,                             │ │
│ │                      │   │    741167447,  1389629685, -1216367858,       │ │
│ │                      115073722, -1349040141,                             │ │
│ │                      │      -1954832343,   -15572580,  -869232489,       │ │
│ │                      571863736,  -390381227,                             │ │
│ │                      │   │    -59493806,  1870797551,  1281696540,       │ │
│ │                      824313869,   908952547,                             │ │
│ │                      │   │   -593222891, -1924852680, -1637172518,       │ │
│ │                      834669360,  -887364874,                             │ │
│ │                      │      -1195115456,  2035924593,   404047845,       │ │
│ │                      354666226,  -229854344,                             │ │
│ │                      │      -1466029843, -1610027532, -1648810300,       │ │
│ │                      -386094478,   870463523,                            │ │
│ │                      │   │   -313561617,   109953564,  -978913040,       │ │
│ │                      582607323, -1458649791,                             │ │
│ │                      │   │   -163617974, -1681321052,  -524884516,       │ │
│ │                      -724162524, -1621673013,                            │ │
│ │                      │   │   1026261339,  -474286962, -1223714407,       │ │
│ │                      416257057,  1416824203,                             │ │
│ │                      │   │    608716981,   763171255,   -49824148,       │ │
│ │                      -1683668105,  -410857698,                           │ │
│ │                      │      -1914875312,   969939789,  1966876602,       │ │
│ │                      -1159362707, -1795601993,                           │ │
│ │                      │      -1839614150,   930460317, -1901265230,       │ │
│ │                      -2129289740, -1778532112,                           │ │
│ │                      │   │   -964346182,    37977545, -1568034574,       │ │
│ │                      -1081041415,   826494253,                           │ │
│ │                      │   │   -542183864,   956502038], dtype=int32)      │ │
│ │                idx = 63                                                  │ │
│ │  include_hydrogens = True                                                │ │
│ │                key = b'[H][O]'                                           │ │
│ │            mapping = True                                                │ │
│ │         min_radius = 0                                                   │ │
│ │    n_folded_length = 10240                                               │ │
│ │            on_bits = array([  136,  5728,  3785,  6966,  3301,  6487,    │ │
│ │                      245,   782,  6842,                                  │ │
│ │                      │   │   8179,  4137,  2460,   151,   696,  8533,    │ │
│ │                      594,   751,  6940,                                  │ │
│ │                      │   │   4109,  9187,   789,  1080,  8922,  6960,    │ │
│ │                      2806,  5184,  7793,                                 │ │
│ │                      │   │   8165,  3826,  2936,   237,  7668,  3780,    │ │
│ │                      4722,  2083,  7663,                                 │ │
│ │                      │   │   6684,   240,  2523,  7489,  6986,  5028,    │ │
│ │                      7644,    36,  5067,                                 │ │
│ │                      │   │   8539,  9358,  6553,  1057,  7563,   181,    │ │
│ │                      4535,  3692,  2935,                                 │ │
│ │                      │   │   1822,  4688,  6989,  8122, 10093,  2487,    │ │
│ │                      1850,  2717,  5810,                                 │ │
│ │                      │   │   5620,  2288,  5818,  7625,  6386,  5625,    │ │
│ │                      3373,  3656,  4118],                                │ │
│ │                      │     dtype=int32)                                  │ │
│ │            product = None                                                │ │
│ │                  r = defaultdict(<class 'list'>, {})                     │ │
│ │             radius = 2                                                   │ │
│ │           reactant = defaultdict(<class 'list'>, {                       │ │
│ │                      │   b'O': [frozenset({0})],                         │ │
│ │                      │   b'[H]': [frozenset({2}), frozenset({1})],       │ │
│ │                      │   b'[H][O][H]': [frozenset({0, 1, 2})],           │ │
│ │                      │   b'[H][O]': [                                    │ │
│ │                      │   │   frozenset({0, 1}),                          │ │
│ │                      │   │   frozenset({0, 2})                           │ │
│ │                      │   ]                                               │ │
│ │                      })                                                  │ │
│ │             result = []                                                  │ │
│ │         result_map = defaultdict(<class 'set'>, {                        │ │
│ │                      │   136: {'[H][C]([H])([H])[c]'},                   │ │
│ │                      │   5728: {                                         │ │
│ │                      │   │                                               │ │
│ │                      '[H][O][C@]([H])([c]([c])[c])[C]([H])([H])[C]'      │ │
│ │                      │   },                                              │ │
│ │                      │   3785: {'c'},                                    │ │
│ │                      │   6966: {'[H][C]([H])=[C]([H])[C]'},              │ │
│ │                      │   3301: {                                         │ │
│ │                      │   │                                               │ │
│ │                      '[H][C]([H])([C])[C]([H])([H])[C@@]([H])([c])[O]'   │ │
│ │                      │   },                                              │ │
│ │                      │   6487: {                                         │ │
│ │                      │   │                                               │ │
│ │                      '[C]=[c]([c])[n]([c](=[C])[c])[Fe-2]([n])([N+])[N+… │ │
│ │                      │   },                                              │ │
│ │                      │   245: {'C'},                                     │ │
│ │                      │   782: {                                          │ │
│ │                      │   │                                               │ │
│ │                      '[H][C@@]([C])([O])[c]([c]([C])[c])[c](=[C])[n]'    │ │
│ │                      │   },                                              │ │
│ │                      │   6842: {'[H][C]([H])([c])[C]'},                  │ │
│ │                      │   8179: {                                         │ │
│ │                      │   │                                               │ │
│ │                      '[H][C]([H])([C])[c]([c]([C])[c])[c]([C])[n]'       │ │
│ │                      │   },                                              │ │
│ │                      │   ... +62                                         │ │
│ │                      })                                                  │ │
│ │              rings = True                                                │ │
│ │  root_central_atom = False                                               │ │
│ │  show_progress_bar = True                                                │ │
│ │        smiles_diff = [                                                   │ │
│ │                      │   b'[H][C]([H])([H])[c]',                         │ │
│ │                      │                                                   │ │
│ │                      b'[H][O][C@]([H])([c]([c])[c])[C]([H])([H])[C]',    │ │
│ │                      │   b'c',                                           │ │
│ │                      │   b'[H][C]([H])=[C]([H])[C]',                     │ │
│ │                      │                                                   │ │
│ │                      b'[H][C]([H])([C])[C]([H])([H])[C@@]([H])([c])[O]', │ │
│ │                      │                                                   │ │
│ │                      b'[C]=[c]([c])[n]([c](=[C])[c])[Fe-2]([n])([N+])[N… │ │
│ │                      │   b'C',                                           │ │
│ │                      │                                                   │ │
│ │                      b'[H][C@@]([C])([O])[c]([c]([C])[c])[c](=[C])[n]',  │ │
│ │                      │   b'[H][C]([H])([c])[C]',                         │ │
│ │                      │   b'[H][C]([H])([C])[c]([c]([C])[c])[c]([C])[n]', │ │
│ │                      │   ... +62                                         │ │
│ │                      ]                                                   │ │
│ │     unfolded_index = 71                                                  │ │
│ │              value = [frozenset({0, 1}), frozenset({0, 2})]              │ │
│ │                  X = [                                                   │ │
│ │                      │                                                   │ │
│ │                      'C=CC1=C(C)C2=[N+]3/C1=C\\C1=C(C)C(CCC(=O)[O-])=C4… │ │
│ │                      ]                                                   │ │
│ │                  x = 'C=CC1=C(C)C2=[N+]3/C1=C\\C1=C(C)C(CCC(=O)[O-])=C4… │ │
│ ╰──────────────────────────────────────────────────────────────────────────╯ │
╰──────────────────────────────────────────────────────────────────────────────╯
AttributeError: 'NoneType' object has no attribute 'items'"
63405,"1.14.14,0.7762817740440369;1.14.19,0.11989229172468185;1.5.8,0.03442934527993202;1.14.99,0.017469486221671104;1.5.1,0.008611264638602734"
63409,"1.14.14,0.8572254776954651;1.13.11,0.03881021961569786;1.14.19,0.025578774511814117;1.14.99,0.022042743861675262;1.14.13,0.019292907789349556"
63421,"2.7.7,0.6589959859848022;2.7.4,0.2952824831008911;6.2.1,0.004849000368267298;2.7.1,0.004711298272013664;2.7.2,0.002784890588372946"
63425,"2.7.7,0.9516738057136536;2.7.4,0.02119520865380764;2.7.1,0.008586528711020947;2.7.6,0.006727917119860649;2.5.1,0.0029413725715130568"
63429,"2.7.1,0.9900301694869995;3.2.1,0.004053032957017422;2.7.4,0.003642106894403696;2.4.1,0.0007210752228274941;3.6.1,0.0005178576102480292"
63441,"2.7.7,0.8844273686408997;2.7.4,0.08006951212882996;2.7.1,0.012483883649110794;3.6.1,0.005231235641986132;2.7.6,0.0038703137543052435"
63445,"2.7.8,0.9577680826187134;2.7.1,0.03995193541049957;3.1.4,0.0007028905674815178;4.6.1,0.000352483126334846;2.4.3,0.0003222396189812571"
63449,"2.7.7,0.6589959859848022;2.7.4,0.2952824831008911;6.2.1,0.004849000368267298;2.7.1,0.004711298272013664;2.7.2,0.002784890588372946"
63453,"2.7.8,0.9577680826187134;2.7.1,0.03995193541049957;3.1.4,0.0007028905674815178;4.6.1,0.000352483126334846;2.4.3,0.0003222396189812571"
63509,"1.13.11,0.7524043321609497;1.3.3,0.03785480931401253;5.4.4,0.029561495408415794;1.1.3,0.020107347518205643;1.21.3,0.019842278212308884"
63513,"1.14.13,0.9052302241325378;1.6.3,0.03936932235956192;1.14.19,0.0165463425219059;1.14.12,0.007250046823173761;1.17.1,0.0067785740830004215"
63561,"3.2.1,0.19111981987953186;4.2.1,0.15001051127910614;3.6.1,0.1380501538515091;3.1.3,0.04811102896928787;3.4.17,0.020765218883752823"
63641,"2.3.2,0.9060204029083252;3.5.1,0.03525897487998009;2.3.1,0.02537642978131771;3.2.2,0.024310102686285973;2.1.4,0.0033358607906848192"
63645,"2.4.1,0.993511974811554;2.4.2,0.006282042246311903;2.7.8,0.0001335025590378791;2.7.1,1.7008302165777422e-05;3.2.1,1.4376973922480829e-05"
63661,"4.1.1,0.6253905296325684;2.6.1,0.3223114311695099;2.3.1,0.032771993428468704;6.3.2,0.0030165561474859715;5.4.3,0.0029299654997885227"
63793,"3.4.17,0.18220697343349457;6.3.2,0.10755431652069092;1.13.12,0.10444279760122299;3.5.1,0.10182669013738632;2.3.1,0.0901106521487236"
63797,"3.5.1,0.3961150050163269;3.5.2,0.23534080386161804;4.3.2,0.1909923404455185;3.4.17,0.08346503973007202;6.3.2,0.02546103112399578"
63801,"2.7.8,0.7744677066802979;5.1.3,0.06514790654182434;5.4.99,0.027491820976138115;2.7.1,0.025401603430509567;2.4.2,0.017934435978531837"
63805,"5.1.3,0.8367865085601807;2.7.8,0.0877019613981247;5.3.1,0.028458785265684128;2.4.2,0.01001010462641716;5.4.99,0.005695161409676075"
63829,"2.6.1,0.999722421169281;2.3.1,6.0330854466883466e-05;1.4.1,6.0122991271782666e-05;4.4.1,4.47504899057094e-05;5.4.3,2.036835576291196e-05"
63833,"2.3.1,0.9688103199005127;3.1.2,0.01994801126420498;6.2.1,0.007964345626533031;2.3.3,0.0011801747605204582;1.2.1,0.0010485631646588445"
63837,"1.13.11,0.919434130191803;5.4.4,0.05398503318428993;1.3.3,0.005726872012019157;4.2.1,0.0031218347139656544;1.14.99,0.002650640672072768"
63853,"1.13.11,0.919434130191803;5.4.4,0.05398503318428993;1.3.3,0.005726872012019157;4.2.1,0.0031218347139656544;1.14.99,0.002650640672072768"
63857,"1.13.11,0.919434130191803;5.4.4,0.05398503318428993;1.3.3,0.005726872012019157;4.2.1,0.0031218347139656544;1.14.99,0.002650640672072768"
63861,"1.13.11,0.919434130191803;5.4.4,0.05398503318428993;1.3.3,0.005726872012019157;4.2.1,0.0031218347139656544;1.14.99,0.002650640672072768"
63865,"1.13.11,0.919434130191803;5.4.4,0.05398503318428993;1.3.3,0.005726872012019157;4.2.1,0.0031218347139656544;1.14.99,0.002650640672072768"
63869,"1.13.11,0.919434130191803;5.4.4,0.05398503318428993;1.3.3,0.005726872012019157;4.2.1,0.0031218347139656544;1.14.99,0.002650640672072768"
63873,"1.14.11,0.9786156415939331;2.6.1,0.008653135970234871;1.14.20,0.002735403599217534;1.13.12,0.001530744368210435;1.13.11,0.001441617263481021"
63877,"1.14.11,0.9928284287452698;4.1.1,0.001584240817464888;1.13.12,0.0015616812743246555;1.14.20,0.0012050566729158163;2.6.1,0.00102374202106148"
63881,"1.8.2,0.1666502207517624;1.7.2,0.12611472606658936;1.14.19,0.12589097023010254;1.16.3,0.10533852875232697;1.1.2,0.05406603589653969"
63885,"1.11.1,0.827874481678009;1.11.2,0.036898307502269745;1.5.3,0.028615349903702736;1.1.3,0.024805555120110512;1.4.3,0.014863758347928524"
63969,"2.7.7,0.48720014095306396;3.6.1,0.15194645524024963;2.7.4,0.077735535800457;2.5.1,0.06508142501115799;2.7.9,0.058745697140693665"
64057,"1.1.1,0.967253565788269;1.17.1,0.004931943491101265;1.12.1,0.003165131201967597;1.2.1,0.0024283609818667173;1.23.1,0.002409447217360139"
64061,"1.1.1,0.9535735845565796;1.17.1,0.007062850520014763;1.12.1,0.005106022115796804;1.2.1,0.0035838622134178877;1.23.1,0.003164556110277772"
64065,"1.1.1,0.9482841491699219;1.17.1,0.008351297117769718;1.12.1,0.005985203664749861;1.23.1,0.005479197017848492;1.2.1,0.003837360069155693"
64069,"1.1.1,0.9486390948295593;1.17.1,0.008189376443624496;1.12.1,0.00592628913000226;1.23.1,0.005488542839884758;1.2.1,0.0038116825744509697"
64149,"2.4.3,0.9353776574134827;2.4.99,0.05126461014151573;3.1.4,0.005868023261427879;2.7.8,0.0020978304091840982;2.4.1,0.0016869439277797937"
64153,"2.4.3,0.9353776574134827;2.4.99,0.05126461014151573;3.1.4,0.005868023261427879;2.7.8,0.0020978304091840982;2.4.1,0.0016869439277797937"
64161,"2.7.4,0.44908803701400757;2.7.7,0.11642076820135117;2.5.1,0.10587067157030106;6.3.2,0.027514344081282616;6.2.1,0.023895690217614174"
64417,"1.1.1,0.9993650317192078;1.17.1,0.00010409763490315527;1.2.1,9.045107435667887e-05;1.1.99,4.646990782930516e-05;5.3.1,4.6387023758143187e-05"
64445,"2.1.1,0.9994789958000183;2.8.4,0.00022694890503771603;2.3.1,9.133241110248491e-05;2.5.1,5.3972577006788924e-05;1.3.98,3.2534873753320426e-05"
64449,"2.1.1,0.9994789958000183;2.8.4,0.00022694890503771603;2.3.1,9.133241110248491e-05;2.5.1,5.3972577006788924e-05;1.3.98,3.2534873753320426e-05"
64453,"2.1.1,0.9994789958000183;2.8.4,0.00022694890503771603;2.3.1,9.133241110248491e-05;2.5.1,5.3972577006788924e-05;1.3.98,3.2534873753320426e-05"
64457,"2.1.1,0.9995025396347046;2.8.4,0.00020797991601284593;2.3.1,9.129119280260056e-05;2.5.1,6.511718675028533e-05;1.3.98,3.287714935140684e-05"
64473,"2.1.1,0.8621402978897095;2.8.4,0.027639377862215042;2.5.1,0.024666128680109978;2.3.1,0.015214262530207634;1.3.98,0.005478876642882824"
64517,"1.1.1,0.9957966804504395;1.2.1,0.0014765702653676271;1.17.1,0.0006748794112354517;1.12.1,0.00047934678150340915;1.4.1,0.00024387608573306352"
64533,"1.14.18,0.9013482928276062;1.14.19,0.07512155920267105;1.16.3,0.014078370295464993;1.17.2,0.0012127184309065342;1.7.2,0.0009974127169698477"
64537,"2.7.8,0.9366242289543152;2.3.1,0.049905456602573395;2.4.1,0.004720604978501797;4.6.1,0.00462595047429204;5.1.3,0.0014949714532122016"
64541,"2.7.8,0.6502696871757507;2.3.1,0.3057808578014374;2.7.1,0.02079610899090767;5.1.3,0.009639492258429527;2.4.1,0.003997266758233309"
64597,"2.4.1,0.9997934699058533;2.4.2,9.708626021165401e-05;2.7.8,8.921209519030526e-05;2.7.1,7.750057193334214e-06;5.1.3,3.6017195270687807e-06"
64649,"1.2.1,0.9803423285484314;2.3.1,0.01248018629848957;1.8.1,0.0020455375779420137;1.1.1,0.0016254194779321551;6.2.1,0.0009584270301274955"
64653,"1.2.1,0.9803423285484314;2.3.1,0.01248018629848957;1.8.1,0.0020455375779420137;1.1.1,0.0016254194779321551;6.2.1,0.0009584270301274955"
64657,"1.2.1,0.9783072471618652;2.3.1,0.013886856846511364;1.8.1,0.0025799835566431284;1.1.1,0.0016822876641526818;1.3.1,0.0009440882713533938"
64661,"6.2.1,0.9907839298248291;1.2.1,0.002822680864483118;2.7.4,0.0023606433533132076;2.7.7,0.001295577734708786;2.5.1,0.0010461085475981236"
64793,"1.4.1,0.9610124230384827;4.3.1,0.01174419466406107;1.2.1,0.008768671192228794;6.3.2,0.006444875150918961;1.5.1,0.0028617186471819878"
64801,"1.4.1,0.6448715329170227;4.3.1,0.2901354730129242;1.5.1,0.015432500280439854;6.3.2,0.006550885736942291;1.8.1,0.005030792206525803"
64857,"4.2.3,0.9995414018630981;5.5.1,0.0004252474464010447;5.4.99,1.5479094145121053e-05;5.3.3,1.3388682418735698e-05;2.5.1,3.635839220805792e-06"
64865,"4.1.1,0.9859064817428589;2.7.1,0.010619197972118855;2.7.3,0.0006283075781539083;1.1.1,0.00041154230711981654;2.7.4,0.00033240087213926017"
64877,"3.6.1,0.9816552400588989;2.7.9,0.010187351144850254;3.1.7,0.0018851840868592262;3.6.5,0.00084906374104321;2.5.1,0.0008341287611983716"
64881,"3.6.1,0.9816552400588989;2.7.9,0.010187351144850254;3.1.7,0.0018851840868592262;3.6.5,0.00084906374104321;2.5.1,0.0008341287611983716"
64913,"3.6.1,0.9377686977386475;2.7.9,0.03624947369098663;3.6.4,0.006202884949743748;3.6.5,0.0060652075335383415;2.7.1,0.004011974669992924"
64989,"3.6.1,0.9203290939331055;3.1.7,0.013851620256900787;2.7.9,0.012636990286409855;2.7.1,0.008011940866708755;3.1.4,0.006850787438452244"
65021,"2.3.1,0.9957770109176636;6.2.1,0.0012380329426378012;3.1.2,0.0008167718187905848;4.3.2,0.0007467265822924674;6.3.2,0.0006223006057552993"
65029,"1.4.9,0.0863804891705513;1.17.9,0.06673041731119156;1.2.98,0.058755986392498016;1.1.9,0.04488946869969368;3.1.1,0.03914706036448479"
65033,"1.3.5,0.5013738870620728;1.3.3,0.232900932431221;1.1.5,0.10493724048137665;1.8.5,0.10005898028612137;1.6.5,0.029697446152567863"
65153,"2.4.1,0.9992511868476868;2.4.2,0.0007287077023647726;2.7.8,7.241470939334249e-06;2.7.1,3.565738552424591e-06;2.7.4,3.1895046959107276e-06"
65221,"1.3.1,0.7280118465423584;1.14.12,0.19936113059520721;1.6.5,0.04618316888809204;1.21.1,0.007863161154091358;1.14.13,0.0022660766262561083"
65245,"2.4.1,0.998359739780426;2.4.2,0.0016143962275236845;2.7.8,7.382628155028215e-06;2.7.4,4.634714059648104e-06;2.7.1,4.2530650716798846e-06"
65293,"3.6.1,0.7885070443153381;2.7.9,0.11305106431245804;2.7.1,0.023999717086553574;6.4.1,0.020509347319602966;3.6.5,0.009957562200725079"
65309,"2.3.1,0.9939196109771729;4.1.1,0.0029837042093276978;3.1.2,0.0015789387980476022;1.2.1,0.0005977461114525795;6.2.1,0.00047897305921651423"
65313,"2.3.1,0.9939196109771729;4.1.1,0.0029837042093276978;3.1.2,0.0015789387980476022;1.2.1,0.0005977461114525795;6.2.1,0.00047897305921651423"
65377,"2.1.1,0.9999961853027344;2.8.4,1.907917067001108e-06;1.3.98,4.242531588261045e-07;2.3.1,3.713404339578119e-07;2.5.1,2.3954422090355365e-07"
65385,"3.6.1,0.8600163459777832;2.7.1,0.11042474955320358;2.7.4,0.018704291433095932;2.7.7,0.0021838718093931675;2.7.9,0.0013875995064154267"
65389,"3.6.1,0.7904110550880432;2.7.1,0.16089539229869843;2.7.4,0.03168583661317825;2.7.7,0.0032945401035249233;2.7.9,0.003146559000015259"
65437,"2.7.7,0.6304005980491638;2.5.1,0.1945742964744568;3.6.1,0.04888232424855232;2.7.6,0.01815386489033699;2.7.4,0.015780972316861153"
65493,"2.1.1,0.3179284930229187;1.3.98,0.2666117250919342;1.17.98,0.2025206834077835;1.21.98,0.0497937873005867;2.8.4,0.0417528860270977"
65501,"1.17.98,0.528030514717102;2.1.1,0.13205750286579132;1.3.98,0.09333950281143188;2.8.4,0.041550010442733765;1.21.98,0.03454126790165901"
65505,"3.5.1,0.42890027165412903;3.5.2,0.37932345271110535;3.5.5,0.043972358107566833;1.13.12,0.026585334911942482;4.2.1,0.011895735748112202"
65509,"1.4.3,0.9556697010993958;1.11.1,0.013568827882409096;1.13.12,0.0059648239985108376;1.2.3,0.005920423194766045;1.1.3,0.004752874840050936"
65561,"2.6.1,0.8360528945922852;4.1.3,0.08308447152376175;1.14.11,0.047484613955020905;3.5.99,0.010637154802680016;1.13.11,0.0064684683457016945"
65617,"4.2.1,0.4907146394252777;1.14.99,0.36012449860572815;1.3.99,0.029643097892403603;1.17.99,0.02696337178349495;1.97.1,0.023614073172211647"
65657,"4.2.1,0.4907146394252777;1.14.99,0.36012449860572815;1.3.99,0.029643097892403603;1.17.99,0.02696337178349495;1.97.1,0.023614073172211647"
65661,"1.14.99,0.5552517771720886;4.2.1,0.21800284087657928;1.3.99,0.06213124468922615;1.17.99,0.03242512792348862;1.97.1,0.02720741741359234"
65693,"3.1.1,0.8936216831207275;2.3.1,0.10195580869913101;2.7.8,0.0018427950562909245;2.5.1,0.0016065335366874933;2.4.1,0.0003021543670911342"
65701,"1.14.14,0.9990735054016113;1.14.19,0.0006636860780417919;1.19.6,9.189660340780392e-05;1.5.1,4.769725273945369e-05;1.17.7,3.238274439354427e-05"
65705,"2.4.1,0.9933660626411438;2.4.2,0.0025463378988206387;2.7.8,0.0012443349696695805;2.7.1,0.0006767596933059394;3.6.1,0.0006574717699550092"
65709,"2.7.4,0.1598474532365799;2.7.8,0.05540730059146881;2.3.1,0.052567701786756516;5.2.1,0.034546274691820145;2.6.1,0.0285967905074358"
65713,"2.7.4,0.1598474532365799;2.7.8,0.05540730059146881;2.3.1,0.052567701786756516;5.2.1,0.034546274691820145;2.6.1,0.0285967905074358"
65717,"1.14.11,0.7800207734107971;4.1.1,0.06096365302801132;3.1.6,0.048755716532468796;1.14.20,0.044275470077991486;1.2.3,0.015986841171979904"
65721,"1.14.11,0.4264950454235077;4.1.1,0.1961071789264679;3.1.6,0.1687638759613037;1.14.20,0.09780479222536087;1.2.3,0.02102293260395527"
65725,"1.14.11,0.4264950454235077;4.1.1,0.1961071789264679;3.1.6,0.1687638759613037;1.14.20,0.09780479222536087;1.2.3,0.02102293260395527"
65729,"1.14.11,0.4264950454235077;4.1.1,0.1961071789264679;3.1.6,0.1687638759613037;1.14.20,0.09780479222536087;1.2.3,0.02102293260395527"
65733,"1.14.11,0.4264950454235077;4.1.1,0.1961071789264679;3.1.6,0.1687638759613037;1.14.20,0.09780479222536087;1.2.3,0.02102293260395527"
65737,"1.14.11,0.4264950454235077;4.1.1,0.1961071789264679;3.1.6,0.1687638759613037;1.14.20,0.09780479222536087;1.2.3,0.02102293260395527"
65741,"1.14.11,0.4264950454235077;4.1.1,0.1961071789264679;3.1.6,0.1687638759613037;1.14.20,0.09780479222536087;1.2.3,0.02102293260395527"
65745,"1.14.11,0.4264950454235077;4.1.1,0.1961071789264679;3.1.6,0.1687638759613037;1.14.20,0.09780479222536087;1.2.3,0.02102293260395527"
65749,"1.14.11,0.4264950454235077;4.1.1,0.1961071789264679;3.1.6,0.1687638759613037;1.14.20,0.09780479222536087;1.2.3,0.02102293260395527"
65753,"1.14.11,0.7949473261833191;2.6.1,0.19048628211021423;1.13.12,0.005420593544840813;1.1.99,0.002704164944589138;1.14.20,0.0019367614295333624"
65761,"1.14.14,0.9974842071533203;1.14.19,0.002049434231594205;1.14.99,0.0001066502882167697;1.17.7,8.536474342690781e-05;4.2.1,4.3820815335493535e-05"
65769,"1.14.15,0.7888915538787842;1.14.19,0.15022653341293335;1.16.3,0.008664934895932674;1.8.7,0.008088184520602226;1.17.7,0.006081456784158945"
65809,"1.14.19,0.9942723512649536;1.14.15,0.004006518051028252;3.6.1,0.000572670716792345;1.17.7,0.00020846276311203837;4.2.1,0.000152643391629681"
65813,"1.14.99,0.5252019166946411;1.14.19,0.17353437840938568;1.3.99,0.04164193198084831;1.17.99,0.03060387633740902;1.97.1,0.026160085573792458"
65817,"3.6.5,0.34312155842781067;3.6.4,0.2418058216571808;3.6.1,0.17624694108963013;5.6.2,0.0716433972120285;6.3.5,0.03640947863459587"
65829,"3.1.7,0.8836438655853271;4.2.3,0.03993749991059303;3.6.1,0.03716830909252167;2.5.1,0.02112073265016079;3.1.3,0.008936243131756783"
65833,"3.6.5,0.34312155842781067;3.6.4,0.2418058216571808;3.6.1,0.17624694108963013;5.6.2,0.0716433972120285;6.3.5,0.03640947863459587"
65837,"3.6.5,0.34312155842781067;3.6.4,0.2418058216571808;3.6.1,0.17624694108963013;5.6.2,0.0716433972120285;6.3.5,0.03640947863459587"
65849,"1.3.99,0.9651849865913391;3.7.1,0.010039977729320526;1.14.99,0.007310180459171534;1.14.19,0.005845924839377403;1.97.1,0.003320996882393956"
65861,"1.3.99,0.9794472455978394;3.7.1,0.004332365933805704;1.14.99,0.0030682336073368788;1.14.19,0.0030326582491397858;3.2.1,0.0017307181842625141"
65865,"1.3.99,0.9669454097747803;1.14.19,0.008006383664906025;1.14.99,0.007970155216753483;1.97.1,0.004424662329256535;3.7.1,0.004389653448015451"
65885,"2.6.1,0.9937194585800171;1.14.11,0.003039170755073428;4.1.3,0.0011739254696294665;4.2.1,0.0004992845351807773;1.14.20,0.00029681186424568295"
65897,"4.1.3,0.9198604226112366;2.6.1,0.02092386782169342;2.3.1,0.008968409150838852;2.1.2,0.00691229896619916;1.13.11,0.006397338584065437"
65901,"2.6.1,0.547030508518219;4.1.3,0.32373136281967163;2.3.1,0.018871039152145386;4.1.1,0.01596326380968094;4.1.2,0.013760307803750038"
65925,"2.1.1,0.9976879358291626;2.3.1,0.001066352124325931;2.8.4,0.0007813377887941897;2.5.1,0.0001113160396926105;1.17.98,8.5145074990578e-05"
65929,"2.1.1,0.9976879358291626;2.3.1,0.001066352124325931;2.8.4,0.0007813377887941897;2.5.1,0.0001113160396926105;1.17.98,8.5145074990578e-05"
65933,"2.1.1,0.9990609288215637;2.8.4,0.0004204302385915071;2.3.1,0.00013060130004305393;1.3.98,0.00011765460658352822;2.5.1,9.241053339792415e-05"
65937,"5.1.3,0.9861243963241577;5.3.1,0.004084772430360317;2.7.4,0.001497193006798625;3.2.1,0.0013876177836209536;2.4.1,0.0010871762642636895"
65997,"2.1.1,0.9953621029853821;2.7.1,0.0006407724577002227;2.3.1,0.0004026340611744672;2.7.8,0.00023971129849087447;1.5.3,0.00017479879898019135"
66001,"2.1.1,0.9999024868011475;2.3.1,1.4903012925060466e-05;2.1.2,1.4469560483121313e-05;1.5.1,8.586873263993766e-06;2.5.1,8.192542736651376e-06"
66005,"2.1.1,0.9867441654205322;2.5.1,0.004830827005207539;4.4.1,0.0016503655351698399;2.8.4,0.0015353221679106355;2.3.1,0.0013714892556890845"
66029,"2.8.4,0.3169449269771576;1.17.98,0.21837197244167328;2.1.1,0.21703161299228668;4.7.1,0.06720248609781265;1.21.98,0.046748086810112"
66033,"2.7.4,0.1598474532365799;2.7.8,0.05540730059146881;2.3.1,0.052567701786756516;5.2.1,0.034546274691820145;2.6.1,0.0285967905074358"
66373,"3.1.3,0.9880768060684204;2.7.1,0.0021013023797422647;3.6.1,0.0017503357958048582;4.2.3,0.0014864734839648008;2.5.1,0.0012358893873170018"
66537,"4.2.1,0.4907146394252777;1.14.99,0.36012449860572815;1.3.99,0.029643097892403603;1.17.99,0.02696337178349495;1.97.1,0.023614073172211647"
66541,"1.14.99,0.5552517771720886;4.2.1,0.21800284087657928;1.3.99,0.06213124468922615;1.17.99,0.03242512792348862;1.97.1,0.02720741741359234"
66585,"4.2.1,0.4907146394252777;1.14.99,0.36012449860572815;1.3.99,0.029643097892403603;1.17.99,0.02696337178349495;1.97.1,0.023614073172211647"
66593,"2.7.8,0.49912771582603455;2.7.1,0.10121467709541321;2.4.1,0.08171330392360687;5.3.1,0.048248179256916046;4.1.2,0.03664787858724594"
66717,"4.1.2,0.2202424854040146;2.7.4,0.08658473193645477;2.2.1,0.08207764476537704;2.3.1,0.058231793344020844;5.4.99,0.058140162378549576"
66821,"3.6.1,0.30846738815307617;3.6.5,0.28236863017082214;3.6.4,0.22018170356750488;6.3.5,0.06133836880326271;5.6.2,0.05911293625831604"
66825,"2.5.1,0.9998879432678223;2.7.7,3.3216678275493905e-05;2.7.6,1.7717029550112784e-05;1.19.6,1.4704022760270163e-05;1.14.14,1.4518142961605918e-05"
66829,"2.5.1,0.9968731999397278;2.7.7,0.0012438349658623338;2.7.6,0.0005042287521064281;1.19.6,0.0004611860204022378;1.14.14,0.00016133327153511345"
66921,"5.3.1,0.8441992402076721;4.1.2,0.1034776046872139;2.2.1,0.041005827486515045;1.1.1,0.0034378396812826395;1.1.99,0.002961933147162199"
66933,"2.3.1,0.9953676462173462;6.2.1,0.001928949379362166;3.1.2,0.0013558309292420745;2.3.3,0.0005370903527364135;1.2.1,0.00015766861906740814"
66937,"2.3.1,0.9953676462173462;6.2.1,0.001928949379362166;3.1.2,0.0013558309292420745;2.3.3,0.0005370903527364135;1.2.1,0.00015766861906740814"
66949,"2.3.1,0.9991756081581116;2.3.3,0.00031453874544240534;3.1.2,0.0002543289738241583;6.2.1,0.00010364545596530661;2.3.2,8.175574475899339e-05"
66953,"2.4.1,0.9920611381530762;2.4.2,0.007484671659767628;2.7.8,0.00011683049524435773;3.6.1,0.00010893955186475068;3.2.1,5.66896160307806e-05"
66957,"2.4.1,0.9968236684799194;3.6.1,0.0007527318666689098;2.7.8,0.0005722434143535793;2.4.2,0.0005525127053260803;2.7.1,0.0004706380423158407"
66961,"2.4.1,0.9968236684799194;3.6.1,0.0007527318666689098;2.7.8,0.0005722434143535793;2.4.2,0.0005525127053260803;2.7.1,0.0004706380423158407"
66965,"2.4.1,0.9998793601989746;2.4.2,5.136301842867397e-05;5.1.3,5.021273318561725e-05;2.7.8,5.767251423094422e-06;2.7.1,4.493082542467164e-06"
66969,"2.4.1,0.9947261214256287;2.7.8,0.0010237741516903043;2.4.2,0.0010226026643067598;3.6.1,0.0009587577078491449;2.7.1,0.0007569804438389838"
66973,"2.4.1,0.9481708407402039;2.4.2,0.027584226801991463;2.7.8,0.007010718807578087;3.6.1,0.004699370823800564;2.7.1,0.003939360845834017"
66977,"2.4.1,0.7740361094474792;3.6.1,0.0513017401099205;2.7.8,0.045540329068899155;2.7.1,0.044404178857803345;2.4.2,0.023974837735295296"
67001,"2.3.1,0.9978057742118835;3.1.2,0.000960906851105392;6.2.1,0.0005116504617035389;4.1.1,0.0002502600254956633;1.2.7,0.0001516578340670094"
67005,"3.6.1,0.30846738815307617;3.6.5,0.28236863017082214;3.6.4,0.22018170356750488;6.3.5,0.06133836880326271;5.6.2,0.05911293625831604"
67009,"2.1.1,0.9997780919075012;2.8.4,7.769536750856787e-05;2.3.1,7.111414015525952e-05;1.3.98,2.0375202439026907e-05;2.5.1,1.873220935522113e-05"
67013,"2.7.7,0.6304005980491638;2.5.1,0.1945742964744568;3.6.1,0.04888232424855232;2.7.6,0.01815386489033699;2.7.4,0.015780972316861153"
67021,"2.1.1,0.9996979236602783;2.8.4,0.0001890895946417004;1.17.98,2.67193481704453e-05;2.3.1,1.8287932107341476e-05;1.3.98,1.283014989894582e-05"
67025,"2.1.1,0.9937410950660706;2.8.4,0.0032116356305778027;2.3.1,0.0007561965612694621;2.5.1,0.0005668203230015934;1.17.98,0.0004324778856243938"
67241,"2.1.1,0.5403795838356018;2.5.1,0.319026380777359;2.8.4,0.027593938633799553;1.17.98,0.026443107053637505;1.3.98,0.0072685303166508675"
67389,"2.3.1,0.5742970705032349;1.8.4,0.08777091652154922;3.1.2,0.031855277717113495;2.7.4,0.03059677593410015;6.2.1,0.018335634842514992"
67445,"2.3.1,0.21130259335041046;2.8.3,0.15711931884288788;4.1.2,0.15613028407096863;2.7.4,0.04544029384851456;2.7.8,0.038048215210437775"
67453,"3.1.1,0.9674745202064514;4.1.1,0.008806888945400715;3.7.1,0.005224987398833036;3.6.1,0.0033222066704183817;4.2.1,0.003009856678545475"
67485,"3.6.1,0.7904110550880432;2.7.1,0.16089539229869843;2.7.4,0.03168583661317825;2.7.7,0.0032945401035249233;2.7.9,0.003146559000015259"
67629,"6.3.4,0.48628106713294983;6.3.2,0.38994601368904114;3.5.4,0.060142632573843;6.3.3,0.019635308533906937;6.3.1,0.015734558925032616"
67657,"1.6.2,0.30973687767982483;1.16.1,0.2887963056564331;1.18.1,0.28600284457206726;1.12.1,0.024913858622312546;1.17.1,0.018820248544216156"
67773,"3.1.3,0.9989908337593079;5.4.2,0.0007006975938566029;2.7.1,8.256373257609084e-05;4.2.3,4.5079170376993716e-05;3.1.7,4.473091757972725e-05"
67777,"3.1.3,0.999396800994873;5.4.2,0.00042370849405415356;3.1.7,5.111169957672246e-05;4.2.3,2.905610017478466e-05;2.7.1,2.124200909747742e-05"
67813,"2.3.1,0.9950157999992371;3.1.2,0.0022004712373018265;6.2.1,0.0010547866113483906;2.3.2,0.000546834256965667;2.3.3,0.0003349299367982894"
67817,"3.5.1,0.999945878982544;3.5.2,1.5302292013075203e-05;3.5.4,9.430058526049834e-06;3.2.1,6.220298928383272e-06;1.13.12,4.502075626078295e-06"
67825,"3.6.1,0.968042254447937;3.1.4,0.01744232513010502;2.7.9,0.003964584320783615;2.7.1,0.0022051488049328327;3.1.7,0.0017838162602856755"
67829,"2.4.1,0.9920403361320496;2.4.2,0.005155651364475489;2.7.4,0.0012333295308053493;2.7.1,0.0008790494175627828;2.7.7,0.00021145507344044745"
67841,"2.7.1,0.905205488204956;2.7.4,0.044031474739313126;2.7.11,0.02133440598845482;2.7.12,0.012020586058497429;2.7.8,0.0025320257991552353"
67845,"2.4.99,0.9081047177314758;2.4.3,0.08809643238782883;3.1.4,0.00038168858736753464;4.6.1,0.0003300835087429732;1.8.99,0.00022527799592353404"
67909,"3.1.6,0.9695751667022705;3.8.1,0.0035951221361756325;3.6.2,0.002293359488248825;4.2.1,0.0020173992961645126;3.13.1,0.0018430834170430899"
67977,"5.5.1,0.8252401947975159;5.4.99,0.05741126835346222;1.3.99,0.04253112152218819;2.7.4,0.016303550451993942;4.2.3,0.00949772261083126"
68013,"1.1.3,0.2852291762828827;1.11.1,0.24938467144966125;1.14.13,0.0650385394692421;1.5.3,0.061321306973695755;1.4.3,0.0585063099861145"
68029,"1.11.1,0.32029950618743896;1.1.3,0.18471398949623108;1.8.3,0.09014057368040085;1.5.3,0.06642065942287445;1.3.3,0.061281878501176834"
68049,"2.1.1,0.9994174242019653;2.3.1,0.0002003358385991305;2.8.4,0.00019173820328433067;2.5.1,9.736261563375592e-05;1.17.98,2.562980807852e-05"
68053,"3.1.4,0.9935736060142517;2.7.8,0.0016263531288132071;2.7.1,0.0014263249468058348;3.1.7,0.0014014579355716705;2.4.3,0.0004418076714500785"
68077,"2.7.7,0.7879314422607422;2.7.4,0.06329405307769775;2.7.1,0.04990658164024353;2.7.8,0.030107922852039337;2.7.6,0.023166168481111526"
68081,"3.6.1,0.49931564927101135;2.7.1,0.1588532030582428;2.7.7,0.10291939973831177;6.5.1,0.05490555614233017;3.1.7,0.029008135199546814"
68101,"1.1.1,0.9988191723823547;5.1.3,0.0006077688885852695;5.3.1,0.00028151567676104605;1.17.1,9.322953701484948e-05;1.4.1,3.519145684549585e-05"
68109,"1.1.1,0.9988191723823547;5.1.3,0.0006077688885852695;5.3.1,0.00028151567676104605;1.17.1,9.322953701484948e-05;1.4.1,3.519145684549585e-05"
68129,"2.3.1,0.9998003840446472;3.1.2,9.591520938556641e-05;6.2.1,5.923857679590583e-05;2.3.3,1.0962602573272306e-05;2.4.1,7.74519685364794e-06"
68181,"3.1.2,0.9687628746032715;1.2.1,0.019418643787503242;2.3.1,0.007100691087543964;6.2.1,0.0020732074044644833;3.1.1,0.001432315562851727"
68185,"3.1.2,0.9687628746032715;1.2.1,0.019418643787503242;2.3.1,0.007100691087543964;6.2.1,0.0020732074044644833;3.1.1,0.001432315562851727"
68329,"3.1.3,0.9946380257606506;3.6.1,0.0011240099556744099;3.1.7,0.0007678687106817961;4.2.3,0.0004527678538579494;3.6.5,0.000392272777389735"
68357,"3.4.17,0.20363692939281464;3.5.2,0.15831485390663147;3.5.1,0.11526787281036377;6.3.2,0.10336483269929886;1.13.12,0.08438366651535034"
68417,"4.2.1,0.9999403953552246;5.3.3,3.988259777543135e-05;5.5.1,5.9442550082167145e-06;5.4.4,2.804174300763407e-06;4.1.3,2.774498398139258e-06"
68421,"4.2.1,0.9999403953552246;5.3.3,3.988259777543135e-05;5.5.1,5.9442550082167145e-06;5.4.4,2.804174300763407e-06;4.1.3,2.774498398139258e-06"
68461,"2.8.2,0.9979963898658752;3.6.2,0.0010656944941729307;1.8.99,0.0004869041149504483;1.8.4,0.0001562988618388772;2.4.99,7.41339463274926e-05"
68465,"3.1.6,0.9613045454025269;4.2.1,0.03013606183230877;3.1.7,0.0007143188267946243;3.8.1,0.0006993995630182326;3.1.1,0.0006233962485566735"
68553,"1.1.1,0.9863944053649902;1.17.1,0.005600855685770512;1.4.1,0.0016712513752281666;1.3.1,0.0008106008172035217;4.2.1,0.0006254659965634346"
68557,"1.1.1,0.9863944053649902;1.17.1,0.005600855685770512;1.4.1,0.0016712513752281666;1.3.1,0.0008106008172035217;4.2.1,0.0006254659965634346"
68561,"1.2.1,0.8756433129310608;1.1.1,0.10677675902843475;1.17.1,0.0044025550596416;1.8.1,0.002563327783718705;1.12.1,0.001927939709275961"
68569,"1.13.12,0.2918258309364319;3.4.17,0.0977015495300293;3.5.2,0.08526863157749176;3.5.4,0.06757695227861404;5.1.1,0.060583967715501785"
68589,"2.1.2,0.8959358334541321;3.5.1,0.08129152655601501;4.3.1,0.007336950395256281;6.3.4,0.006756277289241552;2.3.1,0.0037450469098985195"
68601,"4.2.1,0.7238863706588745;4.1.2,0.24523290991783142;4.1.3,0.002928914502263069;5.3.1,0.002367061097174883;3.3.2,0.00222247582860291"
68605,"4.4.1,0.7639399170875549;3.13.1,0.05783279612660408;4.1.2,0.050799205899238586;5.3.1,0.03294632211327553;1.1.99,0.0232002604752779"
68625,"4.4.1,0.9999251365661621;2.8.1,1.4934652426745743e-05;1.8.4,1.4851166270091198e-05;2.5.1,1.0137356184714008e-05;1.8.1,7.4486806624918245e-06"
68629,"4.4.1,0.9997302889823914;2.8.1,6.161133205750957e-05;1.8.4,3.901332456734963e-05;2.5.1,3.5793196730082855e-05;1.8.1,1.567542494740337e-05"
68633,"1.18.1,0.7420893311500549;1.17.1,0.1269514262676239;1.12.1,0.08101223409175873;1.6.2,0.006576289888471365;1.16.1,0.005156153347343206"
68797,"3.2.1,0.9931499361991882;2.4.1,0.0025802156887948513;5.1.3,0.0024801306426525116;5.4.99,0.00046177543117664754;2.4.2,0.0003834532108157873"
68809,"3.2.1,0.9952239394187927;5.1.3,0.0014828742714598775;2.4.1,0.0005336023750714958;4.2.1,0.00045521039282903075;5.4.99,0.0003329278843011707"
68825,"4.2.3,0.8898008465766907;2.5.1,0.1061503142118454;3.1.7,0.0011558737605810165;5.3.3,0.001041426439769566;5.2.1,0.0009526170324534178"
68865,"3.2.1,0.9952239394187927;5.1.3,0.0014828742714598775;2.4.1,0.0005336023750714958;4.2.1,0.00045521039282903075;5.4.99,0.0003329278843011707"
68993,"1.14.13,0.981283962726593;1.6.3,0.007988505065441132;1.14.19,0.0029260835144668818;1.2.1,0.0012910302029922605;1.17.1,0.0010379671584814787"
69001,"2.1.1,0.9997969269752502;2.8.4,0.00011940341209992766;1.17.98,1.6771131413406692e-05;2.5.1,1.4499609278573189e-05;2.3.1,1.395627077727113e-05"
69005,"3.5.99,0.19182178378105164;3.6.1,0.18950727581977844;1.10.3,0.08421922475099564;1.21.3,0.05483967065811157;1.97.1,0.05308728292584419"
69009,"1.14.13,0.7240151762962341;1.14.12,0.09772083908319473;1.6.3,0.040503621101379395;1.7.1,0.028430089354515076;1.14.19,0.020711328834295273"
69045,"1.7.6,0.6771786212921143;1.7.3,0.05443483591079712;1.7.1,0.04772814363241196;4.3.1,0.04591408744454384;1.14.12,0.028684431686997414"
69053,"1.14.13,0.9203723073005676;1.6.3,0.03600217029452324;1.7.1,0.010997459292411804;3.5.3,0.007306926418095827;1.14.12,0.005443843547254801"
69185,"2.5.1,0.9920505881309509;4.2.3,0.004168590530753136;5.1.99,0.0007824050262570381;3.1.7,0.0005567019688896835;5.1.1,0.0005103722214698792"
69193,"6.3.2,0.9286569952964783;6.3.1,0.05076359584927559;3.5.2,0.013527711853384972;6.3.4,0.003091836581006646;3.5.1,0.0008697540615685284"
69197,"6.3.2,0.9286569952964783;6.3.1,0.05076359584927559;3.5.2,0.013527711853384972;6.3.4,0.003091836581006646;3.5.1,0.0008697540615685284"
69201,"6.3.2,0.9862574934959412;6.3.1,0.004557314328849316;6.3.4,0.0019157362403348088;6.3.3,0.000923186307772994;3.5.2,0.0007433115388266742"
69205,"6.3.2,0.9862574934959412;6.3.1,0.004557314328849316;6.3.4,0.0019157362403348088;6.3.3,0.000923186307772994;3.5.2,0.0007433115388266742"
69229,"2.8.1,0.09361676871776581;4.4.1,0.08194638043642044;5.3.3,0.06944829970598221;1.3.1,0.06203463673591614;5.2.1,0.05666707828640938"
69253,"4.4.1,0.2599960267543793;2.8.1,0.07428891211748123;5.3.3,0.043314334005117416;5.4.4,0.03483649715781212;3.13.1,0.02848031558096409"
69313,"5.2.1,0.11034199595451355;1.8.5,0.050340086221694946;1.8.4,0.0463247150182724;2.8.1,0.043015751987695694;3.1.6,0.04228147864341736"
69317,"1.8.2,0.10165869444608688;1.8.3,0.06182899326086044;1.8.5,0.055496830493211746;1.3.4,0.047500040382146835;2.8.1,0.04053172469139099"
69337,"5.3.3,0.11167745292186737;1.13.11,0.06242940202355385;4.1.2,0.059738606214523315;5.2.1,0.058255914598703384;4.4.1,0.04121369495987892"
69341,"4.2.1,0.19791346788406372;4.1.2,0.104904904961586;1.13.11,0.07652338594198227;5.3.3,0.06669154763221741;4.4.1,0.040180616080760956"
69345,"1.13.11,0.17143861949443817;1.14.19,0.12601566314697266;4.1.2,0.08331718295812607;5.2.1,0.061505626887083054;4.2.1,0.05596884712576866"
69349,"4.4.1,0.9584398865699768;4.3.1,0.00378325954079628;2.3.1,0.003314782166853547;2.5.1,0.002633397001773119;2.6.1,0.0025457742158323526"
69365,"2.3.1,0.999876856803894;2.3.2,2.8431551982066594e-05;4.3.2,2.6358005925430916e-05;6.3.2,2.1504121832549572e-05;3.1.2,1.4080585970077664e-05"
69385,"2.1.1,0.9953135251998901;2.7.1,0.0006131372065283358;2.3.1,0.0005240186001174152;2.7.8,0.00030589764355681837;1.21.3,0.00020787502580787987"
69389,"2.1.3,0.9166340827941895;3.5.3,0.054861631244421005;6.3.4,0.019039034843444824;4.2.3,0.0011433884501457214;3.5.2,0.001086264499463141"
69393,"2.4.99,0.9748272895812988;2.4.3,0.02004219777882099;3.1.4,0.0010021576890721917;4.6.1,0.00039018975803628564;2.7.1,0.00028492577257566154"
69397,"2.3.1,0.9982262253761292;3.1.2,0.0009015465620905161;6.2.1,0.0006679940852336586;1.2.1,9.762225090526044e-05;2.3.3,4.082811210537329e-05"
69401,"2.3.1,0.9314199090003967;3.1.2,0.038835931569337845;6.2.1,0.0235204566270113;1.2.1,0.00344662182033062;2.3.3,0.0013824159977957606"
69433,"2.1.1,0.9772329926490784;2.8.4,0.020920470356941223;1.8.4,0.000598961254581809;2.3.1,0.00021605541405733675;1.17.98,0.0001825216895667836"
69461,"2.1.1,0.7169471383094788;2.8.4,0.2752581834793091;1.17.98,0.001772616640664637;1.8.4,0.001083320938050747;1.21.98,0.0008998531266115606"
69465,"2.1.1,0.817816972732544;2.8.4,0.17710568010807037;1.17.98,0.00140749616548419;1.8.4,0.0007679444388486445;1.21.98,0.0005558542907238007"
69469,"2.6.1,0.9997287392616272;5.4.3,7.189343159552664e-05;1.14.11,4.9431004299549386e-05;1.4.1,4.582070323522203e-05;4.1.1,1.9854889615089633e-05"
69473,"2.3.1,0.9975056052207947;3.1.2,0.0013492793077602983;6.2.1,0.0005080272094346583;2.3.2,0.00016742969455663115;2.3.3,0.0001484941312810406"
69477,"2.3.1,0.9997429251670837;2.3.2,9.371860505780205e-05;2.3.3,6.0764417867176235e-05;3.1.2,4.7230634663719684e-05;6.2.1,3.152588033117354e-05"
69481,"2.4.1,0.995029628276825;2.4.2,0.0028705426957458258;2.7.1,0.0005542706931009889;2.7.4,0.00044977309880778193;3.6.1,0.0003652168088592589"
69485,"1.1.3,0.9228373169898987;1.5.3,0.037056587636470795;1.4.3,0.030330896377563477;1.11.1,0.0025915398728102446;1.8.3,0.0013534965692088008"
69513,"1.1.3,0.9095231890678406;1.2.3,0.03905028477311134;1.11.1,0.02376062236726284;3.1.1,0.012700824066996574;3.2.1,0.008848661556839943"
69529,"3.5.1,0.836974024772644;4.2.1,0.12096027284860611;3.5.99,0.005420600064098835;4.3.1,0.004447490442544222;4.3.3,0.0040449281223118305"
69537,"2.7.1,0.5126325488090515;2.7.4,0.21647754311561584;2.4.1,0.07374439388513565;5.1.3,0.049598533660173416;2.7.2,0.013243882916867733"
69604,"4.6.1,0.8844706416130066;2.7.6,0.03959037363529205;2.7.7,0.03884940221905708;3.1.7,0.01975570246577263;6.5.1,0.010012151673436165"
69608,"2.3.1,0.9999480247497559;2.3.2,4.3897645809920505e-05;3.5.1,3.5756206671067048e-06;3.1.2,2.082653736579232e-06;2.3.3,1.0586492180664209e-06"
69612,"3.2.1,0.9923692941665649;5.1.3,0.004671347327530384;2.4.1,0.0004744769830722362;2.3.1,0.00042216433212161064;4.2.1,0.00030879632686264813"
69716,"6.2.1,0.9911342859268188;1.2.1,0.0049898517318069935;3.1.2,0.0018329716986045241;2.3.1,0.0009179268963634968;2.7.4,0.0003603264922276139"
69736,"2.8.3,0.7115879654884338;2.7.4,0.065894715487957;2.3.1,0.050806932151317596;5.4.99,0.024936148896813393;5.2.1,0.009258839301764965"
69740,"2.8.3,0.4868646562099457;2.7.4,0.15218128263950348;2.3.1,0.08936707675457001;5.4.99,0.022391432896256447;2.7.8,0.020837072283029556"
69744,"2.8.3,0.9919025301933289;2.3.1,0.002751134568825364;2.7.4,0.0017354391748085618;5.4.99,0.0013079147320240736;2.1.3,0.0002842196263372898"
69748,"2.3.1,0.5258325934410095;2.8.3,0.3670843541622162;2.7.4,0.03822889178991318;5.4.99,0.0111019192263484;2.7.8,0.004379587713629007"
69752,"1.13.11,0.28546977043151855;1.3.3,0.25668829679489136;1.2.3,0.16755762696266174;1.1.3,0.15636643767356873;4.1.1,0.0628376454114914"
69756,"1.3.3,0.279514342546463;1.2.3,0.22636106610298157;1.1.3,0.22183406352996826;4.1.1,0.11722862720489502;1.13.11,0.035407595336437225"
69792,"3.1.1,0.577925980091095;3.6.1,0.11153831332921982;2.3.2,0.09941623359918594;6.1.1,0.057784825563430786;3.1.7,0.03797844797372818"
69796,"3.6.1,0.3101639747619629;3.1.7,0.1810719519853592;2.3.2,0.13303124904632568;4.2.1,0.09674081206321716;3.1.1,0.07969701290130615"
69800,"2.3.2,0.8665770292282104;3.5.1,0.05027782917022705;6.1.1,0.022349994629621506;2.3.1,0.012850604020059109;3.4.17,0.007070188410580158"
69820,"1.14.13,0.8704673051834106;1.6.3,0.05222522094845772;1.14.19,0.011710870079696178;1.17.1,0.011704657226800919;1.2.1,0.00793512538075447"
69924,"1.14.14,0.9991030693054199;1.14.19,0.0006349919131025672;2.5.1,7.205697329482064e-05;1.5.1,5.943705764366314e-05;1.14.99,3.6332345189293846e-05"
69972,"1.14.14,0.999247670173645;1.14.19,0.00037703834823332727;1.14.99,0.00022142421221360564;1.14.11,2.9383007131400518e-05;1.17.7,2.6166855604969896e-05"
69984,"1.14.14,0.9996069073677063;1.14.19,0.00011656533752102405;1.14.99,8.926471491577104e-05;1.14.11,5.606922059087083e-05;1.5.1,5.3517749620368704e-05"
70016,"1.14.14,0.9991030693054199;1.14.19,0.0006349919131025672;2.5.1,7.205697329482064e-05;1.5.1,5.943705764366314e-05;1.14.99,3.6332345189293846e-05"
70020,"1.14.14,0.9991030693054199;1.14.19,0.0006349919131025672;2.5.1,7.205697329482064e-05;1.5.1,5.943705764366314e-05;1.14.99,3.6332345189293846e-05"
70032,"1.14.14,0.9992775321006775;1.14.19,0.0004652328498195857;1.14.99,5.689043246093206e-05;1.5.1,5.661807517753914e-05;1.19.6,3.800237027462572e-05"
70036,"1.14.14,0.9992775321006775;1.14.19,0.0004652328498195857;1.14.99,5.689043246093206e-05;1.5.1,5.661807517753914e-05;1.19.6,3.800237027462572e-05"
70040,"1.14.14,0.9981809854507446;1.14.19,0.0015492739621549845;1.19.6,7.97597094788216e-05;1.5.1,5.734345177188516e-05;1.17.7,3.137921521556564e-05"
70044,"1.14.14,0.9992775321006775;1.14.19,0.0004652328498195857;1.14.99,5.689043246093206e-05;1.5.1,5.661807517753914e-05;1.19.6,3.800237027462572e-05"
70060,"1.14.14,0.9984371066093445;1.14.19,0.0012780370889231563;1.19.6,8.584832539781928e-05;1.5.1,5.5544947827002034e-05;1.17.7,3.986633601016365e-05"
70064,"1.14.14,0.9980553388595581;1.14.19,0.0016147198621183634;1.19.6,0.00010665418085409328;1.5.1,7.68231984693557e-05;1.17.7,3.845373066724278e-05"
70068,"1.14.14,0.9979596138000488;1.14.19,0.0016927631804719567;1.19.6,0.0001149722738773562;1.5.1,8.01320347818546e-05;1.17.7,4.1634677472757176e-05"
70176,"2.4.1,0.9796591997146606;2.4.2,0.013854514807462692;2.7.7,0.003924042452126741;2.7.4,0.0013586797285825014;3.1.3,0.00042325531831011176"
70184,"2.7.4,0.12269456684589386;2.4.2,0.08899935334920883;2.7.8,0.061324119567871094;2.3.1,0.043275922536849976;5.2.1,0.03827810660004616"
70188,"2.7.4,0.152767613530159;2.3.1,0.05729140713810921;2.7.8,0.05304154008626938;5.2.1,0.03346187621355057;2.6.1,0.029553359374403954"
70192,"2.7.1,0.9165874123573303;2.7.4,0.018625784665346146;2.7.11,0.015969103202223778;2.7.12,0.01591622456908226;2.7.7,0.0069135078229010105"
70196,"2.7.1,0.9165874123573303;2.7.4,0.018625784665346146;2.7.11,0.015969103202223778;2.7.12,0.01591622456908226;2.7.7,0.0069135078229010105"
70228,"4.2.1,0.6188256740570068;4.1.2,0.15213066339492798;5.4.99,0.05526866763830185;3.2.1,0.039662763476371765;1.14.99,0.009931462816894054"
70232,"1.1.1,0.9364722967147827;1.3.1,0.012418593280017376;1.17.1,0.006439189426600933;1.2.1,0.005542034283280373;1.12.1,0.005077732261270285"
70328,"1.1.1,0.9715947508811951;1.4.1,0.013179021887481213;1.17.1,0.0027027428150177;1.5.1,0.0020897299982607365;1.3.1,0.001770220696926117"
70364,"3.5.1,0.9792590141296387;3.5.2,0.015540586784482002;3.5.5,0.0012210696004331112;4.2.1,0.0007264139130711555;3.5.4,0.0006618598708882928"
70408,"1.8.3,0.9872006177902222;1.11.1,0.0039743054658174515;1.5.3,0.001872369204647839;1.4.3,0.0017593356315046549;1.2.3,0.0014770659618079662"
70456,"2.1.2,0.8763560652732849;2.1.1,0.09195670485496521;1.5.3,0.01878984645009041;1.5.1,0.009161064401268959;1.4.3,0.002902108943089843"
70492,"2.4.1,0.9997203946113586;2.4.2,0.00017370884597767144;2.7.4,5.131872239871882e-05;2.7.7,1.708518357190769e-05;3.6.1,1.6937357941060327e-05"
70504,"3.6.1,0.9816552400588989;2.7.9,0.010187351144850254;3.1.7,0.0018851840868592262;3.6.5,0.00084906374104321;2.5.1,0.0008341287611983716"
70508,"3.6.1,0.9816552400588989;2.7.9,0.010187351144850254;3.1.7,0.0018851840868592262;3.6.5,0.00084906374104321;2.5.1,0.0008341287611983716"
70512,"2.4.1,0.9985318183898926;2.4.2,0.0008415993070229888;2.7.8,0.00018858535622712225;2.7.4,0.00013351411325857043;3.6.1,0.00011858874495374039"
70532,"2.4.1,0.9985318183898926;2.4.2,0.0008415993070229888;2.7.8,0.00018858535622712225;2.7.4,0.00013351411325857043;3.6.1,0.00011858874495374039"
70536,"2.4.1,0.993511974811554;2.4.2,0.006282042246311903;2.7.8,0.0001335025590378791;2.7.1,1.7008302165777422e-05;3.2.1,1.4376973922480829e-05"
70540,"2.4.1,0.9997203946113586;2.4.2,0.00017370884597767144;2.7.4,5.131872239871882e-05;2.7.7,1.708518357190769e-05;3.6.1,1.6937357941060327e-05"
70556,"3.2.1,0.9991828799247742;3.1.3,0.00013485834642779082;4.2.1,9.845430759014562e-05;3.1.4,8.49998468765989e-05;5.4.99,7.995939813554287e-05"
70560,"3.2.1,0.9983131885528564;2.4.1,0.001048403442837298;2.3.1,0.00016044298536144197;5.1.3,6.017880150466226e-05;5.4.99,5.94175435253419e-05"
70708,"5.1.3,0.9980717897415161;3.2.1,0.0011900218669325113;5.3.1,0.0003689410223159939;2.4.1,0.0002016767830355093;2.3.1,4.793817424797453e-05"
70776,"1.14.14,0.998745322227478;1.14.19,0.0007069467101246119;1.14.99,0.00011926496517844498;3.13.1,0.000115613205707632;1.5.8,7.32211337890476e-05"
70780,"1.1.1,0.9977599382400513;1.2.1,0.0004370515816845;1.17.1,0.00029911636374890804;1.12.1,0.00025128020206466317;2.7.1,0.00020095457148272544"
70804,"2.2.1,0.6753436326980591;5.3.1,0.2830294072628021;4.1.2,0.039051517844200134;1.1.1,0.0010837571462616324;1.1.99,0.00046863473835401237"
70808,"5.3.1,0.9215941429138184;4.1.2,0.04144727811217308;1.1.1,0.01890496164560318;2.2.1,0.004065683577209711;2.3.1,0.0029281300958245993"
70812,"2.2.1,0.8490638136863708;5.1.3,0.11323560029268265;4.1.2,0.014666862785816193;5.3.1,0.011808143928647041;5.1.2,0.0019898556638509035"
70912,"2.7.1,0.823884129524231;2.7.2,0.12686240673065186;4.1.1,0.013974427245557308;2.4.1,0.010566821321845055;3.1.1,0.00805418100208044"
71400,"1.14.14,0.9980432987213135;1.14.19,0.0016577469650655985;1.19.6,9.157667955150828e-05;1.5.1,5.76805068703834e-05;1.17.7,4.136216011829674e-05"
71404,"1.14.14,0.9996277093887329;1.14.19,0.00023864903778303415;1.19.6,2.9225881007732823e-05;1.5.1,2.807204691634979e-05;1.17.7,2.41036632360192e-05"
71408,"1.14.14,0.9980432987213135;1.14.19,0.0016577469650655985;1.19.6,9.157667955150828e-05;1.5.1,5.76805068703834e-05;1.17.7,4.136216011829674e-05"
71648,"4.2.1,0.9409478306770325;5.3.3,0.009486950002610683;3.8.1,0.005523676052689552;1.3.1,0.00506223551928997;3.2.1,0.004892569500952959"
71660,"1.1.2,0.693312406539917;5.3.2,0.08582441508769989;5.3.99,0.06286373734474182;5.3.1,0.03205958753824234;1.14.18,0.011040485464036465"
71736,"2.8.3,0.9770478010177612;2.3.1,0.008193626999855042;4.1.2,0.0031084525398910046;2.7.4,0.0025863992050290108;5.4.99,0.0014655918348580599"
71788,"1.14.11,0.970298171043396;1.1.99,0.011721746064722538;1.13.11,0.0032499367371201515;1.14.20,0.0025675580836832523;4.1.3,0.0022938530892133713"
72284,"2.1.1,0.9981793165206909;1.14.19,0.0003281003737356514;1.21.3,0.00029800922493450344;2.3.1,0.00013185820716898888;1.13.11,9.48077577049844e-05"
72328,"2.1.1,0.9987081289291382;2.7.1,0.0002552638470660895;1.14.19,0.0002104175218846649;2.7.8,0.00012287574645597488;2.3.1,0.00010873436986003071"
72332,"2.1.1,0.9987081289291382;2.7.1,0.0002552638470660895;1.14.19,0.0002104175218846649;2.7.8,0.00012287574645597488;2.3.1,0.00010873436986003071"
72336,"2.1.1,0.9111533761024475;2.7.1,0.028886912390589714;2.7.8,0.017724107950925827;2.3.1,0.013766942545771599;5.2.1,0.0027834544889628887"
72340,"2.1.1,0.9987081289291382;2.7.1,0.0002552638470660895;1.14.19,0.0002104175218846649;2.7.8,0.00012287574645597488;2.3.1,0.00010873436986003071"
72344,"2.1.1,0.9973764419555664;2.7.1,0.0004903124063275754;1.14.19,0.0003788587637245655;2.7.8,0.0002911797782871872;2.3.1,0.00025711135822348297"
72348,"2.1.1,0.9770781993865967;2.3.1,0.008301307447254658;2.7.8,0.0017342411447316408;2.7.1,0.0017139491392299533;2.5.1,0.0013382224133238196"
72412,"4.2.1,0.2525902986526489;3.2.1,0.167014017701149;3.6.1,0.086142897605896;3.1.3,0.044161535799503326;3.1.7,0.02250860258936882"
72620,"2.1.1,0.9964548349380493;1.21.3,0.001969153294339776;1.14.19,0.000353010167600587;1.13.11,0.0002736551396083087;1.14.99,0.00013007900270167738"
72676,"3.1.4,0.9854044318199158;3.1.7,0.007673034444451332;4.6.1,0.006150891073048115;3.6.1,0.00033377407817170024;2.4.3,0.00025583026581443846"
72700,"1.3.1,0.9552361965179443;1.1.1,0.008104857988655567;1.2.1,0.007381155155599117;1.17.1,0.0069892932660877705;1.12.1,0.004099010955542326"
72880,"4.3.1,0.23075109720230103;4.1.2,0.21704861521720886;1.4.3,0.1657896488904953;2.1.2,0.06067764014005661;1.13.11,0.04776841402053833"
72884,"2.7.7,0.48720014095306396;3.6.1,0.15194645524024963;2.7.4,0.077735535800457;2.5.1,0.06508142501115799;2.7.9,0.058745697140693665"
72888,"1.14.14,0.9987840056419373;1.14.19,0.0007269249763339758;1.19.6,0.00014236551942303777;1.14.99,7.803769403835759e-05;1.3.8,5.6441567721776664e-05"
72976,"2.7.7,0.4809047281742096;3.6.1,0.18193423748016357;2.7.9,0.06768403947353363;2.5.1,0.05632061883807182;2.7.4,0.053368620574474335"
73000,"3.5.1,0.8627615571022034;3.5.2,0.04140741750597954;2.3.2,0.03272686526179314;3.4.13,0.023753326386213303;1.13.12,0.01340017281472683"
73068,"3.2.1,0.9897968173027039;4.2.1,0.002368694869801402;3.1.3,0.0013964296085759997;3.1.4,0.0010421283077448606;2.3.1,0.0008217524155043066"
73232,"1.14.14,0.8077244162559509;1.5.8,0.06702586263418198;2.5.1,0.03404504805803299;1.3.8,0.013546078465878963;1.5.1,0.01300429180264473"
73416,"1.13.11,0.2328253537416458;2.3.1,0.10902059078216553;1.14.12,0.10691867023706436;4.1.1,0.10266458243131638;1.13.12,0.085902139544487"
73656,"1.1.2,0.2046881765127182;1.14.19,0.11112885177135468;1.12.2,0.09818194806575775;1.8.2,0.09040360897779465;1.7.2,0.04783926531672478"
73824,"2.4.99,0.8671525120735168;2.4.3,0.11302732676267624;3.1.4,0.004878653679043055;4.6.1,0.0015475826803594828;2.7.1,0.00127471296582371"
73828,"2.4.99,0.8671525120735168;2.4.3,0.11302732676267624;3.1.4,0.004878653679043055;4.6.1,0.0015475826803594828;2.7.1,0.00127471296582371"
73832,"2.4.99,0.8671525120735168;2.4.3,0.11302732676267624;3.1.4,0.004878653679043055;4.6.1,0.0015475826803594828;2.7.1,0.00127471296582371"
73836,"2.5.1,0.9763147830963135;4.2.3,0.008934568613767624;3.1.7,0.0031969095580279827;5.1.1,0.0031126411631703377;2.7.6,0.002431734697893262"
73840,"3.6.1,0.29521629214286804;2.7.9,0.27115461230278015;2.7.10,0.10853204876184464;3.6.4,0.10199619829654694;3.6.5,0.08814433962106705"
73844,"2.4.1,0.9813364148139954;2.4.2,0.018624108284711838;2.7.1,1.4752528841199819e-05;2.7.8,1.2022660484944936e-05;2.7.4,4.24298241341603e-06"
73848,"2.4.1,0.9813364148139954;2.4.2,0.018624108284711838;2.7.1,1.4752528841199819e-05;2.7.8,1.2022660484944936e-05;2.7.4,4.24298241341603e-06"
73852,"2.4.1,0.9813364148139954;2.4.2,0.018624108284711838;2.7.1,1.4752528841199819e-05;2.7.8,1.2022660484944936e-05;2.7.4,4.24298241341603e-06"
73856,"2.4.1,0.9813364148139954;2.4.2,0.018624108284711838;2.7.1,1.4752528841199819e-05;2.7.8,1.2022660484944936e-05;2.7.4,4.24298241341603e-06"
73912,"2.7.1,0.9052225947380066;2.7.10,0.05386935919523239;2.7.12,0.025236409157514572;2.7.4,0.005879392381757498;2.7.11,0.0017474673222750425"
74016,"3.1.3,0.7095440030097961;3.6.5,0.05254172533750534;4.1.1,0.05205824226140976;3.6.4,0.033917322754859924;2.7.10,0.03204167261719704"
74068,"2.7.1,0.4555974006652832;2.4.1,0.21595147252082825;2.7.4,0.11669489741325378;2.4.2,0.106731116771698;2.7.7,0.04591967165470123"
74072,"2.7.1,0.6162570714950562;2.7.4,0.10920432955026627;2.4.2,0.09796549379825592;2.7.7,0.05901821330189705;2.4.1,0.044603511691093445"
74088,"2.7.1,0.7689037919044495;2.7.4,0.13356314599514008;2.7.12,0.01502908580005169;2.7.11,0.013734592124819756;2.7.7,0.008940043859183788"
74092,"2.7.1,0.7689037919044495;2.7.4,0.13356314599514008;2.7.12,0.01502908580005169;2.7.11,0.013734592124819756;2.7.7,0.008940043859183788"
74096,"2.4.2,0.6906380653381348;2.7.1,0.1592985987663269;2.7.4,0.06235332414507866;2.7.7,0.025501815602183342;2.4.1,0.01845017820596695"
74100,"2.4.2,0.6906380653381348;2.7.1,0.1592985987663269;2.7.4,0.06235332414507866;2.7.7,0.025501815602183342;2.4.1,0.01845017820596695"
74112,"1.14.13,0.8704673051834106;1.6.3,0.05222522094845772;1.14.19,0.011710870079696178;1.17.1,0.011704657226800919;1.2.1,0.00793512538075447"
74148,"2.3.1,0.9819936156272888;6.2.1,0.010548423044383526;5.4.99,0.002582926070317626;2.8.3,0.002161693526431918;3.1.2,0.0006608724943362176"
74152,"2.3.1,0.9998273849487305;2.3.2,0.00011620707664405927;3.1.2,1.705547583696898e-05;2.3.3,1.2252937267476227e-05;6.2.1,8.132441507768817e-06"
74156,"1.14.15,0.2559775114059448;1.1.7,0.15049663186073303;1.5.3,0.1364506036043167;1.2.7,0.13509543240070343;1.3.7,0.0882730484008789"
74168,"1.14.15,0.2780596911907196;1.1.7,0.24336740374565125;1.5.3,0.17961488664150238;1.3.7,0.07459118217229843;1.2.7,0.07196321338415146"
74172,"3.5.1,0.9437872171401978;4.2.1,0.023259935900568962;3.5.4,0.01690821722149849;3.2.1,0.005530949681997299;6.3.4,0.0022514499723911285"
74176,"1.2.1,0.5948398113250732;1.4.1,0.09795401990413666;1.1.1,0.07184518128633499;1.17.1,0.05383539944887161;1.7.1,0.05355789512395859"
74180,"1.2.1,0.5948398113250732;1.4.1,0.09795401990413666;1.1.1,0.07184518128633499;1.17.1,0.05383539944887161;1.7.1,0.05355789512395859"
74192,"3.5.1,0.871391236782074;4.2.1,0.038896672427654266;3.5.4,0.022630389779806137;2.1.1,0.018379824236035347;3.5.99,0.006322955712676048"
74240,"2.4.1,0.9934864044189453;2.4.2,0.004280950408428907;2.7.7,0.0013358235592022538;3.1.3,0.0002697692543733865;2.7.4,0.0002476552617736161"
74272,"2.7.1,0.8237914443016052;2.7.4,0.1035182848572731;2.7.12,0.011348708532750607;2.7.11,0.010534252040088177;2.7.8,0.004957377910614014"
74276,"2.3.1,0.2143082171678543;2.7.8,0.14230024814605713;4.6.1,0.04643019661307335;2.7.4,0.04383203014731407;5.1.3,0.026395395398139954"
74280,"2.3.1,0.8915770053863525;2.7.8,0.03856528550386429;2.4.1,0.00915952492505312;4.6.1,0.006860753055661917;2.7.4,0.005745265167206526"
74284,"2.3.1,0.8915770053863525;2.7.8,0.03856528550386429;2.4.1,0.00915952492505312;4.6.1,0.006860753055661917;2.7.4,0.005745265167206526"
74288,"2.3.1,0.9982262253761292;3.1.2,0.0009015465620905161;6.2.1,0.0006679940852336586;1.2.1,9.762225090526044e-05;2.3.3,4.082811210537329e-05"
74292,"2.7.4,0.4011569023132324;2.7.7,0.08338535577058792;2.4.2,0.047410279512405396;2.4.1,0.03793765604496002;2.7.8,0.031226394698023796"
74464,"1.13.11,0.2040209323167801;1.13.12,0.12072000652551651;1.14.12,0.08697221428155899;4.1.1,0.08659245818853378;2.3.1,0.08480070531368256"
74472,"1.14.11,0.35670846700668335;1.14.20,0.34918880462646484;1.13.11,0.1334560513496399;1.13.12,0.06665080785751343;1.14.99,0.03310078755021095"
74476,"1.14.11,0.8253748416900635;1.14.20,0.056092310696840286;2.6.1,0.04012909531593323;4.1.1,0.03977595269680023;1.13.11,0.0101932967081666"
74480,"1.14.20,0.4363196790218353;1.14.11,0.3535204231739044;1.13.12,0.06995396316051483;1.13.11,0.049849871546030045;1.14.99,0.036172378808259964"
74484,"1.14.11,0.8397733569145203;1.14.20,0.058303721249103546;2.6.1,0.03731745854020119;4.1.1,0.02832801453769207;1.13.11,0.010495760478079319"
74532,"1.17.98,0.7010868787765503;2.8.4,0.0789085403084755;2.1.1,0.04570696875452995;4.7.1,0.042923782020807266;2.8.1,0.022112177684903145"
74536,"1.17.98,0.6893125772476196;2.8.4,0.08259378373622894;4.7.1,0.04659009724855423;2.1.1,0.04209594428539276;2.8.1,0.02192021533846855"
74588,"4.2.3,0.9997857213020325;2.5.1,0.0001413268910255283;5.5.1,5.443723784992471e-05;5.3.3,9.878658602247015e-06;3.1.7,4.873260422755266e-06"
74592,"1.14.14,0.9965691566467285;1.14.19,0.0015513754915446043;1.14.99,0.0010639704996719956;4.2.1,0.0002028550225077197;5.5.1,0.00015468377387151122"
74636,"1.14.11,0.8306854963302612;1.13.11,0.03477393463253975;1.13.12,0.024222292006015778;4.1.1,0.014455758035182953;1.14.20,0.012180163525044918"
74708,"1.1.1,0.9948701858520508;1.4.1,0.0011788905831053853;1.17.1,0.0005870506283827126;1.3.1,0.0005821467493660748;1.12.1,0.0004024907248094678"
74712,"2.1.1,0.999631404876709;2.8.4,0.00022209409507922828;1.17.98,3.230699439882301e-05;2.3.1,2.429720370855648e-05;1.3.98,1.97537119674962e-05"
74852,"3.5.99,0.9728873372077942;4.1.2,0.009041803888976574;4.2.1,0.003050613682717085;1.4.3,0.0023527205921709538;4.3.1,0.0016610901802778244"
74924,"3.1.2,0.5051800012588501;2.3.1,0.3692575991153717;4.2.1,0.04610469192266464;2.3.3,0.030265580862760544;4.1.2,0.00948807317763567"
74928,"2.3.1,0.8296036720275879;3.1.2,0.07371413707733154;4.2.1,0.061730124056339264;4.3.1,0.007597262505441904;2.3.3,0.0064909374341368675"
74932,"1.14.11,0.6730106472969055;1.13.12,0.09797076135873795;1.14.20,0.09305756539106369;1.14.99,0.029250577092170715;1.4.3,0.023075807839632034"
74936,"1.14.11,0.6099193692207336;1.14.20,0.1753576695919037;1.13.12,0.06789868324995041;3.5.99,0.03374766930937767;1.14.99,0.02855868823826313"
75128,"5.3.3,0.5824358463287354;5.1.99,0.09115118533372879;4.2.1,0.08489210158586502;5.5.1,0.047717392444610596;5.4.99,0.028163211420178413"
75132,"5.3.3,0.6282069087028503;4.2.1,0.12037784606218338;5.5.1,0.05018159747123718;2.7.4,0.028558669611811638;5.4.99,0.024111930280923843"
75136,"1.1.1,0.9546359181404114;1.17.1,0.010663527995347977;1.4.1,0.006094465963542461;1.5.1,0.005503602791577578;1.3.1,0.0034245788119733334"
75148,"4.2.3,0.9994868040084839;5.5.1,0.00047246122267097235;2.5.1,1.906413490360137e-05;5.4.99,1.5149572391237598e-05;5.3.3,4.770667146658525e-06"
75152,"4.2.3,0.9994671940803528;5.5.1,0.0004629455506801605;4.2.1,4.050326606375165e-05;3.1.7,1.4105764421401545e-05;5.3.3,1.0503358680580277e-05"
75156,"4.2.3,0.9998180270195007;5.5.1,0.00014892809849698097;4.2.1,1.5986744983820245e-05;3.1.7,8.806385267234873e-06;5.3.3,5.082881671114592e-06"
75180,"4.2.3,0.9998989105224609;2.5.1,7.81562557676807e-05;5.3.3,1.2856763532909099e-05;3.1.7,5.59817408429808e-06;2.7.6,1.251375010724587e-06"
75184,"4.2.3,0.9963306784629822;5.5.1,0.00318990764208138;2.5.1,0.00042632000986486673;5.3.3,3.4457458241377026e-05;5.4.99,9.482743735134136e-06"
75192,"1.1.1,0.947154700756073;1.3.1,0.025540711358189583;1.17.1,0.006204943172633648;1.2.1,0.0034413239918649197;1.12.1,0.003142913803458214"
75196,"1.1.1,0.9653868079185486;1.3.1,0.012079919688403606;1.17.1,0.004410218447446823;1.2.1,0.003327025333419442;1.12.1,0.001957470551133156"
75216,"1.1.1,0.9975001215934753;1.2.1,0.0006199412746354938;1.17.1,0.0003946603974327445;1.12.1,0.00022991244622971863;5.3.1,0.00022703243303112686"
75220,"3.1.1,0.9989618062973022;4.1.1,0.0001481204089941457;4.2.1,0.00014766413369216025;3.6.1,0.00010106253466801718;1.2.1,7.934547465993091e-05"
75224,"3.1.1,0.9992935657501221;5.5.1,0.0001476416364312172;4.2.1,0.00014266654034145176;3.6.1,7.759842264931649e-05;4.1.1,6.686085544060916e-05"
75228,"3.1.1,0.999420166015625;4.2.1,0.00011564278975129128;1.2.98,6.763201236026362e-05;5.5.1,5.626597339869477e-05;3.6.1,4.75489541713614e-05"
75232,"3.1.1,0.9992935657501221;5.5.1,0.0001476416364312172;4.2.1,0.00014266654034145176;3.6.1,7.759842264931649e-05;4.1.1,6.686085544060916e-05"
75252,"1.1.3,0.9195889234542847;1.4.3,0.014763283543288708;1.11.1,0.012192057445645332;1.2.3,0.008988200686872005;5.1.3,0.005920868832617998"
75256,"1.1.3,0.9649775624275208;1.4.3,0.012874971143901348;1.11.1,0.0033276027534157038;1.13.11,0.0027500740252435207;1.2.3,0.0025978258345276117"
75260,"1.1.3,0.9649775624275208;1.4.3,0.012874971143901348;1.11.1,0.0033276027534157038;1.13.11,0.0027500740252435207;1.2.3,0.0025978258345276117"
75264,"1.1.3,0.9649775624275208;1.4.3,0.012874971143901348;1.11.1,0.0033276027534157038;1.13.11,0.0027500740252435207;1.2.3,0.0025978258345276117"
75268,"1.1.1,0.9989374279975891;1.2.1,0.00021493519307114184;1.17.1,0.00017309673421550542;5.3.1,0.00013124798715580255;1.12.1,0.00011731091217370704"
75352,"1.5.3,0.7994160652160645;1.14.19,0.11727485805749893;1.1.2,0.01011181715875864;1.4.3,0.00969531200826168;2.1.1,0.007700338494032621"
75356,"4.3.1,0.5406748056411743;4.1.99,0.26254740357398987;4.4.1,0.0629497841000557;1.4.1,0.0212433822453022;3.5.99,0.017434313893318176"
75380,"4.2.1,0.900804340839386;3.1.3,0.011244311928749084;3.2.1,0.009058033116161823;3.3.2,0.008076305501163006;3.1.7,0.00476895971223712"
75408,"4.2.1,0.9228618144989014;4.1.2,0.020159786567091942;5.4.99,0.01782979443669319;5.3.1,0.013561611995100975;5.1.99,0.0032611314672976732"
75868,"2.1.1,0.9982686042785645;2.3.1,0.00032840209314599633;2.7.1,0.00028040018514730036;2.7.8,0.00024115940323099494;1.5.1,0.00019650634203571826"
75872,"2.1.1,0.9999024868011475;2.3.1,1.4903012925060466e-05;2.1.2,1.4469560483121313e-05;1.5.1,8.586873263993766e-06;2.5.1,8.192542736651376e-06"
75876,"2.1.1,0.9999024868011475;2.3.1,1.4903012925060466e-05;2.1.2,1.4469560483121313e-05;1.5.1,8.586873263993766e-06;2.5.1,8.192542736651376e-06"
75880,"2.1.1,0.9837620854377747;2.3.1,0.0013509471900761127;2.7.1,0.0011927332961931825;2.5.1,0.0011783946538344026;2.7.8,0.0011318783508613706"
75932,"3.5.3,0.9997661709785461;3.5.1,0.0001284525787923485;3.5.2,1.519174657005351e-05;1.4.99,1.4657936844741926e-05;3.5.99,1.3556194062402938e-05"
75956,"1.14.11,0.9536206722259521;1.13.11,0.016553616151213646;1.14.99,0.011528470553457737;1.14.20,0.007897638715803623;1.14.19,0.0019640123937278986"
75976,"2.1.1,0.9990788698196411;2.5.1,0.000587219197768718;2.3.1,0.00016884194337762892;1.21.3,6.264656985877082e-05;2.8.4,5.112522194394842e-05"
76036,"1.14.14,0.7886127829551697;1.14.19,0.150783509016037;1.5.1,0.05274847522377968;1.5.8,0.002458089031279087;1.14.99,0.0015544737689197063"
76040,"1.14.14,0.7901802659034729;1.14.19,0.13937802612781525;1.5.1,0.06088922917842865;1.5.8,0.003486726200208068;1.14.99,0.0016981662483885884"
76044,"1.14.14,0.6459473371505737;1.14.19,0.2640582025051117;1.5.1,0.07567797601222992;1.5.8,0.0045051188208162785;1.14.99,0.0030009415931999683"
76048,"2.1.1,0.9990788698196411;2.5.1,0.000587219197768718;2.3.1,0.00016884194337762892;1.21.3,6.264656985877082e-05;2.8.4,5.112522194394842e-05"
76052,"2.1.1,0.9990788698196411;2.5.1,0.000587219197768718;2.3.1,0.00016884194337762892;1.21.3,6.264656985877082e-05;2.8.4,5.112522194394842e-05"
76068,"2.1.1,0.9980765581130981;2.5.1,0.0015625470550730824;2.3.1,0.0001775654818629846;1.21.3,7.646973244845867e-05;2.8.4,4.498356793192215e-05"
76248,"3.6.1,0.30846738815307617;3.6.5,0.28236863017082214;3.6.4,0.22018170356750488;6.3.5,0.06133836880326271;5.6.2,0.05911293625831604"
76408,"4.3.2,0.34030500054359436;1.5.99,0.1616392284631729;4.3.1,0.13526473939418793;1.5.1,0.0638928934931755;6.3.3,0.048187531530857086"
76468,"1.14.13,0.998054027557373;1.14.99,0.00127132807392627;1.6.3,0.0002199437585659325;1.21.3,0.00011187548807356507;1.1.1,0.00010267858306178823"
76492,"4.1.2,0.7743083834648132;4.2.1,0.05077880620956421;2.8.3,0.02757345698773861;1.13.11,0.01814090460538864;1.2.1,0.01775418594479561"
76496,"2.3.1,0.9998301267623901;2.3.2,4.801992326974869e-05;2.3.3,4.398033343022689e-05;3.1.2,2.7488009436638094e-05;4.2.1,1.6561802112846635e-05"
76500,"5.1.1,0.9531469345092773;5.1.99,0.01764216646552086;2.6.1,0.01189330592751503;4.3.2,0.0035346674267202616;4.2.1,0.0017745266668498516"
76504,"4.1.2,0.7974726557731628;4.2.1,0.036960843950510025;2.8.3,0.029567869380116463;3.7.1,0.01915179006755352;1.2.1,0.017176417633891106"
76520,"3.5.1,0.9180715680122375;3.5.2,0.07779821753501892;6.3.4,0.0009568768437020481;2.3.2,0.0008842248935252428;6.3.1,0.0007923503289930522"
76524,"4.1.2,0.7938824892044067;4.1.3,0.029681945219635963;1.1.1,0.028464017435908318;5.3.1,0.0270684864372015;2.6.1,0.026064557954669"
76548,"2.3.1,0.9998301267623901;2.3.2,4.801992326974869e-05;2.3.3,4.398033343022689e-05;3.1.2,2.7488009436638094e-05;4.2.1,1.6561802112846635e-05"
76552,"2.3.1,0.9998732805252075;2.3.2,6.586509698536247e-05;3.1.2,2.1682832084479742e-05;2.3.3,1.2556100045912899e-05;3.5.1,9.87499333859887e-06"
76556,"2.3.1,0.30402812361717224;2.3.2,0.25730323791503906;5.1.3,0.06151626259088516;2.7.4,0.03713031858205795;2.7.8,0.030741814523935318"
76560,"3.1.1,0.869377613067627;2.3.1,0.036795247346162796;2.3.2,0.028615765273571014;4.2.1,0.01418266724795103;6.1.1,0.013988608494400978"
76568,"4.2.1,0.2455318719148636;2.3.1,0.15777365863323212;1.13.11,0.06721390038728714;1.3.1,0.04866328835487366;2.5.1,0.04814853519201279"
76572,"5.3.1,0.935592770576477;2.6.1,0.020718980580568314;1.1.1,0.017144208773970604;5.1.3,0.004779850132763386;4.1.2,0.004626319278031588"
76576,"5.3.1,0.419101357460022;3.2.1,0.4160636067390442;5.5.1,0.04529881104826927;1.1.1,0.03566493093967438;2.3.1,0.034790147095918655"
76616,"1.2.1,0.9993749260902405;3.1.2,0.00033920639543794096;2.3.3,0.00011432173778302968;1.8.1,5.660626266035251e-05;2.3.1,2.207880243076943e-05"
76648,"4.2.1,0.9650037884712219;5.3.3,0.0300770103931427;2.8.3,0.0010698953410610557;5.4.99,0.0005943534197285771;3.2.1,0.0004821225884370506"
76992,"1.18.1,0.34638023376464844;1.12.1,0.24990145862102509;1.17.1,0.14215239882469177;1.1.1,0.05934891104698181;1.3.7,0.0406138151884079"
76996,"1.18.1,0.34638023376464844;1.12.1,0.24990145862102509;1.17.1,0.14215239882469177;1.1.1,0.05934891104698181;1.3.7,0.0406138151884079"
77000,"1.18.1,0.46720126271247864;1.12.1,0.21860580146312714;1.17.1,0.09652872383594513;1.1.7,0.052514445036649704;1.3.7,0.04686446487903595"
77112,"3.1.3,0.8561330437660217;3.6.1,0.06443740427494049;3.6.5,0.011809166520833969;3.6.4,0.009840207174420357;3.1.7,0.007519857957959175"
77116,"3.1.3,0.9528241753578186;3.6.1,0.019968155771493912;4.2.1,0.005752103868871927;3.6.5,0.0030340219382196665;3.1.7,0.00262853829190135"
77120,"3.1.3,0.8561330437660217;3.6.1,0.06443740427494049;3.6.5,0.011809166520833969;3.6.4,0.009840207174420357;3.1.7,0.007519857957959175"
77124,"3.1.3,0.953606367111206;3.6.1,0.020552197471261024;3.6.5,0.004700168501585722;3.6.4,0.0034359025303274393;3.1.7,0.002382797421887517"
77128,"3.1.3,0.9376375675201416;4.2.1,0.020822275429964066;3.6.1,0.02051585540175438;3.1.7,0.004102720879018307;3.2.1,0.0023996802046895027"
77132,"3.1.3,0.953606367111206;3.6.1,0.020552197471261024;3.6.5,0.004700168501585722;3.6.4,0.0034359025303274393;3.1.7,0.002382797421887517"
77136,"3.1.3,0.9376375675201416;4.2.1,0.020822275429964066;3.6.1,0.02051585540175438;3.1.7,0.004102720879018307;3.2.1,0.0023996802046895027"
77140,"3.1.3,0.9888884425163269;3.6.1,0.0037546802777796984;3.6.5,0.001278828945942223;4.2.1,0.0011076818918809295;3.6.4,0.0008713033748790622"
77144,"3.1.3,0.9888884425163269;3.6.1,0.0037546802777796984;3.6.5,0.001278828945942223;4.2.1,0.0011076818918809295;3.6.4,0.0008713033748790622"
77148,"3.1.3,0.9528241753578186;3.6.1,0.019968155771493912;4.2.1,0.005752103868871927;3.6.5,0.0030340219382196665;3.1.7,0.00262853829190135"
77172,"3.5.1,0.5583198070526123;3.5.2,0.10028789192438126;2.3.2,0.08228756487369537;2.1.4,0.06437041610479355;4.3.2,0.03718627989292145"
77228,"2.1.1,0.5808410048484802;1.17.98,0.23239567875862122;2.8.4,0.1265389770269394;4.7.1,0.016297219321131706;1.3.98,0.010146129876375198"
77248,"3.1.3,0.9983263611793518;3.1.7,0.0005339332856237888;4.2.3,0.00012450346548575908;3.6.5,0.00011628984793787822;3.1.4,0.00011210234515601769"
77356,"2.6.1,0.9969958066940308;4.4.1,0.000617321056779474;2.7.4,0.000248903437750414;2.3.1,0.0002086830063490197;5.4.3,0.00020375422900542617"
77640,"3.1.3,0.9931390881538391;3.1.7,0.004660598933696747;3.6.1,0.0003829194756690413;2.7.6,0.0002863642293959856;3.6.5,0.00022343751334119588"
77644,"3.1.3,0.9647598266601562;3.6.1,0.009372042492032051;3.6.5,0.005129278637468815;3.6.4,0.0036667142994701862;3.1.7,0.0021262113004922867"
77740,"2.3.1,0.8208947777748108;2.7.8,0.05215442180633545;5.4.1,0.02253877744078636;2.6.1,0.019189877435564995;1.1.1,0.008210434578359127"
77788,"1.1.3,0.984597384929657;5.3.1,0.00972082931548357;1.4.3,0.0049718269146978855;4.1.2,0.00020368181867524981;1.1.99,0.00018111587269231677"
77880,"1.1.3,0.7616106271743774;1.4.3,0.21532857418060303;5.3.1,0.009128594771027565;1.5.3,0.003226078813895583;4.1.2,0.0022777989506721497"
77884,"3.1.3,0.9968650937080383;5.4.2,0.001701046829111874;4.2.1,0.0002942370483651757;3.1.7,0.00021750143787357956;3.6.5,0.00013146376295480877"
77904,"1.7.2,0.1307397186756134;5.2.1,0.11421807110309601;1.1.2,0.08272122591733932;1.12.2,0.07632805407047272;1.2.2,0.06684651970863342"
77908,"1.4.3,0.9087932705879211;1.5.3,0.08636380732059479;1.11.1,0.0007812650292180479;1.8.3,0.0006288171280175447;1.1.3,0.000565173861104995"
77964,"4.2.3,0.9994188547134399;5.5.1,0.0004871031269431114;5.3.3,7.11125903762877e-05;5.4.99,1.9948231056332588e-05;2.5.1,2.598594164737733e-06"
77968,"4.2.3,0.8400227427482605;2.5.1,0.15947724878787994;5.5.1,0.00017563882283866405;5.3.3,0.00010345627379138023;3.1.7,8.021004032343626e-05"
77972,"4.2.3,0.9673894047737122;2.5.1,0.032083213329315186;3.1.7,0.0002068074536509812;5.3.3,9.021859295899048e-05;5.4.99,5.89052215218544e-05"
77976,"2.5.1,0.979568362236023;5.3.3,0.01484316773712635;4.2.3,0.003255826188251376;5.5.1,0.0010326632764190435;2.7.7,0.0001814890856621787"
77980,"4.2.3,0.99652099609375;3.1.7,0.0027662119828164577;2.5.1,0.0004675691307056695;4.2.1,0.00013069671695120633;5.1.1,3.7764304579468444e-05"
78168,"1.3.1,0.6083499193191528;1.1.1,0.25351178646087646;1.17.1,0.033782586455345154;1.6.5,0.022371577098965645;1.2.1,0.013268347829580307"
78172,"2.1.1,0.9992753863334656;2.8.4,0.0004287449992261827;1.17.98,5.721884735976346e-05;1.3.98,4.279065615264699e-05;2.3.1,4.063042069901712e-05"
78272,"4.2.3,0.9998863935470581;4.2.1,4.661189086618833e-05;5.5.1,3.501269020489417e-05;3.1.7,2.7099813451059163e-05;5.3.3,2.3767154289089376e-06"
78276,"4.2.3,0.9977880716323853;2.5.1,0.0015582849737256765;5.5.1,0.0003233187599107623;5.3.3,0.00028061075136065483;5.4.99,2.6582403734209947e-05"
78280,"4.2.3,0.9995480179786682;2.5.1,0.0004119380027987063;5.5.1,1.5479683497687802e-05;3.1.7,9.770719771040604e-06;5.3.3,4.513208295975346e-06"
78284,"4.2.3,0.999861478805542;2.5.1,0.00011887198343174532;5.3.3,9.320491699327249e-06;3.1.7,5.640084054903127e-06;2.7.6,1.3094461337459506e-06"
78288,"4.2.3,0.9996316432952881;2.5.1,0.00024421903071925044;5.5.1,8.208720100810751e-05;3.1.7,1.895163586596027e-05;5.4.99,1.226491713168798e-05"
78292,"4.2.3,0.9995219707489014;2.5.1,0.0003437657724134624;3.1.7,6.610866694245487e-05;2.7.6,2.9942533728899434e-05;5.3.3,9.737738764670212e-06"
78412,"4.2.1,0.418694406747818;3.1.1,0.36411821842193604;3.3.2,0.028596678748726845;3.2.1,0.027339821681380272;3.5.4,0.020559728145599365"
78460,"3.6.1,0.30846738815307617;3.6.5,0.28236863017082214;3.6.4,0.22018170356750488;6.3.5,0.06133836880326271;5.6.2,0.05911293625831604"
78700,"2.4.1,0.5061295628547668;2.4.2,0.28181156516075134;2.7.7,0.11102896183729172;3.1.3,0.06520793586969376;2.7.4,0.014160741120576859"
78708,"2.3.2,0.2468225508928299;3.5.2,0.2105318158864975;4.3.2,0.13966044783592224;3.5.1,0.0920059084892273;1.13.12,0.05420265719294548"
78712,"2.4.1,0.852569580078125;2.4.2,0.12899549305438995;2.7.7,0.011290553957223892;3.1.3,0.0026852490846067667;2.7.4,0.0023497885558754206"
78716,"3.2.1,0.9074990153312683;5.4.99,0.07929404079914093;2.4.1,0.005909281317144632;2.3.1,0.0039466074667871;4.2.1,0.0009492062963545322"
78720,"3.2.1,0.9857612252235413;5.4.99,0.005402416456490755;2.3.1,0.002770534250885248;2.4.1,0.001969084143638611;4.2.1,0.0009547101799398661"
78724,"3.2.1,0.9139286875724792;2.4.2,0.027104763314127922;5.4.99,0.024097327142953873;4.2.1,0.014815093018114567;2.4.1,0.008028440177440643"
78744,"3.2.1,0.9983595013618469;2.4.1,0.0007072649896144867;2.3.1,0.00041465010144747794;5.4.99,0.00011650973465293646;5.1.3,9.197106555802748e-05"
78748,"3.2.1,0.8543760776519775;2.3.1,0.10052739083766937;5.4.99,0.02571765147149563;5.1.3,0.007872156798839569;2.4.2,0.004768697544932365"
78756,"3.2.1,0.5710916519165039;2.4.2,0.2562098801136017;5.1.3,0.07446950674057007;5.4.99,0.05118509754538536;2.4.1,0.02239733189344406"
78764,"3.2.1,0.9983595013618469;2.4.1,0.0007072649896144867;2.3.1,0.00041465010144747794;5.4.99,0.00011650973465293646;5.1.3,9.197106555802748e-05"
78780,"3.5.3,0.851651132106781;3.5.1,0.1357353925704956;2.1.4,0.005759625229984522;2.3.2,0.0011623089667409658;3.5.2,0.000979186617769301"
78796,"3.1.2,0.4639821946620941;2.3.1,0.37348100543022156;1.2.1,0.053159911185503006;2.3.3,0.03583211079239845;2.8.3,0.016607530415058136"
78808,"4.1.1,0.9995666146278381;1.13.12,0.00015143306518439204;5.4.3,4.7802368499105796e-05;2.3.1,4.670188718591817e-05;2.6.1,3.898833892890252e-05"
78812,"1.2.1,0.6199982762336731;1.5.1,0.24967385828495026;1.5.3,0.05776051804423332;1.1.1,0.01715160347521305;1.17.1,0.010504285804927349"
78816,"1.14.13,0.9959624409675598;1.6.3,0.002654296811670065;1.14.19,0.0003902385651599616;1.14.99,0.0001801725447876379;1.17.1,0.00012281052477192134"
78820,"5.1.99,0.23245738446712494;2.6.1,0.16239792108535767;5.1.1,0.06891697645187378;2.7.4,0.06471209973096848;2.3.1,0.03190724551677704"
78824,"2.6.1,0.9534862637519836;4.1.1,0.006863251328468323;1.1.99,0.004631047137081623;5.1.1,0.004313166253268719;1.4.1,0.002503827214241028"
78828,"4.1.2,0.7974726557731628;4.2.1,0.036960843950510025;2.8.3,0.029567869380116463;3.7.1,0.01915179006755352;1.2.1,0.017176417633891106"
78840,"1.8.5,0.9818779230117798;1.3.5,0.006328902672976255;2.8.5,0.00539058493450284;1.8.2,0.0013792049139738083;1.8.7,0.0008321958594024181"
78884,"3.2.1,0.9983595013618469;2.4.1,0.0007072649896144867;2.3.1,0.00041465010144747794;5.4.99,0.00011650973465293646;5.1.3,9.197106555802748e-05"
78944,"1.8.1,0.9935924410820007;1.11.1,0.00135401776060462;2.8.5,0.0009079787414520979;1.2.1,0.0006367893656715751;1.17.4,0.0004455291200429201"
78952,"3.1.4,0.9747599959373474;2.7.8,0.020150359719991684;3.6.1,0.0012660006759688258;3.1.7,0.0010185153223574162;2.4.3,0.0007096751360222697"
78972,"4.1.1,0.9979593753814697;5.3.3,0.0006947951624169946;5.5.1,0.00019294796220492572;1.2.3,0.000105613587948028;4.2.1,9.247128764400259e-05"
78976,"4.2.1,0.9990192651748657;4.1.3,0.00026299472665414214;5.5.1,0.00019597150094341487;5.4.4,0.0001311303785769269;5.4.99,7.712661317782477e-05"
78980,"4.2.3,0.9999582767486572;5.5.1,3.710689998115413e-05;5.3.3,2.872880259019439e-06;2.5.1,1.5276431213351316e-06;5.4.99,1.4014437965670368e-07"
78984,"4.2.3,0.9992584586143494;5.5.1,0.0007159055676311255;5.4.99,1.255788538401248e-05;5.3.3,1.042449275701074e-05;2.5.1,1.977459987756447e-06"
78988,"4.2.3,0.9979580640792847;5.5.1,0.002015262609347701;5.3.3,1.7272815966862254e-05;5.4.99,6.114206826168811e-06;2.5.1,2.7607054562395206e-06"
78992,"4.1.1,0.9857203364372253;3.1.1,0.0016358044231310487;1.2.3,0.0013864124193787575;2.7.2,0.0009635055903345346;1.17.98,0.0009336426155641675"
78996,"4.2.1,0.9891679286956787;2.8.3,0.006755887996405363;4.1.3,0.0025245328433811665;3.2.1,0.00020980021508876234;2.3.3,0.00017595857207197696"
79000,"1.10.3,0.11362994462251663;6.5.1,0.10066839307546616;1.97.1,0.08897414058446884;1.7.6,0.08060555160045624;5.4.4,0.06387029588222504"
79004,"1.7.6,0.11649754643440247;5.4.4,0.08676041662693024;1.10.3,0.08291786164045334;1.14.12,0.08224741369485855;1.97.1,0.0650596097111702"
79008,"3.6.1,0.16781112551689148;1.7.6,0.10157173126935959;5.4.4,0.08510854095220566;2.7.9,0.06959054619073868;1.10.3,0.06364883482456207"
79012,"4.2.3,0.9680267572402954;2.5.1,0.03075062483549118;5.3.3,0.0007615368231199682;5.5.1,0.000182786796358414;3.1.7,0.0001542871177662164"
79080,"1.14.15,0.9763169288635254;1.17.7,0.005383725743740797;4.2.1,0.0034412743989378214;1.14.19,0.0030095127876847982;1.14.18,0.0024041489232331514"
79148,"1.1.1,0.9981766939163208;1.4.1,0.0004071069124620408;1.17.1,0.0003153091238345951;1.3.1,0.00019124265236314386;1.12.1,0.0001407380768796429"
79152,"1.3.3,0.3657684326171875;1.1.3,0.1499684751033783;1.14.19,0.08216669410467148;1.21.3,0.05878433585166931;1.8.3,0.05290123447775841"
79168,"1.14.14,0.99913090467453;1.14.19,0.0006232436280697584;1.19.6,8.584524766774848e-05;1.5.1,4.3220155930612236e-05;1.17.7,2.8168531571282074e-05"
79176,"2.8.3,0.5612077713012695;5.4.99,0.16944687068462372;2.3.1,0.13696222007274628;2.7.4,0.06626759469509125;5.3.3,0.010245349258184433"
79180,"2.8.3,0.7807045578956604;5.4.99,0.1429489701986313;2.3.1,0.027204085141420364;2.7.4,0.013966665603220463;2.1.3,0.006929800845682621"
79184,"2.3.1,0.9995706677436829;2.3.3,0.00017235720588359982;3.1.2,0.0001256421091966331;6.2.1,9.73889691522345e-05;1.2.1,1.0940660104097333e-05"
79228,"2.5.1,0.7101668119430542;4.2.3,0.28463688492774963;5.3.3,0.0023132823407649994;5.5.1,0.0007647797465324402;3.1.7,0.0007644571014679968"
79232,"2.5.1,0.8423163890838623;4.2.3,0.14568065106868744;5.3.3,0.003156227758154273;3.1.7,0.002071139868348837;5.5.1,0.0017901251558214426"
79272,"4.2.1,0.9959712624549866;5.4.4,0.00205769925378263;1.13.11,0.0013471910497173667;3.3.2,8.500635158270597e-05;3.2.1,8.409911970375106e-05"
79276,"4.2.1,0.9990371465682983;5.4.4,0.0005351949366740882;1.13.11,0.00030345245613716543;5.3.3,2.5027258743648417e-05;3.2.1,1.7138710973085836e-05"
79280,"6.3.4,0.5836169719696045;6.3.1,0.3184335231781006;6.3.2,0.06463295221328735;3.5.2,0.018325230106711388;6.1.1,0.005506877787411213"
79292,"6.3.4,0.6029344797134399;6.3.1,0.30032414197921753;6.3.2,0.06389332562685013;3.5.2,0.01793041080236435;6.1.1,0.005429265089333057"
79304,"5.5.1,0.9999902248382568;5.3.3,4.315269052312942e-06;5.4.99,3.263004145992454e-06;5.4.4,9.256478392671852e-07;4.2.1,4.257275634245161e-07"
79600,"2.1.1,0.9995643496513367;2.3.1,0.0002093825169140473;2.5.1,7.900977652752772e-05;2.8.4,7.824463682482019e-05;1.3.98,1.8527871361584403e-05"
79604,"2.1.1,0.9996029734611511;2.8.4,0.00016708426119294018;2.3.1,9.604995284462348e-05;2.5.1,4.854895087191835e-05;1.3.98,2.2591617380385287e-05"
79616,"1.1.1,0.5798948407173157;1.5.1,0.09394475072622299;1.4.1,0.05398743972182274;2.3.2,0.04063064232468605;2.3.1,0.03937043249607086"
79620,"1.14.14,0.6005657911300659;1.14.19,0.3398210108280182;1.14.99,0.04345628246665001;1.5.1,0.007994582876563072;1.13.11,0.006287071853876114"
79624,"2.3.1,0.9997158646583557;2.3.2,0.0002679001190699637;2.3.3,4.383196937851608e-06;3.1.2,3.7971590245433617e-06;4.1.2,1.0865491049116827e-06"
79628,"2.1.1,0.9994931221008301;2.3.1,0.00022459081083070487;2.5.1,0.0001531595189590007;2.8.4,6.231750012375414e-05;1.3.98,2.6259089281666093e-05"
79632,"2.1.1,0.9995635151863098;2.8.4,0.0001838702883105725;2.5.1,9.039729047799483e-05;2.3.1,6.129737448645756e-05;1.3.98,3.27931011270266e-05"
79652,"2.3.1,0.751059889793396;2.8.3,0.18964195251464844;4.1.3,0.02068854682147503;2.6.1,0.014268448576331139;5.4.99,0.008558415807783604"
79656,"2.3.1,0.960121214389801;2.8.3,0.008189448155462742;4.1.3,0.0063840365037322044;2.7.4,0.003910862375050783;5.4.99,0.003732055891305208"
79660,"2.1.1,0.6886590123176575;1.17.98,0.150410994887352;2.8.4,0.09521787613630295;4.7.1,0.01771475374698639;1.3.98,0.012602967210114002"
79664,"2.1.1,0.31930646300315857;1.17.98,0.28540319204330444;2.8.4,0.2152884304523468;4.7.1,0.03153662011027336;1.3.98,0.028485242277383804"
79696,"4.1.2,0.8631781935691833;4.1.3,0.08924271166324615;2.1.2,0.018821099773049355;4.3.1,0.007283111102879047;1.4.3,0.003154548117890954"
79700,"3.6.1,0.9525231122970581;6.3.5,0.007950711995363235;3.6.5,0.007163274101912975;3.6.4,0.006297237239778042;3.1.7,0.004648845177143812"
79704,"3.6.1,0.9666773080825806;2.7.9,0.008038734085857868;3.1.7,0.008023376576602459;3.6.5,0.0023189070634543896;3.6.4,0.0022173745092004538"
79892,"4.1.2,0.11305885761976242;1.21.3,0.10847198218107224;5.1.99,0.08461098372936249;5.1.2,0.06635244190692902;1.14.20,0.04171990603208542"
80008,"1.3.1,0.07325003296136856;1.13.11,0.06845983117818832;1.21.3,0.06031528115272522;1.14.99,0.044070228934288025;2.3.1,0.03174610435962677"
80552,"2.1.1,0.9972499012947083;2.8.4,0.0010999568039551377;2.3.1,0.0007507952395826578;2.5.1,0.0003257486969232559;1.3.98,0.00012580117618199438"
80556,"2.1.1,0.9941383600234985;2.8.4,0.002469753846526146;2.3.1,0.001117479638196528;2.5.1,0.0008612049859948456;1.17.98,0.0003438709827605635"
80560,"1.13.11,0.6476367712020874;4.1.2,0.25957465171813965;1.1.3,0.036870043724775314;1.3.3,0.02349601313471794;1.14.99,0.007549871690571308"
80572,"1.13.11,0.6476367712020874;4.1.2,0.25957465171813965;1.1.3,0.036870043724775314;1.3.3,0.02349601313471794;1.14.99,0.007549871690571308"
80584,"2.1.1,0.9998424053192139;2.8.4,7.999500667210668e-05;2.3.1,2.7541878807824105e-05;2.5.1,2.041335028479807e-05;1.17.98,8.597829946666025e-06"
80604,"1.16.3,0.41952890157699585;1.7.2,0.18780340254306793;1.12.2,0.10774927586317062;1.97.1,0.05070288106799126;1.17.2,0.037829723209142685"
80644,"1.2.7,0.9303857088088989;1.14.15,0.020724568516016006;1.1.7,0.01321056392043829;1.3.7,0.0063241454772651196;3.13.1,0.005139944609254599"
80660,"2.1.1,0.9972499012947083;2.8.4,0.0010999568039551377;2.3.1,0.0007507952395826578;2.5.1,0.0003257486969232559;1.3.98,0.00012580117618199438"
80836,"2.5.1,0.9994783997535706;4.1.1,8.304620132548735e-05;3.3.2,7.430035475408658e-05;3.1.3,4.9106773076346144e-05;4.1.2,4.784453267347999e-05"
80840,"3.1.3,0.9989908337593079;5.4.2,0.0007006975938566029;2.7.1,8.256373257609084e-05;4.2.3,4.5079170376993716e-05;3.1.7,4.473091757972725e-05"
80892,"2.5.1,0.9808351397514343;4.2.3,0.004998800810426474;4.4.1,0.003535204567015171;6.2.1,0.0033234679140150547;2.7.6,0.0018245087703689933"
80896,"3.1.3,0.9966849684715271;5.4.2,0.002389934379607439;2.7.1,0.00022194690245669335;3.1.7,0.00010293886589352041;3.6.1,6.781100091757253e-05"
80900,"4.2.1,0.6154534220695496;3.1.1,0.19874204695224762;5.5.1,0.10268925875425339;4.1.2,0.019953738898038864;5.4.99,0.01534097921103239"
80904,"1.1.1,0.2512604296207428;1.3.1,0.22328904271125793;1.5.1,0.19216857850551605;1.14.13,0.0644073411822319;1.6.99,0.03200133517384529"
80908,"1.14.14,0.9988641738891602;1.14.19,0.0005753978039138019;1.17.7,0.00014899532834533602;1.19.6,0.00013344244507607073;1.3.8,7.16122449375689e-05"
80912,"1.1.1,0.9946432113647461;5.3.1,0.0017330943373963237;1.5.1,0.0006632819422520697;1.1.99,0.0006068976945243776;1.23.1,0.00029335927683860064"
80916,"2.3.1,0.9985696077346802;6.2.1,0.0004899016348645091;2.3.3,0.00039684970397502184;3.1.2,0.0003794435178861022;2.3.2,3.9836810174165294e-05"
80920,"2.3.1,0.99905925989151;6.2.1,0.0004982989048585296;3.1.2,0.00023091526236385107;2.3.3,6.485644553322345e-05;2.3.2,4.6104898501653224e-05"
80932,"1.14.14,0.997671902179718;1.14.19,0.001627837773412466;1.14.99,0.0002730039705056697;1.19.6,8.5744250100106e-05;1.13.11,8.391357550863177e-05"
80936,"2.1.1,0.9998263716697693;2.8.4,9.810658229980618e-05;2.3.1,2.329169183212798e-05;2.5.1,1.283124765905086e-05;1.17.98,1.2330091522017028e-05"
80940,"1.14.14,0.9954420328140259;1.14.19,0.0039142887108027935;1.14.99,0.0002864818670786917;1.19.6,6.758118979632854e-05;1.13.11,5.8985799114452675e-05"
80944,"2.1.1,0.9979292154312134;2.3.1,0.0013322201557457447;2.5.1,0.00035002586082555354;2.8.4,0.0002398491487838328;1.3.98,2.8302740247454494e-05"
81236,"1.4.3,0.9881224036216736;1.11.1,0.0026485761627554893;1.1.3,0.0017333084251731634;1.8.3,0.0016914164880290627;1.2.3,0.0014910202007740736"
81240,"1.4.3,0.6454217433929443;1.5.3,0.29551196098327637;1.11.1,0.02696208655834198;1.8.3,0.011114376597106457;1.1.3,0.009430053643882275"
81244,"1.5.3,0.8213489651679993;1.4.3,0.11164651811122894;1.11.1,0.026094699278473854;1.8.3,0.01737375184893608;1.1.3,0.009369674138724804"
81248,"1.14.15,0.517021656036377;1.14.19,0.4260617196559906;1.14.13,0.019368277862668037;1.13.11,0.00923734437674284;1.14.99,0.0038534256163984537"
81252,"1.14.15,0.517021656036377;1.14.19,0.4260617196559906;1.14.13,0.019368277862668037;1.13.11,0.00923734437674284;1.14.99,0.0038534256163984537"
81256,"1.14.15,0.517021656036377;1.14.19,0.4260617196559906;1.14.13,0.019368277862668037;1.13.11,0.00923734437674284;1.14.99,0.0038534256163984537"
81260,"1.14.15,0.517021656036377;1.14.19,0.4260617196559906;1.14.13,0.019368277862668037;1.13.11,0.00923734437674284;1.14.99,0.0038534256163984537"
81264,"4.1.1,0.9920874238014221;1.13.11,0.0019118433119729161;1.2.3,0.0017589402850717306;1.17.98,0.000876198522746563;3.1.1,0.0005686699296347797"
81268,"4.1.1,0.9920874238014221;1.13.11,0.0019118433119729161;1.2.3,0.0017589402850717306;1.17.98,0.000876198522746563;3.1.1,0.0005686699296347797"
81272,"4.1.1,0.9920874238014221;1.13.11,0.0019118433119729161;1.2.3,0.0017589402850717306;1.17.98,0.000876198522746563;3.1.1,0.0005686699296347797"
81276,"4.1.1,0.9920874238014221;1.13.11,0.0019118433119729161;1.2.3,0.0017589402850717306;1.17.98,0.000876198522746563;3.1.1,0.0005686699296347797"
81280,"1.14.15,0.6822733283042908;1.14.19,0.24937285482883453;1.14.13,0.009680712595582008;1.17.7,0.006867138668894768;1.13.11,0.005914316046983004"
81284,"1.14.15,0.6822733283042908;1.14.19,0.24937285482883453;1.14.13,0.009680712595582008;1.17.7,0.006867138668894768;1.13.11,0.005914316046983004"
81288,"1.14.15,0.6822733283042908;1.14.19,0.24937285482883453;1.14.13,0.009680712595582008;1.17.7,0.006867138668894768;1.13.11,0.005914316046983004"
81292,"1.14.15,0.6822733283042908;1.14.19,0.24937285482883453;1.14.13,0.009680712595582008;1.17.7,0.006867138668894768;1.13.11,0.005914316046983004"
81296,"1.14.15,0.6822733283042908;1.14.19,0.24937285482883453;1.14.13,0.009680712595582008;1.17.7,0.006867138668894768;1.13.11,0.005914316046983004"
81308,"5.3.3,0.520384669303894;5.5.1,0.38612374663352966;1.3.1,0.03221265599131584;1.3.99,0.018631860613822937;5.4.99,0.012399297207593918"
81312,"5.3.3,0.41131463646888733;5.5.1,0.2264861911535263;1.3.1,0.11360379308462143;5.4.99,0.07147757709026337;1.3.99,0.01850341260433197"
81340,"3.2.1,0.9963781237602234;2.3.1,0.0015318624209612608;2.4.1,0.0012156759621575475;5.4.99,0.00015077895659487695;4.2.1,0.00012134219286963344"
81364,"2.4.1,0.9979289770126343;2.4.2,0.0016584836412221193;3.2.1,0.00030301729566417634;5.1.3,2.684864739421755e-05;2.7.8,2.476103873050306e-05"
81368,"3.1.3,0.9989442229270935;5.4.2,0.00020462411339394748;4.2.3,0.0001561710814712569;3.6.1,0.00015441524737980217;3.1.7,9.746372961672023e-05"
81372,"3.1.7,0.6014042496681213;3.6.1,0.13207407295703888;2.5.1,0.10562831908464432;4.2.3,0.07233860343694687;3.1.3,0.024579131975769997"
81408,"2.1.1,0.22250014543533325;1.17.98,0.1860274076461792;2.8.4,0.1708715409040451;1.3.98,0.12416204810142517;2.5.1,0.03829524293541908"
81488,"4.1.1,0.9690626859664917;5.1.3,0.009737201035022736;2.2.1,0.007810663431882858;1.1.1,0.0034142539370805025;5.4.99,0.0015263999812304974"
81492,"1.14.14,0.5695604085922241;1.3.8,0.2978396415710449;1.5.8,0.06053195521235466;1.5.1,0.020167667418718338;1.19.6,0.016596220433712006"
81496,"1.14.14,0.5695604085922241;1.3.8,0.2978396415710449;1.5.8,0.06053195521235466;1.5.1,0.020167667418718338;1.19.6,0.016596220433712006"
81500,"1.14.14,0.5295596718788147;1.19.6,0.22581662237644196;1.13.12,0.11137839406728745;6.3.4,0.03301340341567993;6.3.5,0.014894419349730015"
81512,"5.1.3,0.9644120335578918;2.7.4,0.006207137368619442;2.4.1,0.006054745055735111;2.7.8,0.003946173936128616;2.3.1,0.0023534272331744432"
81516,"1.1.1,0.9983596205711365;1.2.1,0.0003753645869437605;1.17.1,0.00025820755399763584;1.12.1,0.00017038016812875867;5.3.1,0.00016321141447406262"
81520,"1.1.1,0.9989374279975891;1.2.1,0.00021493519307114184;1.17.1,0.00017309673421550542;5.3.1,0.00013124798715580255;1.12.1,0.00011731091217370704"
81524,"1.1.1,0.9983596205711365;1.2.1,0.0003753645869437605;1.17.1,0.00025820755399763584;1.12.1,0.00017038016812875867;5.3.1,0.00016321141447406262"
81560,"2.3.1,0.9976754784584045;6.2.1,0.0010519569041207433;3.1.2,0.0009271135786548257;2.3.3,6.41569567960687e-05;2.3.2,5.321138087310828e-05"
81828,"2.3.1,0.9999681711196899;2.3.3,1.2289398910070304e-05;2.3.2,9.30968872125959e-06;3.1.2,3.761741254493245e-06;3.1.1,1.7111898387156543e-06"
81872,"1.13.12,0.5813789963722229;3.5.1,0.2891658544540405;4.1.1,0.018559115007519722;1.13.11,0.014788822270929813;3.1.2,0.014582784846425056"
81948,"2.4.1,0.9985318183898926;2.4.2,0.0008415993070229888;2.7.8,0.00018858535622712225;2.7.4,0.00013351411325857043;3.6.1,0.00011858874495374039"
82004,"1.5.99,0.5999370813369751;1.4.99,0.12445201724767685;1.14.99,0.0812981054186821;1.1.99,0.03012992814183235;1.4.3,0.02092934027314186"
82032,"1.14.19,0.5496960282325745;1.14.15,0.391069233417511;1.6.1,0.014870241284370422;1.17.7,0.007547084242105484;1.8.7,0.005652822554111481"
82056,"1.14.15,0.8074451088905334;1.14.19,0.16683894395828247;1.6.1,0.006461772136390209;1.17.7,0.005868587642908096;1.14.99,0.0021545691415667534"
82104,"1.14.15,0.7012157440185547;1.14.19,0.19202320277690887;1.14.13,0.021045299246907234;1.7.7,0.017249377444386482;1.14.12,0.01139258872717619"
82108,"1.14.15,0.4370242953300476;1.14.13,0.35083287954330444;1.14.19,0.06476821005344391;1.14.12,0.017907027155160904;1.14.18,0.016929982230067253"
82112,"1.14.11,0.8378434181213379;1.14.20,0.036159954965114594;1.13.12,0.034127410501241684;1.14.13,0.022526798769831657;1.2.3,0.011792345903813839"
82148,"6.2.1,0.9950573444366455;2.7.4,0.0016613954212516546;2.7.7,0.0011412082239985466;1.2.1,0.0008103714790195227;6.1.1,0.0005093698855489492"
82172,"2.3.1,0.9713519215583801;1.2.1,0.0190634336322546;2.3.2,0.00498349079862237;1.4.1,0.0014691493706777692;1.8.1,0.0011760910274460912"
82176,"2.1.1,0.9998441934585571;2.8.4,9.771336044650525e-05;2.3.1,2.144609607057646e-05;1.17.98,7.147359156078892e-06;2.5.1,6.151591605885187e-06"
82184,"2.1.1,0.9998843669891357;2.8.4,6.956724246265367e-05;2.3.1,1.0535004548728466e-05;1.17.98,1.019519186229445e-05;2.5.1,8.083771717792843e-06"
82188,"2.1.1,0.9997958540916443;2.8.4,0.00010459718760102987;2.5.1,2.9225389880593866e-05;2.3.1,2.414335722278338e-05;1.17.98,1.841568882809952e-05"
82192,"2.1.1,0.9998843669891357;2.8.4,6.956724246265367e-05;2.3.1,1.0535004548728466e-05;1.17.98,1.019519186229445e-05;2.5.1,8.083771717792843e-06"
82196,"6.3.2,0.5156962275505066;2.1.4,0.25363990664482117;4.3.2,0.14787842333316803;2.3.2,0.031277794390916824;2.3.1,0.010782054625451565"
82208,"4.3.2,0.6605975031852722;6.3.2,0.096821129322052;2.1.4,0.04903865233063698;5.4.3,0.03365546464920044;2.3.1,0.030599422752857208"
82216,"2.1.1,0.9968738555908203;2.3.1,0.0012059274595230818;2.8.4,0.0008256004075519741;2.5.1,0.0005969121702946723;1.17.98,9.007110929815099e-05"
82220,"6.3.2,0.6325294375419617;4.3.2,0.16534651815891266;2.1.4,0.14089231193065643;2.3.2,0.019703945145010948;2.3.1,0.010335675440728664"
82224,"2.1.4,0.39314761757850647;6.3.2,0.30683258175849915;4.3.2,0.17044012248516083;2.3.2,0.04564325138926506;2.6.1,0.025546347722411156"
82228,"2.1.4,0.4399627447128296;4.3.2,0.35499975085258484;6.3.2,0.11216539889574051;2.3.2,0.04884704574942589;3.5.3,0.006299185566604137"
82236,"2.1.4,0.5209996104240417;4.3.2,0.3256945013999939;6.3.2,0.060210660099983215;2.3.2,0.034032147377729416;2.3.1,0.018758954480290413"
82240,"2.1.4,0.571578860282898;4.3.2,0.1530592441558838;3.4.17,0.08108807355165482;5.4.3,0.07862541079521179;6.3.2,0.044713106006383896"
82244,"2.7.4,0.13265441358089447;2.3.1,0.06846968829631805;2.7.8,0.05946709215641022;4.1.2,0.055297862738370895;2.5.1,0.0374339334666729"
82256,"2.3.2,0.8644195199012756;2.3.1,0.06489180028438568;6.1.1,0.048810575157403946;4.3.1,0.004252689890563488;5.4.99,0.003599897027015686"
82300,"2.3.1,0.9763843417167664;3.1.2,0.008892949670553207;6.2.1,0.007047237828373909;2.3.2,0.002870620461180806;2.3.3,0.0016851056134328246"
82308,"2.5.1,0.5384422540664673;4.4.1,0.2847665250301361;1.16.1,0.05390084162354469;1.4.1,0.023155318573117256;2.1.1,0.02079010009765625"
82312,"6.3.2,0.4407252371311188;6.3.4,0.26031994819641113;6.3.1,0.14251138269901276;3.5.2,0.05600636079907417;6.3.5,0.026797903701663017"
82316,"2.6.1,0.999774158000946;5.4.3,4.099751095054671e-05;1.14.11,3.9137641579145566e-05;1.4.1,3.808945257333107e-05;4.1.1,2.38159773289226e-05"
82408,"4.2.3,0.8702821731567383;5.3.1,0.08299100399017334;3.1.3,0.028690636157989502;5.5.1,0.006885936483740807;5.1.3,0.004336879588663578"
82464,"1.14.19,0.8563381433486938;1.14.13,0.1253880113363266;1.6.3,0.0061447336338460445;1.14.12,0.004322127439081669;1.18.1,0.002104145009070635"
82468,"1.14.13,0.5931401252746582;1.14.19,0.34303316473960876;1.6.3,0.02578909508883953;1.14.12,0.006985603366047144;1.18.1,0.006464299745857716"
82556,"3.2.1,0.15531550347805023;4.2.1,0.12237517535686493;3.6.1,0.11700844764709473;3.4.17,0.04952947422862053;3.1.3,0.04137922823429108"
82788,"2.6.1,0.9994644522666931;1.14.11,0.00011149320198455825;5.4.3,9.284509724238887e-05;5.3.2,8.037764200707898e-05;1.4.1,6.687566929031163e-05"
82852,"1.14.13,0.7891662120819092;1.6.3,0.06840886175632477;1.2.1,0.05351174250245094;1.14.19,0.027443120256066322;1.17.1,0.021211232990026474"
82856,"1.14.13,0.7891662120819092;1.6.3,0.06840886175632477;1.2.1,0.05351174250245094;1.14.19,0.027443120256066322;1.17.1,0.021211232990026474"
82860,"1.14.13,0.7891662120819092;1.6.3,0.06840886175632477;1.2.1,0.05351174250245094;1.14.19,0.027443120256066322;1.17.1,0.021211232990026474"
83144,"3.2.1,0.9303461909294128;2.4.1,0.020547157153487206;3.6.1,0.010920329950749874;4.2.1,0.004686551634222269;5.1.3,0.00461648590862751"
83260,"3.2.1,0.15531550347805023;4.2.1,0.12237517535686493;3.6.1,0.11700844764709473;3.4.17,0.04952947422862053;3.1.3,0.04137922823429108"
83264,"3.2.1,0.15531550347805023;4.2.1,0.12237517535686493;3.6.1,0.11700844764709473;3.4.17,0.04952947422862053;3.1.3,0.04137922823429108"
83268,"3.4.17,0.937353789806366;2.3.2,0.005664112512022257;3.4.13,0.005424689967185259;6.3.2,0.003748683724552393;4.3.2,0.003154011908918619"
83272,"3.4.17,0.937353789806366;2.3.2,0.005664112512022257;3.4.13,0.005424689967185259;6.3.2,0.003748683724552393;4.3.2,0.003154011908918619"
83296,"1.14.15,0.9361428022384644;1.14.19,0.04688827320933342;1.17.7,0.004862126894295216;1.6.1,0.0023815324530005455;4.2.1,0.002342730527743697"
83300,"1.14.15,0.9361428022384644;1.14.19,0.04688827320933342;1.17.7,0.004862126894295216;1.6.1,0.0023815324530005455;4.2.1,0.002342730527743697"
84088,"1.2.4,0.4789833128452301;2.3.1,0.4410977065563202;1.8.1,0.01734761707484722;4.1.1,0.016863733530044556;1.8.4,0.012600209563970566"
84092,"2.3.1,0.9976855516433716;3.4.17,0.0007026958628557622;6.2.1,0.0005572178051806986;3.1.2,0.0004992895992472768;2.3.2,0.00021702915546484292"
84096,"2.3.1,0.9950307607650757;4.1.2,0.001234187395311892;5.3.1,0.0009328937740065157;3.1.2,0.0005693180137313902;2.3.3,0.0005157206323929131"
84484,"1.11.1,0.7516278624534607;1.1.3,0.10075460374355316;1.5.3,0.03129670396447182;1.11.2,0.025776075199246407;1.2.3,0.020248830318450928"
84640,"1.2.4,0.9673115611076355;4.1.1,0.015932414680719376;1.4.4,0.00842318870127201;1.2.7,0.0009632435976527631;1.8.1,0.0008637489518150687"
84644,"1.2.4,0.9739258289337158;1.4.4,0.007954023778438568;4.1.1,0.005028169136494398;2.3.1,0.0018832918722182512;1.2.7,0.001743842731229961"
84648,"2.3.1,0.9469913244247437;2.7.4,0.00921942200511694;1.8.4,0.002962058410048485;2.1.1,0.002526528900489211;2.7.8,0.0024097939021885395"
84652,"2.3.1,0.9469913244247437;2.7.4,0.00921942200511694;1.8.4,0.002962058410048485;2.1.1,0.002526528900489211;2.7.8,0.0024097939021885395"
84768,"1.2.1,0.904753565788269;1.1.1,0.06550019979476929;2.3.1,0.016480376943945885;1.8.1,0.009288987144827843;6.2.1,0.0006536634173244238"
84772,"1.11.1,0.4175104796886444;1.8.3,0.12420234084129333;1.11.2,0.11820142716169357;1.97.1,0.03825637698173523;1.1.3,0.03748299553990364"
84776,"1.8.5,0.719578206539154;1.10.3,0.12246596068143845;1.23.5,0.04160492494702339;1.14.17,0.03642475605010986;1.6.5,0.02183794602751732"
84788,"2.1.1,0.9997784495353699;2.8.4,0.00011426715354900807;2.5.1,3.278373333159834e-05;2.3.1,2.4876673705875874e-05;1.17.98,1.944175164680928e-05"
84800,"1.14.14,0.9987491369247437;1.14.19,0.0008723019855096936;1.17.7,7.524458487750962e-05;1.14.99,7.233586075017229e-05;1.19.6,5.742310895584524e-05"
84848,"1.14.14,0.9978917241096497;1.14.19,0.0017392098670825362;1.17.7,8.929870091378689e-05;1.19.6,6.853171362308785e-05;1.5.1,6.332583143375814e-05"
85244,"1.6.5,0.6347343921661377;1.14.12,0.15919062495231628;1.3.1,0.08568014949560165;1.1.1,0.06189936026930809;1.21.1,0.01764839142560959"
85248,"1.6.5,0.5936015844345093;1.3.1,0.12259793281555176;1.1.1,0.06659285724163055;1.14.12,0.059700679033994675;1.21.1,0.02258710190653801"
85256,"1.14.14,0.9980206489562988;1.14.19,0.0009458738495595753;1.5.1,0.0005109236226417124;1.19.6,0.00013565093104261905;1.3.8,0.00011385020479792729"
85356,"2.3.1,0.987483024597168;3.1.2,0.008048417046666145;2.3.3,0.0030161323957145214;6.2.1,0.00042468844912946224;1.2.1,0.0003421065048314631"
85368,"2.1.1,0.9995173215866089;2.3.1,0.00019770105427596718;2.8.4,0.00017672644753474742;2.5.1,3.8068446883698925e-05;1.17.98,1.637517380004283e-05"
85408,"2.4.1,0.9949319958686829;2.4.2,0.00497150793671608;2.7.4,2.111285357386805e-05;2.7.8,2.072579081868753e-05;3.1.1,1.5249263924488332e-05"
85412,"2.3.1,0.99688321352005;2.4.1,0.0013105218531563878;5.4.99,0.0006515809218399227;3.2.1,0.0005327409016899765;2.3.2,0.00012747485016006976"
85416,"1.14.14,0.9986704587936401;1.14.19,0.0010655978694558144;1.5.1,5.589726788457483e-05;1.19.6,5.4037234804127365e-05;1.14.99,4.345116394688375e-05"
85448,"2.1.1,0.9992735981941223;2.3.1,0.0004026300157420337;2.8.4,0.00017855255282483995;2.5.1,5.509225957212038e-05;1.17.98,2.7033736841985956e-05"
85480,"2.7.7,0.9929848313331604;2.7.4,0.003072262043133378;2.5.1,0.0008686978253535926;3.6.1,0.0008571626385673881;2.7.6,0.00029767490923404694"
85484,"2.1.1,0.9926619529724121;2.8.4,0.0023071286268532276;2.5.1,0.001883573248051107;2.3.1,0.001477042562328279;1.17.98,0.00032518652733415365"
85488,"2.7.7,0.9383298754692078;3.6.1,0.014814245514571667;2.7.2,0.01317791547626257;2.5.1,0.00722505571320653;6.1.1,0.006962768267840147"
85500,"2.1.1,0.9997718930244446;2.8.4,0.0001170037139672786;2.3.1,2.9322960472200066e-05;2.5.1,2.0876843336736783e-05;1.17.98,1.4822759112576023e-05"
85508,"2.6.1,0.9785400629043579;2.3.1,0.006562859285622835;4.1.2,0.002102926606312394;5.3.1,0.0020032681059092283;1.1.99,0.0011531513882800937"
85516,"2.3.1,0.36942097544670105;2.8.4,0.2747705280780792;2.1.1,0.1155155822634697;4.4.1,0.056592416018247604;1.17.98,0.056137628853321075"
85528,"1.2.4,0.3557526767253876;2.2.1,0.2491132766008377;5.3.1,0.1319342702627182;2.3.1,0.09777681529521942;4.1.2,0.06882145255804062"
85580,"2.7.4,0.14308151602745056;2.7.8,0.07102504372596741;2.3.1,0.05513230711221695;2.4.1,0.054314594715833664;2.6.1,0.033763475716114044"
85936,"2.3.1,0.9956676959991455;3.1.2,0.0018376189982518554;6.2.1,0.0017815723549574614;1.2.1,0.00029990411712788045;2.3.3,0.00015983066987246275"
86028,"5.1.3,0.39379942417144775;3.2.1,0.137857124209404;2.4.1,0.06277602910995483;2.7.4,0.054924800992012024;2.4.2,0.05445769056677818"
86056,"1.14.14,0.9995928406715393;1.14.19,0.0002391588204773143;1.19.6,4.5344499085331336e-05;1.5.1,3.4855071135098115e-05;1.17.7,2.4847209715517238e-05"
86092,"1.14.14,0.9995928406715393;1.14.19,0.0002391588204773143;1.19.6,4.5344499085331336e-05;1.5.1,3.4855071135098115e-05;1.17.7,2.4847209715517238e-05"
86096,"1.14.14,0.9995928406715393;1.14.19,0.0002391588204773143;1.19.6,4.5344499085331336e-05;1.5.1,3.4855071135098115e-05;1.17.7,2.4847209715517238e-05"
86104,"1.1.1,0.9466686844825745;1.3.1,0.011038858443498611;1.12.1,0.005494574550539255;1.17.1,0.004583222325891256;1.16.1,0.004386283457279205"
86136,"1.14.14,0.9995928406715393;1.14.19,0.0002391588204773143;1.19.6,4.5344499085331336e-05;1.5.1,3.4855071135098115e-05;1.17.7,2.4847209715517238e-05"
86144,"4.1.1,0.4372205138206482;1.13.12,0.21111604571342468;1.13.11,0.12886226177215576;1.2.3,0.08239543437957764;3.1.1,0.0722360834479332"
86148,"1.1.1,0.9358177185058594;1.17.1,0.014836272224783897;1.3.1,0.014460993930697441;1.4.1,0.004041728097945452;1.16.1,0.0031876626890152693"
86264,"3.6.1,0.38830605149269104;2.7.8,0.28075796365737915;3.1.4,0.2351662516593933;2.7.1,0.052642278373241425;3.1.3,0.0057943291030824184"
86308,"6.2.1,0.9653854966163635;2.3.1,0.016971973702311516;3.1.2,0.007587600499391556;2.3.3,0.0034084615763276815;1.2.1,0.0024125429335981607"
86344,"1.1.1,0.9993650317192078;1.17.1,0.00010409763490315527;1.2.1,9.045107435667887e-05;1.1.99,4.646990782930516e-05;5.3.1,4.6387023758143187e-05"
86352,"4.2.1,0.9961762428283691;4.1.2,0.0004519996582530439;5.5.1,0.00036415853537619114;5.3.99,0.00035094135091640055;3.2.1,0.0003488358634058386"
86360,"6.2.1,0.9974253177642822;1.2.1,0.0011568221962079406;3.1.2,0.0008839837391860783;2.7.4,0.00015021440049167722;2.3.1,0.00011539116530911997"
86388,"1.14.19,0.2513371706008911;1.14.13,0.14490307867527008;3.2.1,0.07970654219388962;1.13.12,0.06234209984540939;1.13.11,0.061547111719846725"
86792,"3.6.1,0.9768162965774536;3.1.4,0.010379360057413578;2.7.9,0.0035591525956988335;3.1.7,0.002473152009770274;2.7.8,0.0014506399165838957"
86800,"3.6.1,0.974929928779602;3.1.4,0.01035629864782095;2.7.9,0.004093995783478022;2.7.1,0.002270082011818886;2.7.8,0.002006569877266884"
