reaction,left_comp,right_comp,left_smiles,right_smiles
DM1,CC(=O)N[C@H]1[C@@H](OP(=O)([O-])OP(=O)([O-])OC/C=C(/C)CC/C=C(/C)CC/C=C(/C)CC/C=C(/C)CC/C=C(/C)CC/C=C(/C)CC/C=C(/C)CC/C=C(/C)CC/C=C(\C)CCC=C(C)C)O[C@H](CO)[C@@H](O)[C@@H]1O[C@@H]1O[C@@H](C)[C@H](O)[C@@H](O)[C@H]1O//[H][C@@]1([C@H](O)CO)O[C@H](OP(=O)([O-])OP(=O)([O-])OC[C@H]2O[C@@H](N3C=CC(=O)NC3=O)[C@H](O)[C@@H]2O)[C@H](O)[C@H]1O//[H][C@@]1([C@H](O)CO)O[C@H](OP(=O)([O-])OP(=O)([O-])OC[C@H]2O[C@@H](N3C=CC(=O)NC3=O)[C@H](O)[C@@H]2O)[C@H](O)[C@H]1O,[H][C@@]1([C@H](O)CO)O[C@@H](O[C@H](CO)[C@]2([H])O[C@@H](O[C@@H]3[C@@H](O)[C@@H](O)[C@H](O[C@H]4[C@H](O)[C@@H](CO)O[C@H](OP(=O)([O-])OP(=O)([O-])OC/C=C(/C)CC/C=C(/C)CC/C=C(/C)CC/C=C(/C)CC/C=C(/C)CC/C=C(/C)CC/C=C(/C)CC/C=C(/C)CC/C=C(\C)CCC=C(C)C)[C@@H]4NC(C)=O)O[C@H]3C)[C@H](O)[C@H]2O)[C@H](O)[C@H]1O//O=C1C=CN([C@@H]2O[C@H](COP(=O)([O-])OP(=O)([O-])[O-])[C@@H](O)[C@H]2O)C(=O)N1//O=C1C=CN([C@@H]2O[C@H](COP(=O)([O-])OP(=O)([O-])[O-])[C@@H](O)[C@H]2O)C(=O)N1//[H+]//[H+],CC(=O)N[C@H]1[C@@H](OP(=O)([O-])OP(=O)([O-])OC/C=C(/C)CC/C=C(/C)CC/C=C(/C)CC/C=C(/C)CC/C=C(/C)CC/C=C(/C)CC/C=C(/C)CC/C=C(/C)CC/C=C(\C)CCC=C(C)C)O[C@H](CO)[C@@H](O)[C@@H]1O[C@@H]1O[C@@H](C)[C@H](O)[C@@H](O)[C@H]1O.[H][C@@]1([C@H](O)CO)O[C@H](OP(=O)([O-])OP(=O)([O-])OC[C@H]2O[C@@H](N3C=CC(=O)NC3=O)[C@H](O)[C@@H]2O)[C@H](O)[C@H]1O.[H][C@@]1([C@H](O)CO)O[C@H](OP(=O)([O-])OP(=O)([O-])OC[C@H]2O[C@@H](N3C=CC(=O)NC3=O)[C@H](O)[C@@H]2O)[C@H](O)[C@H]1O,[H][C@@]1([C@H](O)CO)O[C@@H](O[C@H](CO)[C@]2([H])O[C@@H](O[C@@H]3[C@@H](O)[C@@H](O)[C@H](O[C@H]4[C@H](O)[C@@H](CO)O[C@H](OP(=O)([O-])OP(=O)([O-])OC/C=C(/C)CC/C=C(/C)CC/C=C(/C)CC/C=C(/C)CC/C=C(/C)CC/C=C(/C)CC/C=C(/C)CC/C=C(/C)CC/C=C(\C)CCC=C(C)C)[C@@H]4NC(C)=O)O[C@H]3C)[C@H](O)[C@H]2O)[C@H](O)[C@H]1O.O=C1C=CN([C@@H]2O[C@H](COP(=O)([O-])OP(=O)([O-])[O-])[C@@H](O)[C@H]2O)C(=O)N1.O=C1C=CN([C@@H]2O[C@H](COP(=O)([O-])OP(=O)([O-])[O-])[C@@H](O)[C@H]2O)C(=O)N1.[H+].[H+]
DM2,[O-]C1=CC2=C([O-])/C=C(O)\C=C\2[O+]=C1C1=CC(O)=C(O)C(O)=C1//O=C1C=CN([C@@H]2O[C@H](COP(=O)([O-])OP(=O)([O-])O[C@H]3O[C@H](CO)[C@@H](O)[C@H](O)[C@H]3O)[C@@H](O)[C@H]2O)C(=O)N1,[O-]C1=C2\C=C(O[C@@H]3O[C@H](CO)[C@@H](O)[C@H](O)[C@H]3O)C(C3=CC(O)=C(O)C(O)=C3)=[O+]\C2=C/C(O)=C\1//O=C1C=CN([C@@H]2O[C@H](COP(=O)([O-])OP(=O)([O-])[O-])[C@@H](O)[C@H]2O)C(=O)N1,[O-]C1=CC2=C([O-])/C=C(O)\C=C\2[O+]=C1C1=CC(O)=C(O)C(O)=C1.O=C1C=CN([C@@H]2O[C@H](COP(=O)([O-])OP(=O)([O-])O[C@H]3O[C@H](CO)[C@@H](O)[C@H](O)[C@H]3O)[C@@H](O)[C@H]2O)C(=O)N1,[O-]C1=C2\C=C(O[C@@H]3O[C@H](CO)[C@@H](O)[C@H](O)[C@H]3O)C(C3=CC(O)=C(O)C(O)=C3)=[O+]\C2=C/C(O)=C\1.O=C1C=CN([C@@H]2O[C@H](COP(=O)([O-])OP(=O)([O-])[O-])[C@@H](O)[C@H]2O)C(=O)N1
DM3,[H][C@]1(C(=C)C)CC=C(C)CC1//NC(=O)C1=CN([C@@H]2O[C@H](COP(=O)([O-])OP(=O)([O-])OC[C@H]3O[C@@H](N4C=NC5=C4N=CN=C5N)[C@H](O)[C@@H]3O)[C@@H](O)[C@H]2O)C=CC1//O=O//[H+],C=C(C)C1CCC2(C)OC2C1//NC(=O)C1=CC=C[N+]([C@@H]2O[C@H](COP(=O)([O-])OP(=O)([O-])OC[C@H]3O[C@@H](N4C=NC5=C4N=CN=C5N)[C@H](O)[C@@H]3O)[C@@H](O)[C@H]2O)=C1//[H]O[H],[H][C@]1(C(=C)C)CC=C(C)CC1.NC(=O)C1=CN([C@@H]2O[C@H](COP(=O)([O-])OP(=O)([O-])OC[C@H]3O[C@@H](N4C=NC5=C4N=CN=C5N)[C@H](O)[C@@H]3O)[C@@H](O)[C@H]2O)C=CC1.O=O.[H+],C=C(C)C1CCC2(C)OC2C1.NC(=O)C1=CC=C[N+]([C@@H]2O[C@H](COP(=O)([O-])OP(=O)([O-])OC[C@H]3O[C@@H](N4C=NC5=C4N=CN=C5N)[C@H](O)[C@@H]3O)[C@@H](O)[C@H]2O)=C1.[H]O[H]
DM4,CC(C)CCC[C@@H](C)CCC[C@@H](C)CCC[C@@H](C)CCOC[C@@H](COP(=O)([O-])[O-])OCC[C@H](C)CCC[C@H](C)CCC[C@H](C)CCCC(C)C//NC(=O)C1=CC=C[N+]([C@@H]2O[C@H](COP(=O)([O-])OP(=O)([O-])OC[C@H]3O[C@@H](N4C=NC5=C4N=CN=C5N)[C@H](O)[C@@H]3O)[C@@H](O)[C@H]2O)=C1//NC(=O)C1=CC=C[N+]([C@@H]2O[C@H](COP(=O)([O-])OP(=O)([O-])OC[C@H]3O[C@@H](N4C=NC5=C4N=CN=C5N)[C@H](O)[C@@H]3O)[C@@H](O)[C@H]2O)=C1//NC(=O)C1=CC=C[N+]([C@@H]2O[C@H](COP(=O)([O-])OP(=O)([O-])OC[C@H]3O[C@@H](N4C=NC5=C4N=CN=C5N)[C@H](O)[C@@H]3O)[C@@H](O)[C@H]2O)=C1//NC(=O)C1=CC=C[N+]([C@@H]2O[C@H](COP(=O)([O-])OP(=O)([O-])OC[C@H]3O[C@@H](N4C=NC5=C4N=CN=C5N)[C@H](O)[C@@H]3O)[C@@H](O)[C@H]2O)=C1//NC(=O)C1=CC=C[N+]([C@@H]2O[C@H](COP(=O)([O-])OP(=O)([O-])OC[C@H]3O[C@@H](N4C=NC5=C4N=CN=C5N)[C@H](O)[C@@H]3O)[C@@H](O)[C@H]2O)=C1//NC(=O)C1=CC=C[N+]([C@@H]2O[C@H](COP(=O)([O-])OP(=O)([O-])OC[C@H]3O[C@@H](N4C=NC5=C4N=CN=C5N)[C@H](O)[C@@H]3O)[C@@H](O)[C@H]2O)=C1//NC(=O)C1=CC=C[N+]([C@@H]2O[C@H](COP(=O)([O-])OP(=O)([O-])OC[C@H]3O[C@@H](N4C=NC5=C4N=CN=C5N)[C@H](O)[C@@H]3O)[C@@H](O)[C@H]2O)=C1//NC(=O)C1=CC=C[N+]([C@@H]2O[C@H](COP(=O)([O-])OP(=O)([O-])OC[C@H]3O[C@@H](N4C=NC5=C4N=CN=C5N)[C@H](O)[C@@H]3O)[C@@H](O)[C@H]2O)=C1,CC(C)=CCC/C(C)=C/CC/C(C)=C/CC/C(C)=C/COC[C@@H](COP(=O)([O-])[O-])OC/C=C(\C)CC/C=C(\C)CC/C=C(\C)CCC=C(C)C//NC(=O)C1=CN([C@@H]2O[C@H](COP(=O)([O-])OP(=O)([O-])OC[C@H]3O[C@@H](N4C=NC5=C4N=CN=C5N)[C@H](O)[C@@H]3O)[C@@H](O)[C@H]2O)C=CC1//NC(=O)C1=CN([C@@H]2O[C@H](COP(=O)([O-])OP(=O)([O-])OC[C@H]3O[C@@H](N4C=NC5=C4N=CN=C5N)[C@H](O)[C@@H]3O)[C@@H](O)[C@H]2O)C=CC1//NC(=O)C1=CN([C@@H]2O[C@H](COP(=O)([O-])OP(=O)([O-])OC[C@H]3O[C@@H](N4C=NC5=C4N=CN=C5N)[C@H](O)[C@@H]3O)[C@@H](O)[C@H]2O)C=CC1//NC(=O)C1=CN([C@@H]2O[C@H](COP(=O)([O-])OP(=O)([O-])OC[C@H]3O[C@@H](N4C=NC5=C4N=CN=C5N)[C@H](O)[C@@H]3O)[C@@H](O)[C@H]2O)C=CC1//NC(=O)C1=CN([C@@H]2O[C@H](COP(=O)([O-])OP(=O)([O-])OC[C@H]3O[C@@H](N4C=NC5=C4N=CN=C5N)[C@H](O)[C@@H]3O)[C@@H](O)[C@H]2O)C=CC1//NC(=O)C1=CN([C@@H]2O[C@H](COP(=O)([O-])OP(=O)([O-])OC[C@H]3O[C@@H](N4C=NC5=C4N=CN=C5N)[C@H](O)[C@@H]3O)[C@@H](O)[C@H]2O)C=CC1//NC(=O)C1=CN([C@@H]2O[C@H](COP(=O)([O-])OP(=O)([O-])OC[C@H]3O[C@@H](N4C=NC5=C4N=CN=C5N)[C@H](O)[C@@H]3O)[C@@H](O)[C@H]2O)C=CC1//NC(=O)C1=CN([C@@H]2O[C@H](COP(=O)([O-])OP(=O)([O-])OC[C@H]3O[C@@H](N4C=NC5=C4N=CN=C5N)[C@H](O)[C@@H]3O)[C@@H](O)[C@H]2O)C=CC1//[H+]//[H+]//[H+]//[H+]//[H+]//[H+]//[H+]//[H+],CC(C)CCC[C@@H](C)CCC[C@@H](C)CCC[C@@H](C)CCOC[C@@H](COP(=O)([O-])[O-])OCC[C@H](C)CCC[C@H](C)CCC[C@H](C)CCCC(C)C.NC(=O)C1=CC=C[N+]([C@@H]2O[C@H](COP(=O)([O-])OP(=O)([O-])OC[C@H]3O[C@@H](N4C=NC5=C4N=CN=C5N)[C@H](O)[C@@H]3O)[C@@H](O)[C@H]2O)=C1.NC(=O)C1=CC=C[N+]([C@@H]2O[C@H](COP(=O)([O-])OP(=O)([O-])OC[C@H]3O[C@@H](N4C=NC5=C4N=CN=C5N)[C@H](O)[C@@H]3O)[C@@H](O)[C@H]2O)=C1.NC(=O)C1=CC=C[N+]([C@@H]2O[C@H](COP(=O)([O-])OP(=O)([O-])OC[C@H]3O[C@@H](N4C=NC5=C4N=CN=C5N)[C@H](O)[C@@H]3O)[C@@H](O)[C@H]2O)=C1.NC(=O)C1=CC=C[N+]([C@@H]2O[C@H](COP(=O)([O-])OP(=O)([O-])OC[C@H]3O[C@@H](N4C=NC5=C4N=CN=C5N)[C@H](O)[C@@H]3O)[C@@H](O)[C@H]2O)=C1.NC(=O)C1=CC=C[N+]([C@@H]2O[C@H](COP(=O)([O-])OP(=O)([O-])OC[C@H]3O[C@@H](N4C=NC5=C4N=CN=C5N)[C@H](O)[C@@H]3O)[C@@H](O)[C@H]2O)=C1.NC(=O)C1=CC=C[N+]([C@@H]2O[C@H](COP(=O)([O-])OP(=O)([O-])OC[C@H]3O[C@@H](N4C=NC5=C4N=CN=C5N)[C@H](O)[C@@H]3O)[C@@H](O)[C@H]2O)=C1.NC(=O)C1=CC=C[N+]([C@@H]2O[C@H](COP(=O)([O-])OP(=O)([O-])OC[C@H]3O[C@@H](N4C=NC5=C4N=CN=C5N)[C@H](O)[C@@H]3O)[C@@H](O)[C@H]2O)=C1.NC(=O)C1=CC=C[N+]([C@@H]2O[C@H](COP(=O)([O-])OP(=O)([O-])OC[C@H]3O[C@@H](N4C=NC5=C4N=CN=C5N)[C@H](O)[C@@H]3O)[C@@H](O)[C@H]2O)=C1,CC(C)=CCC/C(C)=C/CC/C(C)=C/CC/C(C)=C/COC[C@@H](COP(=O)([O-])[O-])OC/C=C(\C)CC/C=C(\C)CC/C=C(\C)CCC=C(C)C.NC(=O)C1=CN([C@@H]2O[C@H](COP(=O)([O-])OP(=O)([O-])OC[C@H]3O[C@@H](N4C=NC5=C4N=CN=C5N)[C@H](O)[C@@H]3O)[C@@H](O)[C@H]2O)C=CC1.NC(=O)C1=CN([C@@H]2O[C@H](COP(=O)([O-])OP(=O)([O-])OC[C@H]3O[C@@H](N4C=NC5=C4N=CN=C5N)[C@H](O)[C@@H]3O)[C@@H](O)[C@H]2O)C=CC1.NC(=O)C1=CN([C@@H]2O[C@H](COP(=O)([O-])OP(=O)([O-])OC[C@H]3O[C@@H](N4C=NC5=C4N=CN=C5N)[C@H](O)[C@@H]3O)[C@@H](O)[C@H]2O)C=CC1.NC(=O)C1=CN([C@@H]2O[C@H](COP(=O)([O-])OP(=O)([O-])OC[C@H]3O[C@@H](N4C=NC5=C4N=CN=C5N)[C@H](O)[C@@H]3O)[C@@H](O)[C@H]2O)C=CC1.NC(=O)C1=CN([C@@H]2O[C@H](COP(=O)([O-])OP(=O)([O-])OC[C@H]3O[C@@H](N4C=NC5=C4N=CN=C5N)[C@H](O)[C@@H]3O)[C@@H](O)[C@H]2O)C=CC1.NC(=O)C1=CN([C@@H]2O[C@H](COP(=O)([O-])OP(=O)([O-])OC[C@H]3O[C@@H](N4C=NC5=C4N=CN=C5N)[C@H](O)[C@@H]3O)[C@@H](O)[C@H]2O)C=CC1.NC(=O)C1=CN([C@@H]2O[C@H](COP(=O)([O-])OP(=O)([O-])OC[C@H]3O[C@@H](N4C=NC5=C4N=CN=C5N)[C@H](O)[C@@H]3O)[C@@H](O)[C@H]2O)C=CC1.NC(=O)C1=CN([C@@H]2O[C@H](COP(=O)([O-])OP(=O)([O-])OC[C@H]3O[C@@H](N4C=NC5=C4N=CN=C5N)[C@H](O)[C@@H]3O)[C@@H](O)[C@H]2O)C=CC1.[H+].[H+].[H+].[H+].[H+].[H+].[H+].[H+]
DM5,C=C(C)CCOP(=O)([O-])[O-]//O=P([O-])([O-])O//O=C=O,C[C@@](CCOP(=O)([O-])[O-])(CC(=O)[O-])OP(=O)([O-])[O-]//[H+],C=C(C)CCOP(=O)([O-])[O-].O=P([O-])([O-])O.O=C=O,C[C@@](CCOP(=O)([O-])[O-])(CC(=O)[O-])OP(=O)([O-])[O-].[H+]
DM6,COC1=CC2=C(C=C1C1=COC3=CC(O[C@@H]4O[C@H](CO[C@@H]5OC[C@](O)(CO)[C@H]5O)[C@@H](O)[C@H](O)[C@H]4O)=C(OC)C=C3C1=O)OCO2//[H]O[H],COC1=CC2=C(C=C1C1=COC3=CC([O-])=C(OC)C=C3C1=O)OCO2//OC[C@@]1(O)CO[C@@H](OC[C@H]2OC(O)[C@H](O)[C@@H](O)[C@@H]2O)[C@@H]1O//[H+],COC1=CC2=C(C=C1C1=COC3=CC(O[C@@H]4O[C@H](CO[C@@H]5OC[C@](O)(CO)[C@H]5O)[C@@H](O)[C@H](O)[C@H]4O)=C(OC)C=C3C1=O)OCO2.[H]O[H],COC1=CC2=C(C=C1C1=COC3=CC([O-])=C(OC)C=C3C1=O)OCO2.OC[C@@]1(O)CO[C@@H](OC[C@H]2OC(O)[C@H](O)[C@@H](O)[C@@H]2O)[C@@H]1O.[H+]
DM7,[H][C@]12[C@H](O)OC=C(C)[C@@]1([H])CC[C@@H]2C//CC1=C(C)C=C2C(=C1)NC1=C(NC(=O)NC1=O)N2C[C@H](O)[C@H](O)[C@H](O)COP(=O)([O-])[O-]//CC1=C(C)C=C2C(=C1)NC1=C(NC(=O)NC1=O)N2C[C@H](O)[C@H](O)[C@H](O)COP(=O)([O-])[O-]//CC1=C(C)C=C2C(=C1)NC1=C(NC(=O)NC1=O)N2C[C@H](O)[C@H](O)[C@H](O)COP(=O)([O-])[O-]//O=O//O=O//O=O,[H][C@]12[C@H](O)OC=C(C(=O)[O-])[C@@]1([H])CC[C@@H]2C//CC1=C(C)C=C2C(=C1)/N=C1/C(=O)[N-]C(=O)N=C1N2C[C@H](O)[C@H](O)[C@H](O)COP(=O)([O-])[O-]//CC1=C(C)C=C2C(=C1)/N=C1/C(=O)[N-]C(=O)N=C1N2C[C@H](O)[C@H](O)[C@H](O)COP(=O)([O-])[O-]//CC1=C(C)C=C2C(=C1)/N=C1/C(=O)[N-]C(=O)N=C1N2C[C@H](O)[C@H](O)[C@H](O)COP(=O)([O-])[O-]//[H]O[H]//[H]O[H]//[H]O[H]//[H]O[H]//[H+]//[H+]//[H+]//[H+],[H][C@]12[C@H](O)OC=C(C)[C@@]1([H])CC[C@@H]2C.CC1=C(C)C=C2C(=C1)NC1=C(NC(=O)NC1=O)N2C[C@H](O)[C@H](O)[C@H](O)COP(=O)([O-])[O-].CC1=C(C)C=C2C(=C1)NC1=C(NC(=O)NC1=O)N2C[C@H](O)[C@H](O)[C@H](O)COP(=O)([O-])[O-].CC1=C(C)C=C2C(=C1)NC1=C(NC(=O)NC1=O)N2C[C@H](O)[C@H](O)[C@H](O)COP(=O)([O-])[O-].O=O.O=O.O=O,[H][C@]12[C@H](O)OC=C(C(=O)[O-])[C@@]1([H])CC[C@@H]2C.CC1=C(C)C=C2C(=C1)/N=C1/C(=O)[N-]C(=O)N=C1N2C[C@H](O)[C@H](O)[C@H](O)COP(=O)([O-])[O-].CC1=C(C)C=C2C(=C1)/N=C1/C(=O)[N-]C(=O)N=C1N2C[C@H](O)[C@H](O)[C@H](O)COP(=O)([O-])[O-].CC1=C(C)C=C2C(=C1)/N=C1/C(=O)[N-]C(=O)N=C1N2C[C@H](O)[C@H](O)[C@H](O)COP(=O)([O-])[O-].[H]O[H].[H]O[H].[H]O[H].[H]O[H].[H+].[H+].[H+].[H+]
DM8,CC(=O)N[C@H]1[C@@H](OP(=O)([O-])[O-])O[C@H](CO)[C@@H](O)[C@@H]1O//CC(=O)N[C@H]1C(O)O[C@H](CO)[C@@H](O)[C@@H]1O,CC(=O)N[C@H]1[C@H](O[C@H]2[C@H](O)[C@@H](NC(C)=O)C(O)O[C@@H]2CO)O[C@H](CO)[C@@H](O)[C@@H]1O//O=P([O-])([O-])O,CC(=O)N[C@H]1[C@@H](OP(=O)([O-])[O-])O[C@H](CO)[C@@H](O)[C@@H]1O.CC(=O)N[C@H]1C(O)O[C@H](CO)[C@@H](O)[C@@H]1O,CC(=O)N[C@H]1[C@H](O[C@H]2[C@H](O)[C@@H](NC(C)=O)C(O)O[C@@H]2CO)O[C@H](CO)[C@@H](O)[C@@H]1O.O=P([O-])([O-])O
DM9,CC/C=C\C[C@@H]1C(=O)C=C[C@@H]1CCCCCCCC(=O)[O-],[H]C(/C=C\CCCCCCCC(=O)[O-])=C1O[C@H]1C/C=C\CC,CC/C=C\C[C@@H]1C(=O)C=C[C@@H]1CCCCCCCC(=O)[O-],[H]C(/C=C\CCCCCCCC(=O)[O-])=C1O[C@H]1C/C=C\CC
DM10,CC(C)=CCC/C(C)=C/CC/C(C)=C/CC/C(C)=C\CC/C(C)=C\CC/C(C)=C\CC/C(C)=C\CC/C(C)=C\CC/C(C)=C\CC/C(C)=C\CC/C(C)=C\COP(=O)([O-])[O-]//O=C1C=CN([C@@H]2O[C@H](COP(=O)([O-])OP(=O)([O-])O[C@H]3O[C@H](CO)[C@@H](O)[C@H](O)[C@H]3O)[C@@H](O)[C@H]2O)C(=O)N1,CC(C)=CCC/C(C)=C/CC/C(C)=C/CC/C(C)=C\CC/C(C)=C\CC/C(C)=C\CC/C(C)=C\CC/C(C)=C\CC/C(C)=C\CC/C(C)=C\CC/C(C)=C\COP(=O)([O-])OP(=O)([O-])O[C@H]1O[C@H](CO)[C@@H](O)[C@H](O)[C@H]1O//O=C1C=CN([C@@H]2O[C@H](COP(=O)([O-])[O-])[C@@H](O)[C@H]2O)C(=O)N1,CC(C)=CCC/C(C)=C/CC/C(C)=C/CC/C(C)=C\CC/C(C)=C\CC/C(C)=C\CC/C(C)=C\CC/C(C)=C\CC/C(C)=C\CC/C(C)=C\CC/C(C)=C\COP(=O)([O-])[O-].O=C1C=CN([C@@H]2O[C@H](COP(=O)([O-])OP(=O)([O-])O[C@H]3O[C@H](CO)[C@@H](O)[C@H](O)[C@H]3O)[C@@H](O)[C@H]2O)C(=O)N1,CC(C)=CCC/C(C)=C/CC/C(C)=C/CC/C(C)=C\CC/C(C)=C\CC/C(C)=C\CC/C(C)=C\CC/C(C)=C\CC/C(C)=C\CC/C(C)=C\CC/C(C)=C\COP(=O)([O-])OP(=O)([O-])O[C@H]1O[C@H](CO)[C@@H](O)[C@H](O)[C@H]1O.O=C1C=CN([C@@H]2O[C@H](COP(=O)([O-])[O-])[C@@H](O)[C@H]2O)C(=O)N1
DM11,[NH3+]CCCC(=O)N[C@@H](CC1=CNC=N1)C(=O)[O-]//[H]O[H],[NH3+]CCCC(=O)[O-]//[NH3+][C@@H](CC1=CNC=N1)C(=O)[O-],[NH3+]CCCC(=O)N[C@@H](CC1=CNC=N1)C(=O)[O-].[H]O[H],[NH3+]CCCC(=O)[O-].[NH3+][C@@H](CC1=CNC=N1)C(=O)[O-]
DM12,C[S+](C)CCC(=O)[O-],C=CC(=O)[O-]//CSC//[H+],C[S+](C)CCC(=O)[O-],C=CC(=O)[O-].CSC.[H+]
DM13,CC(C)=CCC/C(C)=C/CC/C(C)=C/COP(=O)([O-])OP(=O)([O-])[O-],[H][C@@]12CCC(C)=C[C@]1([H])[C@H](C(C)C)CC=C2C//O=P([O-])([O-])OP(=O)([O-])O,CC(C)=CCC/C(C)=C/CC/C(C)=C/COP(=O)([O-])OP(=O)([O-])[O-],[H][C@@]12CCC(C)=C[C@]1([H])[C@H](C(C)C)CC=C2C.O=P([O-])([O-])OP(=O)([O-])O
DM14,COC1=CC=C(/C=C2/C(=O)NC3=C(C=CC=C3)C(=O)N2C)C=C1//O=C([O-])CCC(=O)[O-]//O=C=O//[H]O[H],COC1=CC=C(C[C@H]2C(=O)NC3=C(C=CC=C3)C(=O)N2C)C=C1//O=C([O-])CCC(=O)C(=O)[O-]//O=O,COC1=CC=C(/C=C2/C(=O)NC3=C(C=CC=C3)C(=O)N2C)C=C1.O=C([O-])CCC(=O)[O-].O=C=O.[H]O[H],COC1=CC=C(C[C@H]2C(=O)NC3=C(C=CC=C3)C(=O)N2C)C=C1.O=C([O-])CCC(=O)C(=O)[O-].O=O
DM15,O=P([O-])([O-])OC[C@H]1OC(O)C[C@@H](O)[C@@H]1O//[H]O[H],OC[C@H]1OC(O)C[C@@H](O)[C@@H]1O//O=P([O-])([O-])O,O=P([O-])([O-])OC[C@H]1OC(O)C[C@@H](O)[C@@H]1O.[H]O[H],OC[C@H]1OC(O)C[C@@H](O)[C@@H]1O.O=P([O-])([O-])O
DM16,C=CC1=C(C)/C2=C/C3=C(C=C)C(C)=C4/C=C5/C(C)=C(CCC(=O)[O-])C6=[N+]5[Fe-2]5(N43)N3C(=C6)C(CCC(=O)[O-])=C(C)/C3=C/C1=[N+]25//NC1=NC=NC2=C1N=CN2[C@@H]1O[C@H](COP(=O)([O-])OP(=O)([O-])OP(=O)([O-])[O-])[C@@H](O)[C@H]1O//[H]O[H],C=CC1=C(C)/C2=C/C3=C(C=C)C(C)=C4/C=C5/C(C)=C(CCC(=O)[O-])C6=[N+]5[Fe-2]5(N43)N3C(=C6)C(CCC(=O)[O-])=C(C)/C3=C/C1=[N+]25//NC1=NC=NC2=C1N=CN2[C@@H]1O[C@H](COP(=O)([O-])OP(=O)([O-])[O-])[C@@H](O)[C@H]1O//O=P([O-])([O-])O//[H+],C=CC1=C(C)/C2=C/C3=C(C=C)C(C)=C4/C=C5/C(C)=C(CCC(=O)[O-])C6=[N+]5[Fe-2]5(N43)N3C(=C6)C(CCC(=O)[O-])=C(C)/C3=C/C1=[N+]25.NC1=NC=NC2=C1N=CN2[C@@H]1O[C@H](COP(=O)([O-])OP(=O)([O-])OP(=O)([O-])[O-])[C@@H](O)[C@H]1O.[H]O[H],C=CC1=C(C)/C2=C/C3=C(C=C)C(C)=C4/C=C5/C(C)=C(CCC(=O)[O-])C6=[N+]5[Fe-2]5(N43)N3C(=C6)C(CCC(=O)[O-])=C(C)/C3=C/C1=[N+]25.NC1=NC=NC2=C1N=CN2[C@@H]1O[C@H](COP(=O)([O-])OP(=O)([O-])[O-])[C@@H](O)[C@H]1O.O=P([O-])([O-])O.[H+]
DM17,CC1=CN([C@H]2C[C@H](O)[C@@H](COP(=O)([O-])OP(=O)([O-])O[C@@H]3C[C@@](C)(O)[C@@H](O)[C@H](C)O3)O2)C(=O)NC1=O//CC[C@H]1OC(=O)[C@H](C)[C@@H](O)[C@H](C)[C@@H](O)[C@](C)(O)C[C@@H](C)C(=O)[C@H](C)[C@@H](O)[C@H]1C,CC[C@H]1OC(=O)[C@H](C)[C@@H](O[C@H]2C[C@@](C)(O)[C@@H](O)[C@H](C)O2)[C@H](C)[C@@H](O)[C@](C)(O)C[C@@H](C)C(=O)[C@H](C)[C@@H](O)[C@H]1C//CC1=CN([C@H]2C[C@H](O)[C@@H](COP(=O)([O-])OP(=O)([O-])[O-])O2)C(=O)NC1=O//[H+],CC1=CN([C@H]2C[C@H](O)[C@@H](COP(=O)([O-])OP(=O)([O-])O[C@@H]3C[C@@](C)(O)[C@@H](O)[C@H](C)O3)O2)C(=O)NC1=O.CC[C@H]1OC(=O)[C@H](C)[C@@H](O)[C@H](C)[C@@H](O)[C@](C)(O)C[C@@H](C)C(=O)[C@H](C)[C@@H](O)[C@H]1C,CC[C@H]1OC(=O)[C@H](C)[C@@H](O[C@H]2C[C@@](C)(O)[C@@H](O)[C@H](C)O2)[C@H](C)[C@@H](O)[C@](C)(O)C[C@@H](C)C(=O)[C@H](C)[C@@H](O)[C@H]1C.CC1=CN([C@H]2C[C@H](O)[C@@H](COP(=O)([O-])OP(=O)([O-])[O-])O2)C(=O)NC1=O.[H+]
DM18,*N[C@@H](COP(=O)([O-])[O-])C(*)=O//NC1=NC=NC2=C1N=CN2[C@@H]1O[C@H](COP(=O)([O-])OP(=O)([O-])[O-])[C@@H](O)[C@H]1O//[H+],*N[C@@H](CO)C(*)=O//NC1=NC=NC2=C1N=CN2[C@@H]1O[C@H](COP(=O)([O-])OP(=O)([O-])OP(=O)([O-])[O-])[C@@H](O)[C@H]1O,*N[C@@H](COP(=O)([O-])[O-])C(*)=O.NC1=NC=NC2=C1N=CN2[C@@H]1O[C@H](COP(=O)([O-])OP(=O)([O-])[O-])[C@@H](O)[C@H]1O.[H+],*N[C@@H](CO)C(*)=O.NC1=NC=NC2=C1N=CN2[C@@H]1O[C@H](COP(=O)([O-])OP(=O)([O-])OP(=O)([O-])[O-])[C@@H](O)[C@H]1O
DM19,CC(=O)OCC(O)C#CC1=CC=C(C2=CC=CS2)S1//CC(=O)[O-]//[H+],CC(=O)OCC(C#CC1=CC=C(C2=CC=CS2)S1)OC(C)=O//[H]O[H],CC(=O)OCC(O)C#CC1=CC=C(C2=CC=CS2)S1.CC(=O)[O-].[H+],CC(=O)OCC(C#CC1=CC=C(C2=CC=CS2)S1)OC(C)=O.[H]O[H]
DM20,COC1=CC=C(/C=C2/C(=O)NC3=C(C=CC=C3)C(=O)N2C)C=C1//O=C([O-])CCC(=O)C(=O)[O-]//O=O,COC1=CC=C([C@H]2O[C@]23C(=O)NC2=CC=CC=C2C(=O)N3C)C=C1//O=C([O-])CCC(=O)[O-]//O=C=O,COC1=CC=C(/C=C2/C(=O)NC3=C(C=CC=C3)C(=O)N2C)C=C1.O=C([O-])CCC(=O)C(=O)[O-].O=O,COC1=CC=C([C@H]2O[C@]23C(=O)NC2=CC=CC=C2C(=O)N3C)C=C1.O=C([O-])CCC(=O)[O-].O=C=O
DM21,CC/C=C\C[C@@H]1C(=O)C=C[C@@H]1CCCCCCCC(=O)[O-]//NC(=O)C1=CN([C@@H]2O[C@H](COP(=O)([O-])OP(=O)([O-])OC[C@H]3O[C@@H](N4C=NC5=C4N=CN=C5N)[C@H](OP(=O)([O-])[O-])[C@@H]3O)[C@@H](O)[C@H]2O)C=CC1//[H+],CC/C=C\C[C@@H]1C(=O)CC[C@@H]1CCCCCCCC(=O)[O-]//NC(=O)C1=CC=C[N+]([C@@H]2O[C@H](COP(=O)([O-])OP(=O)([O-])OC[C@H]3O[C@@H](N4C=NC5=C4N=CN=C5N)[C@H](OP(=O)([O-])[O-])[C@@H]3O)[C@@H](O)[C@H]2O)=C1,CC/C=C\C[C@@H]1C(=O)C=C[C@@H]1CCCCCCCC(=O)[O-].NC(=O)C1=CN([C@@H]2O[C@H](COP(=O)([O-])OP(=O)([O-])OC[C@H]3O[C@@H](N4C=NC5=C4N=CN=C5N)[C@H](OP(=O)([O-])[O-])[C@@H]3O)[C@@H](O)[C@H]2O)C=CC1.[H+],CC/C=C\C[C@@H]1C(=O)CC[C@@H]1CCCCCCCC(=O)[O-].NC(=O)C1=CC=C[N+]([C@@H]2O[C@H](COP(=O)([O-])OP(=O)([O-])OC[C@H]3O[C@@H](N4C=NC5=C4N=CN=C5N)[C@H](OP(=O)([O-])[O-])[C@@H]3O)[C@@H](O)[C@H]2O)=C1
DM22,COC1=CC2=C(C=C1O)C(CC1=CC=C(O)C=C1)[NH2+]CC2//NC1=NC=NC2=C1N=CN2[C@@H]1O[C@H](CSCC[C@H]([NH3+])C(=O)[O-])[C@@H](O)[C@H]1O//[H+],OC1=CC=C(CC2[NH2+]CCC3=C2C=C(O)C(O)=C3)C=C1//C[S+](CC[C@H]([NH3+])C(=O)[O-])C[C@H]1O[C@@H](N2C=NC3=C2N=CN=C3N)[C@H](O)[C@@H]1O,COC1=CC2=C(C=C1O)C(CC1=CC=C(O)C=C1)[NH2+]CC2.NC1=NC=NC2=C1N=CN2[C@@H]1O[C@H](CSCC[C@H]([NH3+])C(=O)[O-])[C@@H](O)[C@H]1O.[H+],OC1=CC=C(CC2[NH2+]CCC3=C2C=C(O)C(O)=C3)C=C1.C[S+](CC[C@H]([NH3+])C(=O)[O-])C[C@H]1O[C@@H](N2C=NC3=C2N=CN=C3N)[C@H](O)[C@@H]1O
DM23,CCC(C)C(=O)C1=C([O-])C(CC=C(C)C)=C(O)C(CC=C(C)C)(CC=C(C)C)C1=O//O=P([O-])([O-])OP(=O)([O-])O//[H+],CCC(C)C(=O)C1=C(O)C(CC=C(C)C)=C(O)C(CC=C(C)C)=C1O//CC(C)=CCOP(=O)([O-])OP(=O)([O-])[O-],CCC(C)C(=O)C1=C([O-])C(CC=C(C)C)=C(O)C(CC=C(C)C)(CC=C(C)C)C1=O.O=P([O-])([O-])OP(=O)([O-])O.[H+],CCC(C)C(=O)C1=C(O)C(CC=C(C)C)=C(O)C(CC=C(C)C)=C1O.CC(C)=CCOP(=O)([O-])OP(=O)([O-])[O-]
DM24,[H]C(=O)C(=O)[O-]//C[C@H]([NH3+])C(=O)[O-],[NH3+]CC(=O)[O-]//CC(=O)C(=O)[O-],[H]C(=O)C(=O)[O-].C[C@H]([NH3+])C(=O)[O-],[NH3+]CC(=O)[O-].CC(=O)C(=O)[O-]
DM25,CSC[C@H]1O[C@H](OP(=O)([O-])[O-])[C@H](O)[C@@H]1O,CSC[C@@H](O)[C@@H](O)C(=O)COP(=O)([O-])[O-],CSC[C@H]1O[C@H](OP(=O)([O-])[O-])[C@H](O)[C@@H]1O,CSC[C@@H](O)[C@@H](O)C(=O)COP(=O)([O-])[O-]
DM26,[H]C(=O)C1=CC(COP(=O)([O-])[O-])=CO1//C[C@H]([NH3+])C(=O)[O-],[NH3+]CC1=CC(COP(=O)([O-])[O-])=CO1//CC(=O)C(=O)[O-],[H]C(=O)C1=CC(COP(=O)([O-])[O-])=CO1.C[C@H]([NH3+])C(=O)[O-],[NH3+]CC1=CC(COP(=O)([O-])[O-])=CO1.CC(=O)C(=O)[O-]
DM27,[NH3+]CC1=C(CC(=O)[O-])C(CCC(=O)[O-])=CN1//[H]O[H]//[H]O[H]//[H+],[NH3+]CC(=O)CCC(=O)[O-]//[NH3+]CC(=O)CCC(=O)[O-],[NH3+]CC1=C(CC(=O)[O-])C(CCC(=O)[O-])=CN1.[H]O[H].[H]O[H].[H+],[NH3+]CC(=O)CCC(=O)[O-].[NH3+]CC(=O)CCC(=O)[O-]
DM28,CC(=O)N[C@@H]1[C@H](O[C@H]2[C@H](O)[C@@H](NC(C)=O)[C@@H](OP(=O)([O-])OP(=O)([O-])OC/C=C(/C)CC/C=C(/C)CC/C=C(/C)CC/C=C(/C)CC/C=C(/C)CC/C=C(/C)CC/C=C(/C)CC/C=C(/C)CC/C=C(\C)CC/C=C(\C)CCC=C(C)C)O[C@@H]2CO)O[C@H](CO)[C@@H](O)[C@@H]1O//O=C1C=CN([C@@H]2O[C@H](COP(=O)([O-])OP(=O)([O-])[O-])[C@@H](O)[C@H]2O)C(=O)N1//[H+],CC(=O)N[C@@H]1[C@@H](OP(=O)([O-])OP(=O)([O-])OC[C@H]2O[C@@H](N3C=CC(=O)NC3=O)[C@H](O)[C@@H]2O)O[C@H](CO)[C@@H](O)[C@@H]1O//CC(=O)N[C@H]1[C@@H](OP(=O)([O-])OP(=O)([O-])OC/C=C(/C)CC/C=C(/C)CC/C=C(/C)CC/C=C(/C)CC/C=C(/C)CC/C=C(/C)CC/C=C(/C)CC/C=C(/C)CC/C=C(\C)CC/C=C(\C)CCC=C(C)C)O[C@H](CO)[C@@H](O)[C@@H]1O,CC(=O)N[C@@H]1[C@H](O[C@H]2[C@H](O)[C@@H](NC(C)=O)[C@@H](OP(=O)([O-])OP(=O)([O-])OC/C=C(/C)CC/C=C(/C)CC/C=C(/C)CC/C=C(/C)CC/C=C(/C)CC/C=C(/C)CC/C=C(/C)CC/C=C(/C)CC/C=C(\C)CC/C=C(\C)CCC=C(C)C)O[C@@H]2CO)O[C@H](CO)[C@@H](O)[C@@H]1O.O=C1C=CN([C@@H]2O[C@H](COP(=O)([O-])OP(=O)([O-])[O-])[C@@H](O)[C@H]2O)C(=O)N1.[H+],CC(=O)N[C@@H]1[C@@H](OP(=O)([O-])OP(=O)([O-])OC[C@H]2O[C@@H](N3C=CC(=O)NC3=O)[C@H](O)[C@@H]2O)O[C@H](CO)[C@@H](O)[C@@H]1O.CC(=O)N[C@H]1[C@@H](OP(=O)([O-])OP(=O)([O-])OC/C=C(/C)CC/C=C(/C)CC/C=C(/C)CC/C=C(/C)CC/C=C(/C)CC/C=C(/C)CC/C=C(/C)CC/C=C(/C)CC/C=C(\C)CC/C=C(\C)CCC=C(C)C)O[C@H](CO)[C@@H](O)[C@@H]1O
DM29,O=C1C=C(C2=CC(O)=C(O)C=C2)OC2=C1C(O)=C([C@@H]1O[C@H](CO)[C@@H](O)[C@H](O)[C@H]1O)C([O-])=C2//O=O,O=C1C=C(C2=CC(O)=C(O)C=C2)OC2=C1C(O)=C([C@@H]1O[C@H](CO)[C@@H](O)C(=O)[C@H]1O)C([O-])=C2//[H]OO[H],O=C1C=C(C2=CC(O)=C(O)C=C2)OC2=C1C(O)=C([C@@H]1O[C@H](CO)[C@@H](O)[C@H](O)[C@H]1O)C([O-])=C2.O=O,O=C1C=C(C2=CC(O)=C(O)C=C2)OC2=C1C(O)=C([C@@H]1O[C@H](CO)[C@@H](O)C(=O)[C@H]1O)C([O-])=C2.[H]OO[H]
DM30,*C(=O)N[C@@H](CO[C@@H]1O[C@H](CO)[C@@H](O)[C@H](O)[C@H]1O)[C@H](O)/C=C/CCCCCCCCCCCCC//[H]O[H],[1*]C(=O)N[C@@H](CO)[C@H](O)/C=C/CCCCCCCCCCCCC//OC[C@H]1OC(O)[C@H](O)[C@@H](O)[C@@H]1O,*C(=O)N[C@@H](CO[C@@H]1O[C@H](CO)[C@@H](O)[C@H](O)[C@H]1O)[C@H](O)/C=C/CCCCCCCCCCCCC.[H]O[H],[1*]C(=O)N[C@@H](CO)[C@H](O)/C=C/CCCCCCCCCCCCC.OC[C@H]1OC(O)[C@H](O)[C@@H](O)[C@@H]1O
DM31,O=C1NC=C([C@@H]2O[C@H](COP(=O)([O-])[O-])[C@@H](O)[C@H]2O)C(=O)N1//[H]O[H],O=P([O-])([O-])OC[C@H]1OC(O)[C@H](O)[C@@H]1O//O=C1C=CNC(=O)N1,O=C1NC=C([C@@H]2O[C@H](COP(=O)([O-])[O-])[C@@H](O)[C@H]2O)C(=O)N1.[H]O[H],O=P([O-])([O-])OC[C@H]1OC(O)[C@H](O)[C@@H]1O.O=C1C=CNC(=O)N1
DM32,NC1=NC2=C(/N=C\N2[C@@H]2O[C@H](COP(=O)([O-])OP(=O)([O-])OC3O[C@H](CO)[C@@H](O)[C@H](O)[C@H]3O)[C@@H](O)[C@H]2O)C(=O)N1//O=P([O-])([O-])OP(=O)([O-])O,O=P([O-])([O-])O[C@H]1O[C@H](CO)[C@@H](O)[C@H](O)[C@H]1O//NC1=NC2=C(N=CN2[C@@H]2O[C@H](COP(=O)([O-])OP(=O)([O-])OP(=O)([O-])[O-])[C@@H](O)[C@H]2O)C(=O)N1//[H+],NC1=NC2=C(/N=C\N2[C@@H]2O[C@H](COP(=O)([O-])OP(=O)([O-])OC3O[C@H](CO)[C@@H](O)[C@H](O)[C@H]3O)[C@@H](O)[C@H]2O)C(=O)N1.O=P([O-])([O-])OP(=O)([O-])O,O=P([O-])([O-])O[C@H]1O[C@H](CO)[C@@H](O)[C@H](O)[C@H]1O.NC1=NC2=C(N=CN2[C@@H]2O[C@H](COP(=O)([O-])OP(=O)([O-])OP(=O)([O-])[O-])[C@@H](O)[C@H]2O)C(=O)N1.[H+]
DM33,CC1=CN([C@H]2C[C@H](O)[C@@H](COP(=O)([O-])OP(=O)([O-])O[C@@H]3CCC(=O)[C@@H](C)O3)O2)C(=O)NC1=O//[NH3+][C@@H](CCC(=O)[O-])C(=O)[O-],CC1=CN([C@H]2C[C@H](O)[C@@H](COP(=O)([O-])OP(=O)([O-])O[C@@H]3CC[C@H]([NH3+])[C@@H](C)O3)O2)C(=O)NC1=O//O=C([O-])CCC(=O)C(=O)[O-],CC1=CN([C@H]2C[C@H](O)[C@@H](COP(=O)([O-])OP(=O)([O-])O[C@@H]3CCC(=O)[C@@H](C)O3)O2)C(=O)NC1=O.[NH3+][C@@H](CCC(=O)[O-])C(=O)[O-],CC1=CN([C@H]2C[C@H](O)[C@@H](COP(=O)([O-])OP(=O)([O-])O[C@@H]3CC[C@H]([NH3+])[C@@H](C)O3)O2)C(=O)NC1=O.O=C([O-])CCC(=O)C(=O)[O-]
DM34,CC(C)(COP(=O)([O-])OP(=O)([O-])OC[C@H]1O[C@@H](N2C=NC3=C2N=CN=C3N)[C@H](O)[C@@H]1OP(=O)([O-])[O-])[C@@H](O)C(=O)NCCC(=O)NCCSC(=O)CCC[N+](C)(C)C//C[N+](C)(C)C[C@H](O)CC(=O)[O-],CC(C)(COP(=O)([O-])OP(=O)([O-])OC[C@H]1O[C@@H](N2C=NC3=C2N=CN=C3N)[C@H](O)[C@@H]1OP(=O)([O-])[O-])[C@@H](O)C(=O)NCCC(=O)NCCSC(=O)C[C@@H](O)C[N+](C)(C)C//C[N+](C)(C)CCCC(=O)[O-],CC(C)(COP(=O)([O-])OP(=O)([O-])OC[C@H]1O[C@@H](N2C=NC3=C2N=CN=C3N)[C@H](O)[C@@H]1OP(=O)([O-])[O-])[C@@H](O)C(=O)NCCC(=O)NCCSC(=O)CCC[N+](C)(C)C.C[N+](C)(C)C[C@H](O)CC(=O)[O-],CC(C)(COP(=O)([O-])OP(=O)([O-])OC[C@H]1O[C@@H](N2C=NC3=C2N=CN=C3N)[C@H](O)[C@@H]1OP(=O)([O-])[O-])[C@@H](O)C(=O)NCCC(=O)NCCSC(=O)C[C@@H](O)C[N+](C)(C)C.C[N+](C)(C)CCCC(=O)[O-]
DM35,CC1=C2CC3=C(C)C(CCC(=O)[O-])=C(CC4=C(CCC(=O)[O-])C(C)=C(CC5=C(CCC(=O)[O-])C(C)=C(CC(=C1CCC(=O)[O-])N2)N5)N4)N3//O=O//[H+]//[H+],C=CC1=C2CC3=C(C)C(C=C)=C(CC4=C(C)C(CCC(=O)[O-])=C(CC5=C(CCC(=O)[O-])C(C)=C(CC(=C1C)N2)N5)N4)N3//O=C=O//O=C=O//[H]O[H]//[H]O[H],CC1=C2CC3=C(C)C(CCC(=O)[O-])=C(CC4=C(CCC(=O)[O-])C(C)=C(CC5=C(CCC(=O)[O-])C(C)=C(CC(=C1CCC(=O)[O-])N2)N5)N4)N3.O=O.[H+].[H+],C=CC1=C2CC3=C(C)C(C=C)=C(CC4=C(C)C(CCC(=O)[O-])=C(CC5=C(CCC(=O)[O-])C(C)=C(CC(=C1C)N2)N5)N4)N3.O=C=O.O=C=O.[H]O[H].[H]O[H]
DM36,[NH3+][C@@H](C(=O)N[C@H]1CN([C@@H](C(=O)[O-])C2=CC=C(O)C=C2)C1=O)C1=CC=C(OCC[C@@H]([NH3+])C(=O)[O-])C=C1,[NH3+][C@@H](C(=O)N[C@H]1CN([C@@H](C(=O)[O-])C2=CC=C(O)C=C2)C1=O)C1=CC=C(OCC[C@H]([NH3+])C(=O)[O-])C=C1,[NH3+][C@@H](C(=O)N[C@H]1CN([C@@H](C(=O)[O-])C2=CC=C(O)C=C2)C1=O)C1=CC=C(OCC[C@@H]([NH3+])C(=O)[O-])C=C1,[NH3+][C@@H](C(=O)N[C@H]1CN([C@@H](C(=O)[O-])C2=CC=C(O)C=C2)C1=O)C1=CC=C(OCC[C@H]([NH3+])C(=O)[O-])C=C1
DM37,C=C(OP(=O)([O-])[O-])C(=O)[O-]//O=C1C=CN([C@@H]2O[C@H](COP(=O)([O-])OP(=O)([O-])[O-])[C@@H](O)[C@H]2O)C(=O)N1//[H+],O=C1C=CN([C@@H]2O[C@H](COP(=O)([O-])OP(=O)([O-])OP(=O)([O-])[O-])[C@@H](O)[C@H]2O)C(=O)N1//CC(=O)C(=O)[O-],C=C(OP(=O)([O-])[O-])C(=O)[O-].O=C1C=CN([C@@H]2O[C@H](COP(=O)([O-])OP(=O)([O-])[O-])[C@@H](O)[C@H]2O)C(=O)N1.[H+],O=C1C=CN([C@@H]2O[C@H](COP(=O)([O-])OP(=O)([O-])OP(=O)([O-])[O-])[C@@H](O)[C@H]2O)C(=O)N1.CC(=O)C(=O)[O-]
DM38,[NH3+]CC(=O)CCC(=O)[O-],[H]C(=O)[C@@H]([NH3+])CCC(=O)[O-],[NH3+]CC(=O)CCC(=O)[O-],[H]C(=O)[C@@H]([NH3+])CCC(=O)[O-]
DM39,O=C([O-])C1=N[C@H](C(=O)[O-])CCC1//CC(=O)SCCNC(=O)CCNC(=O)[C@H](O)C(C)(C)COP(=O)([O-])OP(=O)([O-])OC[C@H]1O[C@@H](N2C=NC3=C2N=CN=C3N)[C@H](O)[C@@H]1OP(=O)([O-])[O-]//[H]O[H],CC(=O)N[C@@H](CCCC(=O)C(=O)[O-])C(=O)[O-]//CC(C)(COP(=O)([O-])OP(=O)([O-])OC[C@H]1O[C@@H](N2C=NC3=C2N=CN=C3N)[C@H](O)[C@@H]1OP(=O)([O-])[O-])[C@@H](O)C(=O)NCCC(=O)NCCS,O=C([O-])C1=N[C@H](C(=O)[O-])CCC1.CC(=O)SCCNC(=O)CCNC(=O)[C@H](O)C(C)(C)COP(=O)([O-])OP(=O)([O-])OC[C@H]1O[C@@H](N2C=NC3=C2N=CN=C3N)[C@H](O)[C@@H]1OP(=O)([O-])[O-].[H]O[H],CC(=O)N[C@@H](CCCC(=O)C(=O)[O-])C(=O)[O-].CC(C)(COP(=O)([O-])OP(=O)([O-])OC[C@H]1O[C@@H](N2C=NC3=C2N=CN=C3N)[C@H](O)[C@@H]1OP(=O)([O-])[O-])[C@@H](O)C(=O)NCCC(=O)NCCS
DM40,*O[C@H]1[C@@H](O)[C@H](N2C=NC3C(=O)N=CN=C32)O[C@@H]1COP(*)(=O)[O-]//[H][N+]([H])([H])[H],*O[C@H]1[C@@H](O)[C@H](N2C=NC3=C2N=CN=C3N)O[C@@H]1COP(*)(=O)[O-]//[H]O[H]//[H+],*O[C@H]1[C@@H](O)[C@H](N2C=NC3C(=O)N=CN=C32)O[C@@H]1COP(*)(=O)[O-].[H][N+]([H])([H])[H],*O[C@H]1[C@@H](O)[C@H](N2C=NC3=C2N=CN=C3N)O[C@@H]1COP(*)(=O)[O-].[H]O[H].[H+]
DM41,CC(C)=CCC/C(C)=C/CC/C(C)=C/COP(=O)([O-])OP(=O)([O-])[O-]//[H]O[H],[H][C@@]12C[C@H](C(C)(C)O)CC[C@@]1(C)CCC=C2C//O=P([O-])([O-])OP(=O)([O-])O,CC(C)=CCC/C(C)=C/CC/C(C)=C/COP(=O)([O-])OP(=O)([O-])[O-].[H]O[H],[H][C@@]12C[C@H](C(C)(C)O)CC[C@@]1(C)CCC=C2C.O=P([O-])([O-])OP(=O)([O-])O
DM42,*C[C@H](C)CCC[C@H](C)CCC[C@H](C)CCC[C@H](C)CCC[C@H](C)CCCSCCNC(=O)CCNC(=O)[C@H](O)C(C)(C)COP(=O)([O-])OP(=O)([O-])OC[C@H]1O[C@@H](N2C=NC3=C2N=CN=C3N)[C@H](O)[C@@H]1OP(=O)([O-])[O-]//O=C=O//O=C=O//O=C=O//O=C=O//O=C=O//O=C=O//O=C=O//O=C=O//O=C=O//O=C=O//NC(=O)C1=CC=C[N+]([C@@H]2O[C@H](COP(=O)([O-])OP(=O)([O-])OC[C@H]3O[C@@H](N4C=NC5=C4N=CN=C5N)[C@H](OP(=O)([O-])[O-])[C@@H]3O)[C@@H](O)[C@H]2O)=C1//NC(=O)C1=CC=C[N+]([C@@H]2O[C@H](COP(=O)([O-])OP(=O)([O-])OC[C@H]3O[C@@H](N4C=NC5=C4N=CN=C5N)[C@H](OP(=O)([O-])[O-])[C@@H]3O)[C@@H](O)[C@H]2O)=C1//NC(=O)C1=CC=C[N+]([C@@H]2O[C@H](COP(=O)([O-])OP(=O)([O-])OC[C@H]3O[C@@H](N4C=NC5=C4N=CN=C5N)[C@H](OP(=O)([O-])[O-])[C@@H]3O)[C@@H](O)[C@H]2O)=C1//NC(=O)C1=CC=C[N+]([C@@H]2O[C@H](COP(=O)([O-])OP(=O)([O-])OC[C@H]3O[C@@H](N4C=NC5=C4N=CN=C5N)[C@H](OP(=O)([O-])[O-])[C@@H]3O)[C@@H](O)[C@H]2O)=C1//NC(=O)C1=CC=C[N+]([C@@H]2O[C@H](COP(=O)([O-])OP(=O)([O-])OC[C@H]3O[C@@H](N4C=NC5=C4N=CN=C5N)[C@H](OP(=O)([O-])[O-])[C@@H]3O)[C@@H](O)[C@H]2O)=C1//NC(=O)C1=CC=C[N+]([C@@H]2O[C@H](COP(=O)([O-])OP(=O)([O-])OC[C@H]3O[C@@H](N4C=NC5=C4N=CN=C5N)[C@H](OP(=O)([O-])[O-])[C@@H]3O)[C@@H](O)[C@H]2O)=C1//NC(=O)C1=CC=C[N+]([C@@H]2O[C@H](COP(=O)([O-])OP(=O)([O-])OC[C@H]3O[C@@H](N4C=NC5=C4N=CN=C5N)[C@H](OP(=O)([O-])[O-])[C@@H]3O)[C@@H](O)[C@H]2O)=C1//NC(=O)C1=CC=C[N+]([C@@H]2O[C@H](COP(=O)([O-])OP(=O)([O-])OC[C@H]3O[C@@H](N4C=NC5=C4N=CN=C5N)[C@H](OP(=O)([O-])[O-])[C@@H]3O)[C@@H](O)[C@H]2O)=C1//NC(=O)C1=CC=C[N+]([C@@H]2O[C@H](COP(=O)([O-])OP(=O)([O-])OC[C@H]3O[C@@H](N4C=NC5=C4N=CN=C5N)[C@H](OP(=O)([O-])[O-])[C@@H]3O)[C@@H](O)[C@H]2O)=C1//NC(=O)C1=CC=C[N+]([C@@H]2O[C@H](COP(=O)([O-])OP(=O)([O-])OC[C@H]3O[C@@H](N4C=NC5=C4N=CN=C5N)[C@H](OP(=O)([O-])[O-])[C@@H]3O)[C@@H](O)[C@H]2O)=C1//NC(=O)C1=CC=C[N+]([C@@H]2O[C@H](COP(=O)([O-])OP(=O)([O-])OC[C@H]3O[C@@H](N4C=NC5=C4N=CN=C5N)[C@H](OP(=O)([O-])[O-])[C@@H]3O)[C@@H](O)[C@H]2O)=C1//NC(=O)C1=CC=C[N+]([C@@H]2O[C@H](COP(=O)([O-])OP(=O)([O-])OC[C@H]3O[C@@H](N4C=NC5=C4N=CN=C5N)[C@H](OP(=O)([O-])[O-])[C@@H]3O)[C@@H](O)[C@H]2O)=C1//NC(=O)C1=CC=C[N+]([C@@H]2O[C@H](COP(=O)([O-])OP(=O)([O-])OC[C@H]3O[C@@H](N4C=NC5=C4N=CN=C5N)[C@H](OP(=O)([O-])[O-])[C@@H]3O)[C@@H](O)[C@H]2O)=C1//NC(=O)C1=CC=C[N+]([C@@H]2O[C@H](COP(=O)([O-])OP(=O)([O-])OC[C@H]3O[C@@H](N4C=NC5=C4N=CN=C5N)[C@H](OP(=O)([O-])[O-])[C@@H]3O)[C@@H](O)[C@H]2O)=C1//NC(=O)C1=CC=C[N+]([C@@H]2O[C@H](COP(=O)([O-])OP(=O)([O-])OC[C@H]3O[C@@H](N4C=NC5=C4N=CN=C5N)[C@H](OP(=O)([O-])[O-])[C@@H]3O)[C@@H](O)[C@H]2O)=C1//NC(=O)C1=CC=C[N+]([C@@H]2O[C@H](COP(=O)([O-])OP(=O)([O-])OC[C@H]3O[C@@H](N4C=NC5=C4N=CN=C5N)[C@H](OP(=O)([O-])[O-])[C@@H]3O)[C@@H](O)[C@H]2O)=C1//NC(=O)C1=CC=C[N+]([C@@H]2O[C@H](COP(=O)([O-])OP(=O)([O-])OC[C@H]3O[C@@H](N4C=NC5=C4N=CN=C5N)[C@H](OP(=O)([O-])[O-])[C@@H]3O)[C@@H](O)[C@H]2O)=C1//NC(=O)C1=CC=C[N+]([C@@H]2O[C@H](COP(=O)([O-])OP(=O)([O-])OC[C@H]3O[C@@H](N4C=NC5=C4N=CN=C5N)[C@H](OP(=O)([O-])[O-])[C@@H]3O)[C@@H](O)[C@H]2O)=C1//NC(=O)C1=CC=C[N+]([C@@H]2O[C@H](COP(=O)([O-])OP(=O)([O-])OC[C@H]3O[C@@H](N4C=NC5=C4N=CN=C5N)[C@H](OP(=O)([O-])[O-])[C@@H]3O)[C@@H](O)[C@H]2O)=C1//NC(=O)C1=CC=C[N+]([C@@H]2O[C@H](COP(=O)([O-])OP(=O)([O-])OC[C@H]3O[C@@H](N4C=NC5=C4N=CN=C5N)[C@H](OP(=O)([O-])[O-])[C@@H]3O)[C@@H](O)[C@H]2O)=C1//NC(=O)C1=CC=C[N+]([C@@H]2O[C@H](COP(=O)([O-])OP(=O)([O-])OC[C@H]3O[C@@H](N4C=NC5=C4N=CN=C5N)[C@H](OP(=O)([O-])[O-])[C@@H]3O)[C@@H](O)[C@H]2O)=C1//NC(=O)C1=CC=C[N+]([C@@H]2O[C@H](COP(=O)([O-])OP(=O)([O-])OC[C@H]3O[C@@H](N4C=NC5=C4N=CN=C5N)[C@H](OP(=O)([O-])[O-])[C@@H]3O)[C@@H](O)[C@H]2O)=C1//CC(C)(COP(=O)([O-])OP(=O)([O-])OC[C@H]1O[C@@H](N2C=NC3=C2N=CN=C3N)[C@H](O)[C@@H]1OP(=O)([O-])[O-])[C@@H](O)C(=O)NCCC(=O)NCCS//CC(C)(COP(=O)([O-])OP(=O)([O-])OC[C@H]1O[C@@H](N2C=NC3=C2N=CN=C3N)[C@H](O)[C@@H]1OP(=O)([O-])[O-])[C@@H](O)C(=O)NCCC(=O)NCCS//CC(C)(COP(=O)([O-])OP(=O)([O-])OC[C@H]1O[C@@H](N2C=NC3=C2N=CN=C3N)[C@H](O)[C@@H]1OP(=O)([O-])[O-])[C@@H](O)C(=O)NCCC(=O)NCCS//CC(C)(COP(=O)([O-])OP(=O)([O-])OC[C@H]1O[C@@H](N2C=NC3=C2N=CN=C3N)[C@H](O)[C@@H]1OP(=O)([O-])[O-])[C@@H](O)C(=O)NCCC(=O)NCCS//CC(C)(COP(=O)([O-])OP(=O)([O-])OC[C@H]1O[C@@H](N2C=NC3=C2N=CN=C3N)[C@H](O)[C@@H]1OP(=O)([O-])[O-])[C@@H](O)C(=O)NCCC(=O)NCCS//CC(C)(COP(=O)([O-])OP(=O)([O-])OC[C@H]1O[C@@H](N2C=NC3=C2N=CN=C3N)[C@H](O)[C@@H]1OP(=O)([O-])[O-])[C@@H](O)C(=O)NCCC(=O)NCCS//CC(C)(COP(=O)([O-])OP(=O)([O-])OC[C@H]1O[C@@H](N2C=NC3=C2N=CN=C3N)[C@H](O)[C@@H]1OP(=O)([O-])[O-])[C@@H](O)C(=O)NCCC(=O)NCCS//CC(C)(COP(=O)([O-])OP(=O)([O-])OC[C@H]1O[C@@H](N2C=NC3=C2N=CN=C3N)[C@H](O)[C@@H]1OP(=O)([O-])[O-])[C@@H](O)C(=O)NCCC(=O)NCCS//CC(C)(COP(=O)([O-])OP(=O)([O-])OC[C@H]1O[C@@H](N2C=NC3=C2N=CN=C3N)[C@H](O)[C@@H]1OP(=O)([O-])[O-])[C@@H](O)C(=O)NCCC(=O)NCCS//CC(C)(COP(=O)([O-])OP(=O)([O-])OC[C@H]1O[C@@H](N2C=NC3=C2N=CN=C3N)[C@H](O)[C@@H]1OP(=O)([O-])[O-])[C@@H](O)C(=O)NCCC(=O)NCCS//[H]O[H]//[H]O[H]//[H]O[H]//[H]O[H]//[H]O[H]//[H]O[H]//[H]O[H]//[H]O[H]//[H]O[H]//[H]O[H]//[H]O[H],*C(=O)SCCNC(=O)CCNC(=O)[C@H](O)C(C)(C)COP(=O)([O-])OP(=O)([O-])OC[C@H]1O[C@@H](N2C=NC3=C2N=CN=C3N)[C@H](O)[C@@H]1OP(=O)([O-])[O-]//C[C@@H](C(=O)[O-])C(=O)SCCNC(=O)CCNC(=O)[C@H](O)C(C)(C)COP(=O)([O-])OP(=O)([O-])OC[C@H]1O[C@@H](N2C=NC3=C2N=CN=C3N)[C@H](O)[C@@H]1OP(=O)([O-])[O-]//C[C@@H](C(=O)[O-])C(=O)SCCNC(=O)CCNC(=O)[C@H](O)C(C)(C)COP(=O)([O-])OP(=O)([O-])OC[C@H]1O[C@@H](N2C=NC3=C2N=CN=C3N)[C@H](O)[C@@H]1OP(=O)([O-])[O-]//C[C@@H](C(=O)[O-])C(=O)SCCNC(=O)CCNC(=O)[C@H](O)C(C)(C)COP(=O)([O-])OP(=O)([O-])OC[C@H]1O[C@@H](N2C=NC3=C2N=CN=C3N)[C@H](O)[C@@H]1OP(=O)([O-])[O-]//C[C@@H](C(=O)[O-])C(=O)SCCNC(=O)CCNC(=O)[C@H](O)C(C)(C)COP(=O)([O-])OP(=O)([O-])OC[C@H]1O[C@@H](N2C=NC3=C2N=CN=C3N)[C@H](O)[C@@H]1OP(=O)([O-])[O-]//C[C@@H](C(=O)[O-])C(=O)SCCNC(=O)CCNC(=O)[C@H](O)C(C)(C)COP(=O)([O-])OP(=O)([O-])OC[C@H]1O[C@@H](N2C=NC3=C2N=CN=C3N)[C@H](O)[C@@H]1OP(=O)([O-])[O-]//CC(C)(COP(=O)([O-])OP(=O)([O-])OC[C@H]1O[C@@H](N2C=NC3=C2N=CN=C3N)[C@H](O)[C@@H]1OP(=O)([O-])[O-])[C@@H](O)C(=O)NCCC(=O)NCCSC(=O)CC(=O)[O-]//CC(C)(COP(=O)([O-])OP(=O)([O-])OC[C@H]1O[C@@H](N2C=NC3=C2N=CN=C3N)[C@H](O)[C@@H]1OP(=O)([O-])[O-])[C@@H](O)C(=O)NCCC(=O)NCCSC(=O)CC(=O)[O-]//CC(C)(COP(=O)([O-])OP(=O)([O-])OC[C@H]1O[C@@H](N2C=NC3=C2N=CN=C3N)[C@H](O)[C@@H]1OP(=O)([O-])[O-])[C@@H](O)C(=O)NCCC(=O)NCCSC(=O)CC(=O)[O-]//CC(C)(COP(=O)([O-])OP(=O)([O-])OC[C@H]1O[C@@H](N2C=NC3=C2N=CN=C3N)[C@H](O)[C@@H]1OP(=O)([O-])[O-])[C@@H](O)C(=O)NCCC(=O)NCCSC(=O)CC(=O)[O-]//CC(C)(COP(=O)([O-])OP(=O)([O-])OC[C@H]1O[C@@H](N2C=NC3=C2N=CN=C3N)[C@H](O)[C@@H]1OP(=O)([O-])[O-])[C@@H](O)C(=O)NCCC(=O)NCCSC(=O)CC(=O)[O-]//NC(=O)C1=CN([C@@H]2O[C@H](COP(=O)([O-])OP(=O)([O-])OC[C@H]3O[C@@H](N4C=NC5=C4N=CN=C5N)[C@H](OP(=O)([O-])[O-])[C@@H]3O)[C@@H](O)[C@H]2O)C=CC1//NC(=O)C1=CN([C@@H]2O[C@H](COP(=O)([O-])OP(=O)([O-])OC[C@H]3O[C@@H](N4C=NC5=C4N=CN=C5N)[C@H](OP(=O)([O-])[O-])[C@@H]3O)[C@@H](O)[C@H]2O)C=CC1//NC(=O)C1=CN([C@@H]2O[C@H](COP(=O)([O-])OP(=O)([O-])OC[C@H]3O[C@@H](N4C=NC5=C4N=CN=C5N)[C@H](OP(=O)([O-])[O-])[C@@H]3O)[C@@H](O)[C@H]2O)C=CC1//NC(=O)C1=CN([C@@H]2O[C@H](COP(=O)([O-])OP(=O)([O-])OC[C@H]3O[C@@H](N4C=NC5=C4N=CN=C5N)[C@H](OP(=O)([O-])[O-])[C@@H]3O)[C@@H](O)[C@H]2O)C=CC1//NC(=O)C1=CN([C@@H]2O[C@H](COP(=O)([O-])OP(=O)([O-])OC[C@H]3O[C@@H](N4C=NC5=C4N=CN=C5N)[C@H](OP(=O)([O-])[O-])[C@@H]3O)[C@@H](O)[C@H]2O)C=CC1//NC(=O)C1=CN([C@@H]2O[C@H](COP(=O)([O-])OP(=O)([O-])OC[C@H]3O[C@@H](N4C=NC5=C4N=CN=C5N)[C@H](OP(=O)([O-])[O-])[C@@H]3O)[C@@H](O)[C@H]2O)C=CC1//NC(=O)C1=CN([C@@H]2O[C@H](COP(=O)([O-])OP(=O)([O-])OC[C@H]3O[C@@H](N4C=NC5=C4N=CN=C5N)[C@H](OP(=O)([O-])[O-])[C@@H]3O)[C@@H](O)[C@H]2O)C=CC1//NC(=O)C1=CN([C@@H]2O[C@H](COP(=O)([O-])OP(=O)([O-])OC[C@H]3O[C@@H](N4C=NC5=C4N=CN=C5N)[C@H](OP(=O)([O-])[O-])[C@@H]3O)[C@@H](O)[C@H]2O)C=CC1//NC(=O)C1=CN([C@@H]2O[C@H](COP(=O)([O-])OP(=O)([O-])OC[C@H]3O[C@@H](N4C=NC5=C4N=CN=C5N)[C@H](OP(=O)([O-])[O-])[C@@H]3O)[C@@H](O)[C@H]2O)C=CC1//NC(=O)C1=CN([C@@H]2O[C@H](COP(=O)([O-])OP(=O)([O-])OC[C@H]3O[C@@H](N4C=NC5=C4N=CN=C5N)[C@H](OP(=O)([O-])[O-])[C@@H]3O)[C@@H](O)[C@H]2O)C=CC1//NC(=O)C1=CN([C@@H]2O[C@H](COP(=O)([O-])OP(=O)([O-])OC[C@H]3O[C@@H](N4C=NC5=C4N=CN=C5N)[C@H](OP(=O)([O-])[O-])[C@@H]3O)[C@@H](O)[C@H]2O)C=CC1//NC(=O)C1=CN([C@@H]2O[C@H](COP(=O)([O-])OP(=O)([O-])OC[C@H]3O[C@@H](N4C=NC5=C4N=CN=C5N)[C@H](OP(=O)([O-])[O-])[C@@H]3O)[C@@H](O)[C@H]2O)C=CC1//NC(=O)C1=CN([C@@H]2O[C@H](COP(=O)([O-])OP(=O)([O-])OC[C@H]3O[C@@H](N4C=NC5=C4N=CN=C5N)[C@H](OP(=O)([O-])[O-])[C@@H]3O)[C@@H](O)[C@H]2O)C=CC1//NC(=O)C1=CN([C@@H]2O[C@H](COP(=O)([O-])OP(=O)([O-])OC[C@H]3O[C@@H](N4C=NC5=C4N=CN=C5N)[C@H](OP(=O)([O-])[O-])[C@@H]3O)[C@@H](O)[C@H]2O)C=CC1//NC(=O)C1=CN([C@@H]2O[C@H](COP(=O)([O-])OP(=O)([O-])OC[C@H]3O[C@@H](N4C=NC5=C4N=CN=C5N)[C@H](OP(=O)([O-])[O-])[C@@H]3O)[C@@H](O)[C@H]2O)C=CC1//NC(=O)C1=CN([C@@H]2O[C@H](COP(=O)([O-])OP(=O)([O-])OC[C@H]3O[C@@H](N4C=NC5=C4N=CN=C5N)[C@H](OP(=O)([O-])[O-])[C@@H]3O)[C@@H](O)[C@H]2O)C=CC1//NC(=O)C1=CN([C@@H]2O[C@H](COP(=O)([O-])OP(=O)([O-])OC[C@H]3O[C@@H](N4C=NC5=C4N=CN=C5N)[C@H](OP(=O)([O-])[O-])[C@@H]3O)[C@@H](O)[C@H]2O)C=CC1//NC(=O)C1=CN([C@@H]2O[C@H](COP(=O)([O-])OP(=O)([O-])OC[C@H]3O[C@@H](N4C=NC5=C4N=CN=C5N)[C@H](OP(=O)([O-])[O-])[C@@H]3O)[C@@H](O)[C@H]2O)C=CC1//NC(=O)C1=CN([C@@H]2O[C@H](COP(=O)([O-])OP(=O)([O-])OC[C@H]3O[C@@H](N4C=NC5=C4N=CN=C5N)[C@H](OP(=O)([O-])[O-])[C@@H]3O)[C@@H](O)[C@H]2O)C=CC1//NC(=O)C1=CN([C@@H]2O[C@H](COP(=O)([O-])OP(=O)([O-])OC[C@H]3O[C@@H](N4C=NC5=C4N=CN=C5N)[C@H](OP(=O)([O-])[O-])[C@@H]3O)[C@@H](O)[C@H]2O)C=CC1//NC(=O)C1=CN([C@@H]2O[C@H](COP(=O)([O-])OP(=O)([O-])OC[C@H]3O[C@@H](N4C=NC5=C4N=CN=C5N)[C@H](OP(=O)([O-])[O-])[C@@H]3O)[C@@H](O)[C@H]2O)C=CC1//NC(=O)C1=CN([C@@H]2O[C@H](COP(=O)([O-])OP(=O)([O-])OC[C@H]3O[C@@H](N4C=NC5=C4N=CN=C5N)[C@H](OP(=O)([O-])[O-])[C@@H]3O)[C@@H](O)[C@H]2O)C=CC1//[H+]//[H+]//[H+]//[H+]//[H+]//[H+]//[H+]//[H+]//[H+]//[H+]//[H+]//[H+]//[H+]//[H+]//[H+]//[H+]//[H+]//[H+]//[H+]//[H+]//[H+]//[H+]//[H+]//[H+]//[H+]//[H+]//[H+]//[H+]//[H+]//[H+]//[H+]//[H+],*C[C@H](C)CCC[C@H](C)CCC[C@H](C)CCC[C@H](C)CCC[C@H](C)CCCSCCNC(=O)CCNC(=O)[C@H](O)C(C)(C)COP(=O)([O-])OP(=O)([O-])OC[C@H]1O[C@@H](N2C=NC3=C2N=CN=C3N)[C@H](O)[C@@H]1OP(=O)([O-])[O-].O=C=O.O=C=O.O=C=O.O=C=O.O=C=O.O=C=O.O=C=O.O=C=O.O=C=O.O=C=O.NC(=O)C1=CC=C[N+]([C@@H]2O[C@H](COP(=O)([O-])OP(=O)([O-])OC[C@H]3O[C@@H](N4C=NC5=C4N=CN=C5N)[C@H](OP(=O)([O-])[O-])[C@@H]3O)[C@@H](O)[C@H]2O)=C1.NC(=O)C1=CC=C[N+]([C@@H]2O[C@H](COP(=O)([O-])OP(=O)([O-])OC[C@H]3O[C@@H](N4C=NC5=C4N=CN=C5N)[C@H](OP(=O)([O-])[O-])[C@@H]3O)[C@@H](O)[C@H]2O)=C1.NC(=O)C1=CC=C[N+]([C@@H]2O[C@H](COP(=O)([O-])OP(=O)([O-])OC[C@H]3O[C@@H](N4C=NC5=C4N=CN=C5N)[C@H](OP(=O)([O-])[O-])[C@@H]3O)[C@@H](O)[C@H]2O)=C1.NC(=O)C1=CC=C[N+]([C@@H]2O[C@H](COP(=O)([O-])OP(=O)([O-])OC[C@H]3O[C@@H](N4C=NC5=C4N=CN=C5N)[C@H](OP(=O)([O-])[O-])[C@@H]3O)[C@@H](O)[C@H]2O)=C1.NC(=O)C1=CC=C[N+]([C@@H]2O[C@H](COP(=O)([O-])OP(=O)([O-])OC[C@H]3O[C@@H](N4C=NC5=C4N=CN=C5N)[C@H](OP(=O)([O-])[O-])[C@@H]3O)[C@@H](O)[C@H]2O)=C1.NC(=O)C1=CC=C[N+]([C@@H]2O[C@H](COP(=O)([O-])OP(=O)([O-])OC[C@H]3O[C@@H](N4C=NC5=C4N=CN=C5N)[C@H](OP(=O)([O-])[O-])[C@@H]3O)[C@@H](O)[C@H]2O)=C1.NC(=O)C1=CC=C[N+]([C@@H]2O[C@H](COP(=O)([O-])OP(=O)([O-])OC[C@H]3O[C@@H](N4C=NC5=C4N=CN=C5N)[C@H](OP(=O)([O-])[O-])[C@@H]3O)[C@@H](O)[C@H]2O)=C1.NC(=O)C1=CC=C[N+]([C@@H]2O[C@H](COP(=O)([O-])OP(=O)([O-])OC[C@H]3O[C@@H](N4C=NC5=C4N=CN=C5N)[C@H](OP(=O)([O-])[O-])[C@@H]3O)[C@@H](O)[C@H]2O)=C1.NC(=O)C1=CC=C[N+]([C@@H]2O[C@H](COP(=O)([O-])OP(=O)([O-])OC[C@H]3O[C@@H](N4C=NC5=C4N=CN=C5N)[C@H](OP(=O)([O-])[O-])[C@@H]3O)[C@@H](O)[C@H]2O)=C1.NC(=O)C1=CC=C[N+]([C@@H]2O[C@H](COP(=O)([O-])OP(=O)([O-])OC[C@H]3O[C@@H](N4C=NC5=C4N=CN=C5N)[C@H](OP(=O)([O-])[O-])[C@@H]3O)[C@@H](O)[C@H]2O)=C1.NC(=O)C1=CC=C[N+]([C@@H]2O[C@H](COP(=O)([O-])OP(=O)([O-])OC[C@H]3O[C@@H](N4C=NC5=C4N=CN=C5N)[C@H](OP(=O)([O-])[O-])[C@@H]3O)[C@@H](O)[C@H]2O)=C1.NC(=O)C1=CC=C[N+]([C@@H]2O[C@H](COP(=O)([O-])OP(=O)([O-])OC[C@H]3O[C@@H](N4C=NC5=C4N=CN=C5N)[C@H](OP(=O)([O-])[O-])[C@@H]3O)[C@@H](O)[C@H]2O)=C1.NC(=O)C1=CC=C[N+]([C@@H]2O[C@H](COP(=O)([O-])OP(=O)([O-])OC[C@H]3O[C@@H](N4C=NC5=C4N=CN=C5N)[C@H](OP(=O)([O-])[O-])[C@@H]3O)[C@@H](O)[C@H]2O)=C1.NC(=O)C1=CC=C[N+]([C@@H]2O[C@H](COP(=O)([O-])OP(=O)([O-])OC[C@H]3O[C@@H](N4C=NC5=C4N=CN=C5N)[C@H](OP(=O)([O-])[O-])[C@@H]3O)[C@@H](O)[C@H]2O)=C1.NC(=O)C1=CC=C[N+]([C@@H]2O[C@H](COP(=O)([O-])OP(=O)([O-])OC[C@H]3O[C@@H](N4C=NC5=C4N=CN=C5N)[C@H](OP(=O)([O-])[O-])[C@@H]3O)[C@@H](O)[C@H]2O)=C1.NC(=O)C1=CC=C[N+]([C@@H]2O[C@H](COP(=O)([O-])OP(=O)([O-])OC[C@H]3O[C@@H](N4C=NC5=C4N=CN=C5N)[C@H](OP(=O)([O-])[O-])[C@@H]3O)[C@@H](O)[C@H]2O)=C1.NC(=O)C1=CC=C[N+]([C@@H]2O[C@H](COP(=O)([O-])OP(=O)([O-])OC[C@H]3O[C@@H](N4C=NC5=C4N=CN=C5N)[C@H](OP(=O)([O-])[O-])[C@@H]3O)[C@@H](O)[C@H]2O)=C1.NC(=O)C1=CC=C[N+]([C@@H]2O[C@H](COP(=O)([O-])OP(=O)([O-])OC[C@H]3O[C@@H](N4C=NC5=C4N=CN=C5N)[C@H](OP(=O)([O-])[O-])[C@@H]3O)[C@@H](O)[C@H]2O)=C1.NC(=O)C1=CC=C[N+]([C@@H]2O[C@H](COP(=O)([O-])OP(=O)([O-])OC[C@H]3O[C@@H](N4C=NC5=C4N=CN=C5N)[C@H](OP(=O)([O-])[O-])[C@@H]3O)[C@@H](O)[C@H]2O)=C1.NC(=O)C1=CC=C[N+]([C@@H]2O[C@H](COP(=O)([O-])OP(=O)([O-])OC[C@H]3O[C@@H](N4C=NC5=C4N=CN=C5N)[C@H](OP(=O)([O-])[O-])[C@@H]3O)[C@@H](O)[C@H]2O)=C1.NC(=O)C1=CC=C[N+]([C@@H]2O[C@H](COP(=O)([O-])OP(=O)([O-])OC[C@H]3O[C@@H](N4C=NC5=C4N=CN=C5N)[C@H](OP(=O)([O-])[O-])[C@@H]3O)[C@@H](O)[C@H]2O)=C1.NC(=O)C1=CC=C[N+]([C@@H]2O[C@H](COP(=O)([O-])OP(=O)([O-])OC[C@H]3O[C@@H](N4C=NC5=C4N=CN=C5N)[C@H](OP(=O)([O-])[O-])[C@@H]3O)[C@@H](O)[C@H]2O)=C1.CC(C)(COP(=O)([O-])OP(=O)([O-])OC[C@H]1O[C@@H](N2C=NC3=C2N=CN=C3N)[C@H](O)[C@@H]1OP(=O)([O-])[O-])[C@@H](O)C(=O)NCCC(=O)NCCS.CC(C)(COP(=O)([O-])OP(=O)([O-])OC[C@H]1O[C@@H](N2C=NC3=C2N=CN=C3N)[C@H](O)[C@@H]1OP(=O)([O-])[O-])[C@@H](O)C(=O)NCCC(=O)NCCS.CC(C)(COP(=O)([O-])OP(=O)([O-])OC[C@H]1O[C@@H](N2C=NC3=C2N=CN=C3N)[C@H](O)[C@@H]1OP(=O)([O-])[O-])[C@@H](O)C(=O)NCCC(=O)NCCS.CC(C)(COP(=O)([O-])OP(=O)([O-])OC[C@H]1O[C@@H](N2C=NC3=C2N=CN=C3N)[C@H](O)[C@@H]1OP(=O)([O-])[O-])[C@@H](O)C(=O)NCCC(=O)NCCS.CC(C)(COP(=O)([O-])OP(=O)([O-])OC[C@H]1O[C@@H](N2C=NC3=C2N=CN=C3N)[C@H](O)[C@@H]1OP(=O)([O-])[O-])[C@@H](O)C(=O)NCCC(=O)NCCS.CC(C)(COP(=O)([O-])OP(=O)([O-])OC[C@H]1O[C@@H](N2C=NC3=C2N=CN=C3N)[C@H](O)[C@@H]1OP(=O)([O-])[O-])[C@@H](O)C(=O)NCCC(=O)NCCS.CC(C)(COP(=O)([O-])OP(=O)([O-])OC[C@H]1O[C@@H](N2C=NC3=C2N=CN=C3N)[C@H](O)[C@@H]1OP(=O)([O-])[O-])[C@@H](O)C(=O)NCCC(=O)NCCS.CC(C)(COP(=O)([O-])OP(=O)([O-])OC[C@H]1O[C@@H](N2C=NC3=C2N=CN=C3N)[C@H](O)[C@@H]1OP(=O)([O-])[O-])[C@@H](O)C(=O)NCCC(=O)NCCS.CC(C)(COP(=O)([O-])OP(=O)([O-])OC[C@H]1O[C@@H](N2C=NC3=C2N=CN=C3N)[C@H](O)[C@@H]1OP(=O)([O-])[O-])[C@@H](O)C(=O)NCCC(=O)NCCS.CC(C)(COP(=O)([O-])OP(=O)([O-])OC[C@H]1O[C@@H](N2C=NC3=C2N=CN=C3N)[C@H](O)[C@@H]1OP(=O)([O-])[O-])[C@@H](O)C(=O)NCCC(=O)NCCS.[H]O[H].[H]O[H].[H]O[H].[H]O[H].[H]O[H].[H]O[H].[H]O[H].[H]O[H].[H]O[H].[H]O[H].[H]O[H],*C(=O)SCCNC(=O)CCNC(=O)[C@H](O)C(C)(C)COP(=O)([O-])OP(=O)([O-])OC[C@H]1O[C@@H](N2C=NC3=C2N=CN=C3N)[C@H](O)[C@@H]1OP(=O)([O-])[O-].C[C@@H](C(=O)[O-])C(=O)SCCNC(=O)CCNC(=O)[C@H](O)C(C)(C)COP(=O)([O-])OP(=O)([O-])OC[C@H]1O[C@@H](N2C=NC3=C2N=CN=C3N)[C@H](O)[C@@H]1OP(=O)([O-])[O-].C[C@@H](C(=O)[O-])C(=O)SCCNC(=O)CCNC(=O)[C@H](O)C(C)(C)COP(=O)([O-])OP(=O)([O-])OC[C@H]1O[C@@H](N2C=NC3=C2N=CN=C3N)[C@H](O)[C@@H]1OP(=O)([O-])[O-].C[C@@H](C(=O)[O-])C(=O)SCCNC(=O)CCNC(=O)[C@H](O)C(C)(C)COP(=O)([O-])OP(=O)([O-])OC[C@H]1O[C@@H](N2C=NC3=C2N=CN=C3N)[C@H](O)[C@@H]1OP(=O)([O-])[O-].C[C@@H](C(=O)[O-])C(=O)SCCNC(=O)CCNC(=O)[C@H](O)C(C)(C)COP(=O)([O-])OP(=O)([O-])OC[C@H]1O[C@@H](N2C=NC3=C2N=CN=C3N)[C@H](O)[C@@H]1OP(=O)([O-])[O-].C[C@@H](C(=O)[O-])C(=O)SCCNC(=O)CCNC(=O)[C@H](O)C(C)(C)COP(=O)([O-])OP(=O)([O-])OC[C@H]1O[C@@H](N2C=NC3=C2N=CN=C3N)[C@H](O)[C@@H]1OP(=O)([O-])[O-].CC(C)(COP(=O)([O-])OP(=O)([O-])OC[C@H]1O[C@@H](N2C=NC3=C2N=CN=C3N)[C@H](O)[C@@H]1OP(=O)([O-])[O-])[C@@H](O)C(=O)NCCC(=O)NCCSC(=O)CC(=O)[O-].CC(C)(COP(=O)([O-])OP(=O)([O-])OC[C@H]1O[C@@H](N2C=NC3=C2N=CN=C3N)[C@H](O)[C@@H]1OP(=O)([O-])[O-])[C@@H](O)C(=O)NCCC(=O)NCCSC(=O)CC(=O)[O-].CC(C)(COP(=O)([O-])OP(=O)([O-])OC[C@H]1O[C@@H](N2C=NC3=C2N=CN=C3N)[C@H](O)[C@@H]1OP(=O)([O-])[O-])[C@@H](O)C(=O)NCCC(=O)NCCSC(=O)CC(=O)[O-].CC(C)(COP(=O)([O-])OP(=O)([O-])OC[C@H]1O[C@@H](N2C=NC3=C2N=CN=C3N)[C@H](O)[C@@H]1OP(=O)([O-])[O-])[C@@H](O)C(=O)NCCC(=O)NCCSC(=O)CC(=O)[O-].CC(C)(COP(=O)([O-])OP(=O)([O-])OC[C@H]1O[C@@H](N2C=NC3=C2N=CN=C3N)[C@H](O)[C@@H]1OP(=O)([O-])[O-])[C@@H](O)C(=O)NCCC(=O)NCCSC(=O)CC(=O)[O-].NC(=O)C1=CN([C@@H]2O[C@H](COP(=O)([O-])OP(=O)([O-])OC[C@H]3O[C@@H](N4C=NC5=C4N=CN=C5N)[C@H](OP(=O)([O-])[O-])[C@@H]3O)[C@@H](O)[C@H]2O)C=CC1.NC(=O)C1=CN([C@@H]2O[C@H](COP(=O)([O-])OP(=O)([O-])OC[C@H]3O[C@@H](N4C=NC5=C4N=CN=C5N)[C@H](OP(=O)([O-])[O-])[C@@H]3O)[C@@H](O)[C@H]2O)C=CC1.NC(=O)C1=CN([C@@H]2O[C@H](COP(=O)([O-])OP(=O)([O-])OC[C@H]3O[C@@H](N4C=NC5=C4N=CN=C5N)[C@H](OP(=O)([O-])[O-])[C@@H]3O)[C@@H](O)[C@H]2O)C=CC1.NC(=O)C1=CN([C@@H]2O[C@H](COP(=O)([O-])OP(=O)([O-])OC[C@H]3O[C@@H](N4C=NC5=C4N=CN=C5N)[C@H](OP(=O)([O-])[O-])[C@@H]3O)[C@@H](O)[C@H]2O)C=CC1.NC(=O)C1=CN([C@@H]2O[C@H](COP(=O)([O-])OP(=O)([O-])OC[C@H]3O[C@@H](N4C=NC5=C4N=CN=C5N)[C@H](OP(=O)([O-])[O-])[C@@H]3O)[C@@H](O)[C@H]2O)C=CC1.NC(=O)C1=CN([C@@H]2O[C@H](COP(=O)([O-])OP(=O)([O-])OC[C@H]3O[C@@H](N4C=NC5=C4N=CN=C5N)[C@H](OP(=O)([O-])[O-])[C@@H]3O)[C@@H](O)[C@H]2O)C=CC1.NC(=O)C1=CN([C@@H]2O[C@H](COP(=O)([O-])OP(=O)([O-])OC[C@H]3O[C@@H](N4C=NC5=C4N=CN=C5N)[C@H](OP(=O)([O-])[O-])[C@@H]3O)[C@@H](O)[C@H]2O)C=CC1.NC(=O)C1=CN([C@@H]2O[C@H](COP(=O)([O-])OP(=O)([O-])OC[C@H]3O[C@@H](N4C=NC5=C4N=CN=C5N)[C@H](OP(=O)([O-])[O-])[C@@H]3O)[C@@H](O)[C@H]2O)C=CC1.NC(=O)C1=CN([C@@H]2O[C@H](COP(=O)([O-])OP(=O)([O-])OC[C@H]3O[C@@H](N4C=NC5=C4N=CN=C5N)[C@H](OP(=O)([O-])[O-])[C@@H]3O)[C@@H](O)[C@H]2O)C=CC1.NC(=O)C1=CN([C@@H]2O[C@H](COP(=O)([O-])OP(=O)([O-])OC[C@H]3O[C@@H](N4C=NC5=C4N=CN=C5N)[C@H](OP(=O)([O-])[O-])[C@@H]3O)[C@@H](O)[C@H]2O)C=CC1.NC(=O)C1=CN([C@@H]2O[C@H](COP(=O)([O-])OP(=O)([O-])OC[C@H]3O[C@@H](N4C=NC5=C4N=CN=C5N)[C@H](OP(=O)([O-])[O-])[C@@H]3O)[C@@H](O)[C@H]2O)C=CC1.NC(=O)C1=CN([C@@H]2O[C@H](COP(=O)([O-])OP(=O)([O-])OC[C@H]3O[C@@H](N4C=NC5=C4N=CN=C5N)[C@H](OP(=O)([O-])[O-])[C@@H]3O)[C@@H](O)[C@H]2O)C=CC1.NC(=O)C1=CN([C@@H]2O[C@H](COP(=O)([O-])OP(=O)([O-])OC[C@H]3O[C@@H](N4C=NC5=C4N=CN=C5N)[C@H](OP(=O)([O-])[O-])[C@@H]3O)[C@@H](O)[C@H]2O)C=CC1.NC(=O)C1=CN([C@@H]2O[C@H](COP(=O)([O-])OP(=O)([O-])OC[C@H]3O[C@@H](N4C=NC5=C4N=CN=C5N)[C@H](OP(=O)([O-])[O-])[C@@H]3O)[C@@H](O)[C@H]2O)C=CC1.NC(=O)C1=CN([C@@H]2O[C@H](COP(=O)([O-])OP(=O)([O-])OC[C@H]3O[C@@H](N4C=NC5=C4N=CN=C5N)[C@H](OP(=O)([O-])[O-])[C@@H]3O)[C@@H](O)[C@H]2O)C=CC1.NC(=O)C1=CN([C@@H]2O[C@H](COP(=O)([O-])OP(=O)([O-])OC[C@H]3O[C@@H](N4C=NC5=C4N=CN=C5N)[C@H](OP(=O)([O-])[O-])[C@@H]3O)[C@@H](O)[C@H]2O)C=CC1.NC(=O)C1=CN([C@@H]2O[C@H](COP(=O)([O-])OP(=O)([O-])OC[C@H]3O[C@@H](N4C=NC5=C4N=CN=C5N)[C@H](OP(=O)([O-])[O-])[C@@H]3O)[C@@H](O)[C@H]2O)C=CC1.NC(=O)C1=CN([C@@H]2O[C@H](COP(=O)([O-])OP(=O)([O-])OC[C@H]3O[C@@H](N4C=NC5=C4N=CN=C5N)[C@H](OP(=O)([O-])[O-])[C@@H]3O)[C@@H](O)[C@H]2O)C=CC1.NC(=O)C1=CN([C@@H]2O[C@H](COP(=O)([O-])OP(=O)([O-])OC[C@H]3O[C@@H](N4C=NC5=C4N=CN=C5N)[C@H](OP(=O)([O-])[O-])[C@@H]3O)[C@@H](O)[C@H]2O)C=CC1.NC(=O)C1=CN([C@@H]2O[C@H](COP(=O)([O-])OP(=O)([O-])OC[C@H]3O[C@@H](N4C=NC5=C4N=CN=C5N)[C@H](OP(=O)([O-])[O-])[C@@H]3O)[C@@H](O)[C@H]2O)C=CC1.NC(=O)C1=CN([C@@H]2O[C@H](COP(=O)([O-])OP(=O)([O-])OC[C@H]3O[C@@H](N4C=NC5=C4N=CN=C5N)[C@H](OP(=O)([O-])[O-])[C@@H]3O)[C@@H](O)[C@H]2O)C=CC1.NC(=O)C1=CN([C@@H]2O[C@H](COP(=O)([O-])OP(=O)([O-])OC[C@H]3O[C@@H](N4C=NC5=C4N=CN=C5N)[C@H](OP(=O)([O-])[O-])[C@@H]3O)[C@@H](O)[C@H]2O)C=CC1.[H+].[H+].[H+].[H+].[H+].[H+].[H+].[H+].[H+].[H+].[H+].[H+].[H+].[H+].[H+].[H+].[H+].[H+].[H+].[H+].[H+].[H+].[H+].[H+].[H+].[H+].[H+].[H+].[H+].[H+].[H+].[H+]
DM43,O=C([O-])[C@@H](CO)O[C@H]1O[C@H](CO)[C@@H](O)[C@H](O)[C@@H]1O//*N[C@@H](CC1=CN=CN1P(=O)([O-])[O-])C(*)=O,O=C([O-])[C@@H](CO)O[C@H]1O[C@H](COP(=O)([O-])[O-])[C@@H](O)[C@H](O)[C@@H]1O//*N[C@@H](CC1=CNC=N1)C(*)=O,O=C([O-])[C@@H](CO)O[C@H]1O[C@H](CO)[C@@H](O)[C@H](O)[C@@H]1O.*N[C@@H](CC1=CN=CN1P(=O)([O-])[O-])C(*)=O,O=C([O-])[C@@H](CO)O[C@H]1O[C@H](COP(=O)([O-])[O-])[C@@H](O)[C@H](O)[C@@H]1O.*N[C@@H](CC1=CNC=N1)C(*)=O
DM44,CCCCC/C=C\C/C=C\C/C=C\C/C=C\CCCC(=O)[O-]//O=O,CCCCC/C=C\C/C=C\C=C\[C@@H](C/C=C\CCCC(=O)[O-])OO,CCCCC/C=C\C/C=C\C/C=C\C/C=C\CCCC(=O)[O-].O=O,CCCCC/C=C\C/C=C\C=C\[C@@H](C/C=C\CCCC(=O)[O-])OO
DM45,*N[C@@H](CC1=CNC(CC[C@@H](C(=O)[O-])[N+](C)(C)C)=N1)C(*)=O//NC1=NC=NC2=C1N=CN2[C@@H]1O[C@H](CSCC[C@H]([NH3+])C(=O)[O-])[C@@H](O)[C@H]1O//NC1=NC=NC2=C1N=CN2[C@@H]1O[C@H](CSCC[C@H]([NH3+])C(=O)[O-])[C@@H](O)[C@H]1O//NC1=NC=NC2=C1N=CN2[C@@H]1O[C@H](CSCC[C@H]([NH3+])C(=O)[O-])[C@@H](O)[C@H]1O//[H+]//[H+]//[H+],*N[C@@H](CC1=CN=C(CC[C@H]([NH3+])C(=O)[O-])N1)C(*)=O//C[S+](CC[C@H]([NH3+])C(=O)[O-])C[C@H]1O[C@@H](N2C=NC3=C2N=CN=C3N)[C@H](O)[C@@H]1O//C[S+](CC[C@H]([NH3+])C(=O)[O-])C[C@H]1O[C@@H](N2C=NC3=C2N=CN=C3N)[C@H](O)[C@@H]1O//C[S+](CC[C@H]([NH3+])C(=O)[O-])C[C@H]1O[C@@H](N2C=NC3=C2N=CN=C3N)[C@H](O)[C@@H]1O,*N[C@@H](CC1=CNC(CC[C@@H](C(=O)[O-])[N+](C)(C)C)=N1)C(*)=O.NC1=NC=NC2=C1N=CN2[C@@H]1O[C@H](CSCC[C@H]([NH3+])C(=O)[O-])[C@@H](O)[C@H]1O.NC1=NC=NC2=C1N=CN2[C@@H]1O[C@H](CSCC[C@H]([NH3+])C(=O)[O-])[C@@H](O)[C@H]1O.NC1=NC=NC2=C1N=CN2[C@@H]1O[C@H](CSCC[C@H]([NH3+])C(=O)[O-])[C@@H](O)[C@H]1O.[H+].[H+].[H+],*N[C@@H](CC1=CN=C(CC[C@H]([NH3+])C(=O)[O-])N1)C(*)=O.C[S+](CC[C@H]([NH3+])C(=O)[O-])C[C@H]1O[C@@H](N2C=NC3=C2N=CN=C3N)[C@H](O)[C@@H]1O.C[S+](CC[C@H]([NH3+])C(=O)[O-])C[C@H]1O[C@@H](N2C=NC3=C2N=CN=C3N)[C@H](O)[C@@H]1O.C[S+](CC[C@H]([NH3+])C(=O)[O-])C[C@H]1O[C@@H](N2C=NC3=C2N=CN=C3N)[C@H](O)[C@@H]1O
DM46,[H][C@@]12CC[C@](C)(C=C)O[C@]1(C)CC[C@@]1([H])C(C)(C)CCC[C@]21C//O=P([O-])([O-])OP(=O)([O-])O,[H][C@@]12CC[C@@](C)(O)[C@H](CC/C(C)=C/COP(=O)([O-])OP(=O)([O-])[O-])[C@@]1(C)CCCC2(C)C,[H][C@@]12CC[C@](C)(C=C)O[C@]1(C)CC[C@@]1([H])C(C)(C)CCC[C@]21C.O=P([O-])([O-])OP(=O)([O-])O,[H][C@@]12CC[C@@](C)(O)[C@H](CC/C(C)=C/COP(=O)([O-])OP(=O)([O-])[O-])[C@@]1(C)CCCC2(C)C
DM47,*C(=O)CCCCCCC/C=C\C/C=C\CCCCC//[Fe+2]//[Fe+2]//O=O//[H+]//[H+],*C(=O)CCCCCCC/C=C\CC#CCCCCC//[Fe+3]//[Fe+3]//[H]O[H]//[H]O[H],*C(=O)CCCCCCC/C=C\C/C=C\CCCCC.[Fe+2].[Fe+2].O=O.[H+].[H+],*C(=O)CCCCCCC/C=C\CC#CCCCCC.[Fe+3].[Fe+3].[H]O[H].[H]O[H]
DM48,NC1=NC=NC2=C1N=CN2[C@@H]1O[C@H](COP(=O)([O-])[O-])[C@@H](O)[C@H]1O//[H+],NC1=C2N=CN([C@@H]3O[C@@H]4COP(=O)([O-])O[C@H]4[C@H]3O)C2=NC=N1//[H]O[H],NC1=NC=NC2=C1N=CN2[C@@H]1O[C@H](COP(=O)([O-])[O-])[C@@H](O)[C@H]1O.[H+],NC1=C2N=CN([C@@H]3O[C@@H]4COP(=O)([O-])O[C@H]4[C@H]3O)C2=NC=N1.[H]O[H]
DM49,O=CCCC(=O)[O-]//NC(=O)C1=CC=C[N+]([C@@H]2O[C@H](COP(=O)([O-])OP(=O)([O-])OC[C@H]3O[C@@H](N4C=NC5=C4N=CN=C5N)[C@H](O)[C@@H]3O)[C@@H](O)[C@H]2O)=C1//[H]O[H],O=C([O-])CCC(=O)[O-]//NC(=O)C1=CN([C@@H]2O[C@H](COP(=O)([O-])OP(=O)([O-])OC[C@H]3O[C@@H](N4C=NC5=C4N=CN=C5N)[C@H](O)[C@@H]3O)[C@@H](O)[C@H]2O)C=CC1//[H+]//[H+],O=CCCC(=O)[O-].NC(=O)C1=CC=C[N+]([C@@H]2O[C@H](COP(=O)([O-])OP(=O)([O-])OC[C@H]3O[C@@H](N4C=NC5=C4N=CN=C5N)[C@H](O)[C@@H]3O)[C@@H](O)[C@H]2O)=C1.[H]O[H],O=C([O-])CCC(=O)[O-].NC(=O)C1=CN([C@@H]2O[C@H](COP(=O)([O-])OP(=O)([O-])OC[C@H]3O[C@@H](N4C=NC5=C4N=CN=C5N)[C@H](O)[C@@H]3O)[C@@H](O)[C@H]2O)C=CC1.[H+].[H+]
DM50,O=C([O-])[C@H](O)[C@@H](O)[C@H](O)[C@H](O)CO//NC(=O)C1=CC=C[N+]([C@@H]2O[C@H](COP(=O)([O-])OP(=O)([O-])OC[C@H]3O[C@@H](N4C=NC5=C4N=CN=C5N)[C@H](OP(=O)([O-])[O-])[C@@H]3O)[C@@H](O)[C@H]2O)=C1,O=C([O-])C(=O)[C@@H](O)[C@H](O)[C@H](O)CO//NC(=O)C1=CN([C@@H]2O[C@H](COP(=O)([O-])OP(=O)([O-])OC[C@H]3O[C@@H](N4C=NC5=C4N=CN=C5N)[C@H](OP(=O)([O-])[O-])[C@@H]3O)[C@@H](O)[C@H]2O)C=CC1//[H+],O=C([O-])[C@H](O)[C@@H](O)[C@H](O)[C@H](O)CO.NC(=O)C1=CC=C[N+]([C@@H]2O[C@H](COP(=O)([O-])OP(=O)([O-])OC[C@H]3O[C@@H](N4C=NC5=C4N=CN=C5N)[C@H](OP(=O)([O-])[O-])[C@@H]3O)[C@@H](O)[C@H]2O)=C1,O=C([O-])C(=O)[C@@H](O)[C@H](O)[C@H](O)CO.NC(=O)C1=CN([C@@H]2O[C@H](COP(=O)([O-])OP(=O)([O-])OC[C@H]3O[C@@H](N4C=NC5=C4N=CN=C5N)[C@H](OP(=O)([O-])[O-])[C@@H]3O)[C@@H](O)[C@H]2O)C=CC1.[H+]
DM51,CC(=O)OC[C@@H](NC(=O)C(Cl)Cl)[C@H](O)C1=CC=C([N+](=O)[O-])C=C1//CC(C)(COP(=O)([O-])OP(=O)([O-])OC[C@H]1O[C@@H](N2C=NC3=C2N=CN=C3N)[C@H](O)[C@@H]1OP(=O)([O-])[O-])[C@@H](O)C(=O)NCCC(=O)NCCS,O=C(N[C@H](CO)[C@H](O)C1=CC=C([N+](=O)[O-])C=C1)C(Cl)Cl//CC(=O)SCCNC(=O)CCNC(=O)[C@H](O)C(C)(C)COP(=O)([O-])OP(=O)([O-])OC[C@H]1O[C@@H](N2C=NC3=C2N=CN=C3N)[C@H](O)[C@@H]1OP(=O)([O-])[O-],CC(=O)OC[C@@H](NC(=O)C(Cl)Cl)[C@H](O)C1=CC=C([N+](=O)[O-])C=C1.CC(C)(COP(=O)([O-])OP(=O)([O-])OC[C@H]1O[C@@H](N2C=NC3=C2N=CN=C3N)[C@H](O)[C@@H]1OP(=O)([O-])[O-])[C@@H](O)C(=O)NCCC(=O)NCCS,O=C(N[C@H](CO)[C@H](O)C1=CC=C([N+](=O)[O-])C=C1)C(Cl)Cl.CC(=O)SCCNC(=O)CCNC(=O)[C@H](O)C(C)(C)COP(=O)([O-])OP(=O)([O-])OC[C@H]1O[C@@H](N2C=NC3=C2N=CN=C3N)[C@H](O)[C@@H]1OP(=O)([O-])[O-]
DM52,NC(=[NH2+])NCCCCNC(=O)C1=CC=CC=C1//[H]O[H],NC(=[NH2+])NCCCC[NH3+]//O=C([O-])C1=CC=CC=C1,NC(=[NH2+])NCCCCNC(=O)C1=CC=CC=C1.[H]O[H],NC(=[NH2+])NCCCC[NH3+].O=C([O-])C1=CC=CC=C1
DM53,[H][C@]12CC[C@]3(C)[C@@]([H])([C@]([H])(C)CCC(=O)SCCNC(=O)CCNC(=O)[C@H](O)C(C)(C)COP(=O)([O-])OP(=O)([O-])OC[C@H]4O[C@@H](N5C=NC6=C5N=CN=C6N)[C@H](O)[C@@H]4OP(=O)([O-])[O-])CC[C@@]3([H])[C@]1([H])[C@@H](O)CC1=CC(=O)CC[C@@]12C//NC(=O)C1=CN([C@@H]2O[C@H](COP(=O)([O-])OP(=O)([O-])OC[C@H]3O[C@@H](N4C=NC5=C4N=CN=C5N)[C@H](O)[C@@H]3O)[C@@H](O)[C@H]2O)C=CC1//[H+],[H][C@@]12CC(=O)CC[C@]1(C)[C@@]1([H])CC[C@]3(C)[C@@]([H])([C@]([H])(C)CCC(=O)SCCNC(=O)CCNC(=O)[C@H](O)C(C)(C)COP(=O)([O-])OP(=O)([O-])OC[C@H]4O[C@@H](N5C=NC6=C5N=CN=C6N)[C@H](O)[C@@H]4OP(=O)([O-])[O-])CC[C@@]3([H])[C@]1([H])[C@@H](O)C2//NC(=O)C1=CC=C[N+]([C@@H]2O[C@H](COP(=O)([O-])OP(=O)([O-])OC[C@H]3O[C@@H](N4C=NC5=C4N=CN=C5N)[C@H](O)[C@@H]3O)[C@@H](O)[C@H]2O)=C1,[H][C@]12CC[C@]3(C)[C@@]([H])([C@]([H])(C)CCC(=O)SCCNC(=O)CCNC(=O)[C@H](O)C(C)(C)COP(=O)([O-])OP(=O)([O-])OC[C@H]4O[C@@H](N5C=NC6=C5N=CN=C6N)[C@H](O)[C@@H]4OP(=O)([O-])[O-])CC[C@@]3([H])[C@]1([H])[C@@H](O)CC1=CC(=O)CC[C@@]12C.NC(=O)C1=CN([C@@H]2O[C@H](COP(=O)([O-])OP(=O)([O-])OC[C@H]3O[C@@H](N4C=NC5=C4N=CN=C5N)[C@H](O)[C@@H]3O)[C@@H](O)[C@H]2O)C=CC1.[H+],[H][C@@]12CC(=O)CC[C@]1(C)[C@@]1([H])CC[C@]3(C)[C@@]([H])([C@]([H])(C)CCC(=O)SCCNC(=O)CCNC(=O)[C@H](O)C(C)(C)COP(=O)([O-])OP(=O)([O-])OC[C@H]4O[C@@H](N5C=NC6=C5N=CN=C6N)[C@H](O)[C@@H]4OP(=O)([O-])[O-])CC[C@@]3([H])[C@]1([H])[C@@H](O)C2.NC(=O)C1=CC=C[N+]([C@@H]2O[C@H](COP(=O)([O-])OP(=O)([O-])OC[C@H]3O[C@@H](N4C=NC5=C4N=CN=C5N)[C@H](O)[C@@H]3O)[C@@H](O)[C@H]2O)=C1
DM54,O=P([O-])([O-])O[C@H]1O[C@H](CO)[C@@H](O)[C@H]1O,O=P([O-])([O-])OC[C@H]1OC(O)[C@H](O)[C@@H]1O,O=P([O-])([O-])O[C@H]1O[C@H](CO)[C@@H](O)[C@H]1O,O=P([O-])([O-])OC[C@H]1OC(O)[C@H](O)[C@@H]1O
DM55,CC(C=O)C(=O)[O-]//C[C@H]([NH3+])C(=O)[O-],C[C@H](C[NH3+])C(=O)[O-]//CC(=O)C(=O)[O-],CC(C=O)C(=O)[O-].C[C@H]([NH3+])C(=O)[O-],C[C@H](C[NH3+])C(=O)[O-].CC(=O)C(=O)[O-]
DM56,O=C([O-])C(=O)C[C@H](O)[C@H](O)COP(=O)([O-])[O-],[H]C(=O)[C@H](O)COP(=O)([O-])[O-]//CC(=O)C(=O)[O-],O=C([O-])C(=O)C[C@H](O)[C@H](O)COP(=O)([O-])[O-],[H]C(=O)[C@H](O)COP(=O)([O-])[O-].CC(=O)C(=O)[O-]
DM57,O=C(C/C1=C/NC2=C1C=CC=C2)O[C@@H]1[C@H](O)[C@H](O)[C@@H](O)[C@H](O)[C@H]1O//O=C1C=CN([C@@H]2O[C@H](COP(=O)([O-])OP(=O)([O-])O[C@H]3O[C@H](CO)[C@H](O)[C@H](O)[C@H]3O)[C@@H](O)[C@H]2O)C(=O)N1,O=C(CC1=CNC2=C1/C=C\C=C/2)O[C@@H]1[C@@H](O)[C@H](OC2O[C@H](CO)[C@H](O)[C@H](O)[C@H]2O)[C@@H](O)[C@H](O)[C@@H]1O//O=C1C=CN([C@@H]2O[C@H](COP(=O)([O-])OP(=O)([O-])[O-])[C@@H](O)[C@H]2O)C(=O)N1//[H+],O=C(C/C1=C/NC2=C1C=CC=C2)O[C@@H]1[C@H](O)[C@H](O)[C@@H](O)[C@H](O)[C@H]1O.O=C1C=CN([C@@H]2O[C@H](COP(=O)([O-])OP(=O)([O-])O[C@H]3O[C@H](CO)[C@H](O)[C@H](O)[C@H]3O)[C@@H](O)[C@H]2O)C(=O)N1,O=C(CC1=CNC2=C1/C=C\C=C/2)O[C@@H]1[C@@H](O)[C@H](OC2O[C@H](CO)[C@H](O)[C@H](O)[C@H]2O)[C@@H](O)[C@H](O)[C@@H]1O.O=C1C=CN([C@@H]2O[C@H](COP(=O)([O-])OP(=O)([O-])[O-])[C@@H](O)[C@H]2O)C(=O)N1.[H+]
DM58,*O[C@H]1[C@@H](O)[C@H](N2C=NC3=C2N=CN=C3N)O[C@@H]1COP(*)(=O)[O-]//C[S+](CC[C@H]([NH3+])C(=O)[O-])C[C@H]1O[C@@H](N2C=NC3=C2N=CN=C3N)[C@H](O)[C@@H]1O,*O[C@H]1[C@@H](O)[C@H](N2C=NC3=C(NC)N=CN=C32)O[C@@H]1COP(*)(=O)[O-]//NC1=NC=NC2=C1N=CN2[C@@H]1O[C@H](CSCC[C@H]([NH3+])C(=O)[O-])[C@@H](O)[C@H]1O//[H+],*O[C@H]1[C@@H](O)[C@H](N2C=NC3=C2N=CN=C3N)O[C@@H]1COP(*)(=O)[O-].C[S+](CC[C@H]([NH3+])C(=O)[O-])C[C@H]1O[C@@H](N2C=NC3=C2N=CN=C3N)[C@H](O)[C@@H]1O,*O[C@H]1[C@@H](O)[C@H](N2C=NC3=C(NC)N=CN=C32)O[C@@H]1COP(*)(=O)[O-].NC1=NC=NC2=C1N=CN2[C@@H]1O[C@H](CSCC[C@H]([NH3+])C(=O)[O-])[C@@H](O)[C@H]1O.[H+]
DM59,CC(O)/C=C\CC1C(=O)CCC1CC(=O)[O-]//NC1=NC=NC2=C1N=CN2[C@@H]1O[C@H](COP(=O)([O-])OS(=O)(=O)[O-])[C@@H](OP(=O)([O-])[O-])[C@H]1O,CC(/C=C\CC1C(=O)CCC1CC(=O)[O-])OS(=O)(=O)[O-]//NC1=NC=NC2=C1N=CN2[C@@H]1O[C@H](COP(=O)([O-])[O-])[C@@H](OP(=O)([O-])[O-])[C@H]1O//[H+],CC(O)/C=C\CC1C(=O)CCC1CC(=O)[O-].NC1=NC=NC2=C1N=CN2[C@@H]1O[C@H](COP(=O)([O-])OS(=O)(=O)[O-])[C@@H](OP(=O)([O-])[O-])[C@H]1O,CC(/C=C\CC1C(=O)CCC1CC(=O)[O-])OS(=O)(=O)[O-].NC1=NC=NC2=C1N=CN2[C@@H]1O[C@H](COP(=O)([O-])[O-])[C@@H](OP(=O)([O-])[O-])[C@H]1O.[H+]
DM60,NC1=NC2=C(N=CN2[C@@H]2O[C@H](COP(=O)([O-])[O-])[C@@H](O)[C@H]2O)C(=O)N1//O=P([O-])([O-])O//[H+],NC1=NC2=C(N=CN2[C@@H]2O[C@H](COP(=O)([O-])OP(=O)([O-])[O-])[C@@H](O)[C@H]2O)C(=O)N1//[H]O[H],NC1=NC2=C(N=CN2[C@@H]2O[C@H](COP(=O)([O-])[O-])[C@@H](O)[C@H]2O)C(=O)N1.O=P([O-])([O-])O.[H+],NC1=NC2=C(N=CN2[C@@H]2O[C@H](COP(=O)([O-])OP(=O)([O-])[O-])[C@@H](O)[C@H]2O)C(=O)N1.[H]O[H]
DM61,[1*][C@@]([2*])(O)C#N,[1*]C([2*])=O//C#N,[1*][C@@]([2*])(O)C#N,[1*]C([2*])=O.C#N
DM62,*N[C@@H](CCCC[NH3+])C(*)=O//C[S+](CC[C@H]([NH3+])C(=O)[O-])C[C@H]1O[C@@H](N2C=NC3=C2N=CN=C3N)[C@H](O)[C@@H]1O//C[S+](CC[C@H]([NH3+])C(=O)[O-])C[C@H]1O[C@@H](N2C=NC3=C2N=CN=C3N)[C@H](O)[C@@H]1O//C[S+](CC[C@H]([NH3+])C(=O)[O-])C[C@H]1O[C@@H](N2C=NC3=C2N=CN=C3N)[C@H](O)[C@@H]1O,*N[C@@H](CCCC[N+](C)(C)C)C(*)=O//NC1=NC=NC2=C1N=CN2[C@@H]1O[C@H](CSCC[C@H]([NH3+])C(=O)[O-])[C@@H](O)[C@H]1O//NC1=NC=NC2=C1N=CN2[C@@H]1O[C@H](CSCC[C@H]([NH3+])C(=O)[O-])[C@@H](O)[C@H]1O//NC1=NC=NC2=C1N=CN2[C@@H]1O[C@H](CSCC[C@H]([NH3+])C(=O)[O-])[C@@H](O)[C@H]1O//[H+]//[H+]//[H+],*N[C@@H](CCCC[NH3+])C(*)=O.C[S+](CC[C@H]([NH3+])C(=O)[O-])C[C@H]1O[C@@H](N2C=NC3=C2N=CN=C3N)[C@H](O)[C@@H]1O.C[S+](CC[C@H]([NH3+])C(=O)[O-])C[C@H]1O[C@@H](N2C=NC3=C2N=CN=C3N)[C@H](O)[C@@H]1O.C[S+](CC[C@H]([NH3+])C(=O)[O-])C[C@H]1O[C@@H](N2C=NC3=C2N=CN=C3N)[C@H](O)[C@@H]1O,*N[C@@H](CCCC[N+](C)(C)C)C(*)=O.NC1=NC=NC2=C1N=CN2[C@@H]1O[C@H](CSCC[C@H]([NH3+])C(=O)[O-])[C@@H](O)[C@H]1O.NC1=NC=NC2=C1N=CN2[C@@H]1O[C@H](CSCC[C@H]([NH3+])C(=O)[O-])[C@@H](O)[C@H]1O.NC1=NC=NC2=C1N=CN2[C@@H]1O[C@H](CSCC[C@H]([NH3+])C(=O)[O-])[C@@H](O)[C@H]1O.[H+].[H+].[H+]
DM63,*O[C@H]1[C@@H](O)[C@H](N2C=NC3=C2N=CN=C3NC(=O)N[C@H](C(=O)[O-])[C@@H](C)O)O[C@@H]1COP(*)(=O)[O-]//NC1=NC=NC2=C1N=CN2[C@@H]1O[C@H](COP(=O)([O-])[O-])[C@@H](O)[C@H]1O//[H+],C[C@@H](O)[C@H](NC(=O)OP(=O)([O-])OC[C@H]1O[C@@H](N2C=NC3=C2N=CN=C3N)[C@H](O)[C@@H]1O)C(=O)[O-]//*O[C@H]1[C@@H](O)[C@H](N2C=NC3=C2N=CN=C3N)O[C@@H]1COP(*)(=O)[O-],*O[C@H]1[C@@H](O)[C@H](N2C=NC3=C2N=CN=C3NC(=O)N[C@H](C(=O)[O-])[C@@H](C)O)O[C@@H]1COP(*)(=O)[O-].NC1=NC=NC2=C1N=CN2[C@@H]1O[C@H](COP(=O)([O-])[O-])[C@@H](O)[C@H]1O.[H+],C[C@@H](O)[C@H](NC(=O)OP(=O)([O-])OC[C@H]1O[C@@H](N2C=NC3=C2N=CN=C3N)[C@H](O)[C@@H]1O)C(=O)[O-].*O[C@H]1[C@@H](O)[C@H](N2C=NC3=C2N=CN=C3N)O[C@@H]1COP(*)(=O)[O-]
DM64,O=S(=O)([O-])[O-]//OC[C@H]1OC(O)[C@H](O)[C@@H](O)[C@@H]1O//[H+],O=S(=O)([O-])OC[C@H]1OC(O)[C@H](O)[C@@H](O)[C@@H]1O//[H]O[H],O=S(=O)([O-])[O-].OC[C@H]1OC(O)[C@H](O)[C@@H](O)[C@@H]1O.[H+],O=S(=O)([O-])OC[C@H]1OC(O)[C@H](O)[C@@H](O)[C@@H]1O.[H]O[H]
DM65,NC1=NC=NC2=C1N=CN2[C@@H]1O[C@H](COP(=O)([O-])OP(=O)([O-])OP(=O)([O-])OP(=O)([O-])OC[C@H]2O[C@@H](N3C=NC4=C3N=CN=C4N)[C@H](O)[C@@H]2O)[C@@H](O)[C@H]1O//[H]O[H],NC1=NC=NC2=C1N=CN2[C@@H]1O[C@H](COP(=O)([O-])OP(=O)([O-])[O-])[C@@H](O)[C@H]1O//NC1=NC=NC2=C1N=CN2[C@@H]1O[C@H](COP(=O)([O-])OP(=O)([O-])[O-])[C@@H](O)[C@H]1O//[H+]//[H+],NC1=NC=NC2=C1N=CN2[C@@H]1O[C@H](COP(=O)([O-])OP(=O)([O-])OP(=O)([O-])OP(=O)([O-])OC[C@H]2O[C@@H](N3C=NC4=C3N=CN=C4N)[C@H](O)[C@@H]2O)[C@@H](O)[C@H]1O.[H]O[H],NC1=NC=NC2=C1N=CN2[C@@H]1O[C@H](COP(=O)([O-])OP(=O)([O-])[O-])[C@@H](O)[C@H]1O.NC1=NC=NC2=C1N=CN2[C@@H]1O[C@H](COP(=O)([O-])OP(=O)([O-])[O-])[C@@H](O)[C@H]1O.[H+].[H+]
DM66,C=C(C)[C@@H]1CC[C@@H](C)C(=O)C1//*,C=C(C)[C@@H]1CC=C(C)C(=O)C1//[H]*[H],C=C(C)[C@@H]1CC[C@@H](C)C(=O)C1.*,C=C(C)[C@@H]1CC=C(C)C(=O)C1.[H]*[H]
DM67,*C(=O)CC(=O)SCCNC(=O)CCNC(=O)[C@H](O)C(C)(C)COP(=O)([O-])OP(=O)([O-])OC[C@H]1O[C@@H](N2C=NC3=C2N=CN=C3N)[C@H](O)[C@@H]1OP(=O)([O-])[O-]//O=C=O//CC(C)(COP(=O)([O-])OP(=O)([O-])OC[C@H]1O[C@@H](N2C=NC3=C2N=CN=C3N)[C@H](O)[C@@H]1OP(=O)([O-])[O-])[C@@H](O)C(=O)NCCC(=O)NCCS,*C(=O)SCCNC(=O)CCNC(=O)[C@H](O)C(C)(C)COP(=O)([O-])OP(=O)([O-])OC[C@H]1O[C@@H](N2C=NC3=C2N=CN=C3N)[C@H](O)[C@@H]1OP(=O)([O-])[O-]//CC(C)(COP(=O)([O-])OP(=O)([O-])OC[C@H]1O[C@@H](N2C=NC3=C2N=CN=C3N)[C@H](O)[C@@H]1OP(=O)([O-])[O-])[C@@H](O)C(=O)NCCC(=O)NCCSC(=O)CC(=O)[O-]//[H+],*C(=O)CC(=O)SCCNC(=O)CCNC(=O)[C@H](O)C(C)(C)COP(=O)([O-])OP(=O)([O-])OC[C@H]1O[C@@H](N2C=NC3=C2N=CN=C3N)[C@H](O)[C@@H]1OP(=O)([O-])[O-].O=C=O.CC(C)(COP(=O)([O-])OP(=O)([O-])OC[C@H]1O[C@@H](N2C=NC3=C2N=CN=C3N)[C@H](O)[C@@H]1OP(=O)([O-])[O-])[C@@H](O)C(=O)NCCC(=O)NCCS,*C(=O)SCCNC(=O)CCNC(=O)[C@H](O)C(C)(C)COP(=O)([O-])OP(=O)([O-])OC[C@H]1O[C@@H](N2C=NC3=C2N=CN=C3N)[C@H](O)[C@@H]1OP(=O)([O-])[O-].CC(C)(COP(=O)([O-])OP(=O)([O-])OC[C@H]1O[C@@H](N2C=NC3=C2N=CN=C3N)[C@H](O)[C@@H]1OP(=O)([O-])[O-])[C@@H](O)C(=O)NCCC(=O)NCCSC(=O)CC(=O)[O-].[H+]
DM68,CC(C)(CO)C(=O)C(=O)[O-]//NC(=O)C1=CN([C@@H]2O[C@H](COP(=O)([O-])OP(=O)([O-])OC[C@H]3O[C@@H](N4C=NC5=C4N=CN=C5N)[C@H](OP(=O)([O-])[O-])[C@@H]3O)[C@@H](O)[C@H]2O)C=CC1//[H+],CC(C)(CO)[C@@H](O)C(=O)[O-]//NC(=O)C1=CC=C[N+]([C@@H]2O[C@H](COP(=O)([O-])OP(=O)([O-])OC[C@H]3O[C@@H](N4C=NC5=C4N=CN=C5N)[C@H](OP(=O)([O-])[O-])[C@@H]3O)[C@@H](O)[C@H]2O)=C1,CC(C)(CO)C(=O)C(=O)[O-].NC(=O)C1=CN([C@@H]2O[C@H](COP(=O)([O-])OP(=O)([O-])OC[C@H]3O[C@@H](N4C=NC5=C4N=CN=C5N)[C@H](OP(=O)([O-])[O-])[C@@H]3O)[C@@H](O)[C@H]2O)C=CC1.[H+],CC(C)(CO)[C@@H](O)C(=O)[O-].NC(=O)C1=CC=C[N+]([C@@H]2O[C@H](COP(=O)([O-])OP(=O)([O-])OC[C@H]3O[C@@H](N4C=NC5=C4N=CN=C5N)[C@H](OP(=O)([O-])[O-])[C@@H]3O)[C@@H](O)[C@H]2O)=C1
DM69,[NH3+][C@H](CCC(=O)[O-])C(=O)[O-],O=C1CC[C@H](C(=O)[O-])N1//[H]O[H],[NH3+][C@H](CCC(=O)[O-])C(=O)[O-],O=C1CC[C@H](C(=O)[O-])N1.[H]O[H]
DM70,C=C(C)CCOP(=O)([O-])OP(=O)([O-])[O-]//[H]O[H],C=C(C)CCOP(=O)([O-])[O-]//O=P([O-])([O-])O//[H+],C=C(C)CCOP(=O)([O-])OP(=O)([O-])[O-].[H]O[H],C=C(C)CCOP(=O)([O-])[O-].O=P([O-])([O-])O.[H+]
DM71,OC[C@@H](O)[C@H](O)[C@@H](O)CO//NC(=O)C1=CC=C[N+]([C@@H]2O[C@H](COP(=O)([O-])OP(=O)([O-])OC[C@H]3O[C@@H](N4C=NC5=C4N=CN=C5N)[C@H](OP(=O)([O-])[O-])[C@@H]3O)[C@@H](O)[C@H]2O)=C1,O=C(CO)[C@H](O)[C@@H](O)CO//NC(=O)C1=CN([C@@H]2O[C@H](COP(=O)([O-])OP(=O)([O-])OC[C@H]3O[C@@H](N4C=NC5=C4N=CN=C5N)[C@H](OP(=O)([O-])[O-])[C@@H]3O)[C@@H](O)[C@H]2O)C=CC1//[H+],OC[C@@H](O)[C@H](O)[C@@H](O)CO.NC(=O)C1=CC=C[N+]([C@@H]2O[C@H](COP(=O)([O-])OP(=O)([O-])OC[C@H]3O[C@@H](N4C=NC5=C4N=CN=C5N)[C@H](OP(=O)([O-])[O-])[C@@H]3O)[C@@H](O)[C@H]2O)=C1,O=C(CO)[C@H](O)[C@@H](O)CO.NC(=O)C1=CN([C@@H]2O[C@H](COP(=O)([O-])OP(=O)([O-])OC[C@H]3O[C@@H](N4C=NC5=C4N=CN=C5N)[C@H](OP(=O)([O-])[O-])[C@@H]3O)[C@@H](O)[C@H]2O)C=CC1.[H+]
DM72,CC(=O)N[C@H]1[C@@H](OP(=O)([O-])OP(=O)([O-])OC[C@H]2O[C@@H](N3C=CC(=O)NC3=O)[C@H](O)[C@@H]2O)O[C@H](CO)[C@@H](O)[C@@H]1O,CC(=O)N[C@H]1[C@@H](OP(=O)([O-])OP(=O)([O-])OC[C@H]2O[C@@H](N3C=CC(=O)NC3=O)[C@H](O)[C@@H]2O)O[C@H](CO)[C@H](O)[C@@H]1O,CC(=O)N[C@H]1[C@@H](OP(=O)([O-])OP(=O)([O-])OC[C@H]2O[C@@H](N3C=CC(=O)NC3=O)[C@H](O)[C@@H]2O)O[C@H](CO)[C@@H](O)[C@@H]1O,CC(=O)N[C@H]1[C@@H](OP(=O)([O-])OP(=O)([O-])OC[C@H]2O[C@@H](N3C=CC(=O)NC3=O)[C@H](O)[C@@H]2O)O[C@H](CO)[C@H](O)[C@@H]1O
DM73,[Mn+2]//NC1=NC=NC2=C1N=CN2[C@@H]1O[C@H](COP(=O)([O-])OP(=O)([O-])OP(=O)([O-])[O-])[C@@H](O)[C@H]1O//[H]O[H],[Mn+2]//NC1=NC=NC2=C1N=CN2[C@@H]1O[C@H](COP(=O)([O-])OP(=O)([O-])[O-])[C@@H](O)[C@H]1O//O=P([O-])([O-])O//[H+],[Mn+2].NC1=NC=NC2=C1N=CN2[C@@H]1O[C@H](COP(=O)([O-])OP(=O)([O-])OP(=O)([O-])[O-])[C@@H](O)[C@H]1O.[H]O[H],[Mn+2].NC1=NC=NC2=C1N=CN2[C@@H]1O[C@H](COP(=O)([O-])OP(=O)([O-])[O-])[C@@H](O)[C@H]1O.O=P([O-])([O-])O.[H+]
DM74,*O[C@H]1[C@@H](O)[C@H](C2=CNC(=O)NC2=O)O[C@@H]1COP(*)(=O)[O-],*O[C@H]1[C@@H](O)[C@H](N2C=CC(=O)NC2=O)O[C@@H]1COP(*)(=O)[O-],*O[C@H]1[C@@H](O)[C@H](C2=CNC(=O)NC2=O)O[C@@H]1COP(*)(=O)[O-],*O[C@H]1[C@@H](O)[C@H](N2C=CC(=O)NC2=O)O[C@@H]1COP(*)(=O)[O-]
DM75,COC(=O)N/C1=N/C2=CC(SC3=CC=CC=C3)=CC=C2N1//CC1=C(C)C=C2C(=C1)NC1=C(NC(=O)NC1=O)N2C[C@H](O)[C@H](O)[C@H](O)COP(=O)([O-])[O-]//O=O,COC(=O)NC1=NC2=C\C(S(=O)C3=CC=CC=C3)=C/C=C\2N1//CC1=C(C)C=C2C(=C1)/N=C1/C(=O)[N-]C(=O)N=C1N2C[C@H](O)[C@H](O)[C@H](O)COP(=O)([O-])[O-]//[H]O[H]//[H+],COC(=O)N/C1=N/C2=CC(SC3=CC=CC=C3)=CC=C2N1.CC1=C(C)C=C2C(=C1)NC1=C(NC(=O)NC1=O)N2C[C@H](O)[C@H](O)[C@H](O)COP(=O)([O-])[O-].O=O,COC(=O)NC1=NC2=C\C(S(=O)C3=CC=CC=C3)=C/C=C\2N1.CC1=C(C)C=C2C(=C1)/N=C1/C(=O)[N-]C(=O)N=C1N2C[C@H](O)[C@H](O)[C@H](O)COP(=O)([O-])[O-].[H]O[H].[H+]
DM76,O=C([O-])CC[C@@H](O)C(=O)[O-]//O=C([O-])CC(=O)C(=O)[O-],O=C([O-])C[C@@H](O)C(=O)[O-]//O=C([O-])CCC(=O)C(=O)[O-],O=C([O-])CC[C@@H](O)C(=O)[O-].O=C([O-])CC(=O)C(=O)[O-],O=C([O-])C[C@@H](O)C(=O)[O-].O=C([O-])CCC(=O)C(=O)[O-]
DM77,*C([H])([H])O//NC(=O)C1=CC=C[N+]([C@@H]2O[C@H](COP(=O)([O-])OP(=O)([O-])OC[C@H]3O[C@@H](N4C=NC5=C4N=CN=C5N)[C@H](O)[C@@H]3O)[C@@H](O)[C@H]2O)=C1,*C([H])=O//NC(=O)C1=CN([C@@H]2O[C@H](COP(=O)([O-])OP(=O)([O-])OC[C@H]3O[C@@H](N4C=NC5=C4N=CN=C5N)[C@H](O)[C@@H]3O)[C@@H](O)[C@H]2O)C=CC1//[H+],*C([H])([H])O.NC(=O)C1=CC=C[N+]([C@@H]2O[C@H](COP(=O)([O-])OP(=O)([O-])OC[C@H]3O[C@@H](N4C=NC5=C4N=CN=C5N)[C@H](O)[C@@H]3O)[C@@H](O)[C@H]2O)=C1,*C([H])=O.NC(=O)C1=CN([C@@H]2O[C@H](COP(=O)([O-])OP(=O)([O-])OC[C@H]3O[C@@H](N4C=NC5=C4N=CN=C5N)[C@H](O)[C@@H]3O)[C@@H](O)[C@H]2O)C=CC1.[H+]
DM78,O=C([O-])C(=O)[O-]//CC(=O)[O-]//[H+],O=C([O-])CC(=O)C(=O)[O-]//[H]O[H],O=C([O-])C(=O)[O-].CC(=O)[O-].[H+],O=C([O-])CC(=O)C(=O)[O-].[H]O[H]
DM79,*C(=O)N[C@@H](CO[C@@H]1O[C@H](CO)[C@@H](O[C@@H]2O[C@H](CO[C@]3(C(=O)[O-])C[C@H](O)[C@@H](NC(C)=O)[C@]([H])([C@H](O)[C@H](O)CO)O3)[C@H](O)[C@H](O)[C@H]2O)[C@H](O)[C@H]1O)[C@H](O)/C=C/CCCCCCCCCCCCC//NC1=NC(=O)N([C@@H]2O[C@H](COP(=O)([O-])[O-])[C@@H](O)[C@H]2O)C=C1//[H+],*C(=O)N[C@@H](CO[C@@H]1O[C@H](CO)[C@@H](O[C@@H]2O[C@H](CO)[C@H](O)[C@H](O)[C@H]2O)[C@H](O)[C@H]1O)[C@H](O)/C=C/CCCCCCCCCCCCC//[H][C@@]1([C@H](O)[C@H](O)CO)O[C@](OP(=O)([O-])OC[C@H]2O[C@@H](N3C=CC(N)=NC3=O)[C@H](O)[C@@H]2O)(C(=O)[O-])C[C@H](O)[C@H]1NC(C)=O,*C(=O)N[C@@H](CO[C@@H]1O[C@H](CO)[C@@H](O[C@@H]2O[C@H](CO[C@]3(C(=O)[O-])C[C@H](O)[C@@H](NC(C)=O)[C@]([H])([C@H](O)[C@H](O)CO)O3)[C@H](O)[C@H](O)[C@H]2O)[C@H](O)[C@H]1O)[C@H](O)/C=C/CCCCCCCCCCCCC.NC1=NC(=O)N([C@@H]2O[C@H](COP(=O)([O-])[O-])[C@@H](O)[C@H]2O)C=C1.[H+],*C(=O)N[C@@H](CO[C@@H]1O[C@H](CO)[C@@H](O[C@@H]2O[C@H](CO)[C@H](O)[C@H](O)[C@H]2O)[C@H](O)[C@H]1O)[C@H](O)/C=C/CCCCCCCCCCCCC.[H][C@@]1([C@H](O)[C@H](O)CO)O[C@](OP(=O)([O-])OC[C@H]2O[C@@H](N3C=CC(N)=NC3=O)[C@H](O)[C@@H]2O)(C(=O)[O-])C[C@H](O)[C@H]1NC(C)=O
DM80,[NH3+]CCS(=O)(=O)[O-]//O=C([O-])CCC(=O)C(=O)[O-]//O=O,[NH3+]CC=O//O=S([O-])[O-]//O=C([O-])CCC(=O)[O-]//O=C=O//[H+],[NH3+]CCS(=O)(=O)[O-].O=C([O-])CCC(=O)C(=O)[O-].O=O,[NH3+]CC=O.O=S([O-])[O-].O=C([O-])CCC(=O)[O-].O=C=O.[H+]
DM81,[NH3+][C@H]1C[C@@H](O)[C@H](O)[C@@H](O)[C@@H]1O//NC(=O)C1=CC=C[N+]([C@@H]2O[C@H](COP(=O)([O-])OP(=O)([O-])OC[C@H]3O[C@@H](N4C=NC5=C4N=CN=C5N)[C@H](O)[C@@H]3O)[C@@H](O)[C@H]2O)=C1,[NH3+][C@H]1CC(=O)[C@H](O)[C@@H](O)[C@@H]1O//NC(=O)C1=CN([C@@H]2O[C@H](COP(=O)([O-])OP(=O)([O-])OC[C@H]3O[C@@H](N4C=NC5=C4N=CN=C5N)[C@H](O)[C@@H]3O)[C@@H](O)[C@H]2O)C=CC1//[H+],[NH3+][C@H]1C[C@@H](O)[C@H](O)[C@@H](O)[C@@H]1O.NC(=O)C1=CC=C[N+]([C@@H]2O[C@H](COP(=O)([O-])OP(=O)([O-])OC[C@H]3O[C@@H](N4C=NC5=C4N=CN=C5N)[C@H](O)[C@@H]3O)[C@@H](O)[C@H]2O)=C1,[NH3+][C@H]1CC(=O)[C@H](O)[C@@H](O)[C@@H]1O.NC(=O)C1=CN([C@@H]2O[C@H](COP(=O)([O-])OP(=O)([O-])OC[C@H]3O[C@@H](N4C=NC5=C4N=CN=C5N)[C@H](O)[C@@H]3O)[C@@H](O)[C@H]2O)C=CC1.[H+]
DM82,O=C1C=CNC(=O)N1//*//[H]O[H],O=C1[CH-]C(=O)NC(=O)N1//[H]*[H]//[H+],O=C1C=CNC(=O)N1.*.[H]O[H],O=C1[CH-]C(=O)NC(=O)N1.[H]*[H].[H+]
DM83,[H][C@@]12/C=C(\C)CC/C=C(\C)C[C@@H](O)[C@@]1([H])C(=C)C(=O)O2//CC1=C(C)C=C2C(=C1)/N=C1/C(=O)[N-]C(=O)N=C1N2C[C@H](O)[C@H](O)[C@H](O)COP(=O)([O-])[O-]//[H]O[H]//[H]O[H],C=C(C(=O)[O-])[C@H]1C/C=C(\C)CC/C=C(\C)C[C@H]1O//CC1=C(C)C=C2C(=C1)NC1=C(NC(=O)NC1=O)N2C[C@H](O)[C@H](O)[C@H](O)COP(=O)([O-])[O-]//O=O,[H][C@@]12/C=C(\C)CC/C=C(\C)C[C@@H](O)[C@@]1([H])C(=C)C(=O)O2.CC1=C(C)C=C2C(=C1)/N=C1/C(=O)[N-]C(=O)N=C1N2C[C@H](O)[C@H](O)[C@H](O)COP(=O)([O-])[O-].[H]O[H].[H]O[H],C=C(C(=O)[O-])[C@H]1C/C=C(\C)CC/C=C(\C)C[C@H]1O.CC1=C(C)C=C2C(=C1)NC1=C(NC(=O)NC1=O)N2C[C@H](O)[C@H](O)[C@H](O)COP(=O)([O-])[O-].O=O
DM84,NC(=O)OP(=O)([O-])[O-]//[NH3+]CCCC[NH3+],NC(=O)NCCCC[NH3+]//O=P([O-])([O-])O//[H+],NC(=O)OP(=O)([O-])[O-].[NH3+]CCCC[NH3+],NC(=O)NCCCC[NH3+].O=P([O-])([O-])O.[H+]
DM85,O=C([O-])C(O)C(C[PH](=O)[O-])C(=O)[O-],[H]P(=O)([O-])CC(O)(CC(=O)[O-])C(=O)[O-],O=C([O-])C(O)C(C[PH](=O)[O-])C(=O)[O-],[H]P(=O)([O-])CC(O)(CC(=O)[O-])C(=O)[O-]
DM86,[Co+]//CC(=O)SCCNC(=O)CCNC(=O)[C@H](O)C(C)(C)COP(=O)([O-])OP(=O)([O-])OC[C@H]1O[C@@H](N2C=NC3=C2N=CN=C3N)[C@H](O)[C@@H]1OP(=O)([O-])[O-]//[H+],C[Co+2]//[C-]#[O+]//CC(C)(COP(=O)([O-])OP(=O)([O-])OC[C@H]1O[C@@H](N2C=NC3=C2N=CN=C3N)[C@H](O)[C@@H]1OP(=O)([O-])[O-])[C@@H](O)C(=O)NCCC(=O)NCCS,[Co+].CC(=O)SCCNC(=O)CCNC(=O)[C@H](O)C(C)(C)COP(=O)([O-])OP(=O)([O-])OC[C@H]1O[C@@H](N2C=NC3=C2N=CN=C3N)[C@H](O)[C@@H]1OP(=O)([O-])[O-].[H+],C[Co+2].[C-]#[O+].CC(C)(COP(=O)([O-])OP(=O)([O-])OC[C@H]1O[C@@H](N2C=NC3=C2N=CN=C3N)[C@H](O)[C@@H]1OP(=O)([O-])[O-])[C@@H](O)C(=O)NCCC(=O)NCCS
DM87,NC1=C2/N=C\N([C@@H]3O[C@H](COP(=O)([O-])OP(=O)([O-])OC[C@H]4OC(O)[C@H](O)[C@@H]4O)[C@@H](O)[C@H]3O)C2=NC=N1//CC(=O)[O-]//[H+],CC(=O)O[C@@H]1[C@@H](COP(=O)([O-])OP(=O)([O-])OC[C@H]2O[C@@H](N3/C=N\C4=C(N)N=CN=C43)[C@H](O)[C@@H]2O)OC(O)[C@@H]1O//[H]O[H],NC1=C2/N=C\N([C@@H]3O[C@H](COP(=O)([O-])OP(=O)([O-])OC[C@H]4OC(O)[C@H](O)[C@@H]4O)[C@@H](O)[C@H]3O)C2=NC=N1.CC(=O)[O-].[H+],CC(=O)O[C@@H]1[C@@H](COP(=O)([O-])OP(=O)([O-])OC[C@H]2O[C@@H](N3/C=N\C4=C(N)N=CN=C43)[C@H](O)[C@@H]2O)OC(O)[C@@H]1O.[H]O[H]
DM88,C[NH2+]CCP(=O)([O-])O//O=O//[H]O[H],[H]C(=O)CP(=O)([O-])O//C[NH3+]//[H]OO[H],C[NH2+]CCP(=O)([O-])O.O=O.[H]O[H],[H]C(=O)CP(=O)([O-])O.C[NH3+].[H]OO[H]
DM89,O=C([O-])[C@@]1(O)C=CC=C[C@@H]1O//NC(=O)C1=CC=C[N+]([C@@H]2O[C@H](COP(=O)([O-])OP(=O)([O-])OC[C@H]3O[C@@H](N4C=NC5=C4N=CN=C5N)[C@H](O)[C@@H]3O)[C@@H](O)[C@H]2O)=C1,OC1=C(O)C=CC=C1//O=C=O//NC(=O)C1=CN([C@@H]2O[C@H](COP(=O)([O-])OP(=O)([O-])OC[C@H]3O[C@@H](N4C=NC5=C4N=CN=C5N)[C@H](O)[C@@H]3O)[C@@H](O)[C@H]2O)C=CC1,O=C([O-])[C@@]1(O)C=CC=C[C@@H]1O.NC(=O)C1=CC=C[N+]([C@@H]2O[C@H](COP(=O)([O-])OP(=O)([O-])OC[C@H]3O[C@@H](N4C=NC5=C4N=CN=C5N)[C@H](O)[C@@H]3O)[C@@H](O)[C@H]2O)=C1,OC1=C(O)C=CC=C1.O=C=O.NC(=O)C1=CN([C@@H]2O[C@H](COP(=O)([O-])OP(=O)([O-])OC[C@H]3O[C@@H](N4C=NC5=C4N=CN=C5N)[C@H](O)[C@@H]3O)[C@@H](O)[C@H]2O)C=CC1
DM90,C[C@H](OP(=O)([O-])OC[C@@H](O)[C@@H](O)[C@@H](O)CN1C2=CC(O)=CC=C2/C=C2C(=O)[N-]C(=O)\N=C/21)C(=O)[O-]//NC1=NC2=C(N=CN2[C@@H]2O[C@H](COP(=O)([O-])[O-])[C@@H](O)[C@H]2O)C(=O)N1//[H+],C[C@H](OP(=O)([O-])OP(=O)([O-])OC[C@H]1O[C@@H](N2C=NC3=C2N=C(N)NC3=O)[C@H](O)[C@@H]1O)C(=O)[O-]//O=C1/N=C2C(=C/C3=CC=C(O)C=C3N\2C[C@H](O)[C@H](O)[C@H](O)CO)C(=O)[N-]1,C[C@H](OP(=O)([O-])OC[C@@H](O)[C@@H](O)[C@@H](O)CN1C2=CC(O)=CC=C2/C=C2C(=O)[N-]C(=O)\N=C/21)C(=O)[O-].NC1=NC2=C(N=CN2[C@@H]2O[C@H](COP(=O)([O-])[O-])[C@@H](O)[C@H]2O)C(=O)N1.[H+],C[C@H](OP(=O)([O-])OP(=O)([O-])OC[C@H]1O[C@@H](N2C=NC3=C2N=C(N)NC3=O)[C@H](O)[C@@H]1O)C(=O)[O-].O=C1/N=C2C(=C/C3=CC=C(O)C=C3N\2C[C@H](O)[C@H](O)[C@H](O)CO)C(=O)[N-]1
DM91,O=C1C=C(C(=O)[O-])C2=C(C=CC=C2)N1//[H]*[H],O=C([O-])C1=CC=NC2=C1C=CC=C2//*//[H]O[H],O=C1C=C(C(=O)[O-])C2=C(C=CC=C2)N1.[H]*[H],O=C([O-])C1=CC=NC2=C1C=CC=C2.*.[H]O[H]
DM92,O=C([O-])C(=O)C[C@H](O)[C@H](O)CO//[H]O[H],O=C([O-])[C@H](O)[C@@H](O)[C@H](O)[C@H](O)CO,O=C([O-])C(=O)C[C@H](O)[C@H](O)CO.[H]O[H],O=C([O-])[C@H](O)[C@@H](O)[C@H](O)[C@H](O)CO
DM93,[NH3+]C[C@@H](CC[C@H]([NH3+])C(=O)[O-])OP(=O)([O-])[O-]//NC1=NC2=C(N=CN2[C@@H]2O[C@H](COP(=O)([O-])OP(=O)([O-])[O-])[C@@H](O)[C@H]2O)C(=O)N1//[H+],[NH3+]C[C@H](O)CC[C@H]([NH3+])C(=O)[O-]//NC1=NC2=C(N=CN2[C@@H]2O[C@H](COP(=O)([O-])OP(=O)([O-])OP(=O)([O-])[O-])[C@@H](O)[C@H]2O)C(=O)N1,[NH3+]C[C@@H](CC[C@H]([NH3+])C(=O)[O-])OP(=O)([O-])[O-].NC1=NC2=C(N=CN2[C@@H]2O[C@H](COP(=O)([O-])OP(=O)([O-])[O-])[C@@H](O)[C@H]2O)C(=O)N1.[H+],[NH3+]C[C@H](O)CC[C@H]([NH3+])C(=O)[O-].NC1=NC2=C(N=CN2[C@@H]2O[C@H](COP(=O)([O-])OP(=O)([O-])OP(=O)([O-])[O-])[C@@H](O)[C@H]2O)C(=O)N1
DM94,CC(=O)OCC[C@H](CO)C1=C([O-])C=C2C(=O)C3=C(C(=O)C2=C1O)C(O)=CC(O)=C3//NC(=O)C1=CC=C[N+]([C@@H]2O[C@H](COP(=O)([O-])OP(=O)([O-])OC[C@H]3O[C@@H](N4C=NC5=C4N=CN=C5N)[C@H](OP(=O)([O-])[O-])[C@@H]3O)[C@@H](O)[C@H]2O)=C1,CC(=O)OCC[C@H]1C2=C(O)/C3=C(/C=C/2O[C@@H]1O)C(=O)C1=C(C3=O)C(O)=CC([O-])=C1//NC(=O)C1=CN([C@@H]2O[C@H](COP(=O)([O-])OP(=O)([O-])OC[C@H]3O[C@@H](N4C=NC5=C4N=CN=C5N)[C@H](OP(=O)([O-])[O-])[C@@H]3O)[C@@H](O)[C@H]2O)C=CC1//[H+],CC(=O)OCC[C@H](CO)C1=C([O-])C=C2C(=O)C3=C(C(=O)C2=C1O)C(O)=CC(O)=C3.NC(=O)C1=CC=C[N+]([C@@H]2O[C@H](COP(=O)([O-])OP(=O)([O-])OC[C@H]3O[C@@H](N4C=NC5=C4N=CN=C5N)[C@H](OP(=O)([O-])[O-])[C@@H]3O)[C@@H](O)[C@H]2O)=C1,CC(=O)OCC[C@H]1C2=C(O)/C3=C(/C=C/2O[C@@H]1O)C(=O)C1=C(C3=O)C(O)=CC([O-])=C1.NC(=O)C1=CN([C@@H]2O[C@H](COP(=O)([O-])OP(=O)([O-])OC[C@H]3O[C@@H](N4C=NC5=C4N=CN=C5N)[C@H](OP(=O)([O-])[O-])[C@@H]3O)[C@@H](O)[C@H]2O)C=CC1.[H+]
DM95,[H][C@@]12CC[C@@]3([H])C(C)(C)CCC[C@]3(C)[C@]13CC[C@@](C)(O)[C@]([H])(C2)C3//O=P([O-])([O-])OP(=O)([O-])O,[H][C@@]12CCC(=C)[C@@H](CC/C(C)=C/COP(=O)([O-])OP(=O)([O-])[O-])[C@@]1(C)CCCC2(C)C//[H]O[H],[H][C@@]12CC[C@@]3([H])C(C)(C)CCC[C@]3(C)[C@]13CC[C@@](C)(O)[C@]([H])(C2)C3.O=P([O-])([O-])OP(=O)([O-])O,[H][C@@]12CCC(=C)[C@@H](CC/C(C)=C/COP(=O)([O-])OP(=O)([O-])[O-])[C@@]1(C)CCCC2(C)C.[H]O[H]
DM96,C[C@H](C(=O)[O-])[C@@](O)(CC(=O)[O-])C(=O)[O-]//CC(C)(COP(=O)([O-])OP(=O)([O-])OC[C@H]1O[C@@H](N2C=NC3=C2N=CN=C3N)[C@H](O)[C@@H]1OP(=O)([O-])[O-])[C@@H](O)C(=O)NCCC(=O)NCCS//[H+],CCC(=O)SCCNC(=O)CCNC(=O)[C@H](O)C(C)(C)COP(=O)([O-])OP(=O)([O-])OC[C@H]1O[C@@H](N2C=NC3=C2N=CN=C3N)[C@H](O)[C@@H]1OP(=O)([O-])[O-]//O=C([O-])CC(=O)C(=O)[O-]//[H]O[H],C[C@H](C(=O)[O-])[C@@](O)(CC(=O)[O-])C(=O)[O-].CC(C)(COP(=O)([O-])OP(=O)([O-])OC[C@H]1O[C@@H](N2C=NC3=C2N=CN=C3N)[C@H](O)[C@@H]1OP(=O)([O-])[O-])[C@@H](O)C(=O)NCCC(=O)NCCS.[H+],CCC(=O)SCCNC(=O)CCNC(=O)[C@H](O)C(C)(C)COP(=O)([O-])OP(=O)([O-])OC[C@H]1O[C@@H](N2C=NC3=C2N=CN=C3N)[C@H](O)[C@@H]1OP(=O)([O-])[O-].O=C([O-])CC(=O)C(=O)[O-].[H]O[H]
DM97,OC[C@H]1OC(O)[C@H](O)[C@@H]1O//NC1=NC=NC2=C1N=CN2[C@@H]1O[C@H](COP(=O)([O-])OP(=O)([O-])[O-])[C@@H](O)[C@H]1O//O=P([O-])([O-])O//[H+],OC[C@H]1OC(O)[C@H](O)[C@@H]1O//NC1=NC=NC2=C1N=CN2[C@@H]1O[C@H](COP(=O)([O-])OP(=O)([O-])OP(=O)([O-])[O-])[C@@H](O)[C@H]1O//[H]O[H],OC[C@H]1OC(O)[C@H](O)[C@@H]1O.NC1=NC=NC2=C1N=CN2[C@@H]1O[C@H](COP(=O)([O-])OP(=O)([O-])[O-])[C@@H](O)[C@H]1O.O=P([O-])([O-])O.[H+],OC[C@H]1OC(O)[C@H](O)[C@@H]1O.NC1=NC=NC2=C1N=CN2[C@@H]1O[C@H](COP(=O)([O-])OP(=O)([O-])OP(=O)([O-])[O-])[C@@H](O)[C@H]1O.[H]O[H]
DM98,[H][C@]12CNC3=C(C(=O)NC(N)=N3)N1CN(C1=CC=C(C(=O)N[C@@H](CCC(=O)[O-])C(=O)[O-])C=C1)C2//[NH3+]CC(=O)[O-]//[H]OO[H],C[NH2+]CC(=O)[O-]//NC1=NC2=C(N[C@@H](CNC3=CC=C(C(=O)N[C@@H](CCC(=O)[O-])C(=O)[O-])C=C3)CN2)C(=O)N1//O=O,[H][C@]12CNC3=C(C(=O)NC(N)=N3)N1CN(C1=CC=C(C(=O)N[C@@H](CCC(=O)[O-])C(=O)[O-])C=C1)C2.[NH3+]CC(=O)[O-].[H]OO[H],C[NH2+]CC(=O)[O-].NC1=NC2=C(N[C@@H](CNC3=CC=C(C(=O)N[C@@H](CCC(=O)[O-])C(=O)[O-])C=C3)CN2)C(=O)N1.O=O
DM99,O=P([O-])([O-])O[C@H]1O[C@H](CO)[C@@H](O[C@H]2O[C@H](CO)[C@@H](O)[C@H](O)[C@H]2O)[C@H](O)[C@H]1O//NC1=NC=NC2=C1N=CN2[C@@H]1O[C@H](COP(=O)([O-])OP(=O)([O-])[O-])[C@@H](O)[C@H]1O//[H+],OC[C@H]1O[C@H](O[C@H]2[C@H](O)[C@@H](O)C(O)O[C@@H]2CO)[C@H](O)[C@@H](O)[C@@H]1O//NC1=NC=NC2=C1N=CN2[C@@H]1O[C@H](COP(=O)([O-])OP(=O)([O-])OP(=O)([O-])[O-])[C@@H](O)[C@H]1O,O=P([O-])([O-])O[C@H]1O[C@H](CO)[C@@H](O[C@H]2O[C@H](CO)[C@@H](O)[C@H](O)[C@H]2O)[C@H](O)[C@H]1O.NC1=NC=NC2=C1N=CN2[C@@H]1O[C@H](COP(=O)([O-])OP(=O)([O-])[O-])[C@@H](O)[C@H]1O.[H+],OC[C@H]1O[C@H](O[C@H]2[C@H](O)[C@@H](O)C(O)O[C@@H]2CO)[C@H](O)[C@@H](O)[C@@H]1O.NC1=NC=NC2=C1N=CN2[C@@H]1O[C@H](COP(=O)([O-])OP(=O)([O-])OP(=O)([O-])[O-])[C@@H](O)[C@H]1O
DM100,[H][C@@]12C[C@]1(C(C)C)CC(=O)[C@H]2C//NC(=O)C1=CN([C@@H]2O[C@H](COP(=O)([O-])OP(=O)([O-])OC[C@H]3O[C@@H](N4C=NC5=C4N=CN=C5N)[C@H](O)[C@@H]3O)[C@@H](O)[C@H]2O)C=CC1//[H+],[H][C@@]12C[C@]1(C(C)C)C[C@@H](O)[C@H]2C//NC(=O)C1=CC=C[N+]([C@@H]2O[C@H](COP(=O)([O-])OP(=O)([O-])OC[C@H]3O[C@@H](N4C=NC5=C4N=CN=C5N)[C@H](O)[C@@H]3O)[C@@H](O)[C@H]2O)=C1,[H][C@@]12C[C@]1(C(C)C)CC(=O)[C@H]2C.NC(=O)C1=CN([C@@H]2O[C@H](COP(=O)([O-])OP(=O)([O-])OC[C@H]3O[C@@H](N4C=NC5=C4N=CN=C5N)[C@H](O)[C@@H]3O)[C@@H](O)[C@H]2O)C=CC1.[H+],[H][C@@]12C[C@]1(C(C)C)C[C@@H](O)[C@H]2C.NC(=O)C1=CC=C[N+]([C@@H]2O[C@H](COP(=O)([O-])OP(=O)([O-])OC[C@H]3O[C@@H](N4C=NC5=C4N=CN=C5N)[C@H](O)[C@@H]3O)[C@@H](O)[C@H]2O)=C1
DM101,*N[C@@H](COP(=O)([O-])OCC(C)(C)[C@@H](O)C(=O)NCCC(=O)NCCSC(=O)CC(*)=O)C(*)=O//NC(=O)C1=CN([C@@H]2O[C@H](COP(=O)([O-])OP(=O)([O-])OC[C@H]3O[C@@H](N4C=NC5=C4N=CN=C5N)[C@H](OP(=O)([O-])[O-])[C@@H]3O)[C@@H](O)[C@H]2O)C=CC1//[H+],*N[C@@H](COP(=O)([O-])OCC(C)(C)[C@@H](O)C(=O)NCCC(=O)NCCSC(=O)C[C@@H](*)O)C(*)=O//NC(=O)C1=CC=C[N+]([C@@H]2O[C@H](COP(=O)([O-])OP(=O)([O-])OC[C@H]3O[C@@H](N4C=NC5=C4N=CN=C5N)[C@H](OP(=O)([O-])[O-])[C@@H]3O)[C@@H](O)[C@H]2O)=C1,*N[C@@H](COP(=O)([O-])OCC(C)(C)[C@@H](O)C(=O)NCCC(=O)NCCSC(=O)CC(*)=O)C(*)=O.NC(=O)C1=CN([C@@H]2O[C@H](COP(=O)([O-])OP(=O)([O-])OC[C@H]3O[C@@H](N4C=NC5=C4N=CN=C5N)[C@H](OP(=O)([O-])[O-])[C@@H]3O)[C@@H](O)[C@H]2O)C=CC1.[H+],*N[C@@H](COP(=O)([O-])OCC(C)(C)[C@@H](O)C(=O)NCCC(=O)NCCSC(=O)C[C@@H](*)O)C(*)=O.NC(=O)C1=CC=C[N+]([C@@H]2O[C@H](COP(=O)([O-])OP(=O)([O-])OC[C@H]3O[C@@H](N4C=NC5=C4N=CN=C5N)[C@H](OP(=O)([O-])[O-])[C@@H]3O)[C@@H](O)[C@H]2O)=C1
DM102,[NH3+][C@@H](COP(=O)([O-])[O-])C(=O)[O-]//O=C([O-])CCC(=O)C(=O)[O-],O=C([O-])C(=O)COP(=O)([O-])[O-]//[NH3+][C@@H](CCC(=O)[O-])C(=O)[O-],[NH3+][C@@H](COP(=O)([O-])[O-])C(=O)[O-].O=C([O-])CCC(=O)C(=O)[O-],O=C([O-])C(=O)COP(=O)([O-])[O-].[NH3+][C@@H](CCC(=O)[O-])C(=O)[O-]
DM103,CC(=O)CC(=O)C1=C(O)C2=C(C=C1CC(=O)[O-])CC1=CC=CC(O)=C1C2=O//O=O,CC(=O)CC(=O)C1=C(O)C2=C(C=C1CC(=O)[O-])C(=O)C1=CC=CC([O-])=C1C2=O//[H]O[H]//[H+],CC(=O)CC(=O)C1=C(O)C2=C(C=C1CC(=O)[O-])CC1=CC=CC(O)=C1C2=O.O=O,CC(=O)CC(=O)C1=C(O)C2=C(C=C1CC(=O)[O-])C(=O)C1=CC=CC([O-])=C1C2=O.[H]O[H].[H+]
DM104,[H][C@@]12CCCN1C(=O)[C@H](CC1=CNC3=C1C=CC=C3)NC2=O//CC(C)=CCOP(=O)([O-])OP(=O)([O-])[O-],[H][C@@]12CCCN1C(=O)[C@H](CC1=C(CC=C(C)C)NC3=C1C=CC=C3)NC2=O//O=P([O-])([O-])OP(=O)([O-])O,[H][C@@]12CCCN1C(=O)[C@H](CC1=CNC3=C1C=CC=C3)NC2=O.CC(C)=CCOP(=O)([O-])OP(=O)([O-])[O-],[H][C@@]12CCCN1C(=O)[C@H](CC1=C(CC=C(C)C)NC3=C1C=CC=C3)NC2=O.O=P([O-])([O-])OP(=O)([O-])O
DM105,[H][C@]12N[C@@]1([H])CN1C3=C(C(=O)C(OC)=C(C)C3=O)[C-](COC(N)=O)[C@]12OC//NC1=NC=NC2=C1N=CN2[C@@H]1O[C@H](CSCC[C@H]([NH3+])C(=O)[O-])[C@@H](O)[C@H]1O,[H][C@]12N[C@@]1([H])CN1C3=C(C(=O)C([O-])=C(C)C3=O)[C-](COC(N)=O)[C@]12OC//C[S+](CC[C@H]([NH3+])C(=O)[O-])C[C@H]1O[C@@H](N2C=NC3=C2N=CN=C3N)[C@H](O)[C@@H]1O,[H][C@]12N[C@@]1([H])CN1C3=C(C(=O)C(OC)=C(C)C3=O)[C-](COC(N)=O)[C@]12OC.NC1=NC=NC2=C1N=CN2[C@@H]1O[C@H](CSCC[C@H]([NH3+])C(=O)[O-])[C@@H](O)[C@H]1O,[H][C@]12N[C@@]1([H])CN1C3=C(C(=O)C([O-])=C(C)C3=O)[C-](COC(N)=O)[C@]12OC.C[S+](CC[C@H]([NH3+])C(=O)[O-])C[C@H]1O[C@@H](N2C=NC3=C2N=CN=C3N)[C@H](O)[C@@H]1O
DM106,NC1=CC(C(=O)[O-])=CC(O)=C1//[H]O[H]//[H+],[NH3+][C@@H]1CC(C(=O)[O-])=CC(=O)[C@H]1O,NC1=CC(C(=O)[O-])=CC(O)=C1.[H]O[H].[H+],[NH3+][C@@H]1CC(C(=O)[O-])=CC(=O)[C@H]1O
DM107,CSCC[C@H]([NH3+])C(=O)[O-]//NC1=NC=NC2=C1N=CN2[C@@H]1O[C@H](COP(=O)([O-])OP(=O)([O-])[O-])[C@@H](O)[C@H]1O//O=P([O-])([O-])O//[H+],CSCC[C@H]([NH3+])C(=O)[O-]//NC1=NC=NC2=C1N=CN2[C@@H]1O[C@H](COP(=O)([O-])OP(=O)([O-])OP(=O)([O-])[O-])[C@@H](O)[C@H]1O//[H]O[H],CSCC[C@H]([NH3+])C(=O)[O-].NC1=NC=NC2=C1N=CN2[C@@H]1O[C@H](COP(=O)([O-])OP(=O)([O-])[O-])[C@@H](O)[C@H]1O.O=P([O-])([O-])O.[H+],CSCC[C@H]([NH3+])C(=O)[O-].NC1=NC=NC2=C1N=CN2[C@@H]1O[C@H](COP(=O)([O-])OP(=O)([O-])OP(=O)([O-])[O-])[C@@H](O)[C@H]1O.[H]O[H]
DM108,CN1C/C2=C(/C=C\C3=C2OCO3)C2=C1\C1=C\C3=C(/C=C1/C=C\2)OCO3//NC(=O)C1=CC=C[N+]([C@@H]2O[C@H](COP(=O)([O-])OP(=O)([O-])OC[C@H]3O[C@@H](N4C=NC5=C4N=CN=C5N)[C@H](O)[C@@H]3O)[C@@H](O)[C@H]2O)=C1,C[N+]1=CC2=C(C=CC3=C2OCO3)C2=C1C1=C(C=C2)C=C2OCOC2=C1//NC(=O)C1=CN([C@@H]2O[C@H](COP(=O)([O-])OP(=O)([O-])OC[C@H]3O[C@@H](N4C=NC5=C4N=CN=C5N)[C@H](O)[C@@H]3O)[C@@H](O)[C@H]2O)C=CC1,CN1C/C2=C(/C=C\C3=C2OCO3)C2=C1\C1=C\C3=C(/C=C1/C=C\2)OCO3.NC(=O)C1=CC=C[N+]([C@@H]2O[C@H](COP(=O)([O-])OP(=O)([O-])OC[C@H]3O[C@@H](N4C=NC5=C4N=CN=C5N)[C@H](O)[C@@H]3O)[C@@H](O)[C@H]2O)=C1,C[N+]1=CC2=C(C=CC3=C2OCO3)C2=C1C1=C(C=C2)C=C2OCOC2=C1.NC(=O)C1=CN([C@@H]2O[C@H](COP(=O)([O-])OP(=O)([O-])OC[C@H]3O[C@@H](N4C=NC5=C4N=CN=C5N)[C@H](O)[C@@H]3O)[C@@H](O)[C@H]2O)C=CC1
DM109,[H][C@@]12C/C=C3/C[C@@H](O)CC[C@]3(C)[C@@]1([H])CC[C@@]1(C)[C@@]2([H])CC[C@]1([H])[C@H](C)CC[C@H](O)C(C)C//CC1=C(C)C=C2C(=C1)NC1=C(NC(=O)NC1=O)N2C[C@H](O)[C@H](O)[C@H](O)COP(=O)([O-])[O-]//O=O,[H][C@]12CC[C@@]3(C)[C@@]([H])(CC[C@]3([H])[C@H](C)CC[C@H](O)C(C)C)[C@]1([H])[C@H](O)/C=C1/C[C@@H](O)CC[C@@]12C//CC1=C(C)C=C2C(=C1)/N=C1/C(=O)[N-]C(=O)N=C1N2C[C@H](O)[C@H](O)[C@H](O)COP(=O)([O-])[O-]//[H]O[H]//[H+],[H][C@@]12C/C=C3/C[C@@H](O)CC[C@]3(C)[C@@]1([H])CC[C@@]1(C)[C@@]2([H])CC[C@]1([H])[C@H](C)CC[C@H](O)C(C)C.CC1=C(C)C=C2C(=C1)NC1=C(NC(=O)NC1=O)N2C[C@H](O)[C@H](O)[C@H](O)COP(=O)([O-])[O-].O=O,[H][C@]12CC[C@@]3(C)[C@@]([H])(CC[C@]3([H])[C@H](C)CC[C@H](O)C(C)C)[C@]1([H])[C@H](O)/C=C1/C[C@@H](O)CC[C@@]12C.CC1=C(C)C=C2C(=C1)/N=C1/C(=O)[N-]C(=O)N=C1N2C[C@H](O)[C@H](O)[C@H](O)COP(=O)([O-])[O-].[H]O[H].[H+]
DM110,O=C=O//NC(=O)C1=CN([C@@H]2O[C@H](COP(=O)([O-])OP(=O)([O-])OC[C@H]3O[C@@H](N4C=NC5=C4N=CN=C5N)[C@H](OP(=O)([O-])[O-])[C@@H]3O)[C@@H](O)[C@H]2O)C=CC1,[H]C(=O)[O-]//NC(=O)C1=CC=C[N+]([C@@H]2O[C@H](COP(=O)([O-])OP(=O)([O-])OC[C@H]3O[C@@H](N4C=NC5=C4N=CN=C5N)[C@H](OP(=O)([O-])[O-])[C@@H]3O)[C@@H](O)[C@H]2O)=C1,O=C=O.NC(=O)C1=CN([C@@H]2O[C@H](COP(=O)([O-])OP(=O)([O-])OC[C@H]3O[C@@H](N4C=NC5=C4N=CN=C5N)[C@H](OP(=O)([O-])[O-])[C@@H]3O)[C@@H](O)[C@H]2O)C=CC1,[H]C(=O)[O-].NC(=O)C1=CC=C[N+]([C@@H]2O[C@H](COP(=O)([O-])OP(=O)([O-])OC[C@H]3O[C@@H](N4C=NC5=C4N=CN=C5N)[C@H](OP(=O)([O-])[O-])[C@@H]3O)[C@@H](O)[C@H]2O)=C1
DM111,[H]C(=O)CC//[H]C(=O)CC,CCC(=O)C(O)CC,[H]C(=O)CC.[H]C(=O)CC,CCC(=O)C(O)CC
DM112,CC(C)=CCC/C(C)=C/CC/C(C)=C/CC/C(C)=C/CC/C(C)=C/CC/C(C)=C/CC/C(C)=C/CC/C(C)=C/COP(=O)([O-])OP(=O)([O-])[O-]//O=C([O-])C1=CC=C(O)C=C1,CC(C)=CCC/C(C)=C/CC/C(C)=C/CC/C(C)=C/CC/C(C)=C/CC/C(C)=C/CC/C(C)=C/CC/C(C)=C/CC1=C(O)C=CC(C(=O)[O-])=C1//O=P([O-])([O-])OP(=O)([O-])O,CC(C)=CCC/C(C)=C/CC/C(C)=C/CC/C(C)=C/CC/C(C)=C/CC/C(C)=C/CC/C(C)=C/CC/C(C)=C/COP(=O)([O-])OP(=O)([O-])[O-].O=C([O-])C1=CC=C(O)C=C1,CC(C)=CCC/C(C)=C/CC/C(C)=C/CC/C(C)=C/CC/C(C)=C/CC/C(C)=C/CC/C(C)=C/CC/C(C)=C/CC1=C(O)C=CC(C(=O)[O-])=C1.O=P([O-])([O-])OP(=O)([O-])O
DM113,[NH3+]CCCC[NH3+]//NC(=O)C1=CN([C@@H]2O[C@H](COP(=O)([O-])OP(=O)([O-])OC[C@H]3O[C@@H](N4C=NC5=C4N=CN=C5N)[C@H](OP(=O)([O-])[O-])[C@@H]3O)[C@@H](O)[C@H]2O)C=CC1//O=O,[NH3+]CCCCNO//NC(=O)C1=CC=C[N+]([C@@H]2O[C@H](COP(=O)([O-])OP(=O)([O-])OC[C@H]3O[C@@H](N4C=NC5=C4N=CN=C5N)[C@H](OP(=O)([O-])[O-])[C@@H]3O)[C@@H](O)[C@H]2O)=C1//[H]O[H],[NH3+]CCCC[NH3+].NC(=O)C1=CN([C@@H]2O[C@H](COP(=O)([O-])OP(=O)([O-])OC[C@H]3O[C@@H](N4C=NC5=C4N=CN=C5N)[C@H](OP(=O)([O-])[O-])[C@@H]3O)[C@@H](O)[C@H]2O)C=CC1.O=O,[NH3+]CCCCNO.NC(=O)C1=CC=C[N+]([C@@H]2O[C@H](COP(=O)([O-])OP(=O)([O-])OC[C@H]3O[C@@H](N4C=NC5=C4N=CN=C5N)[C@H](OP(=O)([O-])[O-])[C@@H]3O)[C@@H](O)[C@H]2O)=C1.[H]O[H]
DM114,O=P([O-])([O-])OC[C@@H](O)[C@@H](O)[C@@H](O)CO//NC(=O)C1=CC=C[N+]([C@@H]2O[C@H](COP(=O)([O-])OP(=O)([O-])OC[C@H]3O[C@@H](N4C=NC5=C4N=CN=C5N)[C@H](OP(=O)([O-])[O-])[C@@H]3O)[C@@H](O)[C@H]2O)=C1,O=C(CO)[C@H](O)[C@H](O)COP(=O)([O-])[O-]//NC(=O)C1=CN([C@@H]2O[C@H](COP(=O)([O-])OP(=O)([O-])OC[C@H]3O[C@@H](N4C=NC5=C4N=CN=C5N)[C@H](OP(=O)([O-])[O-])[C@@H]3O)[C@@H](O)[C@H]2O)C=CC1//[H+],O=P([O-])([O-])OC[C@@H](O)[C@@H](O)[C@@H](O)CO.NC(=O)C1=CC=C[N+]([C@@H]2O[C@H](COP(=O)([O-])OP(=O)([O-])OC[C@H]3O[C@@H](N4C=NC5=C4N=CN=C5N)[C@H](OP(=O)([O-])[O-])[C@@H]3O)[C@@H](O)[C@H]2O)=C1,O=C(CO)[C@H](O)[C@H](O)COP(=O)([O-])[O-].NC(=O)C1=CN([C@@H]2O[C@H](COP(=O)([O-])OP(=O)([O-])OC[C@H]3O[C@@H](N4C=NC5=C4N=CN=C5N)[C@H](OP(=O)([O-])[O-])[C@@H]3O)[C@@H](O)[C@H]2O)C=CC1.[H+]
DM115,O=C([O-])C1=CC=CC=C1//NC1=NC=NC2=C1N=CN2[C@@H]1O[C@H](COP(=O)([O-])OP(=O)([O-])OP(=O)([O-])[O-])[C@@H](O)[C@H]1O//CC(C)(COP(=O)([O-])OP(=O)([O-])OC[C@H]1O[C@@H](N2C=NC3=C2N=CN=C3N)[C@H](O)[C@@H]1OP(=O)([O-])[O-])[C@@H](O)C(=O)NCCC(=O)NCCS,CC(C)(COP(=O)([O-])OP(=O)([O-])OC[C@H]1O[C@@H](N2C=NC3=C2N=CN=C3N)[C@H](O)[C@@H]1OP(=O)([O-])[O-])[C@@H](O)C(=O)NCCC(=O)NCCSC(=O)C1=CC=CC=C1//NC1=NC=NC2=C1N=CN2[C@@H]1O[C@H](COP(=O)([O-])[O-])[C@@H](O)[C@H]1O//O=P([O-])([O-])OP(=O)([O-])O,O=C([O-])C1=CC=CC=C1.NC1=NC=NC2=C1N=CN2[C@@H]1O[C@H](COP(=O)([O-])OP(=O)([O-])OP(=O)([O-])[O-])[C@@H](O)[C@H]1O.CC(C)(COP(=O)([O-])OP(=O)([O-])OC[C@H]1O[C@@H](N2C=NC3=C2N=CN=C3N)[C@H](O)[C@@H]1OP(=O)([O-])[O-])[C@@H](O)C(=O)NCCC(=O)NCCS,CC(C)(COP(=O)([O-])OP(=O)([O-])OC[C@H]1O[C@@H](N2C=NC3=C2N=CN=C3N)[C@H](O)[C@@H]1OP(=O)([O-])[O-])[C@@H](O)C(=O)NCCC(=O)NCCSC(=O)C1=CC=CC=C1.NC1=NC=NC2=C1N=CN2[C@@H]1O[C@H](COP(=O)([O-])[O-])[C@@H](O)[C@H]1O.O=P([O-])([O-])OP(=O)([O-])O
DM116,C[NH2+]CCOP(=O)([O-])[O-]//NC1=NC(=O)N([C@@H]2O[C@H](COP(=O)([O-])OP(=O)([O-])OP(=O)([O-])[O-])[C@@H](O)[C@H]2O)C=C1//[H+],C[NH2+]CCOP(=O)([O-])OP(=O)([O-])OC[C@H]1O[C@@H](N2C=CC(N)=NC2=O)[C@H](O)[C@@H]1O//O=P([O-])([O-])OP(=O)([O-])O,C[NH2+]CCOP(=O)([O-])[O-].NC1=NC(=O)N([C@@H]2O[C@H](COP(=O)([O-])OP(=O)([O-])OP(=O)([O-])[O-])[C@@H](O)[C@H]2O)C=C1.[H+],C[NH2+]CCOP(=O)([O-])OP(=O)([O-])OC[C@H]1O[C@@H](N2C=CC(N)=NC2=O)[C@H](O)[C@@H]1O.O=P([O-])([O-])OP(=O)([O-])O
DM117,CCCCC/C=C\C/C=C\[C@@H](CCCCCCC(=O)[O-])OO,CCCCC/C=C\C/C=C\[C@H](O)CC[C@@H](O)CCCC(=O)[O-],CCCCC/C=C\C/C=C\[C@@H](CCCCCCC(=O)[O-])OO,CCCCC/C=C\C/C=C\[C@H](O)CC[C@@H](O)CCCC(=O)[O-]
DM118,O=P([O-])([O-])OC[C@H](O)CO//NC1=NC=NC2=C1N=CN2[C@@H]1O[C@H](COP(=O)([O-])OP(=O)([O-])[O-])[C@@H](O)[C@H]1O//[H+],OCC(O)CO//NC1=NC=NC2=C1N=CN2[C@@H]1O[C@H](COP(=O)([O-])OP(=O)([O-])OP(=O)([O-])[O-])[C@@H](O)[C@H]1O,O=P([O-])([O-])OC[C@H](O)CO.NC1=NC=NC2=C1N=CN2[C@@H]1O[C@H](COP(=O)([O-])OP(=O)([O-])[O-])[C@@H](O)[C@H]1O.[H+],OCC(O)CO.NC1=NC=NC2=C1N=CN2[C@@H]1O[C@H](COP(=O)([O-])OP(=O)([O-])OP(=O)([O-])[O-])[C@@H](O)[C@H]1O
DM119,CC(C)(COP(=O)([O-])OP(=O)([O-])OC[C@H]1O[C@@H](N2C=NC3=C2N=CN=C3N)[C@H](O)[C@@H]1OP(=O)([O-])[O-])[C@@H](O)C(=O)NCCC(=O)NCCSC(=O)C[C@H](O)C(=O)[O-]//NC1=NC=NC2=C1N=CN2[C@@H]1O[C@H](COP(=O)([O-])OP(=O)([O-])[O-])[C@@H](O)[C@H]1O//O=P([O-])([O-])O,O=C([O-])C[C@H](O)C(=O)[O-]//NC1=NC=NC2=C1N=CN2[C@@H]1O[C@H](COP(=O)([O-])OP(=O)([O-])OP(=O)([O-])[O-])[C@@H](O)[C@H]1O//CC(C)(COP(=O)([O-])OP(=O)([O-])OC[C@H]1O[C@@H](N2C=NC3=C2N=CN=C3N)[C@H](O)[C@@H]1OP(=O)([O-])[O-])[C@@H](O)C(=O)NCCC(=O)NCCS,CC(C)(COP(=O)([O-])OP(=O)([O-])OC[C@H]1O[C@@H](N2C=NC3=C2N=CN=C3N)[C@H](O)[C@@H]1OP(=O)([O-])[O-])[C@@H](O)C(=O)NCCC(=O)NCCSC(=O)C[C@H](O)C(=O)[O-].NC1=NC=NC2=C1N=CN2[C@@H]1O[C@H](COP(=O)([O-])OP(=O)([O-])[O-])[C@@H](O)[C@H]1O.O=P([O-])([O-])O,O=C([O-])C[C@H](O)C(=O)[O-].NC1=NC=NC2=C1N=CN2[C@@H]1O[C@H](COP(=O)([O-])OP(=O)([O-])OP(=O)([O-])[O-])[C@@H](O)[C@H]1O.CC(C)(COP(=O)([O-])OP(=O)([O-])OC[C@H]1O[C@@H](N2C=NC3=C2N=CN=C3N)[C@H](O)[C@@H]1OP(=O)([O-])[O-])[C@@H](O)C(=O)NCCC(=O)NCCS
DM120,CCCCCCCCCCCC(=O)SCCNC(=O)CCNC(=O)[C@H](O)C(C)(C)COP(=O)([O-])OP(=O)([O-])OC[C@H]1O[C@@H](N2C=NC3=C2N=CN=C3N)[C@H](O)[C@@H]1OP(=O)([O-])[O-]//O=C([O-])CCC(=O)C(=O)[O-]//[H]O[H],CCCCCCCCCC[C@H](C(=O)[O-])[C@@](O)(CCC(=O)[O-])C(=O)[O-]//CC(C)(COP(=O)([O-])OP(=O)([O-])OC[C@H]1O[C@@H](N2C=NC3=C2N=CN=C3N)[C@H](O)[C@@H]1OP(=O)([O-])[O-])[C@@H](O)C(=O)NCCC(=O)NCCS//[H+],CCCCCCCCCCCC(=O)SCCNC(=O)CCNC(=O)[C@H](O)C(C)(C)COP(=O)([O-])OP(=O)([O-])OC[C@H]1O[C@@H](N2C=NC3=C2N=CN=C3N)[C@H](O)[C@@H]1OP(=O)([O-])[O-].O=C([O-])CCC(=O)C(=O)[O-].[H]O[H],CCCCCCCCCC[C@H](C(=O)[O-])[C@@](O)(CCC(=O)[O-])C(=O)[O-].CC(C)(COP(=O)([O-])OP(=O)([O-])OC[C@H]1O[C@@H](N2C=NC3=C2N=CN=C3N)[C@H](O)[C@@H]1OP(=O)([O-])[O-])[C@@H](O)C(=O)NCCC(=O)NCCS.[H+]
DM121,*C(=O)[C@@H](NC(=O)[C@@H]([NH3+])CCSC)C(C)C//CC(=O)SCCNC(=O)CCNC(=O)[C@H](O)C(C)(C)COP(=O)([O-])OP(=O)([O-])OC[C@H]1O[C@@H](N2C=NC3=C2N=CN=C3N)[C@H](O)[C@@H]1OP(=O)([O-])[O-],*C(=O)[C@@H](NC(=O)[C@H](CCSC)NC(C)=O)C(C)C//CC(C)(COP(=O)([O-])OP(=O)([O-])OC[C@H]1O[C@@H](N2C=NC3=C2N=CN=C3N)[C@H](O)[C@@H]1OP(=O)([O-])[O-])[C@@H](O)C(=O)NCCC(=O)NCCS//[H+],*C(=O)[C@@H](NC(=O)[C@@H]([NH3+])CCSC)C(C)C.CC(=O)SCCNC(=O)CCNC(=O)[C@H](O)C(C)(C)COP(=O)([O-])OP(=O)([O-])OC[C@H]1O[C@@H](N2C=NC3=C2N=CN=C3N)[C@H](O)[C@@H]1OP(=O)([O-])[O-],*C(=O)[C@@H](NC(=O)[C@H](CCSC)NC(C)=O)C(C)C.CC(C)(COP(=O)([O-])OP(=O)([O-])OC[C@H]1O[C@@H](N2C=NC3=C2N=CN=C3N)[C@H](O)[C@@H]1OP(=O)([O-])[O-])[C@@H](O)C(=O)NCCC(=O)NCCS.[H+]
DM122,NC1=CC=CC=C1C(=O)CC(=O)[O-]//CCCCCCCC(=O)SCCNC(=O)CCNC(=O)[C@H](O)C(C)(C)COP(=O)([O-])OP(=O)([O-])OC[C@H]1O[C@@H](N2C=NC3=C2N=CN=C3N)[C@H](O)[C@@H]1OP(=O)([O-])[O-]//[H+],CCCCCCCC1=CC(=O)C2=C(C=CC=C2)N1//O=C=O//CC(C)(COP(=O)([O-])OP(=O)([O-])OC[C@H]1O[C@@H](N2C=NC3=C2N=CN=C3N)[C@H](O)[C@@H]1OP(=O)([O-])[O-])[C@@H](O)C(=O)NCCC(=O)NCCS//[H]O[H],NC1=CC=CC=C1C(=O)CC(=O)[O-].CCCCCCCC(=O)SCCNC(=O)CCNC(=O)[C@H](O)C(C)(C)COP(=O)([O-])OP(=O)([O-])OC[C@H]1O[C@@H](N2C=NC3=C2N=CN=C3N)[C@H](O)[C@@H]1OP(=O)([O-])[O-].[H+],CCCCCCCC1=CC(=O)C2=C(C=CC=C2)N1.O=C=O.CC(C)(COP(=O)([O-])OP(=O)([O-])OC[C@H]1O[C@@H](N2C=NC3=C2N=CN=C3N)[C@H](O)[C@@H]1OP(=O)([O-])[O-])[C@@H](O)C(=O)NCCC(=O)NCCS.[H]O[H]
DM123,*N[C@H](C(*)=O)[C@@H](C)OP(=O)([O-])[O-]//[H]O[H],*N[C@H](C(*)=O)[C@@H](C)O//O=P([O-])([O-])O,*N[C@H](C(*)=O)[C@@H](C)OP(=O)([O-])[O-].[H]O[H],*N[C@H](C(*)=O)[C@@H](C)O.O=P([O-])([O-])O
DM124,OC[C@H]1OC(O)[C@H](O)[C@@H]1O//O=C1C=CNC(=O)N1,O=C1C=CN([C@@H]2O[C@H](CO)[C@@H](O)[C@H]2O)C(=O)N1//[H]O[H],OC[C@H]1OC(O)[C@H](O)[C@@H]1O.O=C1C=CNC(=O)N1,O=C1C=CN([C@@H]2O[C@H](CO)[C@@H](O)[C@H]2O)C(=O)N1.[H]O[H]
DM125,[1*]C1=C([2*])C(=O)C([3*])=C([4*])C1=O//O=S([O-])[O-]//[H]O[H],[1*]C1=C(O)C([4*])=C([3*])C(O)=C1[2*]//O=S(=O)([O-])[O-],[1*]C1=C([2*])C(=O)C([3*])=C([4*])C1=O.O=S([O-])[O-].[H]O[H],[1*]C1=C(O)C([4*])=C([3*])C(O)=C1[2*].O=S(=O)([O-])[O-]
DM126,C[C@@H]1O[C@@H](OC[C@H]2O[C@@H](OC3=C/C4=C(O[C@@H]5O[C@H](CO)[C@@H](O)[C@H](O)[C@H]5O)C=C([O-])C=C4/[O+]=C\3C3=CC=C(O)C=C3)[C@H](O)[C@@H](O)[C@@H]2O)[C@H](O)[C@H](O)[C@H]1O//O=C1C=CN([C@@H]2O[C@H](COP(=O)([O-])OP(=O)([O-])[O-])[C@@H](O)[C@H]2O)C(=O)N1//[H+],C[C@@H]1O[C@@H](OC[C@H]2O[C@@H](OC3=C/C4=C([O-])C=C(O)C=C4/[O+]=C\3C3=CC=C(O)C=C3)[C@H](O)[C@@H](O)[C@@H]2O)[C@H](O)[C@H](O)[C@H]1O//O=C1C=CN([C@@H]2O[C@H](COP(=O)([O-])OP(=O)([O-])O[C@H]3O[C@H](CO)[C@@H](O)[C@H](O)[C@H]3O)[C@@H](O)[C@H]2O)C(=O)N1,C[C@@H]1O[C@@H](OC[C@H]2O[C@@H](OC3=C/C4=C(O[C@@H]5O[C@H](CO)[C@@H](O)[C@H](O)[C@H]5O)C=C([O-])C=C4/[O+]=C\3C3=CC=C(O)C=C3)[C@H](O)[C@@H](O)[C@@H]2O)[C@H](O)[C@H](O)[C@H]1O.O=C1C=CN([C@@H]2O[C@H](COP(=O)([O-])OP(=O)([O-])[O-])[C@@H](O)[C@H]2O)C(=O)N1.[H+],C[C@@H]1O[C@@H](OC[C@H]2O[C@@H](OC3=C/C4=C([O-])C=C(O)C=C4/[O+]=C\3C3=CC=C(O)C=C3)[C@H](O)[C@@H](O)[C@@H]2O)[C@H](O)[C@H](O)[C@H]1O.O=C1C=CN([C@@H]2O[C@H](COP(=O)([O-])OP(=O)([O-])O[C@H]3O[C@H](CO)[C@@H](O)[C@H](O)[C@H]3O)[C@@H](O)[C@H]2O)C(=O)N1
DM127,*N[C@@H](COP(=O)([O-])OCC(C)(C)[C@@H](O)C(=O)NCCC(=O)NCCSC(*)=O)C(*)=O//NC(=O)C1=CN([C@@H]2O[C@H](COP(=O)([O-])OP(=O)([O-])OC[C@H]3O[C@@H](N4C=NC5=C4N=CN=C5N)[C@H](O)[C@@H]3O)[C@@H](O)[C@H]2O)C=CC1//[H+],*C([H])=O//*N[C@@H](COP(=O)([O-])OCC(C)(C)[C@@H](O)C(=O)NCCC(=O)NCCS)C(*)=O//NC(=O)C1=CC=C[N+]([C@@H]2O[C@H](COP(=O)([O-])OP(=O)([O-])OC[C@H]3O[C@@H](N4C=NC5=C4N=CN=C5N)[C@H](O)[C@@H]3O)[C@@H](O)[C@H]2O)=C1,*N[C@@H](COP(=O)([O-])OCC(C)(C)[C@@H](O)C(=O)NCCC(=O)NCCSC(*)=O)C(*)=O.NC(=O)C1=CN([C@@H]2O[C@H](COP(=O)([O-])OP(=O)([O-])OC[C@H]3O[C@@H](N4C=NC5=C4N=CN=C5N)[C@H](O)[C@@H]3O)[C@@H](O)[C@H]2O)C=CC1.[H+],*C([H])=O.*N[C@@H](COP(=O)([O-])OCC(C)(C)[C@@H](O)C(=O)NCCC(=O)NCCS)C(*)=O.NC(=O)C1=CC=C[N+]([C@@H]2O[C@H](COP(=O)([O-])OP(=O)([O-])OC[C@H]3O[C@@H](N4C=NC5=C4N=CN=C5N)[C@H](O)[C@@H]3O)[C@@H](O)[C@H]2O)=C1
DM128,CC(C)(COP(=O)([O-])OP(=O)([O-])OC[C@H]1O[C@@H](N2C=NC3=C2N=CN=C3N)[C@H](O)[C@@H]1OP(=O)([O-])[O-])[C@@H](O)C(=O)NCCC(=O)NCCSC(=O)[C@H](O)CC1=CC=CC=C1//O=C([O-])/C=C/C1=CC=CC=C1,CC(C)(COP(=O)([O-])OP(=O)([O-])OC[C@H]1O[C@@H](N2C=NC3=C2N=CN=C3N)[C@H](O)[C@@H]1OP(=O)([O-])[O-])[C@@H](O)C(=O)NCCC(=O)NCCSC(=O)/C=C/C1=CC=CC=C1//O=C([O-])[C@H](O)CC1=CC=CC=C1,CC(C)(COP(=O)([O-])OP(=O)([O-])OC[C@H]1O[C@@H](N2C=NC3=C2N=CN=C3N)[C@H](O)[C@@H]1OP(=O)([O-])[O-])[C@@H](O)C(=O)NCCC(=O)NCCSC(=O)[C@H](O)CC1=CC=CC=C1.O=C([O-])/C=C/C1=CC=CC=C1,CC(C)(COP(=O)([O-])OP(=O)([O-])OC[C@H]1O[C@@H](N2C=NC3=C2N=CN=C3N)[C@H](O)[C@@H]1OP(=O)([O-])[O-])[C@@H](O)C(=O)NCCC(=O)NCCSC(=O)/C=C/C1=CC=CC=C1.O=C([O-])[C@H](O)CC1=CC=CC=C1
DM129,CC1=C2CC3=C(C)C(CCC(=O)[O-])=C(CC4=C(CCC(=O)[O-])C(C)=C(CC5=C(CCC(=O)[O-])C(C)=C(CC(=C1CCC(=O)[O-])N2)N5)N4)N3//O=C=O//O=C=O//O=C=O//O=C=O,O=C([O-])CCC1=C2CC3=C(CCC(=O)[O-])C(CC(=O)[O-])=C(CC4=C(CC(=O)[O-])C(CCC(=O)[O-])=C(CC5=C(CC(=O)[O-])C(CCC(=O)[O-])=C(CC(=C1CC(=O)[O-])N2)N5)N4)N3//[H+]//[H+]//[H+]//[H+],CC1=C2CC3=C(C)C(CCC(=O)[O-])=C(CC4=C(CCC(=O)[O-])C(C)=C(CC5=C(CCC(=O)[O-])C(C)=C(CC(=C1CCC(=O)[O-])N2)N5)N4)N3.O=C=O.O=C=O.O=C=O.O=C=O,O=C([O-])CCC1=C2CC3=C(CCC(=O)[O-])C(CC(=O)[O-])=C(CC4=C(CC(=O)[O-])C(CCC(=O)[O-])=C(CC5=C(CC(=O)[O-])C(CCC(=O)[O-])=C(CC(=C1CC(=O)[O-])N2)N5)N4)N3.[H+].[H+].[H+].[H+]
DM130,COC1=CC=C(C[C@H]2C3=C(C=C(OC)C(OC)=C3)CC[NH+]2C)C=C1OC//NC1=NC=NC2=C1N=CN2[C@@H]1O[C@H](CSCC[C@H]([NH3+])C(=O)[O-])[C@@H](O)[C@H]1O//[H+],COC1=CC=C(C[C@@H]2[NH2+]CCC3=C2C=C(OC)C(OC)=C3)C=C1OC//C[S+](CC[C@H]([NH3+])C(=O)[O-])C[C@H]1O[C@@H](N2C=NC3=C2N=CN=C3N)[C@H](O)[C@@H]1O,COC1=CC=C(C[C@H]2C3=C(C=C(OC)C(OC)=C3)CC[NH+]2C)C=C1OC.NC1=NC=NC2=C1N=CN2[C@@H]1O[C@H](CSCC[C@H]([NH3+])C(=O)[O-])[C@@H](O)[C@H]1O.[H+],COC1=CC=C(C[C@@H]2[NH2+]CCC3=C2C=C(OC)C(OC)=C3)C=C1OC.C[S+](CC[C@H]([NH3+])C(=O)[O-])C[C@H]1O[C@@H](N2C=NC3=C2N=CN=C3N)[C@H](O)[C@@H]1O
DM131,[NH3+]C[C@H](O)C1=CC(O)=C(O)C=C1//C[S+](CC[C@H]([NH3+])C(=O)[O-])C[C@H]1O[C@@H](N2C=NC3=C2N=CN=C3N)[C@H](O)[C@@H]1O,C[NH2+]C[C@H](O)C1=CC(O)=C(O)C=C1//NC1=NC=NC2=C1N=CN2[C@@H]1O[C@H](CSCC[C@H]([NH3+])C(=O)[O-])[C@@H](O)[C@H]1O//[H+],[NH3+]C[C@H](O)C1=CC(O)=C(O)C=C1.C[S+](CC[C@H]([NH3+])C(=O)[O-])C[C@H]1O[C@@H](N2C=NC3=C2N=CN=C3N)[C@H](O)[C@@H]1O,C[NH2+]C[C@H](O)C1=CC(O)=C(O)C=C1.NC1=NC=NC2=C1N=CN2[C@@H]1O[C@H](CSCC[C@H]([NH3+])C(=O)[O-])[C@@H](O)[C@H]1O.[H+]
DM132,NC1=CC=CC=C1//[1*]C(=O)[O-]//[H+],[1*]C(=O)NC1=CC=CC=C1//[H]O[H],NC1=CC=CC=C1.[1*]C(=O)[O-].[H+],[1*]C(=O)NC1=CC=CC=C1.[H]O[H]
DM133,[H][S-]//NC(=O)C1=CC=C[N+]([C@@H]2O[C@H](COP(=O)([O-])OP(=O)([O-])OC[C@H]3O[C@@H](N4C=NC5=C4N=CN=C5N)[C@H](OP(=O)([O-])[O-])[C@@H]3O)[C@@H](O)[C@H]2O)=C1,S//NC(=O)C1=CN([C@@H]2O[C@H](COP(=O)([O-])OP(=O)([O-])OC[C@H]3O[C@@H](N4C=NC5=C4N=CN=C5N)[C@H](OP(=O)([O-])[O-])[C@@H]3O)[C@@H](O)[C@H]2O)C=CC1,[H][S-].NC(=O)C1=CC=C[N+]([C@@H]2O[C@H](COP(=O)([O-])OP(=O)([O-])OC[C@H]3O[C@@H](N4C=NC5=C4N=CN=C5N)[C@H](OP(=O)([O-])[O-])[C@@H]3O)[C@@H](O)[C@H]2O)=C1,S.NC(=O)C1=CN([C@@H]2O[C@H](COP(=O)([O-])OP(=O)([O-])OC[C@H]3O[C@@H](N4C=NC5=C4N=CN=C5N)[C@H](OP(=O)([O-])[O-])[C@@H]3O)[C@@H](O)[C@H]2O)C=CC1
DM134,[H][C@]12CNC3=C(C(=O)NC(N)=N3)N1CN(C1=CC=C(C(=O)N[C@@H](CCC(=O)[O-])C(=O)[O-])C=C1)C2//[NH3+]CC(=O)[O-]//[H]O[H],NC1=NC2=C(N[C@@H](CNC3=CC=C(C(=O)N[C@@H](CCC(=O)[O-])C(=O)[O-])C=C3)CN2)C(=O)N1//[NH3+][C@@H](CO)C(=O)[O-],[H][C@]12CNC3=C(C(=O)NC(N)=N3)N1CN(C1=CC=C(C(=O)N[C@@H](CCC(=O)[O-])C(=O)[O-])C=C1)C2.[NH3+]CC(=O)[O-].[H]O[H],NC1=NC2=C(N[C@@H](CNC3=CC=C(C(=O)N[C@@H](CCC(=O)[O-])C(=O)[O-])C=C3)CN2)C(=O)N1.[NH3+][C@@H](CO)C(=O)[O-]
DM135,CC(C)=CCC/C(C)=C/CC/C(C)=C/CC/C(C)=C/CC/C(C)=C/CC/C(C)=C/CC/C(C)=C/CC/C(C)=C/CC/C(C)=C/CC/C(C)=C/CC1=CC=CC(O)=C1O//C[S+](CC[C@H]([NH3+])C(=O)[O-])C[C@H]1O[C@@H](N2C=NC3=C2N=CN=C3N)[C@H](O)[C@@H]1O,COC1=CC=CC(C/C=C(\C)CC/C=C(\C)CC/C=C(\C)CC/C=C(\C)CC/C=C(\C)CC/C=C(\C)CC/C=C(\C)CC/C=C(\C)CC/C=C(\C)CCC=C(C)C)=C1O//NC1=NC=NC2=C1N=CN2[C@@H]1O[C@H](CSCC[C@H]([NH3+])C(=O)[O-])[C@@H](O)[C@H]1O//[H+],CC(C)=CCC/C(C)=C/CC/C(C)=C/CC/C(C)=C/CC/C(C)=C/CC/C(C)=C/CC/C(C)=C/CC/C(C)=C/CC/C(C)=C/CC/C(C)=C/CC1=CC=CC(O)=C1O.C[S+](CC[C@H]([NH3+])C(=O)[O-])C[C@H]1O[C@@H](N2C=NC3=C2N=CN=C3N)[C@H](O)[C@@H]1O,COC1=CC=CC(C/C=C(\C)CC/C=C(\C)CC/C=C(\C)CC/C=C(\C)CC/C=C(\C)CC/C=C(\C)CC/C=C(\C)CC/C=C(\C)CC/C=C(\C)CCC=C(C)C)=C1O.NC1=NC=NC2=C1N=CN2[C@@H]1O[C@H](CSCC[C@H]([NH3+])C(=O)[O-])[C@@H](O)[C@H]1O.[H+]
DM136,CC1=C2\CC[C@@](C)(CCC[C@H](C)CCC[C@H](C)CCCC(C)C)O\C2=C(C)\C(C)=C\1O//NC1=NC=NC2=C1N=CN2[C@@H]1O[C@H](CSCC[C@H]([NH3+])C(=O)[O-])[C@@H](O)[C@H]1O//[H+],CC1=C(O)\C=C2\CC[C@@](C)(CCC[C@H](C)CCC[C@H](C)CCCC(C)C)O\C2=C\1C//C[S+](CC[C@H]([NH3+])C(=O)[O-])C[C@H]1O[C@@H](N2C=NC3=C2N=CN=C3N)[C@H](O)[C@@H]1O,CC1=C2\CC[C@@](C)(CCC[C@H](C)CCC[C@H](C)CCCC(C)C)O\C2=C(C)\C(C)=C\1O.NC1=NC=NC2=C1N=CN2[C@@H]1O[C@H](CSCC[C@H]([NH3+])C(=O)[O-])[C@@H](O)[C@H]1O.[H+],CC1=C(O)\C=C2\CC[C@@](C)(CCC[C@H](C)CCC[C@H](C)CCCC(C)C)O\C2=C\1C.C[S+](CC[C@H]([NH3+])C(=O)[O-])C[C@H]1O[C@@H](N2C=NC3=C2N=CN=C3N)[C@H](O)[C@@H]1O
DM137,*C(=O)CCCCC#CC/C=C\C/C=C\CCCCC//[Fe+3]//[Fe+3]//[H]O[H]//[H]O[H],*C(=O)CCCC/C=C\C/C=C\C/C=C\CCCCC//[Fe+2]//[Fe+2]//O=O//[H+]//[H+],*C(=O)CCCCC#CC/C=C\C/C=C\CCCCC.[Fe+3].[Fe+3].[H]O[H].[H]O[H],*C(=O)CCCC/C=C\C/C=C\C/C=C\CCCCC.[Fe+2].[Fe+2].O=O.[H+].[H+]
DM138,O=C([O-])C1=C(O)C=CC(O)=C1//O=O,O=C([O-])/C=C\C(=O)CC(=O)C(=O)[O-]//[H+],O=C([O-])C1=C(O)C=CC(O)=C1.O=O,O=C([O-])/C=C\C(=O)CC(=O)C(=O)[O-].[H+]
DM139,[H]C(=O)C1=CC(OC)=C(O)C=C1//[H]C(C)=O,C/C=C/C1=CC=C(O)C(OC)=C1//O=O,[H]C(=O)C1=CC(OC)=C(O)C=C1.[H]C(C)=O,C/C=C/C1=CC=C(O)C(OC)=C1.O=O
DM140,CC(C)=CCC/C(C)=C/CC/C(C)=C/CC/C(C)=C/COP(=O)([O-])OP(=O)([O-])[O-],[H][C@]12[C@@H](C(=C)C)CC[C@]1(C)CC[C@@H](C)[C@]21CC=C(C)CC1//O=P([O-])([O-])OP(=O)([O-])O,CC(C)=CCC/C(C)=C/CC/C(C)=C/CC/C(C)=C/COP(=O)([O-])OP(=O)([O-])[O-],[H][C@]12[C@@H](C(=C)C)CC[C@]1(C)CC[C@@H](C)[C@]21CC=C(C)CC1.O=P([O-])([O-])OP(=O)([O-])O
DM141,*[C@H](O)C(=O)[O-]//O=O,[1*]C(=O)C(=O)[O-]//[H]OO[H],*[C@H](O)C(=O)[O-].O=O,[1*]C(=O)C(=O)[O-].[H]OO[H]
DM142,[H][C@]12C[NH+]3CCCC[C@@]3([H])[C@]([H])(CN3C(=O)CCC[C@@]31[H])C2//[Fe+3]//[Fe+3]//[H]O[H],[H][C@@]12CN3C(=O)CCC[C@]3([H])[C@@]([H])(C1)C(O)[NH+]1CCCC[C@]12[H]//[Fe+2]//[Fe+2]//[H+]//[H+],[H][C@]12C[NH+]3CCCC[C@@]3([H])[C@]([H])(CN3C(=O)CCC[C@@]31[H])C2.[Fe+3].[Fe+3].[H]O[H],[H][C@@]12CN3C(=O)CCC[C@]3([H])[C@@]([H])(C1)C(O)[NH+]1CCCC[C@]12[H].[Fe+2].[Fe+2].[H+].[H+]
DM143,[NH3+]CCCC[C@H]([NH3+])C(=O)[O-]//NC(=O)C1=CC=C[N+]([C@@H]2O[C@H](COP(=O)([O-])OP(=O)([O-])OC[C@H]3O[C@@H](N4C=NC5=C4N=CN=C5N)[C@H](OP(=O)([O-])[O-])[C@@H]3O)[C@@H](O)[C@H]2O)=C1,[H][C@@]1(C(=O)[O-])CCCC=N1//[H][N+]([H])([H])[H]//NC(=O)C1=CN([C@@H]2O[C@H](COP(=O)([O-])OP(=O)([O-])OC[C@H]3O[C@@H](N4C=NC5=C4N=CN=C5N)[C@H](OP(=O)([O-])[O-])[C@@H]3O)[C@@H](O)[C@H]2O)C=CC1//[H+]//[H+],[NH3+]CCCC[C@H]([NH3+])C(=O)[O-].NC(=O)C1=CC=C[N+]([C@@H]2O[C@H](COP(=O)([O-])OP(=O)([O-])OC[C@H]3O[C@@H](N4C=NC5=C4N=CN=C5N)[C@H](OP(=O)([O-])[O-])[C@@H]3O)[C@@H](O)[C@H]2O)=C1,[H][C@@]1(C(=O)[O-])CCCC=N1.[H][N+]([H])([H])[H].NC(=O)C1=CN([C@@H]2O[C@H](COP(=O)([O-])OP(=O)([O-])OC[C@H]3O[C@@H](N4C=NC5=C4N=CN=C5N)[C@H](OP(=O)([O-])[O-])[C@@H]3O)[C@@H](O)[C@H]2O)C=CC1.[H+].[H+]
DM144,*O[C@@H]1O[C@H](CO)[C@@H](O[C@@H]2O[C@H](CO)[C@H](O)[C@H](O)[C@H]2NC(C)=O)[C@H](O)[C@H]1NC(C)=O//O=C1C=CN([C@@H]2O[C@H](COP(=O)([O-])OP(=O)([O-])[O-])[C@@H](O)[C@H]2O)C(=O)N1//[H+],*O[C@@H]1O[C@H](CO)[C@@H](O)[C@H](O)[C@H]1NC(C)=O//CC(=O)N[C@H]1[C@@H](OP(=O)([O-])OP(=O)([O-])OC[C@H]2O[C@@H](N3C=CC(=O)NC3=O)[C@H](O)[C@@H]2O)O[C@H](CO)[C@H](O)[C@@H]1O,*O[C@@H]1O[C@H](CO)[C@@H](O[C@@H]2O[C@H](CO)[C@H](O)[C@H](O)[C@H]2NC(C)=O)[C@H](O)[C@H]1NC(C)=O.O=C1C=CN([C@@H]2O[C@H](COP(=O)([O-])OP(=O)([O-])[O-])[C@@H](O)[C@H]2O)C(=O)N1.[H+],*O[C@@H]1O[C@H](CO)[C@@H](O)[C@H](O)[C@H]1NC(C)=O.CC(=O)N[C@H]1[C@@H](OP(=O)([O-])OP(=O)([O-])OC[C@H]2O[C@@H](N3C=CC(=O)NC3=O)[C@H](O)[C@@H]2O)O[C@H](CO)[C@H](O)[C@@H]1O
DM145,O=C([O-])C(=O)CS//*N[C@@H](CS)C(*)=O//*N[C@@H](CS)C(*)=O,*N[C@@H](CSSC[C@H](N*)C(*)=O)C(*)=O//[H][S-]//CC(=O)C(=O)[O-]//[H+],O=C([O-])C(=O)CS.*N[C@@H](CS)C(*)=O.*N[C@@H](CS)C(*)=O,*N[C@@H](CSSC[C@H](N*)C(*)=O)C(*)=O.[H][S-].CC(=O)C(=O)[O-].[H+]
DM146,CC(C)=CCC/C(C)=C/CC/C(C)=C/COP(=O)([O-])OP(=O)([O-])[O-]//[H]O[H],[H][C@]12[C@H](C(C)C)CC[C@@H](C)[C@]13CC[C@](C)(O)[C@]23[H]//O=P([O-])([O-])OP(=O)([O-])O,CC(C)=CCC/C(C)=C/CC/C(C)=C/COP(=O)([O-])OP(=O)([O-])[O-].[H]O[H],[H][C@]12[C@H](C(C)C)CC[C@@H](C)[C@]13CC[C@](C)(O)[C@]23[H].O=P([O-])([O-])OP(=O)([O-])O
DM147,[H][C@@]12CC[C@@]3([H])/C(=C(/C)CCC=C(C)C)CC[C@]3(C)[C@@]1(C)CC[C@@]1([H])C(C)(C)[C@@H](O)CC[C@]21C,CC(C)=CCC/C(C)=C/CC/C(C)=C/CC/C=C(\C)CC/C=C(\C)CC[C@@H]1OC1(C)C,[H][C@@]12CC[C@@]3([H])/C(=C(/C)CCC=C(C)C)CC[C@]3(C)[C@@]1(C)CC[C@@]1([H])C(C)(C)[C@@H](O)CC[C@]21C,CC(C)=CCC/C(C)=C/CC/C(C)=C/CC/C=C(\C)CC/C=C(\C)CC[C@@H]1OC1(C)C
DM148,O=P([O-])([O-])O[C@@H]1[C@H](O)[C@H](O)[C@@H](O)[C@H](O)[C@H]1O//[H]O[H],O[C@H]1[C@H](O)[C@@H](O)[C@H](O)[C@@H](O)[C@H]1O//O=P([O-])([O-])O,O=P([O-])([O-])O[C@@H]1[C@H](O)[C@H](O)[C@@H](O)[C@H](O)[C@H]1O.[H]O[H],O[C@H]1[C@H](O)[C@@H](O)[C@H](O)[C@@H](O)[C@H]1O.O=P([O-])([O-])O
DM149,CSCCC[NH3+]//O=C=O,CSCC[C@H]([NH3+])C(=O)[O-]//[H+],CSCCC[NH3+].O=C=O,CSCC[C@H]([NH3+])C(=O)[O-].[H+]
DM150,CCCCC/C=C\C/C=C\CCCCCCCC(=O)[O-]//O=O,CCCCC/C=C\C/C=C\CCCCCC[C@@H](OO)C(=O)[O-],CCCCC/C=C\C/C=C\CCCCCCCC(=O)[O-].O=O,CCCCC/C=C\C/C=C\CCCCCC[C@@H](OO)C(=O)[O-]
DM151,*C(=O)C([H])=O//NC(=O)C1=CC=C[N+]([C@@H]2O[C@H](COP(=O)([O-])OP(=O)([O-])OC[C@H]3O[C@@H](N4C=NC5=C4N=CN=C5N)[C@H](O)[C@@H]3O)[C@@H](O)[C@H]2O)=C1//[H]O[H],[1*]C(=O)C(=O)[O-]//NC(=O)C1=CN([C@@H]2O[C@H](COP(=O)([O-])OP(=O)([O-])OC[C@H]3O[C@@H](N4C=NC5=C4N=CN=C5N)[C@H](O)[C@@H]3O)[C@@H](O)[C@H]2O)C=CC1//[H+]//[H+],*C(=O)C([H])=O.NC(=O)C1=CC=C[N+]([C@@H]2O[C@H](COP(=O)([O-])OP(=O)([O-])OC[C@H]3O[C@@H](N4C=NC5=C4N=CN=C5N)[C@H](O)[C@@H]3O)[C@@H](O)[C@H]2O)=C1.[H]O[H],[1*]C(=O)C(=O)[O-].NC(=O)C1=CN([C@@H]2O[C@H](COP(=O)([O-])OP(=O)([O-])OC[C@H]3O[C@@H](N4C=NC5=C4N=CN=C5N)[C@H](O)[C@@H]3O)[C@@H](O)[C@H]2O)C=CC1.[H+].[H+]
DM152,*N[C@@H](CCCC[NH2+]CC(=O)[C@H](O)CO)C(*)=O//NC1=NC=NC2=C1N=CN2[C@@H]1O[C@H](COP(=O)([O-])OP(=O)([O-])OP(=O)([O-])[O-])[C@@H](O)[C@H]1O,*N[C@@H](CCCC[NH2+]CC(=O)[C@@H](CO)OP(=O)([O-])[O-])C(*)=O//NC1=NC=NC2=C1N=CN2[C@@H]1O[C@H](COP(=O)([O-])OP(=O)([O-])[O-])[C@@H](O)[C@H]1O//[H+],*N[C@@H](CCCC[NH2+]CC(=O)[C@H](O)CO)C(*)=O.NC1=NC=NC2=C1N=CN2[C@@H]1O[C@H](COP(=O)([O-])OP(=O)([O-])OP(=O)([O-])[O-])[C@@H](O)[C@H]1O,*N[C@@H](CCCC[NH2+]CC(=O)[C@@H](CO)OP(=O)([O-])[O-])C(*)=O.NC1=NC=NC2=C1N=CN2[C@@H]1O[C@H](COP(=O)([O-])OP(=O)([O-])[O-])[C@@H](O)[C@H]1O.[H+]
DM153,O=C[C@H]1OC(O)[C@H](O)[C@@H](O)[C@@H]1O//NC(=O)C1=CN([C@@H]2O[C@H](COP(=O)([O-])OP(=O)([O-])OC[C@H]3O[C@@H](N4C=NC5=C4N=CN=C5N)[C@H](OP(=O)([O-])[O-])[C@@H]3O)[C@@H](O)[C@H]2O)C=CC1//[H+],OC[C@H]1OC(O)[C@H](O)[C@@H](O)[C@@H]1O//NC(=O)C1=CC=C[N+]([C@@H]2O[C@H](COP(=O)([O-])OP(=O)([O-])OC[C@H]3O[C@@H](N4C=NC5=C4N=CN=C5N)[C@H](OP(=O)([O-])[O-])[C@@H]3O)[C@@H](O)[C@H]2O)=C1,O=C[C@H]1OC(O)[C@H](O)[C@@H](O)[C@@H]1O.NC(=O)C1=CN([C@@H]2O[C@H](COP(=O)([O-])OP(=O)([O-])OC[C@H]3O[C@@H](N4C=NC5=C4N=CN=C5N)[C@H](OP(=O)([O-])[O-])[C@@H]3O)[C@@H](O)[C@H]2O)C=CC1.[H+],OC[C@H]1OC(O)[C@H](O)[C@@H](O)[C@@H]1O.NC(=O)C1=CC=C[N+]([C@@H]2O[C@H](COP(=O)([O-])OP(=O)([O-])OC[C@H]3O[C@@H](N4C=NC5=C4N=CN=C5N)[C@H](OP(=O)([O-])[O-])[C@@H]3O)[C@@H](O)[C@H]2O)=C1
DM154,CSCC[C@H]([NH3+])C(=O)[O-]//CSCC[C@H]([NH3+])C(=O)[O-]//[H+],C[S+](C)CC[C@H]([NH3+])C(=O)[O-]//[NH3+][C@@H](CCS)C(=O)[O-],CSCC[C@H]([NH3+])C(=O)[O-].CSCC[C@H]([NH3+])C(=O)[O-].[H+],C[S+](C)CC[C@H]([NH3+])C(=O)[O-].[NH3+][C@@H](CCS)C(=O)[O-]
DM155,*N[C@H](C(*)=O)[C@@H](C)OP(=O)([O-])[O-]//*N[C@@H](CC1=CN(P(=O)([O-])[O-])C=N1)C(*)=O//O=P([O-])([O-])O//[H+],*N[C@H](C(*)=O)[C@@H](C)O//*N[C@@H](CC1=CN(P(=O)([O-])[O-])C=N1)C(*)=O//O=P([O-])([O-])OP(=O)([O-])O,*N[C@H](C(*)=O)[C@@H](C)OP(=O)([O-])[O-].*N[C@@H](CC1=CN(P(=O)([O-])[O-])C=N1)C(*)=O.O=P([O-])([O-])O.[H+],*N[C@H](C(*)=O)[C@@H](C)O.*N[C@@H](CC1=CN(P(=O)([O-])[O-])C=N1)C(*)=O.O=P([O-])([O-])OP(=O)([O-])O
DM156,CC(=O)NC1=NC(=O)NC=C1//[H]O[H],NC1=NC(=O)NC=C1//CC(=O)[O-]//[H+],CC(=O)NC1=NC(=O)NC=C1.[H]O[H],NC1=NC(=O)NC=C1.CC(=O)[O-].[H+]
DM157,COC1=CC=C(C[C@@H]2C3=C(C=C(OC)C(O)=C3)CC[NH+]2C)C=C1O//NC(=O)C1=CC=C[N+]([C@@H]2O[C@H](COP(=O)([O-])OP(=O)([O-])OC[C@H]3O[C@@H](N4C=NC5=C4N=CN=C5N)[C@H](OP(=O)([O-])[O-])[C@@H]3O)[C@@H](O)[C@H]2O)=C1,COC1=CC2=C(C=C1O)C(CC1=CC(O)=C(OC)C=C1)=[N+](C)CC2//NC(=O)C1=CN([C@@H]2O[C@H](COP(=O)([O-])OP(=O)([O-])OC[C@H]3O[C@@H](N4C=NC5=C4N=CN=C5N)[C@H](OP(=O)([O-])[O-])[C@@H]3O)[C@@H](O)[C@H]2O)C=CC1//[H+],COC1=CC=C(C[C@@H]2C3=C(C=C(OC)C(O)=C3)CC[NH+]2C)C=C1O.NC(=O)C1=CC=C[N+]([C@@H]2O[C@H](COP(=O)([O-])OP(=O)([O-])OC[C@H]3O[C@@H](N4C=NC5=C4N=CN=C5N)[C@H](OP(=O)([O-])[O-])[C@@H]3O)[C@@H](O)[C@H]2O)=C1,COC1=CC2=C(C=C1O)C(CC1=CC(O)=C(OC)C=C1)=[N+](C)CC2.NC(=O)C1=CN([C@@H]2O[C@H](COP(=O)([O-])OP(=O)([O-])OC[C@H]3O[C@@H](N4C=NC5=C4N=CN=C5N)[C@H](OP(=O)([O-])[O-])[C@@H]3O)[C@@H](O)[C@H]2O)C=CC1.[H+]
DM158,*P(=O)([O-])OC[C@H]1O[C@@H](N2C=NC3=C2N=CN=C3N)[C@H](O)[C@@H]1OC(=O)[C@@H](N)CC1=CC=CC=C1//*P(=O)([O-])OC[C@H]1O[C@@H](N2C=NC3=C(N)N=CN=C32)[C@H](O)[C@@H]1OC(=O)[C@@H]([NH3+])CC(C)C,CC(C)C[C@@H]1NC(=O)[C@H](CC2=CC=CC=C2)NC1=O//*P(=O)([O-])OC[C@H]1O[C@@H](N2C=NC3=C(N)N=CN=C32)[C@H](O)[C@@H]1O//*P(=O)([O-])OC[C@H]1O[C@@H](N2C=NC3=C(N)N=CN=C32)[C@H](O)[C@@H]1O//[H+],*P(=O)([O-])OC[C@H]1O[C@@H](N2C=NC3=C2N=CN=C3N)[C@H](O)[C@@H]1OC(=O)[C@@H](N)CC1=CC=CC=C1.*P(=O)([O-])OC[C@H]1O[C@@H](N2C=NC3=C(N)N=CN=C32)[C@H](O)[C@@H]1OC(=O)[C@@H]([NH3+])CC(C)C,CC(C)C[C@@H]1NC(=O)[C@H](CC2=CC=CC=C2)NC1=O.*P(=O)([O-])OC[C@H]1O[C@@H](N2C=NC3=C(N)N=CN=C32)[C@H](O)[C@@H]1O.*P(=O)([O-])OC[C@H]1O[C@@H](N2C=NC3=C(N)N=CN=C32)[C@H](O)[C@@H]1O.[H+]
DM159,C[C@H](O)CC(=O)SCCNC(=O)CCNC(=O)[C@H](O)C(C)(C)COP(=O)([O-])OP(=O)([O-])OC[C@H]1O[C@@H](N2C=NC3=C2N=CN=C3N)[C@H](O)[C@@H]1OP(=O)([O-])[O-]//NC(=O)C1=CC=C[N+]([C@@H]2O[C@H](COP(=O)([O-])OP(=O)([O-])OC[C@H]3O[C@@H](N4C=NC5=C4N=CN=C5N)[C@H](OP(=O)([O-])[O-])[C@@H]3O)[C@@H](O)[C@H]2O)=C1,CC(=O)CC(=O)SCCNC(=O)CCNC(=O)[C@H](O)C(C)(C)COP(=O)([O-])OP(=O)([O-])OC[C@H]1O[C@@H](N2C=NC3=C2N=CN=C3N)[C@H](O)[C@@H]1OP(=O)([O-])[O-]//NC(=O)C1=CN([C@@H]2O[C@H](COP(=O)([O-])OP(=O)([O-])OC[C@H]3O[C@@H](N4C=NC5=C4N=CN=C5N)[C@H](OP(=O)([O-])[O-])[C@@H]3O)[C@@H](O)[C@H]2O)C=CC1//[H+],C[C@H](O)CC(=O)SCCNC(=O)CCNC(=O)[C@H](O)C(C)(C)COP(=O)([O-])OP(=O)([O-])OC[C@H]1O[C@@H](N2C=NC3=C2N=CN=C3N)[C@H](O)[C@@H]1OP(=O)([O-])[O-].NC(=O)C1=CC=C[N+]([C@@H]2O[C@H](COP(=O)([O-])OP(=O)([O-])OC[C@H]3O[C@@H](N4C=NC5=C4N=CN=C5N)[C@H](OP(=O)([O-])[O-])[C@@H]3O)[C@@H](O)[C@H]2O)=C1,CC(=O)CC(=O)SCCNC(=O)CCNC(=O)[C@H](O)C(C)(C)COP(=O)([O-])OP(=O)([O-])OC[C@H]1O[C@@H](N2C=NC3=C2N=CN=C3N)[C@H](O)[C@@H]1OP(=O)([O-])[O-].NC(=O)C1=CN([C@@H]2O[C@H](COP(=O)([O-])OP(=O)([O-])OC[C@H]3O[C@@H](N4C=NC5=C4N=CN=C5N)[C@H](OP(=O)([O-])[O-])[C@@H]3O)[C@@H](O)[C@H]2O)C=CC1.[H+]
DM160,*C(=O)[C@H](CCCC[NH3+])NC(=O)[C@@H]([NH3+])CCSC//CC(=O)SCCNC(=O)CCNC(=O)[C@H](O)C(C)(C)COP(=O)([O-])OP(=O)([O-])OC[C@H]1O[C@@H](N2C=NC3=C2N=CN=C3N)[C@H](O)[C@@H]1OP(=O)([O-])[O-],*C(=O)[C@H](CCCC[NH3+])NC(=O)[C@H](CCSC)NC(C)=O//CC(C)(COP(=O)([O-])OP(=O)([O-])OC[C@H]1O[C@@H](N2C=NC3=C2N=CN=C3N)[C@H](O)[C@@H]1OP(=O)([O-])[O-])[C@@H](O)C(=O)NCCC(=O)NCCS//[H+],*C(=O)[C@H](CCCC[NH3+])NC(=O)[C@@H]([NH3+])CCSC.CC(=O)SCCNC(=O)CCNC(=O)[C@H](O)C(C)(C)COP(=O)([O-])OP(=O)([O-])OC[C@H]1O[C@@H](N2C=NC3=C2N=CN=C3N)[C@H](O)[C@@H]1OP(=O)([O-])[O-],*C(=O)[C@H](CCCC[NH3+])NC(=O)[C@H](CCSC)NC(C)=O.CC(C)(COP(=O)([O-])OP(=O)([O-])OC[C@H]1O[C@@H](N2C=NC3=C2N=CN=C3N)[C@H](O)[C@@H]1OP(=O)([O-])[O-])[C@@H](O)C(=O)NCCC(=O)NCCS.[H+]
DM161,O=C([O-])/C=C/C(=O)[O-],O=C([O-])/C=C\C(=O)[O-],O=C([O-])/C=C/C(=O)[O-],O=C([O-])/C=C\C(=O)[O-]
DM162,[H][C@]12C[C@@]3([H])[C@H]([NH+](C)C)C([O-])=C(C(N)=O)C(=O)[C@@]3(O)/C(O)=C\1C(=O)C1=C(O)C=CC=C1[C@@]2(C)O//CC1=CC2=C(C=C1C)N(C[C@H](O)[C@H](O)[C@H](O)COP(=O)([O-])OP(=O)([O-])OC[C@H]1O[C@@H](N3C=NC4=C3N=CN=C4N)[C@H](O)[C@@H]1O)C1=C(N2)C(=O)NC(=O)N1//[Cl-]//O=O,[H][C@]12C[C@@]3([H])[C@H]([NH+](C)C)C([O-])=C(C(N)=O)C(=O)[C@@]3(O)C(O)=C1C(=O)C1=C([O-])C=CC(Cl)=C1[C@@]2(C)O//CC1=CC2=C(C=C1C)N(C[C@H](O)[C@H](O)[C@H](O)COP(=O)([O-])OP(=O)([O-])OC[C@H]1O[C@@H](N3C=NC4=C3N=CN=C4N)[C@H](O)[C@@H]1O)C1=NC(=O)[N-]C(=O)C1=N2//[H]O[H]//[H]O[H]//[H+],[H][C@]12C[C@@]3([H])[C@H]([NH+](C)C)C([O-])=C(C(N)=O)C(=O)[C@@]3(O)/C(O)=C\1C(=O)C1=C(O)C=CC=C1[C@@]2(C)O.CC1=CC2=C(C=C1C)N(C[C@H](O)[C@H](O)[C@H](O)COP(=O)([O-])OP(=O)([O-])OC[C@H]1O[C@@H](N3C=NC4=C3N=CN=C4N)[C@H](O)[C@@H]1O)C1=C(N2)C(=O)NC(=O)N1.[Cl-].O=O,[H][C@]12C[C@@]3([H])[C@H]([NH+](C)C)C([O-])=C(C(N)=O)C(=O)[C@@]3(O)C(O)=C1C(=O)C1=C([O-])C=CC(Cl)=C1[C@@]2(C)O.CC1=CC2=C(C=C1C)N(C[C@H](O)[C@H](O)[C@H](O)COP(=O)([O-])OP(=O)([O-])OC[C@H]1O[C@@H](N3C=NC4=C3N=CN=C4N)[C@H](O)[C@@H]1O)C1=NC(=O)[N-]C(=O)C1=N2.[H]O[H].[H]O[H].[H+]
DM163,[1*]C1=C([2*])C(=O)C([3*])=C([4*])C1=O//NC(=O)C1=CN([C@@H]2O[C@H](COP(=O)([O-])OP(=O)([O-])OC[C@H]3O[C@@H](N4C=NC5=C4N=CN=C5N)[C@H](O)[C@@H]3O)[C@@H](O)[C@H]2O)C=CC1//[H+],[1*]C1=C(O)C([4*])=C([3*])C(O)=C1[2*]//NC(=O)C1=CC=C[N+]([C@@H]2O[C@H](COP(=O)([O-])OP(=O)([O-])OC[C@H]3O[C@@H](N4C=NC5=C4N=CN=C5N)[C@H](O)[C@@H]3O)[C@@H](O)[C@H]2O)=C1,[1*]C1=C([2*])C(=O)C([3*])=C([4*])C1=O.NC(=O)C1=CN([C@@H]2O[C@H](COP(=O)([O-])OP(=O)([O-])OC[C@H]3O[C@@H](N4C=NC5=C4N=CN=C5N)[C@H](O)[C@@H]3O)[C@@H](O)[C@H]2O)C=CC1.[H+],[1*]C1=C(O)C([4*])=C([3*])C(O)=C1[2*].NC(=O)C1=CC=C[N+]([C@@H]2O[C@H](COP(=O)([O-])OP(=O)([O-])OC[C@H]3O[C@@H](N4C=NC5=C4N=CN=C5N)[C@H](O)[C@@H]3O)[C@@H](O)[C@H]2O)=C1
DM164,O=C([O-])[C@H](O)[C@H](O)CO//NC1=NC=NC2=C1N=CN2[C@@H]1O[C@H](COP(=O)([O-])OP(=O)([O-])OP(=O)([O-])[O-])[C@@H](O)[C@H]1O,O=C([O-])[C@H](O)[C@H](O)COP(=O)([O-])[O-]//NC1=NC=NC2=C1N=CN2[C@@H]1O[C@H](COP(=O)([O-])OP(=O)([O-])[O-])[C@@H](O)[C@H]1O//[H+],O=C([O-])[C@H](O)[C@H](O)CO.NC1=NC=NC2=C1N=CN2[C@@H]1O[C@H](COP(=O)([O-])OP(=O)([O-])OP(=O)([O-])[O-])[C@@H](O)[C@H]1O,O=C([O-])[C@H](O)[C@H](O)COP(=O)([O-])[O-].NC1=NC=NC2=C1N=CN2[C@@H]1O[C@H](COP(=O)([O-])OP(=O)([O-])[O-])[C@@H](O)[C@H]1O.[H+]
DM165,*O[C@H]1[C@@H](O)[C@H](N2C=NC3=C2N=C(C)N=C3N)O[C@@H]1COP(*)(=O)[O-]//C[C@H]1O[C@@H](N2C=NC3=C(N)N=CN=C32)[C@H](O)[C@@H]1O//CSCC[C@H]([NH3+])C(=O)[O-]//S1[Fe+]S[Fe+]1//S1[Fe+]S[Fe+]1//NC1=NC=NC2=C1N=CN2[C@@H]1O[C@H](CSCC[C@H]([NH3+])C(=O)[O-])[C@@H](O)[C@H]1O,*O[C@H]1[C@@H](O)[C@H](N2C=NC3=C2N=CN=C3N)O[C@@H]1COP(*)(=O)[O-]//S1[Fe]S[Fe+]1//S1[Fe]S[Fe+]1//C[S+](CC[C@H]([NH3+])C(=O)[O-])C[C@H]1O[C@@H](N2C=NC3=C2N=CN=C3N)[C@H](O)[C@@H]1O//C[S+](CC[C@H]([NH3+])C(=O)[O-])C[C@H]1O[C@@H](N2C=NC3=C2N=CN=C3N)[C@H](O)[C@@H]1O,*O[C@H]1[C@@H](O)[C@H](N2C=NC3=C2N=C(C)N=C3N)O[C@@H]1COP(*)(=O)[O-].C[C@H]1O[C@@H](N2C=NC3=C(N)N=CN=C32)[C@H](O)[C@@H]1O.CSCC[C@H]([NH3+])C(=O)[O-].S1[Fe+]S[Fe+]1.S1[Fe+]S[Fe+]1.NC1=NC=NC2=C1N=CN2[C@@H]1O[C@H](CSCC[C@H]([NH3+])C(=O)[O-])[C@@H](O)[C@H]1O,*O[C@H]1[C@@H](O)[C@H](N2C=NC3=C2N=CN=C3N)O[C@@H]1COP(*)(=O)[O-].S1[Fe]S[Fe+]1.S1[Fe]S[Fe+]1.C[S+](CC[C@H]([NH3+])C(=O)[O-])C[C@H]1O[C@@H](N2C=NC3=C2N=CN=C3N)[C@H](O)[C@@H]1O.C[S+](CC[C@H]([NH3+])C(=O)[O-])C[C@H]1O[C@@H](N2C=NC3=C2N=CN=C3N)[C@H](O)[C@@H]1O
DM166,CC(C)=CCC/C(C)=C/CC/C(C)=C/CC/C(C)=C/CC/C(C)=C/CC/C(C)=C/CC1=CC(C(=O)[O-])=CC(O)=C1O//C[S+](CC[C@H]([NH3+])C(=O)[O-])C[C@H]1O[C@@H](N2C=NC3=C2N=CN=C3N)[C@H](O)[C@@H]1O,COC1=CC(C(=O)[O-])=CC(C/C=C(\C)CC/C=C(\C)CC/C=C(\C)CC/C=C(\C)CC/C=C(\C)CCC=C(C)C)=C1O//NC1=NC=NC2=C1N=CN2[C@@H]1O[C@H](CSCC[C@H]([NH3+])C(=O)[O-])[C@@H](O)[C@H]1O//[H+],CC(C)=CCC/C(C)=C/CC/C(C)=C/CC/C(C)=C/CC/C(C)=C/CC/C(C)=C/CC1=CC(C(=O)[O-])=CC(O)=C1O.C[S+](CC[C@H]([NH3+])C(=O)[O-])C[C@H]1O[C@@H](N2C=NC3=C2N=CN=C3N)[C@H](O)[C@@H]1O,COC1=CC(C(=O)[O-])=CC(C/C=C(\C)CC/C=C(\C)CC/C=C(\C)CC/C=C(\C)CC/C=C(\C)CCC=C(C)C)=C1O.NC1=NC=NC2=C1N=CN2[C@@H]1O[C@H](CSCC[C@H]([NH3+])C(=O)[O-])[C@@H](O)[C@H]1O.[H+]
DM167,O=C1N=C([O-])/C(=C2\C=C(O)C(=O)N=C2[O-])C=C1O//NC(=O)C1=CN([C@@H]2O[C@H](COP(=O)([O-])OP(=O)([O-])OC[C@H]3O[C@@H](N4C=NC5=C4N=CN=C5N)[C@H](O)[C@@H]3O)[C@@H](O)[C@H]2O)C=CC1//[H+]//[H+]//[H+],OC1=CC(C2=C(O)N=C(O)C(O)=C2)=C(O)N=C1O//NC(=O)C1=CC=C[N+]([C@@H]2O[C@H](COP(=O)([O-])OP(=O)([O-])OC[C@H]3O[C@@H](N4C=NC5=C4N=CN=C5N)[C@H](O)[C@@H]3O)[C@@H](O)[C@H]2O)=C1,O=C1N=C([O-])/C(=C2\C=C(O)C(=O)N=C2[O-])C=C1O.NC(=O)C1=CN([C@@H]2O[C@H](COP(=O)([O-])OP(=O)([O-])OC[C@H]3O[C@@H](N4C=NC5=C4N=CN=C5N)[C@H](O)[C@@H]3O)[C@@H](O)[C@H]2O)C=CC1.[H+].[H+].[H+],OC1=CC(C2=C(O)N=C(O)C(O)=C2)=C(O)N=C1O.NC(=O)C1=CC=C[N+]([C@@H]2O[C@H](COP(=O)([O-])OP(=O)([O-])OC[C@H]3O[C@@H](N4C=NC5=C4N=CN=C5N)[C@H](O)[C@@H]3O)[C@@H](O)[C@H]2O)=C1
DM168,CC1=C(C)C(O)=C(C/C=C(\C)CCC[C@H](C)CCC[C@H](C)CCCC(C)C)C=C1O,CC1=C(O)\C=C2\CC[C@@](C)(CCC[C@H](C)CCC[C@H](C)CCCC(C)C)O\C2=C\1C,CC1=C(C)C(O)=C(C/C=C(\C)CCC[C@H](C)CCC[C@H](C)CCCC(C)C)C=C1O,CC1=C(O)\C=C2\CC[C@@](C)(CCC[C@H](C)CCC[C@H](C)CCCC(C)C)O\C2=C\1C
DM169,[NH3+][C@@H](CC1=CNC2=C1C=CC=C2)C(=O)[O-]//CC1=CC2=C(C=C1C)N(C[C@H](O)[C@H](O)[C@H](O)COP(=O)([O-])OP(=O)([O-])OC[C@H]1O[C@@H](N3C=NC4=C3N=CN=C4N)[C@H](O)[C@@H]1O)C1=C(N2)C(=O)NC(=O)N1//[Cl-]//O=O,[NH3+][C@@H](CC1=CNC2=C1C=CC(Cl)=C2)C(=O)[O-]//CC1=CC2=C(C=C1C)N(C[C@H](O)[C@H](O)[C@H](O)COP(=O)([O-])OP(=O)([O-])OC[C@H]1O[C@@H](N3C=NC4=C3N=CN=C4N)[C@H](O)[C@@H]1O)C1=NC(=O)[N-]C(=O)C1=N2//[H]O[H]//[H]O[H],[NH3+][C@@H](CC1=CNC2=C1C=CC=C2)C(=O)[O-].CC1=CC2=C(C=C1C)N(C[C@H](O)[C@H](O)[C@H](O)COP(=O)([O-])OP(=O)([O-])OC[C@H]1O[C@@H](N3C=NC4=C3N=CN=C4N)[C@H](O)[C@@H]1O)C1=C(N2)C(=O)NC(=O)N1.[Cl-].O=O,[NH3+][C@@H](CC1=CNC2=C1C=CC(Cl)=C2)C(=O)[O-].CC1=CC2=C(C=C1C)N(C[C@H](O)[C@H](O)[C@H](O)COP(=O)([O-])OP(=O)([O-])OC[C@H]1O[C@@H](N3C=NC4=C3N=CN=C4N)[C@H](O)[C@@H]1O)C1=NC(=O)[N-]C(=O)C1=N2.[H]O[H].[H]O[H]
DM170,NC(=[NH2+])NCCCC(=O)C(=O)[O-]//[H+],[H]C(=O)CCCNC(N)=[NH2+]//O=C=O,NC(=[NH2+])NCCCC(=O)C(=O)[O-].[H+],[H]C(=O)CCCNC(N)=[NH2+].O=C=O
DM171,*O[C@H]1[C@@H](O)[C@H](N2C=CC(N)=NC2=O)O[C@@H]1COP(*)(=O)[O-]//C[S+](CC[C@H]([NH3+])C(=O)[O-])C[C@H]1O[C@@H](N2C=NC3=C2N=CN=C3N)[C@H](O)[C@@H]1O,*O[C@H]1[C@@H](OC)[C@H](N2C=CC(N)=NC2=O)O[C@@H]1COP(*)(=O)[O-]//NC1=NC=NC2=C1N=CN2[C@@H]1O[C@H](CSCC[C@H]([NH3+])C(=O)[O-])[C@@H](O)[C@H]1O//[H+],*O[C@H]1[C@@H](O)[C@H](N2C=CC(N)=NC2=O)O[C@@H]1COP(*)(=O)[O-].C[S+](CC[C@H]([NH3+])C(=O)[O-])C[C@H]1O[C@@H](N2C=NC3=C2N=CN=C3N)[C@H](O)[C@@H]1O,*O[C@H]1[C@@H](OC)[C@H](N2C=CC(N)=NC2=O)O[C@@H]1COP(*)(=O)[O-].NC1=NC=NC2=C1N=CN2[C@@H]1O[C@H](CSCC[C@H]([NH3+])C(=O)[O-])[C@@H](O)[C@H]1O.[H+]
DM172,[H]C(=O)[C@H](O)CS(=O)(=O)[O-]//O=C(CO)COP(=O)([O-])[O-],O=P([O-])([O-])OCC1(O)O[C@H](CS(=O)(=O)[O-])[C@@H](O)[C@@H]1O,[H]C(=O)[C@H](O)CS(=O)(=O)[O-].O=C(CO)COP(=O)([O-])[O-],O=P([O-])([O-])OCC1(O)O[C@H](CS(=O)(=O)[O-])[C@@H](O)[C@@H]1O
DM173,*C1=C(*)C(*)=C(*)C(C2=C(O)C(=O)C3=C(O2)C(*)=C(O)C(*)=C3*)=C1//O=C1C=CN([C@@H]2O[C@H](COP(=O)([O-])OP(=O)([O-])O[C@H]3O[C@H](CO)[C@@H](O)[C@H](O)[C@H]3O)[C@@H](O)[C@H]2O)C(=O)N1,*C1=C(*)C(*)=C(*)C(/C2=C(\O)C(=O)C3=C(*)C(*)=C(O[C@@H]4O[C@H](CO)[C@@H](O)[C@H](O)[C@H]4O)C(*)=C3O2)=C1//O=C1C=CN([C@@H]2O[C@H](COP(=O)([O-])OP(=O)([O-])[O-])[C@@H](O)[C@H]2O)C(=O)N1//[H+],*C1=C(*)C(*)=C(*)C(C2=C(O)C(=O)C3=C(O2)C(*)=C(O)C(*)=C3*)=C1.O=C1C=CN([C@@H]2O[C@H](COP(=O)([O-])OP(=O)([O-])O[C@H]3O[C@H](CO)[C@@H](O)[C@H](O)[C@H]3O)[C@@H](O)[C@H]2O)C(=O)N1,*C1=C(*)C(*)=C(*)C(/C2=C(\O)C(=O)C3=C(*)C(*)=C(O[C@@H]4O[C@H](CO)[C@@H](O)[C@H](O)[C@H]4O)C(*)=C3O2)=C1.O=C1C=CN([C@@H]2O[C@H](COP(=O)([O-])OP(=O)([O-])[O-])[C@@H](O)[C@H]2O)C(=O)N1.[H+]
DM174,CSCCCCCCCC[C@H]([NH3+])C(=O)[O-]//CC1=C(C)C=C2C(=C1)NC1=C(NC(=O)NC1=O)N2C[C@H](O)[C@H](O)[C@H](O)COP(=O)([O-])[O-]//CC1=C(C)C=C2C(=C1)NC1=C(NC(=O)NC1=O)N2C[C@H](O)[C@H](O)[C@H](O)COP(=O)([O-])[O-]//O=O//O=O,CSCCCCCCCC/C=N/O//CC1=C(C)C=C2C(=C1)/N=C1/C(=O)[N-]C(=O)N=C1N2C[C@H](O)[C@H](O)[C@H](O)COP(=O)([O-])[O-]//CC1=C(C)C=C2C(=C1)/N=C1/C(=O)[N-]C(=O)N=C1N2C[C@H](O)[C@H](O)[C@H](O)COP(=O)([O-])[O-]//O=C=O//[H]O[H]//[H]O[H]//[H]O[H]//[H+]//[H+],CSCCCCCCCC[C@H]([NH3+])C(=O)[O-].CC1=C(C)C=C2C(=C1)NC1=C(NC(=O)NC1=O)N2C[C@H](O)[C@H](O)[C@H](O)COP(=O)([O-])[O-].CC1=C(C)C=C2C(=C1)NC1=C(NC(=O)NC1=O)N2C[C@H](O)[C@H](O)[C@H](O)COP(=O)([O-])[O-].O=O.O=O,CSCCCCCCCC/C=N/O.CC1=C(C)C=C2C(=C1)/N=C1/C(=O)[N-]C(=O)N=C1N2C[C@H](O)[C@H](O)[C@H](O)COP(=O)([O-])[O-].CC1=C(C)C=C2C(=C1)/N=C1/C(=O)[N-]C(=O)N=C1N2C[C@H](O)[C@H](O)[C@H](O)COP(=O)([O-])[O-].O=C=O.[H]O[H].[H]O[H].[H]O[H].[H+].[H+]
DM175,OC[C@H]1O[C@@H](O)[C@@H](O)[C@@H](O)[C@@H]1O,OC[C@H]1O[C@@H](O)[C@H](O)[C@@H](O)[C@@H]1O,OC[C@H]1O[C@@H](O)[C@@H](O)[C@@H](O)[C@@H]1O,OC[C@H]1O[C@@H](O)[C@H](O)[C@@H](O)[C@@H]1O
DM176,O=C([O-])C(=O)C1=CC(O)=CC(O)=C1//CC(C)(COP(=O)([O-])OP(=O)([O-])OC[C@H]1O[C@@H](N2C=NC3=C2N=CN=C3N)[C@H](O)[C@@H]1OP(=O)([O-])[O-])[C@@H](O)C(=O)NCCC(=O)NCCS//[H+],CC(C)(COP(=O)([O-])OP(=O)([O-])OC[C@H]1O[C@@H](N2C=NC3=C2N=CN=C3N)[C@H](O)[C@@H]1OP(=O)([O-])[O-])[C@@H](O)C(=O)NCCC(=O)NCCSC(=O)CC1=CC(O)=CC(O)=C1//O=O,O=C([O-])C(=O)C1=CC(O)=CC(O)=C1.CC(C)(COP(=O)([O-])OP(=O)([O-])OC[C@H]1O[C@@H](N2C=NC3=C2N=CN=C3N)[C@H](O)[C@@H]1OP(=O)([O-])[O-])[C@@H](O)C(=O)NCCC(=O)NCCS.[H+],CC(C)(COP(=O)([O-])OP(=O)([O-])OC[C@H]1O[C@@H](N2C=NC3=C2N=CN=C3N)[C@H](O)[C@@H]1OP(=O)([O-])[O-])[C@@H](O)C(=O)NCCC(=O)NCCSC(=O)CC1=CC(O)=CC(O)=C1.O=O
DM177,CC1=C(O)C(=O)C(C)O1//NC(=O)C1=CC=C[N+]([C@@H]2O[C@H](COP(=O)([O-])OP(=O)([O-])OC[C@H]3O[C@@H](N4C=NC5=C4N=CN=C5N)[C@H](OP(=O)([O-])[O-])[C@@H]3O)[C@@H](O)[C@H]2O)=C1,C=C1OC(C)=C(O)C1=O//NC(=O)C1=CN([C@@H]2O[C@H](COP(=O)([O-])OP(=O)([O-])OC[C@H]3O[C@@H](N4C=NC5=C4N=CN=C5N)[C@H](OP(=O)([O-])[O-])[C@@H]3O)[C@@H](O)[C@H]2O)C=CC1//[H+],CC1=C(O)C(=O)C(C)O1.NC(=O)C1=CC=C[N+]([C@@H]2O[C@H](COP(=O)([O-])OP(=O)([O-])OC[C@H]3O[C@@H](N4C=NC5=C4N=CN=C5N)[C@H](OP(=O)([O-])[O-])[C@@H]3O)[C@@H](O)[C@H]2O)=C1,C=C1OC(C)=C(O)C1=O.NC(=O)C1=CN([C@@H]2O[C@H](COP(=O)([O-])OP(=O)([O-])OC[C@H]3O[C@@H](N4C=NC5=C4N=CN=C5N)[C@H](OP(=O)([O-])[O-])[C@@H]3O)[C@@H](O)[C@H]2O)C=CC1.[H+]
DM178,COC1=CC2=C(OCO2)C2=C[N+](C)=C3C(=C12)C=C/C1=C/C2=C(\C=C/31)OCO2//NC(=O)C1=CN([C@@H]2O[C@H](COP(=O)([O-])OP(=O)([O-])OC[C@H]3O[C@@H](N4C=NC5=C4N=CN=C5N)[C@H](O)[C@@H]3O)[C@@H](O)[C@H]2O)C=CC1,CO/C1=C/C2=C(OCO2)C2=C1C1=C(C3=C/C4=C(\C=C/3C=C1)OCO4)N(C)C2//NC(=O)C1=CC=C[N+]([C@@H]2O[C@H](COP(=O)([O-])OP(=O)([O-])OC[C@H]3O[C@@H](N4C=NC5=C4N=CN=C5N)[C@H](O)[C@@H]3O)[C@@H](O)[C@H]2O)=C1,COC1=CC2=C(OCO2)C2=C[N+](C)=C3C(=C12)C=C/C1=C/C2=C(\C=C/31)OCO2.NC(=O)C1=CN([C@@H]2O[C@H](COP(=O)([O-])OP(=O)([O-])OC[C@H]3O[C@@H](N4C=NC5=C4N=CN=C5N)[C@H](O)[C@@H]3O)[C@@H](O)[C@H]2O)C=CC1,CO/C1=C/C2=C(OCO2)C2=C1C1=C(C3=C/C4=C(\C=C/3C=C1)OCO4)N(C)C2.NC(=O)C1=CC=C[N+]([C@@H]2O[C@H](COP(=O)([O-])OP(=O)([O-])OC[C@H]3O[C@@H](N4C=NC5=C4N=CN=C5N)[C@H](O)[C@@H]3O)[C@@H](O)[C@H]2O)=C1
DM179,O=C([O-])CCS//O=O,O=C([O-])CCS(=O)[O-]//[H+],O=C([O-])CCS.O=O,O=C([O-])CCS(=O)[O-].[H+]
DM180,CC(C)=CCC/C(C)=C/CC/C(C)=C/CC/C(C)=C/CC/C(C)=C/CC/C(C)=C/CC/C(C)=C/CCC(C)CCC/C(C)=C/C/C1=C(\C)C(=O)C2=CC=CC=C2C1=O//S1[Fe]S[Fe+]1//S1[Fe]S[Fe+]1//O=O//[H+]//[H+],C/C1=C(\C/C=C(\C)CCCC(C)CC/C=C(\C)CC/C=C(\C)CC/C=C(\C)CC/C=C(\C)CC/C=C(\C)CC/C=C(\C)CC/C=C(\C)CO)C(=O)C2=CC=CC=C2C1=O//S1[Fe+]S[Fe+]1//S1[Fe+]S[Fe+]1//[H]O[H],CC(C)=CCC/C(C)=C/CC/C(C)=C/CC/C(C)=C/CC/C(C)=C/CC/C(C)=C/CC/C(C)=C/CCC(C)CCC/C(C)=C/C/C1=C(\C)C(=O)C2=CC=CC=C2C1=O.S1[Fe]S[Fe+]1.S1[Fe]S[Fe+]1.O=O.[H+].[H+],C/C1=C(\C/C=C(\C)CCCC(C)CC/C=C(\C)CC/C=C(\C)CC/C=C(\C)CC/C=C(\C)CC/C=C(\C)CC/C=C(\C)CC/C=C(\C)CO)C(=O)C2=CC=CC=C2C1=O.S1[Fe+]S[Fe+]1.S1[Fe+]S[Fe+]1.[H]O[H]
DM181,C=C(C)C(C/C=C(\C)CO)CC/C(C)=C/C=C/C(C)=C/C=C/C(C)=C/C=C/C=C(C)/C=C/C=C(C)/C=C/C=C(\C)CCC(C/C=C(\C)CO)C(=C)C//[H]*[H]//O=P([O-])([O-])OP(=O)([O-])O,C=C(C)C(C/C=C(\C)CO)CC/C(C)=C/C=C/C(C)=C/C=C/C(C)=C/C=C/C=C(C)/C=C/C=C(C)/C=C/C=C(\C)CCC=C(C)C//CC(C)=CCOP(=O)([O-])OP(=O)([O-])[O-]//*//[H]O[H],C=C(C)C(C/C=C(\C)CO)CC/C(C)=C/C=C/C(C)=C/C=C/C(C)=C/C=C/C=C(C)/C=C/C=C(C)/C=C/C=C(\C)CCC(C/C=C(\C)CO)C(=C)C.[H]*[H].O=P([O-])([O-])OP(=O)([O-])O,C=C(C)C(C/C=C(\C)CO)CC/C(C)=C/C=C/C(C)=C/C=C/C(C)=C/C=C/C=C(C)/C=C/C=C(C)/C=C/C=C(\C)CCC=C(C)C.CC(C)=CCOP(=O)([O-])OP(=O)([O-])[O-].*.[H]O[H]
DM182,CC(C)CC(=O)C1=C(O)C=C(O)C=C1O//O=C=O//O=C=O//O=C=O//CC(C)(COP(=O)([O-])OP(=O)([O-])OC[C@H]1O[C@@H](N2C=NC3=C2N=CN=C3N)[C@H](O)[C@@H]1OP(=O)([O-])[O-])[C@@H](O)C(=O)NCCC(=O)NCCS//CC(C)(COP(=O)([O-])OP(=O)([O-])OC[C@H]1O[C@@H](N2C=NC3=C2N=CN=C3N)[C@H](O)[C@@H]1OP(=O)([O-])[O-])[C@@H](O)C(=O)NCCC(=O)NCCS//CC(C)(COP(=O)([O-])OP(=O)([O-])OC[C@H]1O[C@@H](N2C=NC3=C2N=CN=C3N)[C@H](O)[C@@H]1OP(=O)([O-])[O-])[C@@H](O)C(=O)NCCC(=O)NCCS//CC(C)(COP(=O)([O-])OP(=O)([O-])OC[C@H]1O[C@@H](N2C=NC3=C2N=CN=C3N)[C@H](O)[C@@H]1OP(=O)([O-])[O-])[C@@H](O)C(=O)NCCC(=O)NCCS,CC(C)CC(=O)SCCNC(=O)CCNC(=O)[C@H](O)C(C)(C)COP(=O)([O-])OP(=O)([O-])OC[C@H]1O[C@@H](N2C=NC3=C2N=CN=C3N)[C@H](O)[C@@H]1OP(=O)([O-])[O-]//CC(C)(COP(=O)([O-])OP(=O)([O-])OC[C@H]1O[C@@H](N2C=NC3=C2N=CN=C3N)[C@H](O)[C@@H]1OP(=O)([O-])[O-])[C@@H](O)C(=O)NCCC(=O)NCCSC(=O)CC(=O)[O-]//CC(C)(COP(=O)([O-])OP(=O)([O-])OC[C@H]1O[C@@H](N2C=NC3=C2N=CN=C3N)[C@H](O)[C@@H]1OP(=O)([O-])[O-])[C@@H](O)C(=O)NCCC(=O)NCCSC(=O)CC(=O)[O-]//CC(C)(COP(=O)([O-])OP(=O)([O-])OC[C@H]1O[C@@H](N2C=NC3=C2N=CN=C3N)[C@H](O)[C@@H]1OP(=O)([O-])[O-])[C@@H](O)C(=O)NCCC(=O)NCCSC(=O)CC(=O)[O-]//[H+]//[H+]//[H+],CC(C)CC(=O)C1=C(O)C=C(O)C=C1O.O=C=O.O=C=O.O=C=O.CC(C)(COP(=O)([O-])OP(=O)([O-])OC[C@H]1O[C@@H](N2C=NC3=C2N=CN=C3N)[C@H](O)[C@@H]1OP(=O)([O-])[O-])[C@@H](O)C(=O)NCCC(=O)NCCS.CC(C)(COP(=O)([O-])OP(=O)([O-])OC[C@H]1O[C@@H](N2C=NC3=C2N=CN=C3N)[C@H](O)[C@@H]1OP(=O)([O-])[O-])[C@@H](O)C(=O)NCCC(=O)NCCS.CC(C)(COP(=O)([O-])OP(=O)([O-])OC[C@H]1O[C@@H](N2C=NC3=C2N=CN=C3N)[C@H](O)[C@@H]1OP(=O)([O-])[O-])[C@@H](O)C(=O)NCCC(=O)NCCS.CC(C)(COP(=O)([O-])OP(=O)([O-])OC[C@H]1O[C@@H](N2C=NC3=C2N=CN=C3N)[C@H](O)[C@@H]1OP(=O)([O-])[O-])[C@@H](O)C(=O)NCCC(=O)NCCS,CC(C)CC(=O)SCCNC(=O)CCNC(=O)[C@H](O)C(C)(C)COP(=O)([O-])OP(=O)([O-])OC[C@H]1O[C@@H](N2C=NC3=C2N=CN=C3N)[C@H](O)[C@@H]1OP(=O)([O-])[O-].CC(C)(COP(=O)([O-])OP(=O)([O-])OC[C@H]1O[C@@H](N2C=NC3=C2N=CN=C3N)[C@H](O)[C@@H]1OP(=O)([O-])[O-])[C@@H](O)C(=O)NCCC(=O)NCCSC(=O)CC(=O)[O-].CC(C)(COP(=O)([O-])OP(=O)([O-])OC[C@H]1O[C@@H](N2C=NC3=C2N=CN=C3N)[C@H](O)[C@@H]1OP(=O)([O-])[O-])[C@@H](O)C(=O)NCCC(=O)NCCSC(=O)CC(=O)[O-].CC(C)(COP(=O)([O-])OP(=O)([O-])OC[C@H]1O[C@@H](N2C=NC3=C2N=CN=C3N)[C@H](O)[C@@H]1OP(=O)([O-])[O-])[C@@H](O)C(=O)NCCC(=O)NCCSC(=O)CC(=O)[O-].[H+].[H+].[H+]
DM183,O=C([O-])C1=CC=CN=C1//[H][N+]([H])([H])[H],NC(=O)C1=CC=CN=C1//[H]O[H],O=C([O-])C1=CC=CN=C1.[H][N+]([H])([H])[H],NC(=O)C1=CC=CN=C1.[H]O[H]
DM184,*N[C@@H](COP(=O)([O-])OCC(C)(C)[C@@H](O)C(=O)NCCC(=O)NCCSC(*)=O)C(*)=O//NC1=NC=NC2=C1N=CN2[C@@H]1O[C@H](COP(=O)([O-])[O-])[C@@H](O)[C@H]1O//O=P([O-])([O-])OP(=O)([O-])O,*C(=O)[O-]//*N[C@@H](COP(=O)([O-])OCC(C)(C)[C@@H](O)C(=O)NCCC(=O)NCCS)C(*)=O//NC1=NC=NC2=C1N=CN2[C@@H]1O[C@H](COP(=O)([O-])OP(=O)([O-])OP(=O)([O-])[O-])[C@@H](O)[C@H]1O,*N[C@@H](COP(=O)([O-])OCC(C)(C)[C@@H](O)C(=O)NCCC(=O)NCCSC(*)=O)C(*)=O.NC1=NC=NC2=C1N=CN2[C@@H]1O[C@H](COP(=O)([O-])[O-])[C@@H](O)[C@H]1O.O=P([O-])([O-])OP(=O)([O-])O,*C(=O)[O-].*N[C@@H](COP(=O)([O-])OCC(C)(C)[C@@H](O)C(=O)NCCC(=O)NCCS)C(*)=O.NC1=NC=NC2=C1N=CN2[C@@H]1O[C@H](COP(=O)([O-])OP(=O)([O-])OP(=O)([O-])[O-])[C@@H](O)[C@H]1O
DM185,[H][C@]12C3=C(\O)C4=C(\C=C/3CC[N+]1(C)CC1=C(C=CC(OC)=C1OC)[C@@H]2OC(C)=O)OCO4//CC(C)(COP(=O)([O-])OP(=O)([O-])OC[C@H]1O[C@@H](N2C=NC3=C2N=CN=C3N)[C@H](O)[C@@H]1OP(=O)([O-])[O-])[C@@H](O)C(=O)NCCC(=O)NCCS,[H][C@]12C3=C(\O)C4=C(\C=C/3CC[N+]1(C)CC1=C(C=CC(OC)=C1OC)[C@@H]2O)OCO4//CC(=O)SCCNC(=O)CCNC(=O)[C@H](O)C(C)(C)COP(=O)([O-])OP(=O)([O-])OC[C@H]1O[C@@H](N2C=NC3=C2N=CN=C3N)[C@H](O)[C@@H]1OP(=O)([O-])[O-],[H][C@]12C3=C(\O)C4=C(\C=C/3CC[N+]1(C)CC1=C(C=CC(OC)=C1OC)[C@@H]2OC(C)=O)OCO4.CC(C)(COP(=O)([O-])OP(=O)([O-])OC[C@H]1O[C@@H](N2C=NC3=C2N=CN=C3N)[C@H](O)[C@@H]1OP(=O)([O-])[O-])[C@@H](O)C(=O)NCCC(=O)NCCS,[H][C@]12C3=C(\O)C4=C(\C=C/3CC[N+]1(C)CC1=C(C=CC(OC)=C1OC)[C@@H]2O)OCO4.CC(=O)SCCNC(=O)CCNC(=O)[C@H](O)C(C)(C)COP(=O)([O-])OP(=O)([O-])OC[C@H]1O[C@@H](N2C=NC3=C2N=CN=C3N)[C@H](O)[C@@H]1OP(=O)([O-])[O-]
DM186,CC(C)(COP(=O)([O-])OP(=O)([O-])OC[C@H]1O[C@@H](N2C=NC3=C2N=CN=C3N)[C@H](O)[C@@H]1OP(=O)([O-])[O-])[C@@H](O)C(=O)NCCC(=O)NCCSC(=O)C/C1=C/NC2=C1C=CC=C2//S1[Fe]S[Fe+]1//S1[Fe]S[Fe+]1//O=C=O//[H+],O=C([O-])C(=O)CC1=CNC2=C1C=CC=C2//S1[Fe+]S[Fe+]1//S1[Fe+]S[Fe+]1//CC(C)(COP(=O)([O-])OP(=O)([O-])OC[C@H]1O[C@@H](N2C=NC3=C2N=CN=C3N)[C@H](O)[C@@H]1OP(=O)([O-])[O-])[C@@H](O)C(=O)NCCC(=O)NCCS,CC(C)(COP(=O)([O-])OP(=O)([O-])OC[C@H]1O[C@@H](N2C=NC3=C2N=CN=C3N)[C@H](O)[C@@H]1OP(=O)([O-])[O-])[C@@H](O)C(=O)NCCC(=O)NCCSC(=O)C/C1=C/NC2=C1C=CC=C2.S1[Fe]S[Fe+]1.S1[Fe]S[Fe+]1.O=C=O.[H+],O=C([O-])C(=O)CC1=CNC2=C1C=CC=C2.S1[Fe+]S[Fe+]1.S1[Fe+]S[Fe+]1.CC(C)(COP(=O)([O-])OP(=O)([O-])OC[C@H]1O[C@@H](N2C=NC3=C2N=CN=C3N)[C@H](O)[C@@H]1OP(=O)([O-])[O-])[C@@H](O)C(=O)NCCC(=O)NCCS
DM187,[NH3+][C@@H](CO)C(=O)[O-]//NC1=NC=NC2=C1N=CN2[C@@H]1O[C@H](COP(=O)([O-])OP(=O)([O-])OP(=O)([O-])[O-])[C@@H](O)[C@H]1O,[NH3+][C@@H](COP(=O)([O-])[O-])C(=O)[O-]//NC1=NC=NC2=C1N=CN2[C@@H]1O[C@H](COP(=O)([O-])OP(=O)([O-])[O-])[C@@H](O)[C@H]1O//[H+],[NH3+][C@@H](CO)C(=O)[O-].NC1=NC=NC2=C1N=CN2[C@@H]1O[C@H](COP(=O)([O-])OP(=O)([O-])OP(=O)([O-])[O-])[C@@H](O)[C@H]1O,[NH3+][C@@H](COP(=O)([O-])[O-])C(=O)[O-].NC1=NC=NC2=C1N=CN2[C@@H]1O[C@H](COP(=O)([O-])OP(=O)([O-])[O-])[C@@H](O)[C@H]1O.[H+]
DM188,[NH3+][C@@H](CC1=CNC2=C1C=CC=C2)C(=O)[O-]//CC1=CC2=C(C=C1C)N(C[C@H](O)[C@H](O)[C@H](O)COP(=O)([O-])OP(=O)([O-])OC[C@H]1O[C@@H](N3C=NC4=C3N=CN=C4N)[C@H](O)[C@@H]1O)C1=C(N2)C(=O)NC(=O)N1//[Cl-]//O=O,[NH3+][C@@H](CC1=CNC2=C1C=CC=C2Cl)C(=O)[O-]//CC1=CC2=C(C=C1C)N(C[C@H](O)[C@H](O)[C@H](O)COP(=O)([O-])OP(=O)([O-])OC[C@H]1O[C@@H](N3C=NC4=C3N=CN=C4N)[C@H](O)[C@@H]1O)C1=NC(=O)[N-]C(=O)C1=N2//[H]O[H]//[H]O[H],[NH3+][C@@H](CC1=CNC2=C1C=CC=C2)C(=O)[O-].CC1=CC2=C(C=C1C)N(C[C@H](O)[C@H](O)[C@H](O)COP(=O)([O-])OP(=O)([O-])OC[C@H]1O[C@@H](N3C=NC4=C3N=CN=C4N)[C@H](O)[C@@H]1O)C1=C(N2)C(=O)NC(=O)N1.[Cl-].O=O,[NH3+][C@@H](CC1=CNC2=C1C=CC=C2Cl)C(=O)[O-].CC1=CC2=C(C=C1C)N(C[C@H](O)[C@H](O)[C@H](O)COP(=O)([O-])OP(=O)([O-])OC[C@H]1O[C@@H](N3C=NC4=C3N=CN=C4N)[C@H](O)[C@@H]1O)C1=NC(=O)[N-]C(=O)C1=N2.[H]O[H].[H]O[H]
DM189,[H][C@@]12NC3=C(N=C(N)NC3=O)N[C@]1([H])O[C@H](COP(=O)([O-])[O-])C1=C2S[Mo-](=O)(=O)([O-])S1//NC1=NC2=C(N=CN2[C@@H]2O[C@H](COP(=O)([O-])OP(=O)([O-])OP(=O)([O-])[O-])[C@@H](O)[C@H]2O)C(=O)N1//[H+],[H][C@@]12NC3=C(N=C(N)NC3=O)N[C@]1([H])O[C@H](COP(=O)([O-])OP(=O)([O-])OC[C@H]1O[C@@H](N3/C=N\C4=C3N=C(N)NC4=O)[C@H](O)[C@@H]1O)C1=C2S[Mo-](=O)(=O)([O-])S1//O=P([O-])([O-])OP(=O)([O-])O,[H][C@@]12NC3=C(N=C(N)NC3=O)N[C@]1([H])O[C@H](COP(=O)([O-])[O-])C1=C2S[Mo-](=O)(=O)([O-])S1.NC1=NC2=C(N=CN2[C@@H]2O[C@H](COP(=O)([O-])OP(=O)([O-])OP(=O)([O-])[O-])[C@@H](O)[C@H]2O)C(=O)N1.[H+],[H][C@@]12NC3=C(N=C(N)NC3=O)N[C@]1([H])O[C@H](COP(=O)([O-])OP(=O)([O-])OC[C@H]1O[C@@H](N3/C=N\C4=C3N=C(N)NC4=O)[C@H](O)[C@@H]1O)C1=C2S[Mo-](=O)(=O)([O-])S1.O=P([O-])([O-])OP(=O)([O-])O
DM190,OC[C@H]1O[C@H](O[C@H]2[C@H](O)[C@@H](O)C(O)O[C@@H]2CO)[C@H](O)[C@@H](O)[C@@H]1O//*N[C@@H](CC1=CN=CN1P(=O)([O-])[O-])C(*)=O,O=P([O-])([O-])OC[C@H]1O[C@H](O[C@H]2[C@H](O)[C@@H](O)[C@@H](O)O[C@@H]2CO)[C@H](O)[C@@H](O)[C@@H]1O//*N[C@@H](CC1=CNC=N1)C(*)=O,OC[C@H]1O[C@H](O[C@H]2[C@H](O)[C@@H](O)C(O)O[C@@H]2CO)[C@H](O)[C@@H](O)[C@@H]1O.*N[C@@H](CC1=CN=CN1P(=O)([O-])[O-])C(*)=O,O=P([O-])([O-])OC[C@H]1O[C@H](O[C@H]2[C@H](O)[C@@H](O)[C@@H](O)O[C@@H]2CO)[C@H](O)[C@@H](O)[C@@H]1O.*N[C@@H](CC1=CNC=N1)C(*)=O
DM191,O=C(CO)[C@@H](O)[C@H](O)[C@@H](O)C(=O)[O-]//NC(=O)C1=CN([C@@H]2O[C@H](COP(=O)([O-])OP(=O)([O-])OC[C@H]3O[C@@H](N4C=NC5=C4N=CN=C5N)[C@H](OP(=O)([O-])[O-])[C@@H]3O)[C@@H](O)[C@H]2O)C=CC1//[H+],O=C([O-])[C@H](O)[C@@H](O)[C@H](O)[C@H](O)CO//NC(=O)C1=CC=C[N+]([C@@H]2O[C@H](COP(=O)([O-])OP(=O)([O-])OC[C@H]3O[C@@H](N4C=NC5=C4N=CN=C5N)[C@H](OP(=O)([O-])[O-])[C@@H]3O)[C@@H](O)[C@H]2O)=C1,O=C(CO)[C@@H](O)[C@H](O)[C@@H](O)C(=O)[O-].NC(=O)C1=CN([C@@H]2O[C@H](COP(=O)([O-])OP(=O)([O-])OC[C@H]3O[C@@H](N4C=NC5=C4N=CN=C5N)[C@H](OP(=O)([O-])[O-])[C@@H]3O)[C@@H](O)[C@H]2O)C=CC1.[H+],O=C([O-])[C@H](O)[C@@H](O)[C@H](O)[C@H](O)CO.NC(=O)C1=CC=C[N+]([C@@H]2O[C@H](COP(=O)([O-])OP(=O)([O-])OC[C@H]3O[C@@H](N4C=NC5=C4N=CN=C5N)[C@H](OP(=O)([O-])[O-])[C@@H]3O)[C@@H](O)[C@H]2O)=C1
DM192,*C(=O)CCCC/C=C\C/C=C\C/C=C\C/C=C\CC//[Fe+2]//[Fe+2]//O=O//[H+]//[H+],*C(=O)CCCCC#CC/C=C\C/C=C\C/C=C\CC//[Fe+3]//[Fe+3]//[H]O[H]//[H]O[H],*C(=O)CCCC/C=C\C/C=C\C/C=C\C/C=C\CC.[Fe+2].[Fe+2].O=O.[H+].[H+],*C(=O)CCCCC#CC/C=C\C/C=C\C/C=C\CC.[Fe+3].[Fe+3].[H]O[H].[H]O[H]
DM193,NC(=[NH2+])N[C@H]1[C@H](O)[C@@H](O)[C@H](OP(=O)([O-])[O-])[C@@H](O)[C@@H]1O//[NH3+]CCC[C@H]([NH3+])C(=O)[O-],[NH3+][C@@H]1[C@@H](O)[C@H](O)[C@@H](OP(=O)([O-])[O-])[C@H](O)[C@H]1O//NC(=[NH2+])NCCC[C@H]([NH3+])C(=O)[O-],NC(=[NH2+])N[C@H]1[C@H](O)[C@@H](O)[C@H](OP(=O)([O-])[O-])[C@@H](O)[C@@H]1O.[NH3+]CCC[C@H]([NH3+])C(=O)[O-],[NH3+][C@@H]1[C@@H](O)[C@H](O)[C@@H](OP(=O)([O-])[O-])[C@H](O)[C@H]1O.NC(=[NH2+])NCCC[C@H]([NH3+])C(=O)[O-]
DM194,OCC1=CC(OC2=CC=CC=C2)=CC=C1//CC1(C)[C@@H](C=C(Cl)Cl)[C@@H]1C(=O)[O-]//[H+],CC1(C)[C@@H](C=C(Cl)Cl)[C@@H]1C(=O)OCC1=CC(OC2=CC=CC=C2)=CC=C1//[H]O[H],OCC1=CC(OC2=CC=CC=C2)=CC=C1.CC1(C)[C@@H](C=C(Cl)Cl)[C@@H]1C(=O)[O-].[H+],CC1(C)[C@@H](C=C(Cl)Cl)[C@@H]1C(=O)OCC1=CC(OC2=CC=CC=C2)=CC=C1.[H]O[H]
DM195,CN1C=NC2=C1C(=O)NC(=O)N2C//[H]C([H])=O//NC(=O)C1=CC=C[N+]([C@@H]2O[C@H](COP(=O)([O-])OP(=O)([O-])OC[C@H]3O[C@@H](N4C=NC5=C4N=CN=C5N)[C@H](OP(=O)([O-])[O-])[C@@H]3O)[C@@H](O)[C@H]2O)=C1//[H]O[H],CN1C=NC2=C1C(=O)N(C)C(=O)N2C//NC(=O)C1=CN([C@@H]2O[C@H](COP(=O)([O-])OP(=O)([O-])OC[C@H]3O[C@@H](N4C=NC5=C4N=CN=C5N)[C@H](OP(=O)([O-])[O-])[C@@H]3O)[C@@H](O)[C@H]2O)C=CC1//O=O//[H+],CN1C=NC2=C1C(=O)NC(=O)N2C.[H]C([H])=O.NC(=O)C1=CC=C[N+]([C@@H]2O[C@H](COP(=O)([O-])OP(=O)([O-])OC[C@H]3O[C@@H](N4C=NC5=C4N=CN=C5N)[C@H](OP(=O)([O-])[O-])[C@@H]3O)[C@@H](O)[C@H]2O)=C1.[H]O[H],CN1C=NC2=C1C(=O)N(C)C(=O)N2C.NC(=O)C1=CN([C@@H]2O[C@H](COP(=O)([O-])OP(=O)([O-])OC[C@H]3O[C@@H](N4C=NC5=C4N=CN=C5N)[C@H](OP(=O)([O-])[O-])[C@@H]3O)[C@@H](O)[C@H]2O)C=CC1.O=O.[H+]
DM196,C=C(O[C@@H]1CC(C(=O)[O-])=C[C@@H](OP(=O)([O-])[O-])[C@H]1O)C(=O)[O-]//O=P([O-])([O-])O,O=C([O-])C1=C[C@@H](OP(=O)([O-])[O-])[C@@H](O)[C@H](O)C1//C=C(OP(=O)([O-])[O-])C(=O)[O-],C=C(O[C@@H]1CC(C(=O)[O-])=C[C@@H](OP(=O)([O-])[O-])[C@H]1O)C(=O)[O-].O=P([O-])([O-])O,O=C([O-])C1=C[C@@H](OP(=O)([O-])[O-])[C@@H](O)[C@H](O)C1.C=C(OP(=O)([O-])[O-])C(=O)[O-]
DM197,[H][C@@]12CC[C@]3([H])[C@]([H])(CC[C@]4(C)[C@@H](O)CC[C@@]34[H])[C@@]1(C)CC[C@@H](O)C2//NC(=O)C1=CC=C[N+]([C@@H]2O[C@H](COP(=O)([O-])OP(=O)([O-])OC[C@H]3O[C@@H](N4C=NC5=C4N=CN=C5N)[C@H](O)[C@@H]3O)[C@@H](O)[C@H]2O)=C1,[H][C@@]12CC[C@]3([H])[C@]([H])(CC[C@]4(C)[C@@H](O)CC[C@@]34[H])[C@@]1(C)CCC(=O)C2//NC(=O)C1=CN([C@@H]2O[C@H](COP(=O)([O-])OP(=O)([O-])OC[C@H]3O[C@@H](N4C=NC5=C4N=CN=C5N)[C@H](O)[C@@H]3O)[C@@H](O)[C@H]2O)C=CC1//[H+],[H][C@@]12CC[C@]3([H])[C@]([H])(CC[C@]4(C)[C@@H](O)CC[C@@]34[H])[C@@]1(C)CC[C@@H](O)C2.NC(=O)C1=CC=C[N+]([C@@H]2O[C@H](COP(=O)([O-])OP(=O)([O-])OC[C@H]3O[C@@H](N4C=NC5=C4N=CN=C5N)[C@H](O)[C@@H]3O)[C@@H](O)[C@H]2O)=C1,[H][C@@]12CC[C@]3([H])[C@]([H])(CC[C@]4(C)[C@@H](O)CC[C@@]34[H])[C@@]1(C)CCC(=O)C2.NC(=O)C1=CN([C@@H]2O[C@H](COP(=O)([O-])OP(=O)([O-])OC[C@H]3O[C@@H](N4C=NC5=C4N=CN=C5N)[C@H](O)[C@@H]3O)[C@@H](O)[C@H]2O)C=CC1.[H+]
DM198,CC(=O)C(C)O//NC(=O)C1=CC=C[N+]([C@@H]2O[C@H](COP(=O)([O-])OP(=O)([O-])OC[C@H]3O[C@@H](N4C=NC5=C4N=CN=C5N)[C@H](O)[C@@H]3O)[C@@H](O)[C@H]2O)=C1//CC(C)(COP(=O)([O-])OP(=O)([O-])OC[C@H]1O[C@@H](N2C=NC3=C2N=CN=C3N)[C@H](O)[C@@H]1OP(=O)([O-])[O-])[C@@H](O)C(=O)NCCC(=O)NCCS,[H]C(C)=O//CC(=O)SCCNC(=O)CCNC(=O)[C@H](O)C(C)(C)COP(=O)([O-])OP(=O)([O-])OC[C@H]1O[C@@H](N2C=NC3=C2N=CN=C3N)[C@H](O)[C@@H]1OP(=O)([O-])[O-]//NC(=O)C1=CN([C@@H]2O[C@H](COP(=O)([O-])OP(=O)([O-])OC[C@H]3O[C@@H](N4C=NC5=C4N=CN=C5N)[C@H](O)[C@@H]3O)[C@@H](O)[C@H]2O)C=CC1//[H+],CC(=O)C(C)O.NC(=O)C1=CC=C[N+]([C@@H]2O[C@H](COP(=O)([O-])OP(=O)([O-])OC[C@H]3O[C@@H](N4C=NC5=C4N=CN=C5N)[C@H](O)[C@@H]3O)[C@@H](O)[C@H]2O)=C1.CC(C)(COP(=O)([O-])OP(=O)([O-])OC[C@H]1O[C@@H](N2C=NC3=C2N=CN=C3N)[C@H](O)[C@@H]1OP(=O)([O-])[O-])[C@@H](O)C(=O)NCCC(=O)NCCS,[H]C(C)=O.CC(=O)SCCNC(=O)CCNC(=O)[C@H](O)C(C)(C)COP(=O)([O-])OP(=O)([O-])OC[C@H]1O[C@@H](N2C=NC3=C2N=CN=C3N)[C@H](O)[C@@H]1OP(=O)([O-])[O-].NC(=O)C1=CN([C@@H]2O[C@H](COP(=O)([O-])OP(=O)([O-])OC[C@H]3O[C@@H](N4C=NC5=C4N=CN=C5N)[C@H](O)[C@@H]3O)[C@@H](O)[C@H]2O)C=CC1.[H+]
DM199,O=C([O-])CCCO//NC(=O)C1=CC=C[N+]([C@@H]2O[C@H](COP(=O)([O-])OP(=O)([O-])OC[C@H]3O[C@@H](N4C=NC5=C4N=CN=C5N)[C@H](O)[C@@H]3O)[C@@H](O)[C@H]2O)=C1,O=CCCC(=O)[O-]//NC(=O)C1=CN([C@@H]2O[C@H](COP(=O)([O-])OP(=O)([O-])OC[C@H]3O[C@@H](N4C=NC5=C4N=CN=C5N)[C@H](O)[C@@H]3O)[C@@H](O)[C@H]2O)C=CC1//[H+],O=C([O-])CCCO.NC(=O)C1=CC=C[N+]([C@@H]2O[C@H](COP(=O)([O-])OP(=O)([O-])OC[C@H]3O[C@@H](N4C=NC5=C4N=CN=C5N)[C@H](O)[C@@H]3O)[C@@H](O)[C@H]2O)=C1,O=CCCC(=O)[O-].NC(=O)C1=CN([C@@H]2O[C@H](COP(=O)([O-])OP(=O)([O-])OC[C@H]3O[C@@H](N4C=NC5=C4N=CN=C5N)[C@H](O)[C@@H]3O)[C@@H](O)[C@H]2O)C=CC1.[H+]
DM200,[H][C@]1([C@@]2([H])C3=C(/C=C4/OCO/C4=C/3OC)CCN2C)OC(O)C2=C1C=CC(OC)=C2OC//CC(=O)[O-]//[H+],[H][C@]1([C@@H](OC(C)=O)C2=C(C=O)C(OC)=C(OC)C=C2)C2=C(\OC)C3=C(\C=C/2CCN1C)OCO3//[H]O[H],[H][C@]1([C@@]2([H])C3=C(/C=C4/OCO/C4=C/3OC)CCN2C)OC(O)C2=C1C=CC(OC)=C2OC.CC(=O)[O-].[H+],[H][C@]1([C@@H](OC(C)=O)C2=C(C=O)C(OC)=C(OC)C=C2)C2=C(\OC)C3=C(\C=C/2CCN1C)OCO3.[H]O[H]
DM201,*[C@@H](O)CC(=O)N[C@H]1[C@H](OC[C@H]2O[C@H](OP(=O)([O-])[O-])[C@H](NC(=O)C[C@@H](*)O)[C@@H](OC(=O)C[C@@H](*)O)[C@@H]2O)O[C@H](CO)[C@@H](OP(=O)([O-])[O-])[C@@H]1OC(=O)C[C@@H](*)O//[1*]C(=O)OC[C@]([H])(COP(=O)([O-])OCC[N+](C)(C)C)OC([2*])=O,*C(=O)O[C@H](*)CC(=O)N[C@H]1[C@@H](OP(=O)([O-])[O-])O[C@H](CO[C@@H]2O[C@H](CO)[C@@H](OP(=O)([O-])[O-])[C@H](OC(=O)C[C@@H](*)O)[C@H]2NC(=O)C[C@@H](*)O)[C@@H](O)[C@@H]1OC(=O)C[C@@H](*)O//[1*]C(=O)O[C@H](CO)COP(=O)([O-])OCC[N+](C)(C)C,*[C@@H](O)CC(=O)N[C@H]1[C@H](OC[C@H]2O[C@H](OP(=O)([O-])[O-])[C@H](NC(=O)C[C@@H](*)O)[C@@H](OC(=O)C[C@@H](*)O)[C@@H]2O)O[C@H](CO)[C@@H](OP(=O)([O-])[O-])[C@@H]1OC(=O)C[C@@H](*)O.[1*]C(=O)OC[C@]([H])(COP(=O)([O-])OCC[N+](C)(C)C)OC([2*])=O,*C(=O)O[C@H](*)CC(=O)N[C@H]1[C@@H](OP(=O)([O-])[O-])O[C@H](CO[C@@H]2O[C@H](CO)[C@@H](OP(=O)([O-])[O-])[C@H](OC(=O)C[C@@H](*)O)[C@H]2NC(=O)C[C@@H](*)O)[C@@H](O)[C@@H]1OC(=O)C[C@@H](*)O.[1*]C(=O)O[C@H](CO)COP(=O)([O-])OCC[N+](C)(C)C
DM202,O=C(CO)[C@@H](O)[C@H](O)COP(=O)([O-])[O-]//O=C(CO)COP(=O)([O-])[O-],O=C(CO)C(O)(CO)COP(=O)([O-])[O-]//[H]C(=O)[C@H](O)COP(=O)([O-])[O-],O=C(CO)[C@@H](O)[C@H](O)COP(=O)([O-])[O-].O=C(CO)COP(=O)([O-])[O-],O=C(CO)C(O)(CO)COP(=O)([O-])[O-].[H]C(=O)[C@H](O)COP(=O)([O-])[O-]
DM203,*O[C@H]1C[C@H](N2C=CC(N)=NC2=O)O[C@@H]1COP(=O)([O-])O[C@H]1C[C@H](N2C=CC(N)=NC2=O)O[C@@H]1COP(*)(=O)[O-]//[H+],*O[C@H]1C[C@H]2O[C@@H]1COP(=O)([O-])O[C@H]1C[C@@H](O[C@@H]1COP(*)(=O)[O-])N1C(=O)N=C(N)[C@H]([NH3+])[C@]1([H])C1=NC(=O)N2C=C1,*O[C@H]1C[C@H](N2C=CC(N)=NC2=O)O[C@@H]1COP(=O)([O-])O[C@H]1C[C@H](N2C=CC(N)=NC2=O)O[C@@H]1COP(*)(=O)[O-].[H+],*O[C@H]1C[C@H]2O[C@@H]1COP(=O)([O-])O[C@H]1C[C@@H](O[C@@H]1COP(*)(=O)[O-])N1C(=O)N=C(N)[C@H]([NH3+])[C@]1([H])C1=NC(=O)N2C=C1
DM204,CC(C)=CCC/C(C)=C\CC/C(C)=C\COP(=O)([O-])OP(=O)([O-])[O-]//O=P([O-])([O-])OP(=O)([O-])O//O=P([O-])([O-])OP(=O)([O-])O,C=C(C)CCOP(=O)([O-])OP(=O)([O-])[O-]//C=C(C)CCOP(=O)([O-])OP(=O)([O-])[O-]//CC(C)=CCOP(=O)([O-])OP(=O)([O-])[O-],CC(C)=CCC/C(C)=C\CC/C(C)=C\COP(=O)([O-])OP(=O)([O-])[O-].O=P([O-])([O-])OP(=O)([O-])O.O=P([O-])([O-])OP(=O)([O-])O,C=C(C)CCOP(=O)([O-])OP(=O)([O-])[O-].C=C(C)CCOP(=O)([O-])OP(=O)([O-])[O-].CC(C)=CCOP(=O)([O-])OP(=O)([O-])[O-]
DM205,COC1=C(O)C=CC(/C=C/C2=CC(O)=CC(O)=C2)=C1//C[S+](CC[C@H]([NH3+])C(=O)[O-])C[C@H]1O[C@@H](N2C=NC3=C2N=CN=C3N)[C@H](O)[C@@H]1O,COC1=CC=C(/C=C/C2=CC(O)=CC(O)=C2)C=C1OC//NC1=NC=NC2=C1N=CN2[C@@H]1O[C@H](CSCC[C@H]([NH3+])C(=O)[O-])[C@@H](O)[C@H]1O//[H+],COC1=C(O)C=CC(/C=C/C2=CC(O)=CC(O)=C2)=C1.C[S+](CC[C@H]([NH3+])C(=O)[O-])C[C@H]1O[C@@H](N2C=NC3=C2N=CN=C3N)[C@H](O)[C@@H]1O,COC1=CC=C(/C=C/C2=CC(O)=CC(O)=C2)C=C1OC.NC1=NC=NC2=C1N=CN2[C@@H]1O[C@H](CSCC[C@H]([NH3+])C(=O)[O-])[C@@H](O)[C@H]1O.[H+]
DM206,CC(C)(COP(=O)([O-])OP(=O)([O-])OC[C@H]1O[C@@H](N2C=NC3=C2N=CN=C3N)[C@H](O)[C@@H]1OP(=O)([O-])[O-])[C@@H](O)C(=O)NCCC(=O)NCCSC(=O)CC(=O)CCCC(=O)[O-]//NC(=O)C1=CN([C@@H]2O[C@H](COP(=O)([O-])OP(=O)([O-])OC[C@H]3O[C@@H](N4C=NC5=C4N=CN=C5N)[C@H](O)[C@@H]3O)[C@@H](O)[C@H]2O)C=CC1//[H+],CC(C)(COP(=O)([O-])OP(=O)([O-])OC[C@H]1O[C@@H](N2C=NC3=C2N=CN=C3N)[C@H](O)[C@@H]1OP(=O)([O-])[O-])[C@@H](O)C(=O)NCCC(=O)NCCSC(=O)CC(O)CCCC(=O)[O-]//NC(=O)C1=CC=C[N+]([C@@H]2O[C@H](COP(=O)([O-])OP(=O)([O-])OC[C@H]3O[C@@H](N4C=NC5=C4N=CN=C5N)[C@H](O)[C@@H]3O)[C@@H](O)[C@H]2O)=C1,CC(C)(COP(=O)([O-])OP(=O)([O-])OC[C@H]1O[C@@H](N2C=NC3=C2N=CN=C3N)[C@H](O)[C@@H]1OP(=O)([O-])[O-])[C@@H](O)C(=O)NCCC(=O)NCCSC(=O)CC(=O)CCCC(=O)[O-].NC(=O)C1=CN([C@@H]2O[C@H](COP(=O)([O-])OP(=O)([O-])OC[C@H]3O[C@@H](N4C=NC5=C4N=CN=C5N)[C@H](O)[C@@H]3O)[C@@H](O)[C@H]2O)C=CC1.[H+],CC(C)(COP(=O)([O-])OP(=O)([O-])OC[C@H]1O[C@@H](N2C=NC3=C2N=CN=C3N)[C@H](O)[C@@H]1OP(=O)([O-])[O-])[C@@H](O)C(=O)NCCC(=O)NCCSC(=O)CC(O)CCCC(=O)[O-].NC(=O)C1=CC=C[N+]([C@@H]2O[C@H](COP(=O)([O-])OP(=O)([O-])OC[C@H]3O[C@@H](N4C=NC5=C4N=CN=C5N)[C@H](O)[C@@H]3O)[C@@H](O)[C@H]2O)=C1
DM207,C[C@@H](C1=CC=CC=C1)[C@H]([NH3+])C(=O)[O-]//O=C([O-])CCC(=O)C(=O)[O-],C[C@H](C(=O)C(=O)[O-])C1=CC=CC=C1//[NH3+][C@@H](CCC(=O)[O-])C(=O)[O-],C[C@@H](C1=CC=CC=C1)[C@H]([NH3+])C(=O)[O-].O=C([O-])CCC(=O)C(=O)[O-],C[C@H](C(=O)C(=O)[O-])C1=CC=CC=C1.[NH3+][C@@H](CCC(=O)[O-])C(=O)[O-]
DM208,C[NH2+][C@@H]1[C@H](O[C@H]2[C@H](O[C@H]3[C@H](O)[C@@H](O)[C@H](NC(N)=[NH2+])[C@@H](O)[C@@H]3NC(N)=[NH2+])O[C@@H](C)[C@]2(O)C=O)O[C@@H](CO)[C@H](O)[C@H]1OP(=O)([O-])[O-]//NC1=NC=NC2=C1N=CN2[C@@H]1O[C@H](COP(=O)([O-])OP(=O)([O-])[O-])[C@@H](O)[C@H]1O//[H+],C[NH2+][C@@H]1[C@H](O[C@H]2[C@H](O[C@H]3[C@H](O)[C@@H](O)[C@H](NC(N)=[NH2+])[C@@H](O)[C@@H]3NC(N)=[NH2+])O[C@@H](C)[C@]2(O)C=O)O[C@@H](CO)[C@H](O)[C@H]1O//NC1=NC=NC2=C1N=CN2[C@@H]1O[C@H](COP(=O)([O-])OP(=O)([O-])OP(=O)([O-])[O-])[C@@H](O)[C@H]1O,C[NH2+][C@@H]1[C@H](O[C@H]2[C@H](O[C@H]3[C@H](O)[C@@H](O)[C@H](NC(N)=[NH2+])[C@@H](O)[C@@H]3NC(N)=[NH2+])O[C@@H](C)[C@]2(O)C=O)O[C@@H](CO)[C@H](O)[C@H]1OP(=O)([O-])[O-].NC1=NC=NC2=C1N=CN2[C@@H]1O[C@H](COP(=O)([O-])OP(=O)([O-])[O-])[C@@H](O)[C@H]1O.[H+],C[NH2+][C@@H]1[C@H](O[C@H]2[C@H](O[C@H]3[C@H](O)[C@@H](O)[C@H](NC(N)=[NH2+])[C@@H](O)[C@@H]3NC(N)=[NH2+])O[C@@H](C)[C@]2(O)C=O)O[C@@H](CO)[C@H](O)[C@H]1O.NC1=NC=NC2=C1N=CN2[C@@H]1O[C@H](COP(=O)([O-])OP(=O)([O-])OP(=O)([O-])[O-])[C@@H](O)[C@H]1O
DM209,CN1C=NC2=C1C(=O)NC(=O)N2C//C[S+](CC[C@H]([NH3+])C(=O)[O-])C[C@H]1O[C@@H](N2C=NC3=C2N=CN=C3N)[C@H](O)[C@@H]1O,CN1C=NC2=C1C(=O)N(C)C(=O)N2C//NC1=NC=NC2=C1N=CN2[C@@H]1O[C@H](CSCC[C@H]([NH3+])C(=O)[O-])[C@@H](O)[C@H]1O//[H+],CN1C=NC2=C1C(=O)NC(=O)N2C.C[S+](CC[C@H]([NH3+])C(=O)[O-])C[C@H]1O[C@@H](N2C=NC3=C2N=CN=C3N)[C@H](O)[C@@H]1O,CN1C=NC2=C1C(=O)N(C)C(=O)N2C.NC1=NC=NC2=C1N=CN2[C@@H]1O[C@H](CSCC[C@H]([NH3+])C(=O)[O-])[C@@H](O)[C@H]1O.[H+]
DM210,*C/C=C/C(=O)SCCNC(=O)CCNC(=O)[C@H](O)C(C)(C)COP(=O)([O-])OP(=O)([O-])OC[C@H]1O[C@@H](N2C=NC3=C2N=CN=C3N)[C@H](O)[C@@H]1OP(=O)([O-])[O-],[1*]/C=C/CC(=O)SCCNC(=O)CCNC(=O)[C@H](O)C(C)(C)COP(=O)([O-])OP(=O)([O-])OC[C@H]1O[C@@H](N2C=NC3=C2N=CN=C3N)[C@H](O)[C@@H]1OP(=O)([O-])[O-],*C/C=C/C(=O)SCCNC(=O)CCNC(=O)[C@H](O)C(C)(C)COP(=O)([O-])OP(=O)([O-])OC[C@H]1O[C@@H](N2C=NC3=C2N=CN=C3N)[C@H](O)[C@@H]1OP(=O)([O-])[O-],[1*]/C=C/CC(=O)SCCNC(=O)CCNC(=O)[C@H](O)C(C)(C)COP(=O)([O-])OP(=O)([O-])OC[C@H]1O[C@@H](N2C=NC3=C2N=CN=C3N)[C@H](O)[C@@H]1OP(=O)([O-])[O-]
DM211,*O[C@H]1C[C@H](*)O[C@@H]1CO//O=P([O-])([O-])O,*O[C@H]1C[C@H](*)O[C@@H]1COP(=O)([O-])[O-]//[H]O[H],*O[C@H]1C[C@H](*)O[C@@H]1CO.O=P([O-])([O-])O,*O[C@H]1C[C@H](*)O[C@@H]1COP(=O)([O-])[O-].[H]O[H]
DM212,OC1=CC=CC(O)=C1O//O=O,O=C([O-])/C=C/C=C(\O)C(=O)[O-]//[H+]//[H+],OC1=CC=CC(O)=C1O.O=O,O=C([O-])/C=C/C=C(\O)C(=O)[O-].[H+].[H+]
DM213,[NH3+][C@@H](CC1=CC=C(O)C(O)=C1)C(=O)[O-]//NC(=O)C1=CN([C@@H]2O[C@H](COP(=O)([O-])OP(=O)([O-])OC[C@H]3O[C@@H](N4C=NC5=C4N=CN=C5N)[C@H](O)[C@@H]3O)[C@@H](O)[C@H]2O)C=CC1//[H+],O=C([O-])CCC1=CC=C(O)C(O)=C1//[H][N+]([H])([H])[H]//NC(=O)C1=CC=C[N+]([C@@H]2O[C@H](COP(=O)([O-])OP(=O)([O-])OC[C@H]3O[C@@H](N4C=NC5=C4N=CN=C5N)[C@H](O)[C@@H]3O)[C@@H](O)[C@H]2O)=C1,[NH3+][C@@H](CC1=CC=C(O)C(O)=C1)C(=O)[O-].NC(=O)C1=CN([C@@H]2O[C@H](COP(=O)([O-])OP(=O)([O-])OC[C@H]3O[C@@H](N4C=NC5=C4N=CN=C5N)[C@H](O)[C@@H]3O)[C@@H](O)[C@H]2O)C=CC1.[H+],O=C([O-])CCC1=CC=C(O)C(O)=C1.[H][N+]([H])([H])[H].NC(=O)C1=CC=C[N+]([C@@H]2O[C@H](COP(=O)([O-])OP(=O)([O-])OC[C@H]3O[C@@H](N4C=NC5=C4N=CN=C5N)[C@H](O)[C@@H]3O)[C@@H](O)[C@H]2O)=C1
DM214,[H][C@@]12CC(=O)[C@@]3([H])C[C@H](O)[C@H](O)C[C@]3(C)[C@@]1([H])CC[C@@]1(C)[C@@]2([H])CC[C@]1([H])[C@H](C)[C@@H](O)[C@H](O)[C@@H](C)C(C)C//CC1=C(C)C=C2C(=C1)NC1=C(NC(=O)NC1=O)N2C[C@H](O)[C@H](O)[C@H](O)COP(=O)([O-])[O-]//O=O,[H][C@@]12COC(=O)[C@@]3([H])C[C@H](O)[C@H](O)C[C@]3(C)[C@@]1([H])CC[C@@]1(C)[C@@]2([H])CC[C@]1([H])[C@H](C)[C@@H](O)[C@H](O)[C@@H](C)C(C)C//CC1=C(C)C=C2C(=C1)/N=C1/C(=O)[N-]C(=O)N=C1N2C[C@H](O)[C@H](O)[C@H](O)COP(=O)([O-])[O-]//[H]O[H]//[H+],[H][C@@]12CC(=O)[C@@]3([H])C[C@H](O)[C@H](O)C[C@]3(C)[C@@]1([H])CC[C@@]1(C)[C@@]2([H])CC[C@]1([H])[C@H](C)[C@@H](O)[C@H](O)[C@@H](C)C(C)C.CC1=C(C)C=C2C(=C1)NC1=C(NC(=O)NC1=O)N2C[C@H](O)[C@H](O)[C@H](O)COP(=O)([O-])[O-].O=O,[H][C@@]12COC(=O)[C@@]3([H])C[C@H](O)[C@H](O)C[C@]3(C)[C@@]1([H])CC[C@@]1(C)[C@@]2([H])CC[C@]1([H])[C@H](C)[C@@H](O)[C@H](O)[C@@H](C)C(C)C.CC1=C(C)C=C2C(=C1)/N=C1/C(=O)[N-]C(=O)N=C1N2C[C@H](O)[C@H](O)[C@H](O)COP(=O)([O-])[O-].[H]O[H].[H+]
DM215,CN(C)C1=CC=C(N=NC2=CC=CC=C2)C=C1//NC(=O)C1=CC=C[N+]([C@@H]2O[C@H](COP(=O)([O-])OP(=O)([O-])OC[C@H]3O[C@@H](N4C=NC5=C4N=CN=C5N)[C@H](OP(=O)([O-])[O-])[C@@H]3O)[C@@H](O)[C@H]2O)=C1//[H]O[H],CN(C)C1=CC=C(/N=[N+](\[O-])C2=CC=CC=C2)C=C1//NC(=O)C1=CN([C@@H]2O[C@H](COP(=O)([O-])OP(=O)([O-])OC[C@H]3O[C@@H](N4C=NC5=C4N=CN=C5N)[C@H](OP(=O)([O-])[O-])[C@@H]3O)[C@@H](O)[C@H]2O)C=CC1//[H+],CN(C)C1=CC=C(N=NC2=CC=CC=C2)C=C1.NC(=O)C1=CC=C[N+]([C@@H]2O[C@H](COP(=O)([O-])OP(=O)([O-])OC[C@H]3O[C@@H](N4C=NC5=C4N=CN=C5N)[C@H](OP(=O)([O-])[O-])[C@@H]3O)[C@@H](O)[C@H]2O)=C1.[H]O[H],CN(C)C1=CC=C(/N=[N+](\[O-])C2=CC=CC=C2)C=C1.NC(=O)C1=CN([C@@H]2O[C@H](COP(=O)([O-])OP(=O)([O-])OC[C@H]3O[C@@H](N4C=NC5=C4N=CN=C5N)[C@H](OP(=O)([O-])[O-])[C@@H]3O)[C@@H](O)[C@H]2O)C=CC1.[H+]
DM216,*N[C@@H](CC[S@](C)=O)C(*)=O//*N[C@@H](CS)C(*)=O//*N[C@@H](CS)C(*)=O,*N[C@@H](CCSC)C(*)=O//*N[C@@H](CSSC[C@H](N*)C(*)=O)C(*)=O//[H]O[H],*N[C@@H](CC[S@](C)=O)C(*)=O.*N[C@@H](CS)C(*)=O.*N[C@@H](CS)C(*)=O,*N[C@@H](CCSC)C(*)=O.*N[C@@H](CSSC[C@H](N*)C(*)=O)C(*)=O.[H]O[H]
DM217,[H][C@]12CC[C@@]3([H])[C@@](C)(CC[C@@]4(C)CC[C@@]([H])(C(C)(C)O)[C@@]43[H])[C@]1(C)CC[C@@]1([H])C(C)(C)[C@@H](O)CC[C@]21C,CC(C)=CCC/C(C)=C/CC/C(C)=C/CC/C=C(\C)CC/C=C(\C)CC[C@@H]1OC1(C)C//[H]O[H],[H][C@]12CC[C@@]3([H])[C@@](C)(CC[C@@]4(C)CC[C@@]([H])(C(C)(C)O)[C@@]43[H])[C@]1(C)CC[C@@]1([H])C(C)(C)[C@@H](O)CC[C@]21C,CC(C)=CCC/C(C)=C/CC/C(C)=C/CC/C=C(\C)CC/C=C(\C)CC[C@@H]1OC1(C)C.[H]O[H]
DM218,[H][C@]12C[C@@]1(C(C)C)C[C@@H](O)C2=C//NC(=O)C1=CC=C[N+]([C@@H]2O[C@H](COP(=O)([O-])OP(=O)([O-])OC[C@H]3O[C@@H](N4C=NC5=C4N=CN=C5N)[C@H](O)[C@@H]3O)[C@@H](O)[C@H]2O)=C1,C=C1C(=O)C[C@]2(C(C)C)C[C@H]12//NC(=O)C1=CN([C@@H]2O[C@H](COP(=O)([O-])OP(=O)([O-])OC[C@H]3O[C@@H](N4C=NC5=C4N=CN=C5N)[C@H](O)[C@@H]3O)[C@@H](O)[C@H]2O)C=CC1//[H+],[H][C@]12C[C@@]1(C(C)C)C[C@@H](O)C2=C.NC(=O)C1=CC=C[N+]([C@@H]2O[C@H](COP(=O)([O-])OP(=O)([O-])OC[C@H]3O[C@@H](N4C=NC5=C4N=CN=C5N)[C@H](O)[C@@H]3O)[C@@H](O)[C@H]2O)=C1,C=C1C(=O)C[C@]2(C(C)C)C[C@H]12.NC(=O)C1=CN([C@@H]2O[C@H](COP(=O)([O-])OP(=O)([O-])OC[C@H]3O[C@@H](N4C=NC5=C4N=CN=C5N)[C@H](O)[C@@H]3O)[C@@H](O)[C@H]2O)C=CC1.[H+]
DM219,O=C1C[C@H](O)[C@@H](CO)O1//O=C1C=CNC(=O)N1//O=C([O-])CCC(=O)[O-]//O=C=O,O=C1C=CN([C@H]2C[C@H](O)[C@@H](CO)O2)C(=O)N1//O=C([O-])CCC(=O)C(=O)[O-]//O=O,O=C1C[C@H](O)[C@@H](CO)O1.O=C1C=CNC(=O)N1.O=C([O-])CCC(=O)[O-].O=C=O,O=C1C=CN([C@H]2C[C@H](O)[C@@H](CO)O2)C(=O)N1.O=C([O-])CCC(=O)C(=O)[O-].O=O
DM220,[NH3+][C@H](CCC[C@H]([NH3+])C(=O)[O-])C(=O)[O-],[NH3+][C@@H](CCC[C@H]([NH3+])C(=O)[O-])C(=O)[O-],[NH3+][C@H](CCC[C@H]([NH3+])C(=O)[O-])C(=O)[O-],[NH3+][C@@H](CCC[C@H]([NH3+])C(=O)[O-])C(=O)[O-]
DM221,[H][C@@]12C[C@H](O)CC[C@]1(C)[C@@]1([H])C[C@H](O)[C@@]3(C)[C@@]([H])(CC[C@]3([H])[C@H](C)CCC[C@@H](C)C(=O)[O-])[C@]1([H])[C@H](O)C2//S1[Fe+]S[Fe+]1//S1[Fe+]S[Fe+]1//S1[Fe+]S[Fe+]1//S1[Fe+]S[Fe+]1//S1[Fe+]S[Fe+]1//S1[Fe+]S[Fe+]1//[H]O[H]//[H]O[H]//[H]O[H]//[H]O[H],[H][C@@]12C[C@H](O)CC[C@]1(C)[C@@]1([H])C[C@H](O)[C@@]3(C)[C@@]([H])(CC[C@]3([H])[C@H](C)CCCC(C)C)[C@]1([H])[C@H](O)C2//S1[Fe]S[Fe+]1//S1[Fe]S[Fe+]1//S1[Fe]S[Fe+]1//S1[Fe]S[Fe+]1//S1[Fe]S[Fe+]1//S1[Fe]S[Fe+]1//O=O//O=O//O=O//[H+]//[H+]//[H+]//[H+]//[H+],[H][C@@]12C[C@H](O)CC[C@]1(C)[C@@]1([H])C[C@H](O)[C@@]3(C)[C@@]([H])(CC[C@]3([H])[C@H](C)CCC[C@@H](C)C(=O)[O-])[C@]1([H])[C@H](O)C2.S1[Fe+]S[Fe+]1.S1[Fe+]S[Fe+]1.S1[Fe+]S[Fe+]1.S1[Fe+]S[Fe+]1.S1[Fe+]S[Fe+]1.S1[Fe+]S[Fe+]1.[H]O[H].[H]O[H].[H]O[H].[H]O[H],[H][C@@]12C[C@H](O)CC[C@]1(C)[C@@]1([H])C[C@H](O)[C@@]3(C)[C@@]([H])(CC[C@]3([H])[C@H](C)CCCC(C)C)[C@]1([H])[C@H](O)C2.S1[Fe]S[Fe+]1.S1[Fe]S[Fe+]1.S1[Fe]S[Fe+]1.S1[Fe]S[Fe+]1.S1[Fe]S[Fe+]1.S1[Fe]S[Fe+]1.O=O.O=O.O=O.[H+].[H+].[H+].[H+].[H+]
DM222,[NH3+]CCCCNO//NC(=O)C1=CC=C[N+]([C@@H]2O[C@H](COP(=O)([O-])OP(=O)([O-])OC[C@H]3O[C@@H](N4C=NC5=C4N=CN=C5N)[C@H](OP(=O)([O-])[O-])[C@@H]3O)[C@@H](O)[C@H]2O)=C1//[H]O[H],[NH3+]CCCC[NH3+]//NC(=O)C1=CN([C@@H]2O[C@H](COP(=O)([O-])OP(=O)([O-])OC[C@H]3O[C@@H](N4C=NC5=C4N=CN=C5N)[C@H](OP(=O)([O-])[O-])[C@@H]3O)[C@@H](O)[C@H]2O)C=CC1//O=O,[NH3+]CCCCNO.NC(=O)C1=CC=C[N+]([C@@H]2O[C@H](COP(=O)([O-])OP(=O)([O-])OC[C@H]3O[C@@H](N4C=NC5=C4N=CN=C5N)[C@H](OP(=O)([O-])[O-])[C@@H]3O)[C@@H](O)[C@H]2O)=C1.[H]O[H],[NH3+]CCCC[NH3+].NC(=O)C1=CN([C@@H]2O[C@H](COP(=O)([O-])OP(=O)([O-])OC[C@H]3O[C@@H](N4C=NC5=C4N=CN=C5N)[C@H](OP(=O)([O-])[O-])[C@@H]3O)[C@@H](O)[C@H]2O)C=CC1.O=O
DM223,N/C1=N/C2=C(NC(=O)N2[C@@H]2O[C@H](COP(=O)([O-])[O-])[C@@H](O)[C@H]2O)C(=O)N1//O=P([O-])([O-])O//[H+],N/C1=N/C2=C(NC(=O)N2[C@@H]2O[C@H](COP(=O)([O-])OP(=O)([O-])[O-])[C@@H](O)[C@H]2O)C(=O)N1//[H]O[H],N/C1=N/C2=C(NC(=O)N2[C@@H]2O[C@H](COP(=O)([O-])[O-])[C@@H](O)[C@H]2O)C(=O)N1.O=P([O-])([O-])O.[H+],N/C1=N/C2=C(NC(=O)N2[C@@H]2O[C@H](COP(=O)([O-])OP(=O)([O-])[O-])[C@@H](O)[C@H]2O)C(=O)N1.[H]O[H]
DM224,C[Se]C[C@H]([NH3+])C(=O)[O-]//CSCC[C@H]([NH3+])C(=O)[O-]//[H+],C[S+](C)CC[C@H]([NH3+])C(=O)[O-]//[NH3+][C@@H](C[SeH])C(=O)[O-],C[Se]C[C@H]([NH3+])C(=O)[O-].CSCC[C@H]([NH3+])C(=O)[O-].[H+],C[S+](C)CC[C@H]([NH3+])C(=O)[O-].[NH3+][C@@H](C[SeH])C(=O)[O-]
DM225,*N[C@@H](CCCNC(N)=[NH2+])C(*)=O//C[S+](CC[C@H]([NH3+])C(=O)[O-])C[C@H]1O[C@@H](N2C=NC3=C2N=CN=C3N)[C@H](O)[C@@H]1O,*N[C@@H](CCCNC(=[NH2+])NC)C(*)=O//NC1=NC=NC2=C1N=CN2[C@@H]1O[C@H](CSCC[C@H]([NH3+])C(=O)[O-])[C@@H](O)[C@H]1O//[H+],*N[C@@H](CCCNC(N)=[NH2+])C(*)=O.C[S+](CC[C@H]([NH3+])C(=O)[O-])C[C@H]1O[C@@H](N2C=NC3=C2N=CN=C3N)[C@H](O)[C@@H]1O,*N[C@@H](CCCNC(=[NH2+])NC)C(*)=O.NC1=NC=NC2=C1N=CN2[C@@H]1O[C@H](CSCC[C@H]([NH3+])C(=O)[O-])[C@@H](O)[C@H]1O.[H+]
DM226,O=P([O-])([O-])OC[C@H]1O[C@H](O[C@H]2[C@H](O)[C@@H](O)[C@@H](O)O[C@@H]2CO)[C@H](O)[C@@H](O)[C@@H]1O//[H]O[H],OC[C@H]1O[C@H](O[C@H]2[C@H](O)[C@@H](O)C(O)O[C@@H]2CO)[C@H](O)[C@@H](O)[C@@H]1O//O=P([O-])([O-])O,O=P([O-])([O-])OC[C@H]1O[C@H](O[C@H]2[C@H](O)[C@@H](O)[C@@H](O)O[C@@H]2CO)[C@H](O)[C@@H](O)[C@@H]1O.[H]O[H],OC[C@H]1O[C@H](O[C@H]2[C@H](O)[C@@H](O)C(O)O[C@@H]2CO)[C@H](O)[C@@H](O)[C@@H]1O.O=P([O-])([O-])O
DM227,CC(C)(COP(=O)([O-])OP(=O)([O-])OC[C@H]1O[C@@H](N2C=NC3=C2N=CN=C3N)[C@H](O)[C@@H]1OP(=O)([O-])[O-])[C@@H](O)C(=O)NCCC(=O)NCCSC(=O)C1=CC=CC=C1//O=C=O,CC(C)(COP(=O)([O-])OP(=O)([O-])OC[C@H]1O[C@@H](N2C=NC3=C2N=CN=C3N)[C@H](O)[C@@H]1OP(=O)([O-])[O-])[C@@H](O)C(=O)NCCC(=O)NCCSC(=O)C1=CC=CC(C(=O)[O-])=C1//[H+],CC(C)(COP(=O)([O-])OP(=O)([O-])OC[C@H]1O[C@@H](N2C=NC3=C2N=CN=C3N)[C@H](O)[C@@H]1OP(=O)([O-])[O-])[C@@H](O)C(=O)NCCC(=O)NCCSC(=O)C1=CC=CC=C1.O=C=O,CC(C)(COP(=O)([O-])OP(=O)([O-])OC[C@H]1O[C@@H](N2C=NC3=C2N=CN=C3N)[C@H](O)[C@@H]1OP(=O)([O-])[O-])[C@@H](O)C(=O)NCCC(=O)NCCSC(=O)C1=CC=CC(C(=O)[O-])=C1.[H+]
DM228,O=P([O-])(OC[C@H](O)CO)O[C@@H]1[C@H](O)[C@H](O)[C@@H](O)[C@H](O)[C@H]1O//[H]O[H],O[C@H]1[C@H](O)[C@@H](O)[C@H](O)[C@@H](O)[C@H]1O//O=P([O-])([O-])OC[C@H](O)CO//[H+],O=P([O-])(OC[C@H](O)CO)O[C@@H]1[C@H](O)[C@H](O)[C@@H](O)[C@H](O)[C@H]1O.[H]O[H],O[C@H]1[C@H](O)[C@@H](O)[C@H](O)[C@@H](O)[C@H]1O.O=P([O-])([O-])OC[C@H](O)CO.[H+]
DM229,*P(=O)([O-])OC[C@H]1O[C@@H](N2C=NC3=C2N=CN=C3N)[C@H](O)[C@@H]1OC(=O)[C@@H]([NH3+])CCC(=O)[O-]//NC(=O)CC[C@H]([NH3+])C(=O)[O-]//NC1=NC=NC2=C1N=CN2[C@@H]1O[C@H](COP(=O)([O-])OP(=O)([O-])OP(=O)([O-])[O-])[C@@H](O)[C@H]1O//[H]O[H],*P(=O)([O-])OC[C@H]1O[C@@H](N2C=NC3=C2N=CN=C3N)[C@H](O)[C@@H]1OC(=O)[C@@H]([NH3+])CCC(N)=O//[NH3+][C@@H](CCC(=O)[O-])C(=O)[O-]//NC1=NC=NC2=C1N=CN2[C@@H]1O[C@H](COP(=O)([O-])OP(=O)([O-])[O-])[C@@H](O)[C@H]1O//O=P([O-])([O-])O//[H+],*P(=O)([O-])OC[C@H]1O[C@@H](N2C=NC3=C2N=CN=C3N)[C@H](O)[C@@H]1OC(=O)[C@@H]([NH3+])CCC(=O)[O-].NC(=O)CC[C@H]([NH3+])C(=O)[O-].NC1=NC=NC2=C1N=CN2[C@@H]1O[C@H](COP(=O)([O-])OP(=O)([O-])OP(=O)([O-])[O-])[C@@H](O)[C@H]1O.[H]O[H],*P(=O)([O-])OC[C@H]1O[C@@H](N2C=NC3=C2N=CN=C3N)[C@H](O)[C@@H]1OC(=O)[C@@H]([NH3+])CCC(N)=O.[NH3+][C@@H](CCC(=O)[O-])C(=O)[O-].NC1=NC=NC2=C1N=CN2[C@@H]1O[C@H](COP(=O)([O-])OP(=O)([O-])[O-])[C@@H](O)[C@H]1O.O=P([O-])([O-])O.[H+]
DM230,*OC[C@H](COP(=O)([O-])OCC[NH3+])OC(*)=O//*OC[C@@H](O)COP(=O)([O-])OCC[N+](C)(C)C,*OC[C@@]([H])(O)COP(=O)([O-])OCC[NH3+]//*C(=O)O[C@H](CO[1*])COP(=O)([O-])OCC[N+](C)(C)C,*OC[C@H](COP(=O)([O-])OCC[NH3+])OC(*)=O.*OC[C@@H](O)COP(=O)([O-])OCC[N+](C)(C)C,*OC[C@@]([H])(O)COP(=O)([O-])OCC[NH3+].*C(=O)O[C@H](CO[1*])COP(=O)([O-])OCC[N+](C)(C)C
DM231,CC(C)C1=CC=C(CO)C=C1//S1[Fe+]S[Fe+]1//S1[Fe+]S[Fe+]1//[H]O[H],CC1=CC=C(C(C)C)C=C1//S1[Fe]S[Fe+]1//S1[Fe]S[Fe+]1//O=O//[H+]//[H+],CC(C)C1=CC=C(CO)C=C1.S1[Fe+]S[Fe+]1.S1[Fe+]S[Fe+]1.[H]O[H],CC1=CC=C(C(C)C)C=C1.S1[Fe]S[Fe+]1.S1[Fe]S[Fe+]1.O=O.[H+].[H+]
DM232,C[C@H](O)[C@H](O)C1=NC2=C(N=C1)N=C(N)NC2=O//NC(=O)C1=CN([C@@H]2O[C@H](COP(=O)([O-])OP(=O)([O-])OC[C@H]3O[C@@H](N4C=NC5=C4N=CN=C5N)[C@H](OP(=O)([O-])[O-])[C@@H]3O)[C@@H](O)[C@H]2O)C=CC1//NC(=O)C1=CN([C@@H]2O[C@H](COP(=O)([O-])OP(=O)([O-])OC[C@H]3O[C@@H](N4C=NC5=C4N=CN=C5N)[C@H](OP(=O)([O-])[O-])[C@@H]3O)[C@@H](O)[C@H]2O)C=CC1//[H+]//[H+],[H][C@]1([C@@H](O)[C@H](C)O)CNC2=C(N1)C(=O)N/C(N)=N\2//NC(=O)C1=CC=C[N+]([C@@H]2O[C@H](COP(=O)([O-])OP(=O)([O-])OC[C@H]3O[C@@H](N4C=NC5=C4N=CN=C5N)[C@H](OP(=O)([O-])[O-])[C@@H]3O)[C@@H](O)[C@H]2O)=C1//NC(=O)C1=CC=C[N+]([C@@H]2O[C@H](COP(=O)([O-])OP(=O)([O-])OC[C@H]3O[C@@H](N4C=NC5=C4N=CN=C5N)[C@H](OP(=O)([O-])[O-])[C@@H]3O)[C@@H](O)[C@H]2O)=C1,C[C@H](O)[C@H](O)C1=NC2=C(N=C1)N=C(N)NC2=O.NC(=O)C1=CN([C@@H]2O[C@H](COP(=O)([O-])OP(=O)([O-])OC[C@H]3O[C@@H](N4C=NC5=C4N=CN=C5N)[C@H](OP(=O)([O-])[O-])[C@@H]3O)[C@@H](O)[C@H]2O)C=CC1.NC(=O)C1=CN([C@@H]2O[C@H](COP(=O)([O-])OP(=O)([O-])OC[C@H]3O[C@@H](N4C=NC5=C4N=CN=C5N)[C@H](OP(=O)([O-])[O-])[C@@H]3O)[C@@H](O)[C@H]2O)C=CC1.[H+].[H+],[H][C@]1([C@@H](O)[C@H](C)O)CNC2=C(N1)C(=O)N/C(N)=N\2.NC(=O)C1=CC=C[N+]([C@@H]2O[C@H](COP(=O)([O-])OP(=O)([O-])OC[C@H]3O[C@@H](N4C=NC5=C4N=CN=C5N)[C@H](OP(=O)([O-])[O-])[C@@H]3O)[C@@H](O)[C@H]2O)=C1.NC(=O)C1=CC=C[N+]([C@@H]2O[C@H](COP(=O)([O-])OP(=O)([O-])OC[C@H]3O[C@@H](N4C=NC5=C4N=CN=C5N)[C@H](OP(=O)([O-])[O-])[C@@H]3O)[C@@H](O)[C@H]2O)=C1
DM233,*N[C@@H](CCCNC(N)=[NH2+])C(*)=O//NC(=O)C1=CC=C[N+]([C@@H]2O[C@H](COP(=O)([O-])OP(=O)([O-])OC[C@H]3O[C@@H](N4C=NC5=C4N=CN=C5N)[C@H](O)[C@@H]3O)[C@@H](O)[C@H]2O)=C1,*N[C@@H](CCCNC(=[NH2+])N[C@H]1O[C@H](COP(=O)([O-])OP(=O)([O-])OC[C@H]2O[C@@H](N3C=NC4=C3N=CN=C4N)[C@H](O)[C@@H]2O)[C@@H](O)[C@H]1O)C(*)=O//NC(=O)C1=CC=CN=C1//[H+],*N[C@@H](CCCNC(N)=[NH2+])C(*)=O.NC(=O)C1=CC=C[N+]([C@@H]2O[C@H](COP(=O)([O-])OP(=O)([O-])OC[C@H]3O[C@@H](N4C=NC5=C4N=CN=C5N)[C@H](O)[C@@H]3O)[C@@H](O)[C@H]2O)=C1,*N[C@@H](CCCNC(=[NH2+])N[C@H]1O[C@H](COP(=O)([O-])OP(=O)([O-])OC[C@H]2O[C@@H](N3C=NC4=C3N=CN=C4N)[C@H](O)[C@@H]2O)[C@@H](O)[C@H]1O)C(*)=O.NC(=O)C1=CC=CN=C1.[H+]
DM234,NC1=NC(=O)N([C@@H]2O[C@H](CO)[C@@H](O)[C@H]2O)C=C1//[H]O[H],NC1=NC(=O)NC=C1//OC[C@H]1OC(O)[C@H](O)[C@@H]1O,NC1=NC(=O)N([C@@H]2O[C@H](CO)[C@@H](O)[C@H]2O)C=C1.[H]O[H],NC1=NC(=O)NC=C1.OC[C@H]1OC(O)[C@H](O)[C@@H]1O
DM235,O=P([O-])([O-])OC[C@H]1O[C@@H](O[C@H]2[C@H](O)[C@@H](O)C(O)O[C@@H]2CO)[C@H](O)[C@@H](O)[C@@H]1O//*N[C@@H](CC1=CNC=N1)C(*)=O,OC[C@H]1O[C@@H](O[C@H]2[C@H](O)[C@@H](O)C(O)O[C@@H]2CO)[C@H](O)[C@@H](O)[C@@H]1O//*N[C@@H](CC1=CN=CN1P(=O)([O-])[O-])C(*)=O,O=P([O-])([O-])OC[C@H]1O[C@@H](O[C@H]2[C@H](O)[C@@H](O)C(O)O[C@@H]2CO)[C@H](O)[C@@H](O)[C@@H]1O.*N[C@@H](CC1=CNC=N1)C(*)=O,OC[C@H]1O[C@@H](O[C@H]2[C@H](O)[C@@H](O)C(O)O[C@@H]2CO)[C@H](O)[C@@H](O)[C@@H]1O.*N[C@@H](CC1=CN=CN1P(=O)([O-])[O-])C(*)=O
DM236,[H][C@]12CC(=O)[C@@]3([H])[C@]4([H])CC[C@]([H])([C@H](C)CCC(=O)[O-])[C@@]4(C)[C@@H](O)C[C@]3([H])[C@@]1(C)CC[C@@H](O)C2//NC(=O)C1=CN([C@@H]2O[C@H](COP(=O)([O-])OP(=O)([O-])OC[C@H]3O[C@@H](N4C=NC5=C4N=CN=C5N)[C@H](O)[C@@H]3O)[C@@H](O)[C@H]2O)C=CC1//[H+],[H][C@@]12C[C@H](O)CC[C@]1(C)[C@@]1([H])C[C@H](O)[C@@]3(C)[C@@]([H])(CC[C@]3([H])[C@H](C)CCC(=O)[O-])[C@]1([H])[C@H](O)C2//NC(=O)C1=CC=C[N+]([C@@H]2O[C@H](COP(=O)([O-])OP(=O)([O-])OC[C@H]3O[C@@H](N4C=NC5=C4N=CN=C5N)[C@H](O)[C@@H]3O)[C@@H](O)[C@H]2O)=C1,[H][C@]12CC(=O)[C@@]3([H])[C@]4([H])CC[C@]([H])([C@H](C)CCC(=O)[O-])[C@@]4(C)[C@@H](O)C[C@]3([H])[C@@]1(C)CC[C@@H](O)C2.NC(=O)C1=CN([C@@H]2O[C@H](COP(=O)([O-])OP(=O)([O-])OC[C@H]3O[C@@H](N4C=NC5=C4N=CN=C5N)[C@H](O)[C@@H]3O)[C@@H](O)[C@H]2O)C=CC1.[H+],[H][C@@]12C[C@H](O)CC[C@]1(C)[C@@]1([H])C[C@H](O)[C@@]3(C)[C@@]([H])(CC[C@]3([H])[C@H](C)CCC(=O)[O-])[C@]1([H])[C@H](O)C2.NC(=O)C1=CC=C[N+]([C@@H]2O[C@H](COP(=O)([O-])OP(=O)([O-])OC[C@H]3O[C@@H](N4C=NC5=C4N=CN=C5N)[C@H](O)[C@@H]3O)[C@@H](O)[C@H]2O)=C1
DM237,O=P([O-])([O-])OC[C@H]1O[C@H](OP(=O)([O-])[O-])[C@H](O)[C@@H](O)[C@@H]1O//O=C([O-])[C@H](O)COP(=O)([O-])[O-]//[H+],O=C(OP(=O)([O-])[O-])[C@H](O)COP(=O)([O-])[O-]//O=P([O-])([O-])O[C@H]1O[C@H](CO)[C@@H](O)[C@H](O)[C@H]1O,O=P([O-])([O-])OC[C@H]1O[C@H](OP(=O)([O-])[O-])[C@H](O)[C@@H](O)[C@@H]1O.O=C([O-])[C@H](O)COP(=O)([O-])[O-].[H+],O=C(OP(=O)([O-])[O-])[C@H](O)COP(=O)([O-])[O-].O=P([O-])([O-])O[C@H]1O[C@H](CO)[C@@H](O)[C@H](O)[C@H]1O
DM238,OC[C@H]1O[C@H](OC[C@H]2OC(O)[C@H](O)[C@@H](O)[C@@H]2O)[C@H](O)[C@@H](O)[C@@H]1O//OC[C@H]1O[C@H](OC[C@H]2OC(O)[C@H](O)[C@@H](O)[C@@H]2O)[C@H](O)[C@@H](O)[C@@H]1O,OC[C@H]1O[C@@H]2OC[C@H]3O[C@H](O[C@@H]4[C@@H](O)[C@@H](OC[C@H]5O[C@H](O[C@H]([C@H]2O)[C@@H]1O)[C@H](O)[C@@H](O)[C@@H]5O)O[C@H](CO)[C@H]4O)[C@H](O)[C@@H](O)[C@@H]3O//[H]O[H]//[H]O[H],OC[C@H]1O[C@H](OC[C@H]2OC(O)[C@H](O)[C@@H](O)[C@@H]2O)[C@H](O)[C@@H](O)[C@@H]1O.OC[C@H]1O[C@H](OC[C@H]2OC(O)[C@H](O)[C@@H](O)[C@@H]2O)[C@H](O)[C@@H](O)[C@@H]1O,OC[C@H]1O[C@@H]2OC[C@H]3O[C@H](O[C@@H]4[C@@H](O)[C@@H](OC[C@H]5O[C@H](O[C@H]([C@H]2O)[C@@H]1O)[C@H](O)[C@@H](O)[C@@H]5O)O[C@H](CO)[C@H]4O)[C@H](O)[C@@H](O)[C@@H]3O.[H]O[H].[H]O[H]
DM239,CC(C)=CCC/C(C)=C/CC/C(C)=C/CC/C(C)=C\CC/C(C)=C\CC/C(C)=C\CC/C(C)=C\CC/C(C)=C\CC/C(C)=C\CC/C(C)=C\CC/C(C)=C\COP(=O)([O-])OP(=O)([O-])O[C@H]1O[C@H](CO)[C@@H](O[C@@H]2O[C@H](CO)[C@@H](O)[C@H](O[C@H]3O[C@H](CO)[C@@H](O)[C@H](O)[C@@H]3O[C@@H]3O[C@H](C(=O)[O-])[C@@H](O)[C@H](O)[C@H]3O)[C@H]2O)[C@H](O)[C@H]1O//NC1=NC2=C(N=CN2[C@@H]2O[C@H](COP(=O)([O-])OP(=O)([O-])O[C@H]3O[C@H](CO)[C@@H](O)[C@H](O)[C@@H]3O)[C@@H](O)[C@H]2O)C(=O)N1,CC(C)=CCC/C(C)=C/CC/C(C)=C/CC/C(C)=C\CC/C(C)=C\CC/C(C)=C\CC/C(C)=C\CC/C(C)=C\CC/C(C)=C\CC/C(C)=C\CC/C(C)=C\COP(=O)([O-])OP(=O)([O-])O[C@H]1O[C@H](CO)[C@@H](O[C@@H]2O[C@H](CO)[C@@H](O)[C@H](O[C@H]3O[C@H](CO)[C@@H](O)[C@H](O)[C@@H]3O[C@@H]3O[C@H](C(=O)[O-])[C@@H](O[C@@H]4O[C@H](CO)[C@@H](O)[C@H](O)[C@@H]4O)[C@H](O)[C@H]3O)[C@H]2O)[C@H](O)[C@H]1O//NC1=NC2=C(N=CN2[C@@H]2O[C@H](COP(=O)([O-])OP(=O)([O-])[O-])[C@@H](O)[C@H]2O)C(=O)N1//[H+],CC(C)=CCC/C(C)=C/CC/C(C)=C/CC/C(C)=C\CC/C(C)=C\CC/C(C)=C\CC/C(C)=C\CC/C(C)=C\CC/C(C)=C\CC/C(C)=C\CC/C(C)=C\COP(=O)([O-])OP(=O)([O-])O[C@H]1O[C@H](CO)[C@@H](O[C@@H]2O[C@H](CO)[C@@H](O)[C@H](O[C@H]3O[C@H](CO)[C@@H](O)[C@H](O)[C@@H]3O[C@@H]3O[C@H](C(=O)[O-])[C@@H](O)[C@H](O)[C@H]3O)[C@H]2O)[C@H](O)[C@H]1O.NC1=NC2=C(N=CN2[C@@H]2O[C@H](COP(=O)([O-])OP(=O)([O-])O[C@H]3O[C@H](CO)[C@@H](O)[C@H](O)[C@@H]3O)[C@@H](O)[C@H]2O)C(=O)N1,CC(C)=CCC/C(C)=C/CC/C(C)=C/CC/C(C)=C\CC/C(C)=C\CC/C(C)=C\CC/C(C)=C\CC/C(C)=C\CC/C(C)=C\CC/C(C)=C\CC/C(C)=C\COP(=O)([O-])OP(=O)([O-])O[C@H]1O[C@H](CO)[C@@H](O[C@@H]2O[C@H](CO)[C@@H](O)[C@H](O[C@H]3O[C@H](CO)[C@@H](O)[C@H](O)[C@@H]3O[C@@H]3O[C@H](C(=O)[O-])[C@@H](O[C@@H]4O[C@H](CO)[C@@H](O)[C@H](O)[C@@H]4O)[C@H](O)[C@H]3O)[C@H]2O)[C@H](O)[C@H]1O.NC1=NC2=C(N=CN2[C@@H]2O[C@H](COP(=O)([O-])OP(=O)([O-])[O-])[C@@H](O)[C@H]2O)C(=O)N1.[H+]
DM240,[NH3+]CCCC[N+](CCC[NH3+])(CCC[NH3+])CCC[NH3+]//CSC[C@H]1O[C@@H](N2C=NC3=C2N=CN=C3N)[C@H](O)[C@@H]1O//CSC[C@H]1O[C@@H](N2C=NC3=C2N=CN=C3N)[C@H](O)[C@@H]1O//[H+]//[H+],C[S+](CCC[NH3+])C[C@H]1O[C@@H](N2C=NC3=C2N=CN=C3N)[C@H](O)[C@@H]1O//C[S+](CCC[NH3+])C[C@H]1O[C@@H](N2C=NC3=C2N=CN=C3N)[C@H](O)[C@@H]1O//[NH3+]CCCC[NH2+]CCC[NH3+],[NH3+]CCCC[N+](CCC[NH3+])(CCC[NH3+])CCC[NH3+].CSC[C@H]1O[C@@H](N2C=NC3=C2N=CN=C3N)[C@H](O)[C@@H]1O.CSC[C@H]1O[C@@H](N2C=NC3=C2N=CN=C3N)[C@H](O)[C@@H]1O.[H+].[H+],C[S+](CCC[NH3+])C[C@H]1O[C@@H](N2C=NC3=C2N=CN=C3N)[C@H](O)[C@@H]1O.C[S+](CCC[NH3+])C[C@H]1O[C@@H](N2C=NC3=C2N=CN=C3N)[C@H](O)[C@@H]1O.[NH3+]CCCC[NH2+]CCC[NH3+]
DM241,[H][C@]1(O)C=C[C@@](CC(=O)C(=O)[O-])(C(=O)[O-])C=C1,C=C(O[C@@H]1C=C(C(=O)[O-])C=C[C@H]1O)C(=O)[O-],[H][C@]1(O)C=C[C@@](CC(=O)C(=O)[O-])(C(=O)[O-])C=C1,C=C(O[C@@H]1C=C(C(=O)[O-])C=C[C@H]1O)C(=O)[O-]
DM242,C/C(=C\C(=O)SCCNC(=O)CCNC(=O)[C@H](O)C(C)(C)COP(=O)([O-])OP(=O)([O-])OC[C@H]1O[C@@H](N2C=NC3=C2N=CN=C3N)[C@H](O)[C@@H]1OP(=O)([O-])[O-])CC(=O)[O-]//NC1=NC=NC2=C1N=CN2[C@@H]1O[C@H](COP(=O)([O-])OP(=O)([O-])[O-])[C@@H](O)[C@H]1O//O=P([O-])([O-])O//[H+],CC(C)=CC(=O)SCCNC(=O)CCNC(=O)[C@H](O)C(C)(C)COP(=O)([O-])OP(=O)([O-])OC[C@H]1O[C@@H](N2C=NC3=C2N=CN=C3N)[C@H](O)[C@@H]1OP(=O)([O-])[O-]//O=C([O-])O//NC1=NC=NC2=C1N=CN2[C@@H]1O[C@H](COP(=O)([O-])OP(=O)([O-])OP(=O)([O-])[O-])[C@@H](O)[C@H]1O,C/C(=C\C(=O)SCCNC(=O)CCNC(=O)[C@H](O)C(C)(C)COP(=O)([O-])OP(=O)([O-])OC[C@H]1O[C@@H](N2C=NC3=C2N=CN=C3N)[C@H](O)[C@@H]1OP(=O)([O-])[O-])CC(=O)[O-].NC1=NC=NC2=C1N=CN2[C@@H]1O[C@H](COP(=O)([O-])OP(=O)([O-])[O-])[C@@H](O)[C@H]1O.O=P([O-])([O-])O.[H+],CC(C)=CC(=O)SCCNC(=O)CCNC(=O)[C@H](O)C(C)(C)COP(=O)([O-])OP(=O)([O-])OC[C@H]1O[C@@H](N2C=NC3=C2N=CN=C3N)[C@H](O)[C@@H]1OP(=O)([O-])[O-].O=C([O-])O.NC1=NC=NC2=C1N=CN2[C@@H]1O[C@H](COP(=O)([O-])OP(=O)([O-])OP(=O)([O-])[O-])[C@@H](O)[C@H]1O
DM243,*[C@@H](O)CC(=O)N[C@H]1[C@H](OC[C@H]2O[C@H](OP(=O)([O-])[O-])[C@H](NC(=O)C[C@@H](*)O)[C@@H](OC(=O)C[C@@H](*)O)[C@@H]2O)O[C@H](CO[C@]2(C(=O)[O-])C[C@@H](O[C@]3(C(=O)[O-])C[C@@H](O)[C@@H](O)[C@@H]([C@H](O)CO)O3)[C@@H](O)[C@@H]([C@H](O)CO)O2)[C@@H](OP(=O)([O-])[O-])[C@@H]1OC(=O)C[C@@H](*)O//NC1=NC(=O)N([C@@H]2O[C@H](COP(=O)([O-])[O-])[C@@H](O)[C@H]2O)C=C1//[H+],*[C@@H](O)CC(=O)N[C@H]1[C@H](OC[C@H]2O[C@H](OP(=O)([O-])[O-])[C@H](NC(=O)C[C@@H](*)O)[C@@H](OC(=O)C[C@@H](*)O)[C@@H]2O)O[C@H](CO[C@]2(C(=O)[O-])C[C@@H](O)[C@@H](O)[C@@H]([C@H](O)CO)O2)[C@@H](OP(=O)([O-])[O-])[C@@H]1OC(=O)C[C@@H](*)O//[H][C@]1([C@H](O)CO)O[C@](OP(=O)([O-])OC[C@H]2O[C@@H](N3C=CC(N)=NC3=O)[C@H](O)[C@@H]2O)(C(=O)[O-])C[C@@H](O)[C@H]1O,*[C@@H](O)CC(=O)N[C@H]1[C@H](OC[C@H]2O[C@H](OP(=O)([O-])[O-])[C@H](NC(=O)C[C@@H](*)O)[C@@H](OC(=O)C[C@@H](*)O)[C@@H]2O)O[C@H](CO[C@]2(C(=O)[O-])C[C@@H](O[C@]3(C(=O)[O-])C[C@@H](O)[C@@H](O)[C@@H]([C@H](O)CO)O3)[C@@H](O)[C@@H]([C@H](O)CO)O2)[C@@H](OP(=O)([O-])[O-])[C@@H]1OC(=O)C[C@@H](*)O.NC1=NC(=O)N([C@@H]2O[C@H](COP(=O)([O-])[O-])[C@@H](O)[C@H]2O)C=C1.[H+],*[C@@H](O)CC(=O)N[C@H]1[C@H](OC[C@H]2O[C@H](OP(=O)([O-])[O-])[C@H](NC(=O)C[C@@H](*)O)[C@@H](OC(=O)C[C@@H](*)O)[C@@H]2O)O[C@H](CO[C@]2(C(=O)[O-])C[C@@H](O)[C@@H](O)[C@@H]([C@H](O)CO)O2)[C@@H](OP(=O)([O-])[O-])[C@@H]1OC(=O)C[C@@H](*)O.[H][C@]1([C@H](O)CO)O[C@](OP(=O)([O-])OC[C@H]2O[C@@H](N3C=CC(N)=NC3=O)[C@H](O)[C@@H]2O)(C(=O)[O-])C[C@@H](O)[C@H]1O
DM244,*P(=O)([O-])OC[C@H]1O[C@@H](N2C=NC3=C2N=CN=C3N)[C@H](O)[C@@H]1OC(=O)[C@@H]([NH3+])CCCNC(N)=[NH2+]//NC1=NC=NC2=C1N=CN2[C@@H]1O[C@H](COP(=O)([O-])[O-])[C@@H](O)[C@H]1O//O=P([O-])([O-])OP(=O)([O-])O,*P(=O)([O-])OC[C@H]1O[C@@H](N2C=NC3=C(N)N=CN=C32)[C@H](O)[C@@H]1O//NC(=[NH2+])NCCC[C@H]([NH3+])C(=O)[O-]//NC1=NC=NC2=C1N=CN2[C@@H]1O[C@H](COP(=O)([O-])OP(=O)([O-])OP(=O)([O-])[O-])[C@@H](O)[C@H]1O,*P(=O)([O-])OC[C@H]1O[C@@H](N2C=NC3=C2N=CN=C3N)[C@H](O)[C@@H]1OC(=O)[C@@H]([NH3+])CCCNC(N)=[NH2+].NC1=NC=NC2=C1N=CN2[C@@H]1O[C@H](COP(=O)([O-])[O-])[C@@H](O)[C@H]1O.O=P([O-])([O-])OP(=O)([O-])O,*P(=O)([O-])OC[C@H]1O[C@@H](N2C=NC3=C(N)N=CN=C32)[C@H](O)[C@@H]1O.NC(=[NH2+])NCCC[C@H]([NH3+])C(=O)[O-].NC1=NC=NC2=C1N=CN2[C@@H]1O[C@H](COP(=O)([O-])OP(=O)([O-])OP(=O)([O-])[O-])[C@@H](O)[C@H]1O
DM245,S1[Fe]S[Fe+]1//S1[Fe]S[Fe+]1//NC(=O)C1=CC=C[N+]([C@@H]2O[C@H](COP(=O)([O-])OP(=O)([O-])OC[C@H]3O[C@@H](N4C=NC5=C4N=CN=C5N)[C@H](OP(=O)([O-])[O-])[C@@H]3O)[C@@H](O)[C@H]2O)=C1//[H+],S1[Fe+]S[Fe+]1//S1[Fe+]S[Fe+]1//NC(=O)C1=CN([C@@H]2O[C@H](COP(=O)([O-])OP(=O)([O-])OC[C@H]3O[C@@H](N4C=NC5=C4N=CN=C5N)[C@H](OP(=O)([O-])[O-])[C@@H]3O)[C@@H](O)[C@H]2O)C=CC1,S1[Fe]S[Fe+]1.S1[Fe]S[Fe+]1.NC(=O)C1=CC=C[N+]([C@@H]2O[C@H](COP(=O)([O-])OP(=O)([O-])OC[C@H]3O[C@@H](N4C=NC5=C4N=CN=C5N)[C@H](OP(=O)([O-])[O-])[C@@H]3O)[C@@H](O)[C@H]2O)=C1.[H+],S1[Fe+]S[Fe+]1.S1[Fe+]S[Fe+]1.NC(=O)C1=CN([C@@H]2O[C@H](COP(=O)([O-])OP(=O)([O-])OC[C@H]3O[C@@H](N4C=NC5=C4N=CN=C5N)[C@H](OP(=O)([O-])[O-])[C@@H]3O)[C@@H](O)[C@H]2O)C=CC1
DM246,[H]C(=O)[C@H](O)[C@H](O)[C@H](O)CO,O=C(CO)[C@H](O)[C@H](O)CO,[H]C(=O)[C@H](O)[C@H](O)[C@H](O)CO,O=C(CO)[C@H](O)[C@H](O)CO
DM247,CCCCCCCCCCCC(=O)[O-]//CC1=C(C)C=C2C(=C1)NC1=C(NC(=O)NC1=O)N2C[C@H](O)[C@H](O)[C@H](O)COP(=O)([O-])[O-]//O=O,CCCCCC(O)CCCCCC(=O)[O-]//CC1=C(C)C=C2C(=C1)/N=C1/C(=O)[N-]C(=O)N=C1N2C[C@H](O)[C@H](O)[C@H](O)COP(=O)([O-])[O-]//[H]O[H]//[H+],CCCCCCCCCCCC(=O)[O-].CC1=C(C)C=C2C(=C1)NC1=C(NC(=O)NC1=O)N2C[C@H](O)[C@H](O)[C@H](O)COP(=O)([O-])[O-].O=O,CCCCCC(O)CCCCCC(=O)[O-].CC1=C(C)C=C2C(=C1)/N=C1/C(=O)[N-]C(=O)N=C1N2C[C@H](O)[C@H](O)[C@H](O)COP(=O)([O-])[O-].[H]O[H].[H+]
DM248,C=C1C(=O)OC[C@@H]1O//OC[C@H]1OC(O)[C@H](O)[C@@H](O)[C@@H]1O,C=C(C(=O)OC[C@H]1OC(O)[C@H](O)[C@@H](O)[C@@H]1O)[C@H](O)CO,C=C1C(=O)OC[C@@H]1O.OC[C@H]1OC(O)[C@H](O)[C@@H](O)[C@@H]1O,C=C(C(=O)OC[C@H]1OC(O)[C@H](O)[C@@H](O)[C@@H]1O)[C@H](O)CO
DM249,OC1=C(O)C=NC=C1//CC(=O)OC[C@H]([NH3+])C(=O)[O-],[NH3+][C@@H](C[N+]1=CC([O-])=C(O)C=C1)C(=O)[O-]//CC(=O)[O-]//[H+],OC1=C(O)C=NC=C1.CC(=O)OC[C@H]([NH3+])C(=O)[O-],[NH3+][C@@H](C[N+]1=CC([O-])=C(O)C=C1)C(=O)[O-].CC(=O)[O-].[H+]
DM250,O=P([O-])([O-])O[C@H]1O[C@H](CO)[C@@H](O)[C@H](O)[C@H]1O//NC1=NC2=C(N=CN2[C@@H]2O[C@H](COP(=O)([O-])OP(=O)([O-])[O-])[C@@H](O)[C@H]2O)C(=O)N1//[H+],NC1=NC2=C(/N=C\N2[C@@H]2O[C@H](COP(=O)([O-])OP(=O)([O-])O[C@H]3O[C@H](CO)[C@@H](O)[C@H](O)[C@H]3O)[C@@H](O)[C@H]2O)C(=O)N1//O=P([O-])([O-])O,O=P([O-])([O-])O[C@H]1O[C@H](CO)[C@@H](O)[C@H](O)[C@H]1O.NC1=NC2=C(N=CN2[C@@H]2O[C@H](COP(=O)([O-])OP(=O)([O-])[O-])[C@@H](O)[C@H]2O)C(=O)N1.[H+],NC1=NC2=C(/N=C\N2[C@@H]2O[C@H](COP(=O)([O-])OP(=O)([O-])O[C@H]3O[C@H](CO)[C@@H](O)[C@H](O)[C@H]3O)[C@@H](O)[C@H]2O)C(=O)N1.O=P([O-])([O-])O
DM251,*O[C@H]1[C@@H](O)[C@H](*)O[C@@H]1COP(=O)([O-])OP(=O)([O-])OP(=O)([O-])[O-]//[H]O[H],*O[C@H]1[C@@H](O)[C@H](*)O[C@@H]1COP(=O)([O-])OP(=O)([O-])[O-]//O=P([O-])([O-])O//[H+],*O[C@H]1[C@@H](O)[C@H](*)O[C@@H]1COP(=O)([O-])OP(=O)([O-])OP(=O)([O-])[O-].[H]O[H],*O[C@H]1[C@@H](O)[C@H](*)O[C@@H]1COP(=O)([O-])OP(=O)([O-])[O-].O=P([O-])([O-])O.[H+]
DM252,[H]C(=O)CS(=O)(=O)[O-]//NC(=O)C1=CC=C[N+]([C@@H]2O[C@H](COP(=O)([O-])OP(=O)([O-])OC[C@H]3O[C@@H](N4C=NC5=C4N=CN=C5N)[C@H](OP(=O)([O-])[O-])[C@@H]3O)[C@@H](O)[C@H]2O)=C1//CC(C)(COP(=O)([O-])OP(=O)([O-])OC[C@H]1O[C@@H](N2C=NC3=C2N=CN=C3N)[C@H](O)[C@@H]1OP(=O)([O-])[O-])[C@@H](O)C(=O)NCCC(=O)NCCS,CC(C)(COP(=O)([O-])OP(=O)([O-])OC[C@H]1O[C@@H](N2C=NC3=C2N=CN=C3N)[C@H](O)[C@@H]1OP(=O)([O-])[O-])[C@@H](O)C(=O)NCCC(=O)NCCSC(=O)CS(=O)(=O)[O-]//NC(=O)C1=CN([C@@H]2O[C@H](COP(=O)([O-])OP(=O)([O-])OC[C@H]3O[C@@H](N4C=NC5=C4N=CN=C5N)[C@H](OP(=O)([O-])[O-])[C@@H]3O)[C@@H](O)[C@H]2O)C=CC1//[H+],[H]C(=O)CS(=O)(=O)[O-].NC(=O)C1=CC=C[N+]([C@@H]2O[C@H](COP(=O)([O-])OP(=O)([O-])OC[C@H]3O[C@@H](N4C=NC5=C4N=CN=C5N)[C@H](OP(=O)([O-])[O-])[C@@H]3O)[C@@H](O)[C@H]2O)=C1.CC(C)(COP(=O)([O-])OP(=O)([O-])OC[C@H]1O[C@@H](N2C=NC3=C2N=CN=C3N)[C@H](O)[C@@H]1OP(=O)([O-])[O-])[C@@H](O)C(=O)NCCC(=O)NCCS,CC(C)(COP(=O)([O-])OP(=O)([O-])OC[C@H]1O[C@@H](N2C=NC3=C2N=CN=C3N)[C@H](O)[C@@H]1OP(=O)([O-])[O-])[C@@H](O)C(=O)NCCC(=O)NCCSC(=O)CS(=O)(=O)[O-].NC(=O)C1=CN([C@@H]2O[C@H](COP(=O)([O-])OP(=O)([O-])OC[C@H]3O[C@@H](N4C=NC5=C4N=CN=C5N)[C@H](OP(=O)([O-])[O-])[C@@H]3O)[C@@H](O)[C@H]2O)C=CC1.[H+]
DM253,*C1=CC=C(O)C=C1//*C1=CC=C(O)C=C1//[H]OO[H],*C1=CC=C([O])C=C1//*C1=CC=C([O])C=C1//[H]O[H]//[H]O[H],*C1=CC=C(O)C=C1.*C1=CC=C(O)C=C1.[H]OO[H],*C1=CC=C([O])C=C1.*C1=CC=C([O])C=C1.[H]O[H].[H]O[H]
DM254,[H]C(=O)C1=CCC(C(=C)C)CC1//NC(=O)C1=CN([C@@H]2O[C@H](COP(=O)([O-])OP(=O)([O-])OC[C@H]3O[C@@H](N4C=NC5=C4N=CN=C5N)[C@H](O)[C@@H]3O)[C@@H](O)[C@H]2O)C=CC1//[H+],C=C(C)C1CC=C(CO)CC1//NC(=O)C1=CC=C[N+]([C@@H]2O[C@H](COP(=O)([O-])OP(=O)([O-])OC[C@H]3O[C@@H](N4C=NC5=C4N=CN=C5N)[C@H](O)[C@@H]3O)[C@@H](O)[C@H]2O)=C1,[H]C(=O)C1=CCC(C(=C)C)CC1.NC(=O)C1=CN([C@@H]2O[C@H](COP(=O)([O-])OP(=O)([O-])OC[C@H]3O[C@@H](N4C=NC5=C4N=CN=C5N)[C@H](O)[C@@H]3O)[C@@H](O)[C@H]2O)C=CC1.[H+],C=C(C)C1CC=C(CO)CC1.NC(=O)C1=CC=C[N+]([C@@H]2O[C@H](COP(=O)([O-])OP(=O)([O-])OC[C@H]3O[C@@H](N4C=NC5=C4N=CN=C5N)[C@H](O)[C@@H]3O)[C@@H](O)[C@H]2O)=C1
DM255,[Hg]//NC(=O)C1=CC=C[N+]([C@@H]2O[C@H](COP(=O)([O-])OP(=O)([O-])OC[C@H]3O[C@@H](N4C=NC5=C4N=CN=C5N)[C@H](OP(=O)([O-])[O-])[C@@H]3O)[C@@H](O)[C@H]2O)=C1//[H+],[Hg+2]//NC(=O)C1=CN([C@@H]2O[C@H](COP(=O)([O-])OP(=O)([O-])OC[C@H]3O[C@@H](N4C=NC5=C4N=CN=C5N)[C@H](OP(=O)([O-])[O-])[C@@H]3O)[C@@H](O)[C@H]2O)C=CC1,[Hg].NC(=O)C1=CC=C[N+]([C@@H]2O[C@H](COP(=O)([O-])OP(=O)([O-])OC[C@H]3O[C@@H](N4C=NC5=C4N=CN=C5N)[C@H](OP(=O)([O-])[O-])[C@@H]3O)[C@@H](O)[C@H]2O)=C1.[H+],[Hg+2].NC(=O)C1=CN([C@@H]2O[C@H](COP(=O)([O-])OP(=O)([O-])OC[C@H]3O[C@@H](N4C=NC5=C4N=CN=C5N)[C@H](OP(=O)([O-])[O-])[C@@H]3O)[C@@H](O)[C@H]2O)C=CC1
DM256,*O[C@H]1[C@@H](OC)[C@H](N2C=CC(N)=NC2=O)O[C@@H]1COP(*)(=O)[O-]//NC1=NC=NC2=C1N=CN2[C@@H]1O[C@H](CSCC[C@H]([NH3+])C(=O)[O-])[C@@H](O)[C@H]1O//[H+],*O[C@H]1[C@@H](O)[C@H](N2C=CC(N)=NC2=O)O[C@@H]1COP(*)(=O)[O-]//C[S+](CC[C@H]([NH3+])C(=O)[O-])C[C@H]1O[C@@H](N2C=NC3=C2N=CN=C3N)[C@H](O)[C@@H]1O,*O[C@H]1[C@@H](OC)[C@H](N2C=CC(N)=NC2=O)O[C@@H]1COP(*)(=O)[O-].NC1=NC=NC2=C1N=CN2[C@@H]1O[C@H](CSCC[C@H]([NH3+])C(=O)[O-])[C@@H](O)[C@H]1O.[H+],*O[C@H]1[C@@H](O)[C@H](N2C=CC(N)=NC2=O)O[C@@H]1COP(*)(=O)[O-].C[S+](CC[C@H]([NH3+])C(=O)[O-])C[C@H]1O[C@@H](N2C=NC3=C2N=CN=C3N)[C@H](O)[C@@H]1O
DM257,*N[C@@H](CCCNC(=[NH2+])NC1O[C@H](COP(=O)([O-])OP(=O)([O-])OC[C@H]2O[C@@H](N3C=NC4=C3N=CN=C4N)[C@H](O)[C@@H]2O)[C@@H](O)[C@H]1O)C(*)=O//NC(=O)C1=CC=CN=C1//[H+],*N[C@@H](CCCNC(N)=[NH2+])C(*)=O//NC(=O)C1=CC=C[N+]([C@@H]2O[C@H](COP(=O)([O-])OP(=O)([O-])OC[C@H]3O[C@@H](N4C=NC5=C4N=CN=C5N)[C@H](O)[C@@H]3O)[C@@H](O)[C@H]2O)=C1,*N[C@@H](CCCNC(=[NH2+])NC1O[C@H](COP(=O)([O-])OP(=O)([O-])OC[C@H]2O[C@@H](N3C=NC4=C3N=CN=C4N)[C@H](O)[C@@H]2O)[C@@H](O)[C@H]1O)C(*)=O.NC(=O)C1=CC=CN=C1.[H+],*N[C@@H](CCCNC(N)=[NH2+])C(*)=O.NC(=O)C1=CC=C[N+]([C@@H]2O[C@H](COP(=O)([O-])OP(=O)([O-])OC[C@H]3O[C@@H](N4C=NC5=C4N=CN=C5N)[C@H](O)[C@@H]3O)[C@@H](O)[C@H]2O)=C1
DM258,*O[C@@H]1O[C@H](CO)[C@H](O)[C@H](O)[C@H]1O[C@@H]1O[C@@H](C)[C@@H](O)[C@@H](O)[C@@H]1O//O=C1C=CN([C@@H]2O[C@H](COP(=O)([O-])OP(=O)([O-])O[C@H]3O[C@H](CO)[C@H](O)[C@H](O)[C@H]3O)[C@@H](O)[C@H]2O)C(=O)N1,*O[C@@H]1O[C@H](CO)[C@H](O)[C@H](O[C@H]2O[C@H](CO)[C@H](O)[C@H](O)[C@H]2O)[C@H]1O[C@@H]1O[C@@H](C)[C@@H](O)[C@@H](O)[C@@H]1O//O=C1C=CN([C@@H]2O[C@H](COP(=O)([O-])OP(=O)([O-])[O-])[C@@H](O)[C@H]2O)C(=O)N1//[H+],*O[C@@H]1O[C@H](CO)[C@H](O)[C@H](O)[C@H]1O[C@@H]1O[C@@H](C)[C@@H](O)[C@@H](O)[C@@H]1O.O=C1C=CN([C@@H]2O[C@H](COP(=O)([O-])OP(=O)([O-])O[C@H]3O[C@H](CO)[C@H](O)[C@H](O)[C@H]3O)[C@@H](O)[C@H]2O)C(=O)N1,*O[C@@H]1O[C@H](CO)[C@H](O)[C@H](O[C@H]2O[C@H](CO)[C@H](O)[C@H](O)[C@H]2O)[C@H]1O[C@@H]1O[C@@H](C)[C@@H](O)[C@@H](O)[C@@H]1O.O=C1C=CN([C@@H]2O[C@H](COP(=O)([O-])OP(=O)([O-])[O-])[C@@H](O)[C@H]2O)C(=O)N1.[H+]
DM259,NC(=O)NC(=O)C(=O)[O-]//NC(=O)C1=CN([C@@H]2O[C@H](COP(=O)([O-])OP(=O)([O-])OC[C@H]3O[C@@H](N4C=NC5=C4N=CN=C5N)[C@H](OP(=O)([O-])[O-])[C@@H]3O)[C@@H](O)[C@H]2O)C=CC1//[H+],NC(=O)N[C@@H](O)C(=O)[O-]//NC(=O)C1=CC=C[N+]([C@@H]2O[C@H](COP(=O)([O-])OP(=O)([O-])OC[C@H]3O[C@@H](N4C=NC5=C4N=CN=C5N)[C@H](OP(=O)([O-])[O-])[C@@H]3O)[C@@H](O)[C@H]2O)=C1,NC(=O)NC(=O)C(=O)[O-].NC(=O)C1=CN([C@@H]2O[C@H](COP(=O)([O-])OP(=O)([O-])OC[C@H]3O[C@@H](N4C=NC5=C4N=CN=C5N)[C@H](OP(=O)([O-])[O-])[C@@H]3O)[C@@H](O)[C@H]2O)C=CC1.[H+],NC(=O)N[C@@H](O)C(=O)[O-].NC(=O)C1=CC=C[N+]([C@@H]2O[C@H](COP(=O)([O-])OP(=O)([O-])OC[C@H]3O[C@@H](N4C=NC5=C4N=CN=C5N)[C@H](OP(=O)([O-])[O-])[C@@H]3O)[C@@H](O)[C@H]2O)=C1
DM260,C[NH2+]CCCC(=O)[O-]//O=O//[H]O[H],O=CCCC(=O)[O-]//C[NH3+]//[H]OO[H],C[NH2+]CCCC(=O)[O-].O=O.[H]O[H],O=CCCC(=O)[O-].C[NH3+].[H]OO[H]
DM261,*O[C@H]1[C@@H](O)[C@H](N2C=NC3=C2N=CN=C3NC(=O)N[C@H](C(=O)[O-])[C@@H](C)O)O[C@@H]1COP(*)(=O)[O-]//*S[H]//[H]*[H]//C[S+](CC[C@H]([NH3+])C(=O)[O-])C[C@H]1O[C@@H](N2C=NC3=C2N=CN=C3N)[C@H](O)[C@@H]1O//C[S+](CC[C@H]([NH3+])C(=O)[O-])C[C@H]1O[C@@H](N2C=NC3=C2N=CN=C3N)[C@H](O)[C@@H]1O,*O[C@H]1[C@@H](O)[C@H](N2C=NC3=C2N=C(SC)N=C3NC(=O)N[C@H](C(=O)[O-])[C@@H](C)O)O[C@@H]1COP(*)(=O)[O-]//*[H]//C[C@H]1O[C@@H](N2C=NC3=C(N)N=CN=C32)[C@H](O)[C@@H]1O//CSCC[C@H]([NH3+])C(=O)[O-]//*//NC1=NC=NC2=C1N=CN2[C@@H]1O[C@H](CSCC[C@H]([NH3+])C(=O)[O-])[C@@H](O)[C@H]1O//[H+]//[H+],*O[C@H]1[C@@H](O)[C@H](N2C=NC3=C2N=CN=C3NC(=O)N[C@H](C(=O)[O-])[C@@H](C)O)O[C@@H]1COP(*)(=O)[O-].*S[H].[H]*[H].C[S+](CC[C@H]([NH3+])C(=O)[O-])C[C@H]1O[C@@H](N2C=NC3=C2N=CN=C3N)[C@H](O)[C@@H]1O.C[S+](CC[C@H]([NH3+])C(=O)[O-])C[C@H]1O[C@@H](N2C=NC3=C2N=CN=C3N)[C@H](O)[C@@H]1O,*O[C@H]1[C@@H](O)[C@H](N2C=NC3=C2N=C(SC)N=C3NC(=O)N[C@H](C(=O)[O-])[C@@H](C)O)O[C@@H]1COP(*)(=O)[O-].*[H].C[C@H]1O[C@@H](N2C=NC3=C(N)N=CN=C32)[C@H](O)[C@@H]1O.CSCC[C@H]([NH3+])C(=O)[O-].*.NC1=NC=NC2=C1N=CN2[C@@H]1O[C@H](CSCC[C@H]([NH3+])C(=O)[O-])[C@@H](O)[C@H]1O.[H+].[H+]
DM262,O=C1C=CN([C@@H]2O[C@H](COP(=O)([O-])OP(=O)([O-])[O-])[C@@H](O)[C@H]2O)C(=O)N1//NC1=NC=NC2=C1N=CN2[C@@H]1O[C@H](COP(=O)([O-])OP(=O)([O-])[O-])[C@@H](O)[C@H]1O,O=C1C=CN([C@@H]2O[C@H](COP(=O)([O-])[O-])[C@@H](O)[C@H]2O)C(=O)N1//NC1=NC=NC2=C1N=CN2[C@@H]1O[C@H](COP(=O)([O-])OP(=O)([O-])OP(=O)([O-])[O-])[C@@H](O)[C@H]1O,O=C1C=CN([C@@H]2O[C@H](COP(=O)([O-])OP(=O)([O-])[O-])[C@@H](O)[C@H]2O)C(=O)N1.NC1=NC=NC2=C1N=CN2[C@@H]1O[C@H](COP(=O)([O-])OP(=O)([O-])[O-])[C@@H](O)[C@H]1O,O=C1C=CN([C@@H]2O[C@H](COP(=O)([O-])[O-])[C@@H](O)[C@H]2O)C(=O)N1.NC1=NC=NC2=C1N=CN2[C@@H]1O[C@H](COP(=O)([O-])OP(=O)([O-])OP(=O)([O-])[O-])[C@@H](O)[C@H]1O
DM263,O=C([O-])CCCC(=O)C(=O)[O-]//O=O,O=C([O-])CC[C@@H](O)C(=O)[O-]//O=C=O,O=C([O-])CCCC(=O)C(=O)[O-].O=O,O=C([O-])CC[C@@H](O)C(=O)[O-].O=C=O
DM264,C[N+](C)(C)CC(=O)CC(=O)[O-]//NC(=O)C1=CN([C@@H]2O[C@H](COP(=O)([O-])OP(=O)([O-])OC[C@H]3O[C@@H](N4C=NC5=C4N=CN=C5N)[C@H](O)[C@@H]3O)[C@@H](O)[C@H]2O)C=CC1//[H+],C[N+](C)(C)C[C@@H](O)CC(=O)[O-]//NC(=O)C1=CC=C[N+]([C@@H]2O[C@H](COP(=O)([O-])OP(=O)([O-])OC[C@H]3O[C@@H](N4C=NC5=C4N=CN=C5N)[C@H](O)[C@@H]3O)[C@@H](O)[C@H]2O)=C1,C[N+](C)(C)CC(=O)CC(=O)[O-].NC(=O)C1=CN([C@@H]2O[C@H](COP(=O)([O-])OP(=O)([O-])OC[C@H]3O[C@@H](N4C=NC5=C4N=CN=C5N)[C@H](O)[C@@H]3O)[C@@H](O)[C@H]2O)C=CC1.[H+],C[N+](C)(C)C[C@@H](O)CC(=O)[O-].NC(=O)C1=CC=C[N+]([C@@H]2O[C@H](COP(=O)([O-])OP(=O)([O-])OC[C@H]3O[C@@H](N4C=NC5=C4N=CN=C5N)[C@H](O)[C@@H]3O)[C@@H](O)[C@H]2O)=C1
DM265,S1[Fe]S[Fe+]1//S1[Fe]S[Fe+]1//CC1(C)[C@@H]2CC[C@@]1(C)C(=O)C2//O=O//[H+]//[H+],CC1(C)[C@H]2CC(=O)[C@]1(C)[C@H](O)C2//S1[Fe+]S[Fe+]1//S1[Fe+]S[Fe+]1//[H]O[H],S1[Fe]S[Fe+]1.S1[Fe]S[Fe+]1.CC1(C)[C@@H]2CC[C@@]1(C)C(=O)C2.O=O.[H+].[H+],CC1(C)[C@H]2CC(=O)[C@]1(C)[C@H](O)C2.S1[Fe+]S[Fe+]1.S1[Fe+]S[Fe+]1.[H]O[H]
DM266,C[C@H](CCNC(N)=[NH2+])[C@H]([NH3+])C(=O)[O-]//O=C([O-])CC(=O)C(=O)[O-],C[C@H](CCNC(N)=[NH2+])C(=O)C(=O)[O-]//[NH3+][C@@H](CC(=O)[O-])C(=O)[O-],C[C@H](CCNC(N)=[NH2+])[C@H]([NH3+])C(=O)[O-].O=C([O-])CC(=O)C(=O)[O-],C[C@H](CCNC(N)=[NH2+])C(=O)C(=O)[O-].[NH3+][C@@H](CC(=O)[O-])C(=O)[O-]
DM267,O=C1CCC(C(=O)[O-])CC1//NC(=O)C1=CN([C@@H]2O[C@H](COP(=O)([O-])OP(=O)([O-])OC[C@H]3O[C@@H](N4C=NC5=C4N=CN=C5N)[C@H](O)[C@@H]3O)[C@@H](O)[C@H]2O)C=CC1//[H+],O=C([O-])[C@H]1CC[C@H](O)CC1//NC(=O)C1=CC=C[N+]([C@@H]2O[C@H](COP(=O)([O-])OP(=O)([O-])OC[C@H]3O[C@@H](N4C=NC5=C4N=CN=C5N)[C@H](O)[C@@H]3O)[C@@H](O)[C@H]2O)=C1,O=C1CCC(C(=O)[O-])CC1.NC(=O)C1=CN([C@@H]2O[C@H](COP(=O)([O-])OP(=O)([O-])OC[C@H]3O[C@@H](N4C=NC5=C4N=CN=C5N)[C@H](O)[C@@H]3O)[C@@H](O)[C@H]2O)C=CC1.[H+],O=C([O-])[C@H]1CC[C@H](O)CC1.NC(=O)C1=CC=C[N+]([C@@H]2O[C@H](COP(=O)([O-])OP(=O)([O-])OC[C@H]3O[C@@H](N4C=NC5=C4N=CN=C5N)[C@H](O)[C@@H]3O)[C@@H](O)[C@H]2O)=C1
DM268,CC(C)=CCC/C(C)=C/CC/C(C)=C/CSC[C@H]([NH3+])C(=O)[O-]//O=O//[H]O[H],[H]C(=O)/C=C(\C)CC/C=C(\C)CCC=C(C)C//[NH3+][C@@H](CS)C(=O)[O-]//[H]OO[H],CC(C)=CCC/C(C)=C/CC/C(C)=C/CSC[C@H]([NH3+])C(=O)[O-].O=O.[H]O[H],[H]C(=O)/C=C(\C)CC/C=C(\C)CCC=C(C)C.[NH3+][C@@H](CS)C(=O)[O-].[H]OO[H]
DM269,*C1=C(*)C(*)=C([C@H]2OC3=C(*)C(*)=C(*)C(*)=C3C(=O)[C@@H]2O)C(*)=C1*//O=C([O-])CCC(=O)[O-]//O=C=O,*C1=C(*)C(*)=C([C@@H]2CC(=O)C3=C(O2)C(*)=C(*)C(*)=C3*)C(*)=C1*//O=C([O-])CCC(=O)C(=O)[O-]//O=O,*C1=C(*)C(*)=C([C@H]2OC3=C(*)C(*)=C(*)C(*)=C3C(=O)[C@@H]2O)C(*)=C1*.O=C([O-])CCC(=O)[O-].O=C=O,*C1=C(*)C(*)=C([C@@H]2CC(=O)C3=C(O2)C(*)=C(*)C(*)=C3*)C(*)=C1*.O=C([O-])CCC(=O)C(=O)[O-].O=O
DM270,*N[C@@H](CC(=O)[O-])C(*)=O//O=C([O-])CCC(=O)C(=O)[O-]//O=O,*N[C@H](C(*)=O)[C@H](O)C(=O)[O-]//O=C([O-])CCC(=O)[O-]//O=C=O,*N[C@@H](CC(=O)[O-])C(*)=O.O=C([O-])CCC(=O)C(=O)[O-].O=O,*N[C@H](C(*)=O)[C@H](O)C(=O)[O-].O=C([O-])CCC(=O)[O-].O=C=O
DM271,C/C(=C\CNC1=C2N=CNC2=NC=N1)CO[C@@H]1O[C@H](CO)[C@@H](O)[C@H](O)[C@H]1O//O=C1C=CN([C@@H]2O[C@H](COP(=O)([O-])OP(=O)([O-])[O-])[C@@H](O)[C@H]2O)C(=O)N1//[H+],C/C(=C\CNC1=C2N=CNC2=NC=N1)CO//O=C1C=CN([C@@H]2O[C@H](COP(=O)([O-])OP(=O)([O-])O[C@H]3O[C@H](CO)[C@@H](O)[C@H](O)[C@H]3O)[C@@H](O)[C@H]2O)C(=O)N1,C/C(=C\CNC1=C2N=CNC2=NC=N1)CO[C@@H]1O[C@H](CO)[C@@H](O)[C@H](O)[C@H]1O.O=C1C=CN([C@@H]2O[C@H](COP(=O)([O-])OP(=O)([O-])[O-])[C@@H](O)[C@H]2O)C(=O)N1.[H+],C/C(=C\CNC1=C2N=CNC2=NC=N1)CO.O=C1C=CN([C@@H]2O[C@H](COP(=O)([O-])OP(=O)([O-])O[C@H]3O[C@H](CO)[C@@H](O)[C@H](O)[C@H]3O)[C@@H](O)[C@H]2O)C(=O)N1
DM272,[H][C@]12[NH+]3CC=C[C@@]1(CC)C/C(C(=O)OC)=C1/NC4=CC=CC=C4[C@@]12CC3,C=C(C(=O)OC)C1=C(CC[NH+]2C=C(CC)C=CC2)C2=C(C=CC=C2)N1,[H][C@]12[NH+]3CC=C[C@@]1(CC)C/C(C(=O)OC)=C1/NC4=CC=CC=C4[C@@]12CC3,C=C(C(=O)OC)C1=C(CC[NH+]2C=C(CC)C=CC2)C2=C(C=CC=C2)N1
DM273,C[NH2+]C//NC(=O)NCCC[C@H]([NH3+])C(=O)[O-],CN(C)C(=[NH2+])NCCC[C@H]([NH3+])C(=O)[O-]//[H]O[H],C[NH2+]C.NC(=O)NCCC[C@H]([NH3+])C(=O)[O-],CN(C)C(=[NH2+])NCCC[C@H]([NH3+])C(=O)[O-].[H]O[H]
DM274,*N[C@@H](COP(=O)([O-])OCC(C)(C)[C@@H](O)C(=O)NCCC(=O)NCCSC(*)=O)C(*)=O//NC1=NC=NC2=C1N=CN2[C@@H]1O[C@H](COP(=O)([O-])[O-])[C@@H](O)[C@H]1O//O=P([O-])([O-])OP(=O)([O-])O,*N[C@@H](COP(=O)([O-])OCC(C)(C)[C@@H](O)C(=O)NCCC(=O)NCCS)C(*)=O//*C(=O)[O-]//NC1=NC=NC2=C1N=CN2[C@@H]1O[C@H](COP(=O)([O-])OP(=O)([O-])OP(=O)([O-])[O-])[C@@H](O)[C@H]1O,*N[C@@H](COP(=O)([O-])OCC(C)(C)[C@@H](O)C(=O)NCCC(=O)NCCSC(*)=O)C(*)=O.NC1=NC=NC2=C1N=CN2[C@@H]1O[C@H](COP(=O)([O-])[O-])[C@@H](O)[C@H]1O.O=P([O-])([O-])OP(=O)([O-])O,*N[C@@H](COP(=O)([O-])OCC(C)(C)[C@@H](O)C(=O)NCCC(=O)NCCS)C(*)=O.*C(=O)[O-].NC1=NC=NC2=C1N=CN2[C@@H]1O[C@H](COP(=O)([O-])OP(=O)([O-])OP(=O)([O-])[O-])[C@@H](O)[C@H]1O
DM275,CC(C)=CCC/C(C)=C/CC/C(C)=C/CC/C(C)=C/CC/C(C)=C/CC/C(C)=C/CC/C(C)=C/CC/C(C)=C/CC/C(C)=C/CC/C(C)=C/COP(=O)([O-])OP(=O)([O-])[O-]//O=C([O-])C1=C(O)C2=C(C=CC=C2)C(O)=C1//[H+],CC(C)=CCC/C(C)=C/CC/C(C)=C/CC/C(C)=C/CC/C(C)=C/CC/C(C)=C/CC/C(C)=C/CC/C(C)=C/CC/C(C)=C/CC/C(C)=C/CC1=C(O)C2=CC=CC=C2C(O)=C1//O=C=O//O=P([O-])([O-])OP(=O)([O-])O,CC(C)=CCC/C(C)=C/CC/C(C)=C/CC/C(C)=C/CC/C(C)=C/CC/C(C)=C/CC/C(C)=C/CC/C(C)=C/CC/C(C)=C/CC/C(C)=C/COP(=O)([O-])OP(=O)([O-])[O-].O=C([O-])C1=C(O)C2=C(C=CC=C2)C(O)=C1.[H+],CC(C)=CCC/C(C)=C/CC/C(C)=C/CC/C(C)=C/CC/C(C)=C/CC/C(C)=C/CC/C(C)=C/CC/C(C)=C/CC/C(C)=C/CC/C(C)=C/CC1=C(O)C2=CC=CC=C2C(O)=C1.O=C=O.O=P([O-])([O-])OP(=O)([O-])O
DM276,O[C@H]1[C@H](O)[C@@H](O)[C@H](O)[C@@H](O)[C@H]1O//NC1=NC=NC2=C1N=CN2[C@@H]1O[C@H](COP(=O)([O-])OP(=O)([O-])OP(=O)([O-])[O-])[C@@H](O)[C@H]1O,O=P([O-])([O-])O[C@@H]1[C@@H](O)[C@H](O)[C@@H](O)[C@H](O)[C@@H]1O//NC1=NC=NC2=C1N=CN2[C@@H]1O[C@H](COP(=O)([O-])OP(=O)([O-])[O-])[C@@H](O)[C@H]1O//[H+],O[C@H]1[C@H](O)[C@@H](O)[C@H](O)[C@@H](O)[C@H]1O.NC1=NC=NC2=C1N=CN2[C@@H]1O[C@H](COP(=O)([O-])OP(=O)([O-])OP(=O)([O-])[O-])[C@@H](O)[C@H]1O,O=P([O-])([O-])O[C@@H]1[C@@H](O)[C@H](O)[C@@H](O)[C@H](O)[C@@H]1O.NC1=NC=NC2=C1N=CN2[C@@H]1O[C@H](COP(=O)([O-])OP(=O)([O-])[O-])[C@@H](O)[C@H]1O.[H+]
DM277,[H][C@@]1(C(=C)C)CC=C(C)CC1//NC(=O)C1=CN([C@@H]2O[C@H](COP(=O)([O-])OP(=O)([O-])OC[C@H]3O[C@@H](N4C=NC5=C4N=CN=C5N)[C@H](O)[C@@H]3O)[C@@H](O)[C@H]2O)C=CC1//O=O//[H+],C=C(C)C1CCC2(C)OC2C1//NC(=O)C1=CC=C[N+]([C@@H]2O[C@H](COP(=O)([O-])OP(=O)([O-])OC[C@H]3O[C@@H](N4C=NC5=C4N=CN=C5N)[C@H](O)[C@@H]3O)[C@@H](O)[C@H]2O)=C1//[H]O[H],[H][C@@]1(C(=C)C)CC=C(C)CC1.NC(=O)C1=CN([C@@H]2O[C@H](COP(=O)([O-])OP(=O)([O-])OC[C@H]3O[C@@H](N4C=NC5=C4N=CN=C5N)[C@H](O)[C@@H]3O)[C@@H](O)[C@H]2O)C=CC1.O=O.[H+],C=C(C)C1CCC2(C)OC2C1.NC(=O)C1=CC=C[N+]([C@@H]2O[C@H](COP(=O)([O-])OP(=O)([O-])OC[C@H]3O[C@@H](N4C=NC5=C4N=CN=C5N)[C@H](O)[C@@H]3O)[C@@H](O)[C@H]2O)=C1.[H]O[H]
DM278,CC(C)=CCC/C(C)=C/CC/C(C)=C/CC/C(C)=C/CC/C(C)=C/CC/C(C)=C/CC/C(C)=C/CC/C(C)=C/CC/C(C)=C/CC1=CC(=O)C(C)=C(C)C1=O//CC(C)=CCC/C(C)=C/CC/C(C)=C/CC/C(C)=C/CC/C(C)=C/CC/C(C)=C/CC/C(C)=C/CC/C(C)=C/CC/C(C)=C/CC1=CC(=O)C(C)=C(C)C1=O//[H]O[H]//[H]O[H],CC(C)=CCC/C(C)=C/CC/C(C)=C/CC/C(C)=C/CC/C(C)=C/CC/C(C)=C/CC/C(C)=C/CC/C(C)=C/CC/C(C)=C/CC1=CC(O)=C(C)C(C)=C1O//CC(C)=CCC/C(C)=C/CC/C(C)=C/CC/C(C)=C/CC/C(C)=C/CC/C(C)=C/CC/C(C)=C/CC/C(C)=C/CC/C(C)=C/CC1=CC(O)=C(C)C(C)=C1O//O=O,CC(C)=CCC/C(C)=C/CC/C(C)=C/CC/C(C)=C/CC/C(C)=C/CC/C(C)=C/CC/C(C)=C/CC/C(C)=C/CC/C(C)=C/CC1=CC(=O)C(C)=C(C)C1=O.CC(C)=CCC/C(C)=C/CC/C(C)=C/CC/C(C)=C/CC/C(C)=C/CC/C(C)=C/CC/C(C)=C/CC/C(C)=C/CC/C(C)=C/CC1=CC(=O)C(C)=C(C)C1=O.[H]O[H].[H]O[H],CC(C)=CCC/C(C)=C/CC/C(C)=C/CC/C(C)=C/CC/C(C)=C/CC/C(C)=C/CC/C(C)=C/CC/C(C)=C/CC/C(C)=C/CC1=CC(O)=C(C)C(C)=C1O.CC(C)=CCC/C(C)=C/CC/C(C)=C/CC/C(C)=C/CC/C(C)=C/CC/C(C)=C/CC/C(C)=C/CC/C(C)=C/CC/C(C)=C/CC1=CC(O)=C(C)C(C)=C1O.O=O
DM279,NC(=O)C1=CN([C@@H]2O[C@H](COP(=O)([O-])OP(=O)([O-])OC[C@H]3O[C@@H](N4C=NC5=C4N=CN=C5N)[C@H](O)[C@@H]3O)[C@@H](O)[C@H]2O)C=CC1//O=O//[H+],[H]OO[H]//NC(=O)C1=CC=C[N+]([C@@H]2O[C@H](COP(=O)([O-])OP(=O)([O-])OC[C@H]3O[C@@H](N4C=NC5=C4N=CN=C5N)[C@H](O)[C@@H]3O)[C@@H](O)[C@H]2O)=C1,NC(=O)C1=CN([C@@H]2O[C@H](COP(=O)([O-])OP(=O)([O-])OC[C@H]3O[C@@H](N4C=NC5=C4N=CN=C5N)[C@H](O)[C@@H]3O)[C@@H](O)[C@H]2O)C=CC1.O=O.[H+],[H]OO[H].NC(=O)C1=CC=C[N+]([C@@H]2O[C@H](COP(=O)([O-])OP(=O)([O-])OC[C@H]3O[C@@H](N4C=NC5=C4N=CN=C5N)[C@H](O)[C@@H]3O)[C@@H](O)[C@H]2O)=C1
DM280,CC(=O)C(=O)[O-]//NC(=O)C1=CN([C@@H]2O[C@H](COP(=O)([O-])OP(=O)([O-])OC[C@H]3O[C@@H](N4C=NC5=C4N=CN=C5N)[C@H](O)[C@@H]3O)[C@@H](O)[C@H]2O)C=CC1//[H+],C[C@H](O)C(=O)[O-]//NC(=O)C1=CC=C[N+]([C@@H]2O[C@H](COP(=O)([O-])OP(=O)([O-])OC[C@H]3O[C@@H](N4C=NC5=C4N=CN=C5N)[C@H](O)[C@@H]3O)[C@@H](O)[C@H]2O)=C1,CC(=O)C(=O)[O-].NC(=O)C1=CN([C@@H]2O[C@H](COP(=O)([O-])OP(=O)([O-])OC[C@H]3O[C@@H](N4C=NC5=C4N=CN=C5N)[C@H](O)[C@@H]3O)[C@@H](O)[C@H]2O)C=CC1.[H+],C[C@H](O)C(=O)[O-].NC(=O)C1=CC=C[N+]([C@@H]2O[C@H](COP(=O)([O-])OP(=O)([O-])OC[C@H]3O[C@@H](N4C=NC5=C4N=CN=C5N)[C@H](O)[C@@H]3O)[C@@H](O)[C@H]2O)=C1
DM281,OC[C@H]1O[C@@H](S/C(C/C2=C/NC3=CC=CC=C32)=N\O)[C@H](O)[C@@H](O)[C@@H]1O//NC1=NC=NC2=C1N=CN2[C@@H]1O[C@H](COP(=O)([O-])OS(=O)(=O)[O-])[C@@H](OP(=O)([O-])[O-])[C@H]1O,O=S(=O)([O-])O/N=C(/C/C1=C/NC2=CC=CC=C21)S[C@@H]1O[C@H](CO)[C@@H](O)[C@H](O)[C@H]1O//NC1=NC=NC2=C1N=CN2[C@@H]1O[C@H](COP(=O)([O-])[O-])[C@@H](OP(=O)([O-])[O-])[C@H]1O//[H+],OC[C@H]1O[C@@H](S/C(C/C2=C/NC3=CC=CC=C32)=N\O)[C@H](O)[C@@H](O)[C@@H]1O.NC1=NC=NC2=C1N=CN2[C@@H]1O[C@H](COP(=O)([O-])OS(=O)(=O)[O-])[C@@H](OP(=O)([O-])[O-])[C@H]1O,O=S(=O)([O-])O/N=C(/C/C1=C/NC2=CC=CC=C21)S[C@@H]1O[C@H](CO)[C@@H](O)[C@H](O)[C@H]1O.NC1=NC=NC2=C1N=CN2[C@@H]1O[C@H](COP(=O)([O-])[O-])[C@@H](OP(=O)([O-])[O-])[C@H]1O.[H+]
DM282,CC(C)=CCC/C(C)=C/CC/C(C)=C/CC/C(C)=C\CC/C(C)=C\CC/C(C)=C\CC/C(C)=C\CC/C(C)=C\CC/C(C)=C\CC/C(C)=C\CC/C(C)=C\COP(=O)([O-])O[C@@H]1OC[C@H]([NH3+])[C@H](O)[C@H]1O//CC(C)=CCC/C(C)=C/CC/C(C)=C/CC/C(C)=C\CC/C(C)=C\CC/C(C)=C\CC/C(C)=C\CC/C(C)=C\CC/C(C)=C\CC/C(C)=C\CC/C(C)=C\COP(=O)([O-])O[C@@H]1OC[C@H]([NH3+])[C@H](O)[C@H]1O//CCCCCCCCCCCCCC(=O)O[C@H](CCCCCCCCCCC)CC(=O)O[C@@H]1[C@@H](NC(=O)C[C@@H](CCCCCCCCCCC)OC(=O)CCCCCCCCCCC)[C@H](OC[C@H]2O[C@H](OP(=O)([O-])[O-])[C@H](NC(=O)C[C@H](O)CCCCCCCCCCC)[C@@H](OC(=O)C[C@H](O)CCCCCCCCCCC)[C@@H]2O)O[C@H](CO[C@]2(C(=O)[O-])C[C@@H](O[C@]3(C(=O)[O-])C[C@@H](O)[C@@H](O)[C@@H]([C@H](O)CO)O3)[C@@H](O)[C@@H]([C@H](O)CO)O2)[C@H]1OP(=O)([O-])[O-],[H][C@]1([C@H](O)CO)O[C@@](O[C@@H]2C[C@](OC[C@H]3O[C@@H](OC[C@H]4O[C@H](OP(=O)([O-])O[C@H]5OC[C@H]([NH3+])[C@H](O)[C@H]5O)[C@H](NC(=O)C[C@H](O)CCCCCCCCCCC)[C@@H](OC(=O)C[C@H](O)CCCCCCCCCCC)[C@@H]4O)[C@H](NC(=O)C[C@@H](CCCCCCCCCCC)OC(=O)CCCCCCCCCCC)[C@@H](OC(=O)C[C@@H](CCCCCCCCCCC)OC(=O)CCCCCCCCCCCCC)[C@@H]3OP(=O)([O-])O[C@H]3OC[C@H]([NH3+])[C@H](O)[C@H]3O)(C(=O)[O-])O[C@]([H])([C@H](O)CO)[C@@H]2O)(C(=O)[O-])C[C@@H](O)[C@H]1O//CC(C)=CCC/C(C)=C/CC/C(C)=C/CC/C(C)=C\CC/C(C)=C\CC/C(C)=C\CC/C(C)=C\CC/C(C)=C\CC/C(C)=C\CC/C(C)=C\CC/C(C)=C\COP(=O)([O-])[O-]//CC(C)=CCC/C(C)=C/CC/C(C)=C/CC/C(C)=C\CC/C(C)=C\CC/C(C)=C\CC/C(C)=C\CC/C(C)=C\CC/C(C)=C\CC/C(C)=C\CC/C(C)=C\COP(=O)([O-])[O-],CC(C)=CCC/C(C)=C/CC/C(C)=C/CC/C(C)=C\CC/C(C)=C\CC/C(C)=C\CC/C(C)=C\CC/C(C)=C\CC/C(C)=C\CC/C(C)=C\CC/C(C)=C\COP(=O)([O-])O[C@@H]1OC[C@H]([NH3+])[C@H](O)[C@H]1O.CC(C)=CCC/C(C)=C/CC/C(C)=C/CC/C(C)=C\CC/C(C)=C\CC/C(C)=C\CC/C(C)=C\CC/C(C)=C\CC/C(C)=C\CC/C(C)=C\CC/C(C)=C\COP(=O)([O-])O[C@@H]1OC[C@H]([NH3+])[C@H](O)[C@H]1O.CCCCCCCCCCCCCC(=O)O[C@H](CCCCCCCCCCC)CC(=O)O[C@@H]1[C@@H](NC(=O)C[C@@H](CCCCCCCCCCC)OC(=O)CCCCCCCCCCC)[C@H](OC[C@H]2O[C@H](OP(=O)([O-])[O-])[C@H](NC(=O)C[C@H](O)CCCCCCCCCCC)[C@@H](OC(=O)C[C@H](O)CCCCCCCCCCC)[C@@H]2O)O[C@H](CO[C@]2(C(=O)[O-])C[C@@H](O[C@]3(C(=O)[O-])C[C@@H](O)[C@@H](O)[C@@H]([C@H](O)CO)O3)[C@@H](O)[C@@H]([C@H](O)CO)O2)[C@H]1OP(=O)([O-])[O-],[H][C@]1([C@H](O)CO)O[C@@](O[C@@H]2C[C@](OC[C@H]3O[C@@H](OC[C@H]4O[C@H](OP(=O)([O-])O[C@H]5OC[C@H]([NH3+])[C@H](O)[C@H]5O)[C@H](NC(=O)C[C@H](O)CCCCCCCCCCC)[C@@H](OC(=O)C[C@H](O)CCCCCCCCCCC)[C@@H]4O)[C@H](NC(=O)C[C@@H](CCCCCCCCCCC)OC(=O)CCCCCCCCCCC)[C@@H](OC(=O)C[C@@H](CCCCCCCCCCC)OC(=O)CCCCCCCCCCCCC)[C@@H]3OP(=O)([O-])O[C@H]3OC[C@H]([NH3+])[C@H](O)[C@H]3O)(C(=O)[O-])O[C@]([H])([C@H](O)CO)[C@@H]2O)(C(=O)[O-])C[C@@H](O)[C@H]1O.CC(C)=CCC/C(C)=C/CC/C(C)=C/CC/C(C)=C\CC/C(C)=C\CC/C(C)=C\CC/C(C)=C\CC/C(C)=C\CC/C(C)=C\CC/C(C)=C\CC/C(C)=C\COP(=O)([O-])[O-].CC(C)=CCC/C(C)=C/CC/C(C)=C/CC/C(C)=C\CC/C(C)=C\CC/C(C)=C\CC/C(C)=C\CC/C(C)=C\CC/C(C)=C\CC/C(C)=C\CC/C(C)=C\COP(=O)([O-])[O-]
DM283,[H][C@@]12CC=C(C)C[C@]1([H])C2(C)C//O=P([O-])([O-])OP(=O)([O-])O,CC(C)=CCC/C(C)=C/COP(=O)([O-])OP(=O)([O-])[O-],[H][C@@]12CC=C(C)C[C@]1([H])C2(C)C.O=P([O-])([O-])OP(=O)([O-])O,CC(C)=CCC/C(C)=C/COP(=O)([O-])OP(=O)([O-])[O-]
DM284,CC(=O)[O-]//CC(=O)C(=O)[O-],C[C@](O)(CC(=O)[O-])C(=O)[O-],CC(=O)[O-].CC(=O)C(=O)[O-],C[C@](O)(CC(=O)[O-])C(=O)[O-]
DM285,O=C([O-])C1=CC(=O)[C@@H](O)[C@H](O)C1,O=C([O-])C1=CC(O)=C(O)C=C1//[H]O[H],O=C([O-])C1=CC(=O)[C@@H](O)[C@H](O)C1,O=C([O-])C1=CC(O)=C(O)C=C1.[H]O[H]
DM286,CC(C)=CCO//O=P([O-])([O-])OP(=O)([O-])O,CC(C)=CCOP(=O)([O-])OP(=O)([O-])[O-]//[H]O[H],CC(C)=CCO.O=P([O-])([O-])OP(=O)([O-])O,CC(C)=CCOP(=O)([O-])OP(=O)([O-])[O-].[H]O[H]
DM287,O=C([O-])C1=CC(Br)=C([O-])C(Br)=C1//[H][N+]([H])([H])[H],N#CC1=CC(Br)=C([O-])C(Br)=C1//[H]O[H]//[H]O[H],O=C([O-])C1=CC(Br)=C([O-])C(Br)=C1.[H][N+]([H])([H])[H],N#CC1=CC(Br)=C([O-])C(Br)=C1.[H]O[H].[H]O[H]
DM288,[1*]C(=O)[O-]//NC(=O)C1=CN([C@@H]2O[C@H](COP(=O)([O-])OP(=O)([O-])OC[C@H]3O[C@@H](N4C=NC5=C4N=CN=C5N)[C@H](O)[C@@H]3O)[C@@H](O)[C@H]2O)C=CC1//[H+]//[H+],*C([H])=O//NC(=O)C1=CC=C[N+]([C@@H]2O[C@H](COP(=O)([O-])OP(=O)([O-])OC[C@H]3O[C@@H](N4C=NC5=C4N=CN=C5N)[C@H](O)[C@@H]3O)[C@@H](O)[C@H]2O)=C1//[H]O[H],[1*]C(=O)[O-].NC(=O)C1=CN([C@@H]2O[C@H](COP(=O)([O-])OP(=O)([O-])OC[C@H]3O[C@@H](N4C=NC5=C4N=CN=C5N)[C@H](O)[C@@H]3O)[C@@H](O)[C@H]2O)C=CC1.[H+].[H+],*C([H])=O.NC(=O)C1=CC=C[N+]([C@@H]2O[C@H](COP(=O)([O-])OP(=O)([O-])OC[C@H]3O[C@@H](N4C=NC5=C4N=CN=C5N)[C@H](O)[C@@H]3O)[C@@H](O)[C@H]2O)=C1.[H]O[H]
DM289,O=C1N[C@@H](C/C2=C/NC3=C2C=CC=C3)/C2=N/C3=C(C=CC=C3)C(=O)N2C2=C1C=CC=C2//NC(=O)C1=CN([C@@H]2O[C@H](COP(=O)([O-])OP(=O)([O-])OC[C@H]3O[C@@H](N4C=NC5=C4N=CN=C5N)[C@H](OP(=O)([O-])[O-])[C@@H]3O)[C@@H](O)[C@H]2O)C=CC1//O=O//[H+],[H][C@]12NC3=C(C=CC=C3)[C@@]1(O)C[C@H]1C3=NC4=C(C=CC=C4)C(=O)N3C3=C(C=CC=C3)C(=O)N12//NC(=O)C1=CC=C[N+]([C@@H]2O[C@H](COP(=O)([O-])OP(=O)([O-])OC[C@H]3O[C@@H](N4C=NC5=C4N=CN=C5N)[C@H](OP(=O)([O-])[O-])[C@@H]3O)[C@@H](O)[C@H]2O)=C1//[H]O[H],O=C1N[C@@H](C/C2=C/NC3=C2C=CC=C3)/C2=N/C3=C(C=CC=C3)C(=O)N2C2=C1C=CC=C2.NC(=O)C1=CN([C@@H]2O[C@H](COP(=O)([O-])OP(=O)([O-])OC[C@H]3O[C@@H](N4C=NC5=C4N=CN=C5N)[C@H](OP(=O)([O-])[O-])[C@@H]3O)[C@@H](O)[C@H]2O)C=CC1.O=O.[H+],[H][C@]12NC3=C(C=CC=C3)[C@@]1(O)C[C@H]1C3=NC4=C(C=CC=C4)C(=O)N3C3=C(C=CC=C3)C(=O)N12.NC(=O)C1=CC=C[N+]([C@@H]2O[C@H](COP(=O)([O-])OP(=O)([O-])OC[C@H]3O[C@@H](N4C=NC5=C4N=CN=C5N)[C@H](OP(=O)([O-])[O-])[C@@H]3O)[C@@H](O)[C@H]2O)=C1.[H]O[H]
DM290,CS//C[S+](CC[C@H]([NH3+])C(=O)[O-])C[C@H]1O[C@@H](N2C=NC3=C2N=CN=C3N)[C@H](O)[C@@H]1O,CSC//NC1=NC=NC2=C1N=CN2[C@@H]1O[C@H](CSCC[C@H]([NH3+])C(=O)[O-])[C@@H](O)[C@H]1O//[H+],CS.C[S+](CC[C@H]([NH3+])C(=O)[O-])C[C@H]1O[C@@H](N2C=NC3=C2N=CN=C3N)[C@H](O)[C@@H]1O,CSC.NC1=NC=NC2=C1N=CN2[C@@H]1O[C@H](CSCC[C@H]([NH3+])C(=O)[O-])[C@@H](O)[C@H]1O.[H+]
DM291,C[NH2+]CCOP(=O)([O-])[O-]//C[S+](CC[C@H]([NH3+])C(=O)[O-])C[C@H]1O[C@@H](N2C=NC3=C2N=CN=C3N)[C@H](O)[C@@H]1O,C[NH+](C)CCOP(=O)([O-])[O-]//NC1=NC=NC2=C1N=CN2[C@@H]1O[C@H](CSCC[C@H]([NH3+])C(=O)[O-])[C@@H](O)[C@H]1O//[H+],C[NH2+]CCOP(=O)([O-])[O-].C[S+](CC[C@H]([NH3+])C(=O)[O-])C[C@H]1O[C@@H](N2C=NC3=C2N=CN=C3N)[C@H](O)[C@@H]1O,C[NH+](C)CCOP(=O)([O-])[O-].NC1=NC=NC2=C1N=CN2[C@@H]1O[C@H](CSCC[C@H]([NH3+])C(=O)[O-])[C@@H](O)[C@H]1O.[H+]
DM292,C[C@@H](O)[C@H](NC(=O)OP(=O)([O-])OC[C@H]1O[C@@H](N2C=NC3=C2N=CN=C3N)[C@H](O)[C@@H]1O)C(=O)[O-]//*O[C@H]1[C@@H](O)[C@H](N2C=NC3=C2N=CN=C3N)O[C@@H]1COP(*)(=O)[O-],*O[C@H]1[C@@H](O)[C@H](N2C=NC3=C2N=CN=C3NC(=O)N[C@H](C(=O)[O-])[C@@H](C)O)O[C@@H]1COP(*)(=O)[O-]//NC1=NC=NC2=C1N=CN2[C@@H]1O[C@H](COP(=O)([O-])[O-])[C@@H](O)[C@H]1O//[H+],C[C@@H](O)[C@H](NC(=O)OP(=O)([O-])OC[C@H]1O[C@@H](N2C=NC3=C2N=CN=C3N)[C@H](O)[C@@H]1O)C(=O)[O-].*O[C@H]1[C@@H](O)[C@H](N2C=NC3=C2N=CN=C3N)O[C@@H]1COP(*)(=O)[O-],*O[C@H]1[C@@H](O)[C@H](N2C=NC3=C2N=CN=C3NC(=O)N[C@H](C(=O)[O-])[C@@H](C)O)O[C@@H]1COP(*)(=O)[O-].NC1=NC=NC2=C1N=CN2[C@@H]1O[C@H](COP(=O)([O-])[O-])[C@@H](O)[C@H]1O.[H+]
DM293,CCCCCC1=CC(O)=C(C/C=C(\C)CCC=C(C)C)C(O)=C1C(=O)[O-]//O=O,[H][C@@]12/C=C(/C)CC[C@@]1([H])C(C)(C)OC1=C2C(O)=C(C(=O)[O-])C(CCCCC)=C1//[H]OO[H],CCCCCC1=CC(O)=C(C/C=C(\C)CCC=C(C)C)C(O)=C1C(=O)[O-].O=O,[H][C@@]12/C=C(/C)CC[C@@]1([H])C(C)(C)OC1=C2C(O)=C(C(=O)[O-])C(CCCCC)=C1.[H]OO[H]
DM294,O=C([O-])[C@@H](CO)O[C@H]1O[C@H](CO)[C@@H](O)[C@H](O)[C@H]1O//[H]O[H],O=C([O-])[C@H](O)CO//OC[C@H]1OC(O)[C@H](O)[C@@H](O)[C@@H]1O,O=C([O-])[C@@H](CO)O[C@H]1O[C@H](CO)[C@@H](O)[C@H](O)[C@H]1O.[H]O[H],O=C([O-])[C@H](O)CO.OC[C@H]1OC(O)[C@H](O)[C@@H](O)[C@@H]1O
DM295,NC1=NC(=O)N([C@@H]2O[C@H](COP(=O)([O-])OP(=O)([O-])OC3O[C@H](CO)[C@@H](O)[C@H](O)[C@H]3O)[C@@H](O)[C@H]2O)C=C1//O=P([O-])([O-])OP(=O)([O-])O,O=P([O-])([O-])O[C@H]1O[C@H](CO)[C@@H](O)[C@H](O)[C@H]1O//NC1=NC(=O)N([C@@H]2O[C@H](COP(=O)([O-])OP(=O)([O-])OP(=O)([O-])[O-])[C@@H](O)[C@H]2O)C=C1//[H+],NC1=NC(=O)N([C@@H]2O[C@H](COP(=O)([O-])OP(=O)([O-])OC3O[C@H](CO)[C@@H](O)[C@H](O)[C@H]3O)[C@@H](O)[C@H]2O)C=C1.O=P([O-])([O-])OP(=O)([O-])O,O=P([O-])([O-])O[C@H]1O[C@H](CO)[C@@H](O)[C@H](O)[C@H]1O.NC1=NC(=O)N([C@@H]2O[C@H](COP(=O)([O-])OP(=O)([O-])OP(=O)([O-])[O-])[C@@H](O)[C@H]2O)C=C1.[H+]
DM296,CC(C)(COP(=O)([O-])OP(=O)([O-])OC[C@H]1O[C@@H](N2C=NC3=C2N=CN=C3N)[C@H](O)[C@@H]1OP(=O)([O-])[O-])[C@@H](O)C(=O)NCCC(=O)NCCSC(=O)CC(=O)C1=CC=CC=C1N//[H]O[H],NC1=CC=CC=C1C(=O)CC(=O)[O-]//CC(C)(COP(=O)([O-])OP(=O)([O-])OC[C@H]1O[C@@H](N2C=NC3=C2N=CN=C3N)[C@H](O)[C@@H]1OP(=O)([O-])[O-])[C@@H](O)C(=O)NCCC(=O)NCCS//[H+],CC(C)(COP(=O)([O-])OP(=O)([O-])OC[C@H]1O[C@@H](N2C=NC3=C2N=CN=C3N)[C@H](O)[C@@H]1OP(=O)([O-])[O-])[C@@H](O)C(=O)NCCC(=O)NCCSC(=O)CC(=O)C1=CC=CC=C1N.[H]O[H],NC1=CC=CC=C1C(=O)CC(=O)[O-].CC(C)(COP(=O)([O-])OP(=O)([O-])OC[C@H]1O[C@@H](N2C=NC3=C2N=CN=C3N)[C@H](O)[C@@H]1OP(=O)([O-])[O-])[C@@H](O)C(=O)NCCC(=O)NCCS.[H+]
DM297,[H][C@]12C[C@@H](O)[C@H](/C=C/[C@@H](O)CCCCC)[C@@]1([H])C/C(=C/CCCC(=O)[O-])O2//NC(=O)C1=CC=C[N+]([C@@H]2O[C@H](COP(=O)([O-])OP(=O)([O-])OC[C@H]3O[C@@H](N4C=NC5=C4N=CN=C5N)[C@H](OP(=O)([O-])[O-])[C@@H]3O)[C@@H](O)[C@H]2O)=C1,[H][C@]12C[C@@H](O)[C@H](/C=C/C(=O)CCCCC)[C@@]1([H])C/C(=C/CCCC(=O)[O-])O2//NC(=O)C1=CN([C@@H]2O[C@H](COP(=O)([O-])OP(=O)([O-])OC[C@H]3O[C@@H](N4C=NC5=C4N=CN=C5N)[C@H](OP(=O)([O-])[O-])[C@@H]3O)[C@@H](O)[C@H]2O)C=CC1//[H+],[H][C@]12C[C@@H](O)[C@H](/C=C/[C@@H](O)CCCCC)[C@@]1([H])C/C(=C/CCCC(=O)[O-])O2.NC(=O)C1=CC=C[N+]([C@@H]2O[C@H](COP(=O)([O-])OP(=O)([O-])OC[C@H]3O[C@@H](N4C=NC5=C4N=CN=C5N)[C@H](OP(=O)([O-])[O-])[C@@H]3O)[C@@H](O)[C@H]2O)=C1,[H][C@]12C[C@@H](O)[C@H](/C=C/C(=O)CCCCC)[C@@]1([H])C/C(=C/CCCC(=O)[O-])O2.NC(=O)C1=CN([C@@H]2O[C@H](COP(=O)([O-])OP(=O)([O-])OC[C@H]3O[C@@H](N4C=NC5=C4N=CN=C5N)[C@H](OP(=O)([O-])[O-])[C@@H]3O)[C@@H](O)[C@H]2O)C=CC1.[H+]
DM298,*N[C@@H](CCCCNC(=O)CCCC[C@@H]1CCSS1)C(*)=O//*N[C@@H](CCCC[NH3+])C(*)=O,*N[C@@H](CCCC[NH3+])C(*)=O//*N[C@@H](CCCCNC(=O)CCCC[C@@H]1CCSS1)C(*)=O,*N[C@@H](CCCCNC(=O)CCCC[C@@H]1CCSS1)C(*)=O.*N[C@@H](CCCC[NH3+])C(*)=O,*N[C@@H](CCCC[NH3+])C(*)=O.*N[C@@H](CCCCNC(=O)CCCC[C@@H]1CCSS1)C(*)=O
DM299,NC1=NC2=C(/N=C(/[C@H](O)[C@@H](O)COP(=O)([O-])OP(=O)([O-])OP(=O)([O-])[O-])CN2)C(=O)N1,NC1=NC2=C(N=C([C@H](O)[C@H](O)COP(=O)([O-])OP(=O)([O-])OP(=O)([O-])[O-])CN2)C(=O)N1,NC1=NC2=C(/N=C(/[C@H](O)[C@@H](O)COP(=O)([O-])OP(=O)([O-])OP(=O)([O-])[O-])CN2)C(=O)N1,NC1=NC2=C(N=C([C@H](O)[C@H](O)COP(=O)([O-])OP(=O)([O-])OP(=O)([O-])[O-])CN2)C(=O)N1
DM300,[H][C@@]1(C(=O)[O-])CCCNN1//[H]O[H]//[H+],[NH3+][C@@H](CCCNO)C(=O)[O-],[H][C@@]1(C(=O)[O-])CCCNN1.[H]O[H].[H+],[NH3+][C@@H](CCCNO)C(=O)[O-]
DM301,CC1=CN([C@H]2C[C@H](O)[C@@H](COP(=O)([O-])OP(=O)([O-])O[C@@H]3C[C@H]([NH+](C)C)[C@H](O)[C@H](C)O3)O2)C(=O)NC1=O//CC[C@@]1(O)C[C@H](O)C2=C(O)/C3=C(/C=C/2[C@H]1C(=O)OC)C(=O)C1=C(C3=O)C(O)=CC=C1,CC[C@@]1(O)C[C@H](O[C@H]2C[C@H]([NH+](C)C)[C@H](O)[C@H](C)O2)C2=C(/C=C3/C(=O)C4=C(C(=O)/C3=C/2[O-])C(O)=CC=C4)[C@H]1C(=O)OC//CC1=CN([C@H]2C[C@H](O)[C@@H](COP(=O)([O-])OP(=O)([O-])[O-])O2)C(=O)NC1=O//[H+]//[H+],CC1=CN([C@H]2C[C@H](O)[C@@H](COP(=O)([O-])OP(=O)([O-])O[C@@H]3C[C@H]([NH+](C)C)[C@H](O)[C@H](C)O3)O2)C(=O)NC1=O.CC[C@@]1(O)C[C@H](O)C2=C(O)/C3=C(/C=C/2[C@H]1C(=O)OC)C(=O)C1=C(C3=O)C(O)=CC=C1,CC[C@@]1(O)C[C@H](O[C@H]2C[C@H]([NH+](C)C)[C@H](O)[C@H](C)O2)C2=C(/C=C3/C(=O)C4=C(C(=O)/C3=C/2[O-])C(O)=CC=C4)[C@H]1C(=O)OC.CC1=CN([C@H]2C[C@H](O)[C@@H](COP(=O)([O-])OP(=O)([O-])[O-])O2)C(=O)NC1=O.[H+].[H+]
DM302,[H][C@@]12C3=CNC4=C3C(=CC=C4)C(C)(C)[C@@]1([H])CC[C@](C)(C=C)[C@@H]2[N+]#[C-]//[Cl-]//O=C([O-])CCC(=O)C(=O)[O-]//O=O//[H+],[H][C@@]12C3=CNC4=C3C(=CC=C4)C(C)(C)[C@@]1([H])C[C@@H](Cl)[C@](C)(C=C)[C@@H]2[N+]#[C-]//O=C([O-])CCC(=O)[O-]//O=C=O//[H]O[H],[H][C@@]12C3=CNC4=C3C(=CC=C4)C(C)(C)[C@@]1([H])CC[C@](C)(C=C)[C@@H]2[N+]#[C-].[Cl-].O=C([O-])CCC(=O)C(=O)[O-].O=O.[H+],[H][C@@]12C3=CNC4=C3C(=CC=C4)C(C)(C)[C@@]1([H])C[C@@H](Cl)[C@](C)(C=C)[C@@H]2[N+]#[C-].O=C([O-])CCC(=O)[O-].O=C=O.[H]O[H]
DM303,[NH3+]CC(=O)[O-]//C[S+](CC[C@H]([NH3+])C(=O)[O-])C[C@H]1O[C@@H](N2C=NC3=C2N=CN=C3N)[C@H](O)[C@@H]1O//C[S+](CC[C@H]([NH3+])C(=O)[O-])C[C@H]1O[C@@H](N2C=NC3=C2N=CN=C3N)[C@H](O)[C@@H]1O//C[S+](CC[C@H]([NH3+])C(=O)[O-])C[C@H]1O[C@@H](N2C=NC3=C2N=CN=C3N)[C@H](O)[C@@H]1O,C[N+](C)(C)CC(=O)[O-]//NC1=NC=NC2=C1N=CN2[C@@H]1O[C@H](CSCC[C@H]([NH3+])C(=O)[O-])[C@@H](O)[C@H]1O//NC1=NC=NC2=C1N=CN2[C@@H]1O[C@H](CSCC[C@H]([NH3+])C(=O)[O-])[C@@H](O)[C@H]1O//NC1=NC=NC2=C1N=CN2[C@@H]1O[C@H](CSCC[C@H]([NH3+])C(=O)[O-])[C@@H](O)[C@H]1O//[H+]//[H+]//[H+],[NH3+]CC(=O)[O-].C[S+](CC[C@H]([NH3+])C(=O)[O-])C[C@H]1O[C@@H](N2C=NC3=C2N=CN=C3N)[C@H](O)[C@@H]1O.C[S+](CC[C@H]([NH3+])C(=O)[O-])C[C@H]1O[C@@H](N2C=NC3=C2N=CN=C3N)[C@H](O)[C@@H]1O.C[S+](CC[C@H]([NH3+])C(=O)[O-])C[C@H]1O[C@@H](N2C=NC3=C2N=CN=C3N)[C@H](O)[C@@H]1O,C[N+](C)(C)CC(=O)[O-].NC1=NC=NC2=C1N=CN2[C@@H]1O[C@H](CSCC[C@H]([NH3+])C(=O)[O-])[C@@H](O)[C@H]1O.NC1=NC=NC2=C1N=CN2[C@@H]1O[C@H](CSCC[C@H]([NH3+])C(=O)[O-])[C@@H](O)[C@H]1O.NC1=NC=NC2=C1N=CN2[C@@H]1O[C@H](CSCC[C@H]([NH3+])C(=O)[O-])[C@@H](O)[C@H]1O.[H+].[H+].[H+]
DM304,*C1CCC2C3CCC4CC(=O)CCC4(C)C3CCC12C//NC(=O)C1=CN([C@@H]2O[C@H](COP(=O)([O-])OP(=O)([O-])OC[C@H]3O[C@@H](N4C=NC5=C4N=CN=C5N)[C@H](OP(=O)([O-])[O-])[C@@H]3O)[C@@H](O)[C@H]2O)C=CC1//[H+],*C1CCC2C3CCC4C[C@H](O)CCC4(C)C3CCC12C//NC(=O)C1=CC=C[N+]([C@@H]2O[C@H](COP(=O)([O-])OP(=O)([O-])OC[C@H]3O[C@@H](N4C=NC5=C4N=CN=C5N)[C@H](OP(=O)([O-])[O-])[C@@H]3O)[C@@H](O)[C@H]2O)=C1,*C1CCC2C3CCC4CC(=O)CCC4(C)C3CCC12C.NC(=O)C1=CN([C@@H]2O[C@H](COP(=O)([O-])OP(=O)([O-])OC[C@H]3O[C@@H](N4C=NC5=C4N=CN=C5N)[C@H](OP(=O)([O-])[O-])[C@@H]3O)[C@@H](O)[C@H]2O)C=CC1.[H+],*C1CCC2C3CCC4C[C@H](O)CCC4(C)C3CCC12C.NC(=O)C1=CC=C[N+]([C@@H]2O[C@H](COP(=O)([O-])OP(=O)([O-])OC[C@H]3O[C@@H](N4C=NC5=C4N=CN=C5N)[C@H](OP(=O)([O-])[O-])[C@@H]3O)[C@@H](O)[C@H]2O)=C1
DM305,[H][C@@]12CCCC(C)(C)C1=CC[C@H](C)[C@@]2(C)CC/C(C)=C/COP(=O)([O-])OP(=O)([O-])[O-]//[H]O[H],[H][C@@]12CCCC(C)(C)C1=CC[C@H](C)[C@@]2(C)CC[C@](C)(O)C=C//O=P([O-])([O-])OP(=O)([O-])O,[H][C@@]12CCCC(C)(C)C1=CC[C@H](C)[C@@]2(C)CC/C(C)=C/COP(=O)([O-])OP(=O)([O-])[O-].[H]O[H],[H][C@@]12CCCC(C)(C)C1=CC[C@H](C)[C@@]2(C)CC[C@](C)(O)C=C.O=P([O-])([O-])OP(=O)([O-])O
DM306,*C//[Hg+2],*C[Hg+]//[H+],*C.[Hg+2],*C[Hg+].[H+]
DM307,C[C@H]1CCC[C@@]2(C)CCCC[C@]12O//CC(C)=O,C/C1=C\CC[C@H](C)/C=C/[C@H](C(C)(C)O)CC1//[H]O[H],C[C@H]1CCC[C@@]2(C)CCCC[C@]12O.CC(C)=O,C/C1=C\CC[C@H](C)/C=C/[C@H](C(C)(C)O)CC1.[H]O[H]
DM308,CC(=O)C(=O)[O-]//[H][N+]([H])([H])[H],[NH3+][C@@H](CO)C(=O)[O-],CC(=O)C(=O)[O-].[H][N+]([H])([H])[H],[NH3+][C@@H](CO)C(=O)[O-]
DM309,CO/C1=C/C=C2/[C@H]3CC4=CC=C(O)C5=C4[C@@]2(CC[NH+]3C)[C@H]1O5//[H]C([H])=O//O=C([O-])CCC(=O)[O-]//O=C=O,COC1=C2O[C@H]3/C(OC)=C\C=C4\[C@H]5CC(=C\2[C@]43CC[NH+]5C)\C=C\1//O=C([O-])CCC(=O)C(=O)[O-]//O=O,CO/C1=C/C=C2/[C@H]3CC4=CC=C(O)C5=C4[C@@]2(CC[NH+]3C)[C@H]1O5.[H]C([H])=O.O=C([O-])CCC(=O)[O-].O=C=O,COC1=C2O[C@H]3/C(OC)=C\C=C4\[C@H]5CC(=C\2[C@]43CC[NH+]5C)\C=C\1.O=C([O-])CCC(=O)C(=O)[O-].O=O
DM310,*OO//[NH3+][C@@H](CCC(=O)N[C@@H](CS)C(=O)NCC(=O)[O-])C(=O)[O-]//[NH3+][C@@H](CCC(=O)N[C@@H](CS)C(=O)NCC(=O)[O-])C(=O)[O-],*O//[NH3+][C@@H](CCC(=O)N[C@@H](CSSC[C@H](NC(=O)CC[C@H]([NH3+])C(=O)[O-])C(=O)NCC(=O)[O-])C(=O)NCC(=O)[O-])C(=O)[O-]//[H]O[H],*OO.[NH3+][C@@H](CCC(=O)N[C@@H](CS)C(=O)NCC(=O)[O-])C(=O)[O-].[NH3+][C@@H](CCC(=O)N[C@@H](CS)C(=O)NCC(=O)[O-])C(=O)[O-],*O.[NH3+][C@@H](CCC(=O)N[C@@H](CSSC[C@H](NC(=O)CC[C@H]([NH3+])C(=O)[O-])C(=O)NCC(=O)[O-])C(=O)NCC(=O)[O-])C(=O)[O-].[H]O[H]
DM311,O=C([O-])[C@H](O)COP(=O)([O-])[O-]//NC1=NC=NC2=C1N=CN2[C@@H]1O[C@H](COP(=O)([O-])OP(=O)([O-])OP(=O)([O-])[O-])[C@@H](O)[C@H]1O,O=C(OP(=O)([O-])[O-])[C@H](O)COP(=O)([O-])[O-]//NC1=NC=NC2=C1N=CN2[C@@H]1O[C@H](COP(=O)([O-])OP(=O)([O-])[O-])[C@@H](O)[C@H]1O,O=C([O-])[C@H](O)COP(=O)([O-])[O-].NC1=NC=NC2=C1N=CN2[C@@H]1O[C@H](COP(=O)([O-])OP(=O)([O-])OP(=O)([O-])[O-])[C@@H](O)[C@H]1O,O=C(OP(=O)([O-])[O-])[C@H](O)COP(=O)([O-])[O-].NC1=NC=NC2=C1N=CN2[C@@H]1O[C@H](COP(=O)([O-])OP(=O)([O-])[O-])[C@@H](O)[C@H]1O
DM312,*P(=O)([O-])OC[C@H]1O[C@@H](N2C=NC3=C2N=CN=C3N)[C@H](O)[C@@H]1OC(=O)[C@H]([NH3+])CC1=CC=CC=C1//[H]O[H],[NH3+][C@H](CC1=CC=CC=C1)C(=O)[O-]//*P(=O)([O-])OC[C@H]1O[C@@H](N2C=NC3=C(N)N=CN=C32)[C@H](O)[C@@H]1O//[H+],*P(=O)([O-])OC[C@H]1O[C@@H](N2C=NC3=C2N=CN=C3N)[C@H](O)[C@@H]1OC(=O)[C@H]([NH3+])CC1=CC=CC=C1.[H]O[H],[NH3+][C@H](CC1=CC=CC=C1)C(=O)[O-].*P(=O)([O-])OC[C@H]1O[C@@H](N2C=NC3=C(N)N=CN=C32)[C@H](O)[C@@H]1O.[H+]
DM313,O=C([O-])C1=CC=CC=C1C(=O)[O-]//NC(=O)C1=CN([C@@H]2O[C@H](COP(=O)([O-])OP(=O)([O-])OC[C@H]3O[C@@H](N4C=NC5=C4N=CN=C5N)[C@H](O)[C@@H]3O)[C@@H](O)[C@H]2O)C=CC1//[H+]//[H+],O=CC1=CC=CC=C1C(=O)[O-]//NC(=O)C1=CC=C[N+]([C@@H]2O[C@H](COP(=O)([O-])OP(=O)([O-])OC[C@H]3O[C@@H](N4C=NC5=C4N=CN=C5N)[C@H](O)[C@@H]3O)[C@@H](O)[C@H]2O)=C1//[H]O[H],O=C([O-])C1=CC=CC=C1C(=O)[O-].NC(=O)C1=CN([C@@H]2O[C@H](COP(=O)([O-])OP(=O)([O-])OC[C@H]3O[C@@H](N4C=NC5=C4N=CN=C5N)[C@H](O)[C@@H]3O)[C@@H](O)[C@H]2O)C=CC1.[H+].[H+],O=CC1=CC=CC=C1C(=O)[O-].NC(=O)C1=CC=C[N+]([C@@H]2O[C@H](COP(=O)([O-])OP(=O)([O-])OC[C@H]3O[C@@H](N4C=NC5=C4N=CN=C5N)[C@H](O)[C@@H]3O)[C@@H](O)[C@H]2O)=C1.[H]O[H]
DM314,O=C([O-])[C@@H](O)[C@H](O)CO//NC1=NC=NC2=C1N=CN2[C@@H]1O[C@H](COP(=O)([O-])OP(=O)([O-])OP(=O)([O-])[O-])[C@@H](O)[C@H]1O,O=C([O-])[C@@H](O)[C@H](O)COP(=O)([O-])[O-]//NC1=NC=NC2=C1N=CN2[C@@H]1O[C@H](COP(=O)([O-])OP(=O)([O-])[O-])[C@@H](O)[C@H]1O//[H+],O=C([O-])[C@@H](O)[C@H](O)CO.NC1=NC=NC2=C1N=CN2[C@@H]1O[C@H](COP(=O)([O-])OP(=O)([O-])OP(=O)([O-])[O-])[C@@H](O)[C@H]1O,O=C([O-])[C@@H](O)[C@H](O)COP(=O)([O-])[O-].NC1=NC=NC2=C1N=CN2[C@@H]1O[C@H](COP(=O)([O-])OP(=O)([O-])[O-])[C@@H](O)[C@H]1O.[H+]
DM315,*C(=O)N[C@@H](CO[C@@H]1O[C@H](CO)[C@@H](O[C@@H]2O[C@H](CO)[C@H](O)[C@H](O)[C@H]2O)[C@H](O)[C@H]1O)[C@H](O)/C=C/CCCCCCCCCCCCC//O=C1C=CN([C@@H]2O[C@H](COP(=O)([O-])OP(=O)([O-])O[C@H]3O[C@H](CO)[C@H](O)[C@H](O)[C@H]3O)[C@@H](O)[C@H]2O)C(=O)N1,*C(=O)N[C@@H](CO[C@@H]1O[C@H](CO)[C@@H](O[C@@H]2O[C@H](CO)[C@H](O[C@H]3O[C@H](CO)[C@H](O)[C@H](O)[C@H]3O)[C@H](O)[C@H]2O)[C@H](O)[C@H]1O)[C@H](O)/C=C/CCCCCCCCCCCCC//O=C1C=CN([C@@H]2O[C@H](COP(=O)([O-])OP(=O)([O-])[O-])[C@@H](O)[C@H]2O)C(=O)N1//[H+],*C(=O)N[C@@H](CO[C@@H]1O[C@H](CO)[C@@H](O[C@@H]2O[C@H](CO)[C@H](O)[C@H](O)[C@H]2O)[C@H](O)[C@H]1O)[C@H](O)/C=C/CCCCCCCCCCCCC.O=C1C=CN([C@@H]2O[C@H](COP(=O)([O-])OP(=O)([O-])O[C@H]3O[C@H](CO)[C@H](O)[C@H](O)[C@H]3O)[C@@H](O)[C@H]2O)C(=O)N1,*C(=O)N[C@@H](CO[C@@H]1O[C@H](CO)[C@@H](O[C@@H]2O[C@H](CO)[C@H](O[C@H]3O[C@H](CO)[C@H](O)[C@H](O)[C@H]3O)[C@H](O)[C@H]2O)[C@H](O)[C@H]1O)[C@H](O)/C=C/CCCCCCCCCCCCC.O=C1C=CN([C@@H]2O[C@H](COP(=O)([O-])OP(=O)([O-])[O-])[C@@H](O)[C@H]2O)C(=O)N1.[H+]
DM316,NC1=NC(=O)N([C@H]2C[C@H](O)[C@@H](COP(=O)([O-])OP(=O)([O-])OP(=O)([O-])[O-])O2)C=C1//[H]O[H],NC1=NC(=O)N([C@H]2C[C@H](O)[C@@H](COP(=O)([O-])[O-])O2)C=C1//O=P([O-])([O-])OP(=O)([O-])O//[H+],NC1=NC(=O)N([C@H]2C[C@H](O)[C@@H](COP(=O)([O-])OP(=O)([O-])OP(=O)([O-])[O-])O2)C=C1.[H]O[H],NC1=NC(=O)N([C@H]2C[C@H](O)[C@@H](COP(=O)([O-])[O-])O2)C=C1.O=P([O-])([O-])OP(=O)([O-])O.[H+]
DM317,[Cu+]//S1[Fe+]S[Fe+]1,[Cu+2]//S1[Fe]S[Fe+]1,[Cu+].S1[Fe+]S[Fe+]1,[Cu+2].S1[Fe]S[Fe+]1
DM318,C[NH2+][C@@H]1[C@H](O[C@H]2[C@H](O[C@H]3[C@H](O)[C@@H](O)[C@H](NC(N)=[NH2+])[C@@H](O)[C@@H]3NC(N)=[NH2+])O[C@@H](C)[C@]2(O)C=O)O[C@@H](CO)[C@H](O)[C@H]1OP(=O)([O-])OC[C@H]1O[C@@H](N2C=NC3=C2N=CN=C3N)[C@H](O)[C@@H]1O//O=P([O-])([O-])OP(=O)([O-])O,C[NH2+][C@@H]1[C@H](O[C@H]2[C@H](O[C@H]3[C@H](O)[C@@H](O)[C@H](NC(N)=[NH2+])[C@@H](O)[C@@H]3NC(N)=[NH2+])O[C@@H](C)[C@]2(O)C=O)O[C@@H](CO)[C@H](O)[C@H]1O//NC1=NC=NC2=C1N=CN2[C@@H]1O[C@H](COP(=O)([O-])OP(=O)([O-])OP(=O)([O-])[O-])[C@@H](O)[C@H]1O,C[NH2+][C@@H]1[C@H](O[C@H]2[C@H](O[C@H]3[C@H](O)[C@@H](O)[C@H](NC(N)=[NH2+])[C@@H](O)[C@@H]3NC(N)=[NH2+])O[C@@H](C)[C@]2(O)C=O)O[C@@H](CO)[C@H](O)[C@H]1OP(=O)([O-])OC[C@H]1O[C@@H](N2C=NC3=C2N=CN=C3N)[C@H](O)[C@@H]1O.O=P([O-])([O-])OP(=O)([O-])O,C[NH2+][C@@H]1[C@H](O[C@H]2[C@H](O[C@H]3[C@H](O)[C@@H](O)[C@H](NC(N)=[NH2+])[C@@H](O)[C@@H]3NC(N)=[NH2+])O[C@@H](C)[C@]2(O)C=O)O[C@@H](CO)[C@H](O)[C@H]1O.NC1=NC=NC2=C1N=CN2[C@@H]1O[C@H](COP(=O)([O-])OP(=O)([O-])OP(=O)([O-])[O-])[C@@H](O)[C@H]1O
DM319,[NH3+][C@H]1CCCCNC1=O//[H]O[H],[NH3+]CCCC[C@H]([NH3+])C(=O)[O-],[NH3+][C@H]1CCCCNC1=O.[H]O[H],[NH3+]CCCC[C@H]([NH3+])C(=O)[O-]
DM320,CC(=O)N1C=CN=C1//CC(C)(COP(=O)([O-])OP(=O)([O-])OC[C@H]1O[C@@H](N2C=NC3=C2N=CN=C3N)[C@H](O)[C@@H]1OP(=O)([O-])[O-])[C@@H](O)C(=O)NCCC(=O)NCCS,C1=CNC=N1//CC(=O)SCCNC(=O)CCNC(=O)[C@H](O)C(C)(C)COP(=O)([O-])OP(=O)([O-])OC[C@H]1O[C@@H](N2C=NC3=C2N=CN=C3N)[C@H](O)[C@@H]1OP(=O)([O-])[O-],CC(=O)N1C=CN=C1.CC(C)(COP(=O)([O-])OP(=O)([O-])OC[C@H]1O[C@@H](N2C=NC3=C2N=CN=C3N)[C@H](O)[C@@H]1OP(=O)([O-])[O-])[C@@H](O)C(=O)NCCC(=O)NCCS,C1=CNC=N1.CC(=O)SCCNC(=O)CCNC(=O)[C@H](O)C(C)(C)COP(=O)([O-])OP(=O)([O-])OC[C@H]1O[C@@H](N2C=NC3=C2N=CN=C3N)[C@H](O)[C@@H]1OP(=O)([O-])[O-]
DM321,O=P([O-])([O-])OC[C@H]1O[C@H](O[C@H]2O[C@H](CO)[C@@H](O)[C@H](O)[C@H]2O)[C@H](O)[C@@H](O)[C@@H]1O//[H]O[H],O=P([O-])([O-])OC[C@H]1OC(O)[C@H](O)[C@@H](O)[C@@H]1O//OC[C@H]1OC(O)[C@H](O)[C@@H](O)[C@@H]1O,O=P([O-])([O-])OC[C@H]1O[C@H](O[C@H]2O[C@H](CO)[C@@H](O)[C@H](O)[C@H]2O)[C@H](O)[C@@H](O)[C@@H]1O.[H]O[H],O=P([O-])([O-])OC[C@H]1OC(O)[C@H](O)[C@@H](O)[C@@H]1O.OC[C@H]1OC(O)[C@H](O)[C@@H](O)[C@@H]1O
DM322,*N[C@@H](COC(=O)CCCCCCC/C=C\CCCCCC)C(*)=O//CC(C)(COP(=O)([O-])OP(=O)([O-])OC[C@H]1O[C@@H](N2C=NC3=C2N=CN=C3N)[C@H](O)[C@@H]1OP(=O)([O-])[O-])[C@@H](O)C(=O)NCCC(=O)NCCS,*N[C@@H](CO)C(*)=O//CCCCCC/C=C\CCCCCCCC(=O)SCCNC(=O)CCNC(=O)[C@H](O)C(C)(C)COP(=O)([O-])OP(=O)([O-])OC[C@H]1O[C@@H](N2C=NC3=C2N=CN=C3N)[C@H](O)[C@@H]1OP(=O)([O-])[O-],*N[C@@H](COC(=O)CCCCCCC/C=C\CCCCCC)C(*)=O.CC(C)(COP(=O)([O-])OP(=O)([O-])OC[C@H]1O[C@@H](N2C=NC3=C2N=CN=C3N)[C@H](O)[C@@H]1OP(=O)([O-])[O-])[C@@H](O)C(=O)NCCC(=O)NCCS,*N[C@@H](CO)C(*)=O.CCCCCC/C=C\CCCCCCCC(=O)SCCNC(=O)CCNC(=O)[C@H](O)C(C)(C)COP(=O)([O-])OP(=O)([O-])OC[C@H]1O[C@@H](N2C=NC3=C2N=CN=C3N)[C@H](O)[C@@H]1OP(=O)([O-])[O-]
DM323,*N[C@H](C(*)=O)[C@@H](C)OP(=O)([O-])[O-]//NC1=NC=NC2=C1N=CN2[C@@H]1O[C@H](COP(=O)([O-])OP(=O)([O-])[O-])[C@@H](O)[C@H]1O//[H+],*N[C@H](C(*)=O)[C@@H](C)O//NC1=NC=NC2=C1N=CN2[C@@H]1O[C@H](COP(=O)([O-])OP(=O)([O-])OP(=O)([O-])[O-])[C@@H](O)[C@H]1O,*N[C@H](C(*)=O)[C@@H](C)OP(=O)([O-])[O-].NC1=NC=NC2=C1N=CN2[C@@H]1O[C@H](COP(=O)([O-])OP(=O)([O-])[O-])[C@@H](O)[C@H]1O.[H+],*N[C@H](C(*)=O)[C@@H](C)O.NC1=NC=NC2=C1N=CN2[C@@H]1O[C@H](COP(=O)([O-])OP(=O)([O-])OP(=O)([O-])[O-])[C@@H](O)[C@H]1O
DM324,CC(=O)N[C@H]1[C@@H](OP(=O)([O-])[O-])O[C@H](CO)[C@H](O)[C@@H]1O//CC(C)(COP(=O)([O-])OP(=O)([O-])OC[C@H]1O[C@@H](N2C=NC3=C2N=CN=C3N)[C@H](O)[C@@H]1OP(=O)([O-])[O-])[C@@H](O)C(=O)NCCC(=O)NCCS//[H+],[NH3+][C@H]1[C@@H](OP(=O)([O-])[O-])O[C@H](CO)[C@H](O)[C@@H]1O//CC(=O)SCCNC(=O)CCNC(=O)[C@H](O)C(C)(C)COP(=O)([O-])OP(=O)([O-])OC[C@H]1O[C@@H](N2C=NC3=C2N=CN=C3N)[C@H](O)[C@@H]1OP(=O)([O-])[O-],CC(=O)N[C@H]1[C@@H](OP(=O)([O-])[O-])O[C@H](CO)[C@H](O)[C@@H]1O.CC(C)(COP(=O)([O-])OP(=O)([O-])OC[C@H]1O[C@@H](N2C=NC3=C2N=CN=C3N)[C@H](O)[C@@H]1OP(=O)([O-])[O-])[C@@H](O)C(=O)NCCC(=O)NCCS.[H+],[NH3+][C@H]1[C@@H](OP(=O)([O-])[O-])O[C@H](CO)[C@H](O)[C@@H]1O.CC(=O)SCCNC(=O)CCNC(=O)[C@H](O)C(C)(C)COP(=O)([O-])OP(=O)([O-])OC[C@H]1O[C@@H](N2C=NC3=C2N=CN=C3N)[C@H](O)[C@@H]1OP(=O)([O-])[O-]
DM325,CC(C)(COP(=O)([O-])OP(=O)([O-])OC[C@H]1O[C@@H](N2C=NC3=C2N=CN=C3N)[C@H](O)[C@@H]1OP(=O)([O-])[O-])[C@@H](O)C(=O)NCCC(=O)NCCSC(=O)C1=CC=C(O)C=C1//[Cl-]//[H+],CC(C)(COP(=O)([O-])OP(=O)([O-])OC[C@H]1O[C@@H](N2C=NC3=C2N=CN=C3N)[C@H](O)[C@@H]1OP(=O)([O-])[O-])[C@@H](O)C(=O)NCCC(=O)NCCSC(=O)C1=CC=C(Cl)C=C1//[H]O[H],CC(C)(COP(=O)([O-])OP(=O)([O-])OC[C@H]1O[C@@H](N2C=NC3=C2N=CN=C3N)[C@H](O)[C@@H]1OP(=O)([O-])[O-])[C@@H](O)C(=O)NCCC(=O)NCCSC(=O)C1=CC=C(O)C=C1.[Cl-].[H+],CC(C)(COP(=O)([O-])OP(=O)([O-])OC[C@H]1O[C@@H](N2C=NC3=C2N=CN=C3N)[C@H](O)[C@@H]1OP(=O)([O-])[O-])[C@@H](O)C(=O)NCCC(=O)NCCSC(=O)C1=CC=C(Cl)C=C1.[H]O[H]
DM326,O=P([O-])([O-])OC[C@H]1O[C@@H](O[C@H]2[C@H](O)[C@@H](O)C(O)O[C@@H]2CO)[C@H](O)[C@@H](O)[C@H]1O//[H]O[H],O=P([O-])([O-])OC[C@H]1OC(O)[C@H](O)[C@@H](O)[C@H]1O//OC[C@H]1O[C@@H](O)[C@H](O)[C@@H](O)[C@@H]1O,O=P([O-])([O-])OC[C@H]1O[C@@H](O[C@H]2[C@H](O)[C@@H](O)C(O)O[C@@H]2CO)[C@H](O)[C@@H](O)[C@H]1O.[H]O[H],O=P([O-])([O-])OC[C@H]1OC(O)[C@H](O)[C@@H](O)[C@H]1O.OC[C@H]1O[C@@H](O)[C@H](O)[C@@H](O)[C@@H]1O
DM327,*NC(=C)C(*)=O//O=C([O-])C1=C[N+]([C@@H]2O[C@H](COP(=O)([O-])[O-])[C@@H](O)[C@H]2O)=CC(C(=O)[S-])=C1//NC1=NC=NC2=C1N=CN2[C@@H]1O[C@H](COP(=O)([O-])[O-])[C@@H](O)[C@H]1O//O=P([O-])([O-])OP(=O)([O-])O//[H+],O=C([O-])C1=CC(C(=O)[O-])=C[N+]([C@@H]2O[C@H](COP(=O)([O-])[O-])[C@@H](O)[C@H]2O)=C1//*N[C@@H](CS)C(*)=O//NC1=NC=NC2=C1N=CN2[C@@H]1O[C@H](COP(=O)([O-])OP(=O)([O-])OP(=O)([O-])[O-])[C@@H](O)[C@H]1O,*NC(=C)C(*)=O.O=C([O-])C1=C[N+]([C@@H]2O[C@H](COP(=O)([O-])[O-])[C@@H](O)[C@H]2O)=CC(C(=O)[S-])=C1.NC1=NC=NC2=C1N=CN2[C@@H]1O[C@H](COP(=O)([O-])[O-])[C@@H](O)[C@H]1O.O=P([O-])([O-])OP(=O)([O-])O.[H+],O=C([O-])C1=CC(C(=O)[O-])=C[N+]([C@@H]2O[C@H](COP(=O)([O-])[O-])[C@@H](O)[C@H]2O)=C1.*N[C@@H](CS)C(*)=O.NC1=NC=NC2=C1N=CN2[C@@H]1O[C@H](COP(=O)([O-])OP(=O)([O-])OP(=O)([O-])[O-])[C@@H](O)[C@H]1O
DM328,O=C(CO)COP(=O)([O-])[O-]//[1*]C1=C(O)C([4*])=C([3*])C(O)=C1[2*],[1*]C1=C([2*])C(=O)C([3*])=C([4*])C1=O//O=P([O-])([O-])OC[C@H](O)CO,O=C(CO)COP(=O)([O-])[O-].[1*]C1=C(O)C([4*])=C([3*])C(O)=C1[2*],[1*]C1=C([2*])C(=O)C([3*])=C([4*])C1=O.O=P([O-])([O-])OC[C@H](O)CO
DM329,[NH3+][C@@H](CC1=CNC=N1)C(=O)[O-]//[H+],[NH3+]CCC1=CNC=N1//O=C=O,[NH3+][C@@H](CC1=CNC=N1)C(=O)[O-].[H+],[NH3+]CCC1=CNC=N1.O=C=O
DM330,[H][C@@]12CCC(=C)[C@@H](CC/C(C)=C/COP(=O)([O-])OP(=O)([O-])[O-])[C@@]1(C)CCCC2(C)C,[H][C@@]12CC[C@@]3([H])C(C)(C)CCC[C@]3(C)[C@@]13CCC(=C)[C@@H](C2)C3//O=P([O-])([O-])OP(=O)([O-])O,[H][C@@]12CCC(=C)[C@@H](CC/C(C)=C/COP(=O)([O-])OP(=O)([O-])[O-])[C@@]1(C)CCCC2(C)C,[H][C@@]12CC[C@@]3([H])C(C)(C)CCC[C@]3(C)[C@@]13CCC(=C)[C@@H](C2)C3.O=P([O-])([O-])OP(=O)([O-])O
DM331,[1*]C(=O)N[C@@H](CC(=O)[O-])C(=O)[O-]//[H]O[H],[1*]C(=O)[O-]//[NH3+][C@@H](CC(=O)[O-])C(=O)[O-],[1*]C(=O)N[C@@H](CC(=O)[O-])C(=O)[O-].[H]O[H],[1*]C(=O)[O-].[NH3+][C@@H](CC(=O)[O-])C(=O)[O-]
DM332,CC(C)=CCC/C(C)=C/CC/C(C)=C/CC/C(C)=C/CC/C(C)=C/CC/C(C)=C/CC/C(C)=C/CC/C(C)=C/CC1=C(O)C=CC=C1//NC(=O)C1=CN([C@@H]2O[C@H](COP(=O)([O-])OP(=O)([O-])OC[C@H]3O[C@@H](N4C=NC5=C4N=CN=C5N)[C@H](OP(=O)([O-])[O-])[C@@H]3O)[C@@H](O)[C@H]2O)C=CC1//O=O//[H+],CC(C)=CCC/C(C)=C/CC/C(C)=C/CC/C(C)=C/CC/C(C)=C/CC/C(C)=C/CC/C(C)=C/CC/C(C)=C/CC1=C(O)C(O)=CC=C1//NC(=O)C1=CC=C[N+]([C@@H]2O[C@H](COP(=O)([O-])OP(=O)([O-])OC[C@H]3O[C@@H](N4C=NC5=C4N=CN=C5N)[C@H](OP(=O)([O-])[O-])[C@@H]3O)[C@@H](O)[C@H]2O)=C1//[H]O[H],CC(C)=CCC/C(C)=C/CC/C(C)=C/CC/C(C)=C/CC/C(C)=C/CC/C(C)=C/CC/C(C)=C/CC/C(C)=C/CC1=C(O)C=CC=C1.NC(=O)C1=CN([C@@H]2O[C@H](COP(=O)([O-])OP(=O)([O-])OC[C@H]3O[C@@H](N4C=NC5=C4N=CN=C5N)[C@H](OP(=O)([O-])[O-])[C@@H]3O)[C@@H](O)[C@H]2O)C=CC1.O=O.[H+],CC(C)=CCC/C(C)=C/CC/C(C)=C/CC/C(C)=C/CC/C(C)=C/CC/C(C)=C/CC/C(C)=C/CC/C(C)=C/CC1=C(O)C(O)=CC=C1.NC(=O)C1=CC=C[N+]([C@@H]2O[C@H](COP(=O)([O-])OP(=O)([O-])OC[C@H]3O[C@@H](N4C=NC5=C4N=CN=C5N)[C@H](OP(=O)([O-])[O-])[C@@H]3O)[C@@H](O)[C@H]2O)=C1.[H]O[H]
DM333,[NH3+]CCS(=O)[O-]//O=C=O,[NH3+][C@@H](CS(=O)[O-])C(=O)[O-]//[H+],[NH3+]CCS(=O)[O-].O=C=O,[NH3+][C@@H](CS(=O)[O-])C(=O)[O-].[H+]
DM334,C[C@@H]1O[C@H](O)[C@@H](O)[C@H](O)[C@@H]1O,C[C@@H]1O[C@@H](O)[C@@H](O)[C@H](O)[C@@H]1O,C[C@@H]1O[C@H](O)[C@@H](O)[C@H](O)[C@@H]1O,C[C@@H]1O[C@@H](O)[C@@H](O)[C@H](O)[C@@H]1O
DM335,[H]/C(C)=C1\C[C@@H](C)[C@@](C)(O)C(=O)OCC2=CC[NH+]3CC[C@@]([H])(OC1=O)[C@@]23[H]//NC(=O)C1=CN([C@@H]2O[C@H](COP(=O)([O-])OP(=O)([O-])OC[C@H]3O[C@@H](N4C=NC5=C4N=CN=C5N)[C@H](OP(=O)([O-])[O-])[C@@H]3O)[C@@H](O)[C@H]2O)C=CC1//O=O,[H]/C(C)=C1\C[C@@H](C)[C@@](C)(O)C(=O)OCC2=CC[N+]3([O-])CC[C@@]([H])(OC1=O)[C@@]23[H]//NC(=O)C1=CC=C[N+]([C@@H]2O[C@H](COP(=O)([O-])OP(=O)([O-])OC[C@H]3O[C@@H](N4C=NC5=C4N=CN=C5N)[C@H](OP(=O)([O-])[O-])[C@@H]3O)[C@@H](O)[C@H]2O)=C1//[H]O[H],[H]/C(C)=C1\C[C@@H](C)[C@@](C)(O)C(=O)OCC2=CC[NH+]3CC[C@@]([H])(OC1=O)[C@@]23[H].NC(=O)C1=CN([C@@H]2O[C@H](COP(=O)([O-])OP(=O)([O-])OC[C@H]3O[C@@H](N4C=NC5=C4N=CN=C5N)[C@H](OP(=O)([O-])[O-])[C@@H]3O)[C@@H](O)[C@H]2O)C=CC1.O=O,[H]/C(C)=C1\C[C@@H](C)[C@@](C)(O)C(=O)OCC2=CC[N+]3([O-])CC[C@@]([H])(OC1=O)[C@@]23[H].NC(=O)C1=CC=C[N+]([C@@H]2O[C@H](COP(=O)([O-])OP(=O)([O-])OC[C@H]3O[C@@H](N4C=NC5=C4N=CN=C5N)[C@H](OP(=O)([O-])[O-])[C@@H]3O)[C@@H](O)[C@H]2O)=C1.[H]O[H]
DM336,O=C([O-])C(=O)C[C@@H](O)C(=O)[O-],[H]C(=O)C(=O)[O-]//CC(=O)C(=O)[O-],O=C([O-])C(=O)C[C@@H](O)C(=O)[O-],[H]C(=O)C(=O)[O-].CC(=O)C(=O)[O-]
DM337,NC(=[NH2+])NCCCC[NH3+]//O=C([O-])C1=CC=CC=C1,NC(=[NH2+])NCCCCNC(=O)C1=CC=CC=C1//[H]O[H],NC(=[NH2+])NCCCC[NH3+].O=C([O-])C1=CC=CC=C1,NC(=[NH2+])NCCCCNC(=O)C1=CC=CC=C1.[H]O[H]
DM338,CC(C)=CCC/C(C)=C/CC/C(C)=C/COP(=O)([O-])OP(=O)([O-])[O-],CC(C)=CCC/C(C)=C1/CC=C(C)CC1//O=P([O-])([O-])OP(=O)([O-])O,CC(C)=CCC/C(C)=C/CC/C(C)=C/COP(=O)([O-])OP(=O)([O-])[O-],CC(C)=CCC/C(C)=C1/CC=C(C)CC1.O=P([O-])([O-])OP(=O)([O-])O
DM339,*N[C@@H](*)C(=O)N[C@@H](CCC(=O)[O-])C(=O)[O-]//[H]O[H],*N[C@@H](*)C(=O)[O-]//[NH3+][C@@H](CCC(=O)[O-])C(=O)[O-],*N[C@@H](*)C(=O)N[C@@H](CCC(=O)[O-])C(=O)[O-].[H]O[H],*N[C@@H](*)C(=O)[O-].[NH3+][C@@H](CCC(=O)[O-])C(=O)[O-]
DM340,CC1=C(C)C=C2C(=C1)/N=C1C(=O)[N-]C(=O)\N=C/1N2C[C@H](O)[C@H](O)[C@H](O)CO//NC(=O)C1=CN([C@@H]2O[C@H](COP(=O)([O-])OP(=O)([O-])OC[C@H]3O[C@@H](N4C=NC5=C4N=CN=C5N)[C@H](O)[C@@H]3O)[C@@H](O)[C@H]2O)C=CC1//[H+]//[H+],CC1=C(C)C=C2C(=C1)N/C1=C(/NC(=O)NC1=O)N2C[C@H](O)[C@H](O)[C@H](O)CO//NC(=O)C1=CC=C[N+]([C@@H]2O[C@H](COP(=O)([O-])OP(=O)([O-])OC[C@H]3O[C@@H](N4C=NC5=C4N=CN=C5N)[C@H](O)[C@@H]3O)[C@@H](O)[C@H]2O)=C1,CC1=C(C)C=C2C(=C1)/N=C1C(=O)[N-]C(=O)\N=C/1N2C[C@H](O)[C@H](O)[C@H](O)CO.NC(=O)C1=CN([C@@H]2O[C@H](COP(=O)([O-])OP(=O)([O-])OC[C@H]3O[C@@H](N4C=NC5=C4N=CN=C5N)[C@H](O)[C@@H]3O)[C@@H](O)[C@H]2O)C=CC1.[H+].[H+],CC1=C(C)C=C2C(=C1)N/C1=C(/NC(=O)NC1=O)N2C[C@H](O)[C@H](O)[C@H](O)CO.NC(=O)C1=CC=C[N+]([C@@H]2O[C@H](COP(=O)([O-])OP(=O)([O-])OC[C@H]3O[C@@H](N4C=NC5=C4N=CN=C5N)[C@H](O)[C@@H]3O)[C@@H](O)[C@H]2O)=C1
DM341,[H]C(=O)CC(C)C//NC(=O)C1=CN([C@@H]2O[C@H](COP(=O)([O-])OP(=O)([O-])OC[C@H]3O[C@@H](N4C=NC5=C4N=CN=C5N)[C@H](O)[C@@H]3O)[C@@H](O)[C@H]2O)C=CC1//[H+],CC(C)CCO//NC(=O)C1=CC=C[N+]([C@@H]2O[C@H](COP(=O)([O-])OP(=O)([O-])OC[C@H]3O[C@@H](N4C=NC5=C4N=CN=C5N)[C@H](O)[C@@H]3O)[C@@H](O)[C@H]2O)=C1,[H]C(=O)CC(C)C.NC(=O)C1=CN([C@@H]2O[C@H](COP(=O)([O-])OP(=O)([O-])OC[C@H]3O[C@@H](N4C=NC5=C4N=CN=C5N)[C@H](O)[C@@H]3O)[C@@H](O)[C@H]2O)C=CC1.[H+],CC(C)CCO.NC(=O)C1=CC=C[N+]([C@@H]2O[C@H](COP(=O)([O-])OP(=O)([O-])OC[C@H]3O[C@@H](N4C=NC5=C4N=CN=C5N)[C@H](O)[C@@H]3O)[C@@H](O)[C@H]2O)=C1
DM342,*C(=O)N[C@@H](C=O)[C@H](O)[C@@H](O)[C@@H](O)CO//NC(=O)C1=CC=C[N+]([C@@H]2O[C@H](COP(=O)([O-])OP(=O)([O-])OC[C@H]3O[C@@H](N4C=NC5=C4N=CN=C5N)[C@H](O)[C@@H]3O)[C@@H](O)[C@H]2O)=C1,[1*]C(=O)N[C@@H]1C(=O)O[C@H](CO)[C@@H](O)[C@@H]1O//NC(=O)C1=CN([C@@H]2O[C@H](COP(=O)([O-])OP(=O)([O-])OC[C@H]3O[C@@H](N4C=NC5=C4N=CN=C5N)[C@H](O)[C@@H]3O)[C@@H](O)[C@H]2O)C=CC1//[H+],*C(=O)N[C@@H](C=O)[C@H](O)[C@@H](O)[C@@H](O)CO.NC(=O)C1=CC=C[N+]([C@@H]2O[C@H](COP(=O)([O-])OP(=O)([O-])OC[C@H]3O[C@@H](N4C=NC5=C4N=CN=C5N)[C@H](O)[C@@H]3O)[C@@H](O)[C@H]2O)=C1,[1*]C(=O)N[C@@H]1C(=O)O[C@H](CO)[C@@H](O)[C@@H]1O.NC(=O)C1=CN([C@@H]2O[C@H](COP(=O)([O-])OP(=O)([O-])OC[C@H]3O[C@@H](N4C=NC5=C4N=CN=C5N)[C@H](O)[C@@H]3O)[C@@H](O)[C@H]2O)C=CC1.[H+]
DM343,*C(=O)CCCCCCC/C=C\C/C=C\C/C=C\CC//[Fe+2]//[Fe+2]//O=O//[H+]//[H+],*C(=O)CCCC/C=C\C/C=C\C/C=C\C/C=C\CC//[Fe+3]//[Fe+3]//[H]O[H]//[H]O[H],*C(=O)CCCCCCC/C=C\C/C=C\C/C=C\CC.[Fe+2].[Fe+2].O=O.[H+].[H+],*C(=O)CCCC/C=C\C/C=C\C/C=C\C/C=C\CC.[Fe+3].[Fe+3].[H]O[H].[H]O[H]
DM344,O=[Mo](=O)([O-])[O-]//NC1=NC=NC2=C1N=CN2[C@@H]1O[C@H](COP(=O)([O-])OP(=O)([O-])OP(=O)([O-])[O-])[C@@H](O)[C@H]1O//[H]O[H],O=[Mo](=O)([O-])[O-]//NC1=NC=NC2=C1N=CN2[C@@H]1O[C@H](COP(=O)([O-])OP(=O)([O-])[O-])[C@@H](O)[C@H]1O//O=P([O-])([O-])O//[H+],O=[Mo](=O)([O-])[O-].NC1=NC=NC2=C1N=CN2[C@@H]1O[C@H](COP(=O)([O-])OP(=O)([O-])OP(=O)([O-])[O-])[C@@H](O)[C@H]1O.[H]O[H],O=[Mo](=O)([O-])[O-].NC1=NC=NC2=C1N=CN2[C@@H]1O[C@H](COP(=O)([O-])OP(=O)([O-])[O-])[C@@H](O)[C@H]1O.O=P([O-])([O-])O.[H+]
DM345,[NH3+][C@H](CC(=O)[O-])C(=O)[O-]//O=O//[H]O[H],O=C([O-])CC(=O)C(=O)[O-]//[H]OO[H]//[H][N+]([H])([H])[H],[NH3+][C@H](CC(=O)[O-])C(=O)[O-].O=O.[H]O[H],O=C([O-])CC(=O)C(=O)[O-].[H]OO[H].[H][N+]([H])([H])[H]
DM346,O=C([O-])C1=CC=C[N+]([C@@H]2O[C@H](COP(=O)([O-])[O-])[C@@H](O)[C@H]2O)=C1//OC1=CC=CC=C1,O=P([O-])([O-])OC[C@H]1O[C@H](OC2=CC=CC=C2)[C@H](O)[C@@H]1O//O=C([O-])C1=CC=CN=C1//[H+],O=C([O-])C1=CC=C[N+]([C@@H]2O[C@H](COP(=O)([O-])[O-])[C@@H](O)[C@H]2O)=C1.OC1=CC=CC=C1,O=P([O-])([O-])OC[C@H]1O[C@H](OC2=CC=CC=C2)[C@H](O)[C@@H]1O.O=C([O-])C1=CC=CN=C1.[H+]
DM347,[H][C@@]12CCC(C)=C[C@@]1([H])[C@H](C(C)C)CCC2=C//O=P([O-])([O-])OP(=O)([O-])O,CC(C)=CCC/C(C)=C/CC/C(C)=C/COP(=O)([O-])OP(=O)([O-])[O-],[H][C@@]12CCC(C)=C[C@@]1([H])[C@H](C(C)C)CCC2=C.O=P([O-])([O-])OP(=O)([O-])O,CC(C)=CCC/C(C)=C/CC/C(C)=C/COP(=O)([O-])OP(=O)([O-])[O-]
DM348,O=C([O-])C1=CC(=O)[C@@H](O)[C@H](O)C1//NC(=O)C1=CN([C@@H]2O[C@H](COP(=O)([O-])OP(=O)([O-])OC[C@H]3O[C@@H](N4C=NC5=C4N=CN=C5N)[C@H](OP(=O)([O-])[O-])[C@@H]3O)[C@@H](O)[C@H]2O)C=CC1//[H+],O=C([O-])C1=C[C@@H](O)[C@@H](O)[C@H](O)C1//NC(=O)C1=CC=C[N+]([C@@H]2O[C@H](COP(=O)([O-])OP(=O)([O-])OC[C@H]3O[C@@H](N4C=NC5=C4N=CN=C5N)[C@H](OP(=O)([O-])[O-])[C@@H]3O)[C@@H](O)[C@H]2O)=C1,O=C([O-])C1=CC(=O)[C@@H](O)[C@H](O)C1.NC(=O)C1=CN([C@@H]2O[C@H](COP(=O)([O-])OP(=O)([O-])OC[C@H]3O[C@@H](N4C=NC5=C4N=CN=C5N)[C@H](OP(=O)([O-])[O-])[C@@H]3O)[C@@H](O)[C@H]2O)C=CC1.[H+],O=C([O-])C1=C[C@@H](O)[C@@H](O)[C@H](O)C1.NC(=O)C1=CC=C[N+]([C@@H]2O[C@H](COP(=O)([O-])OP(=O)([O-])OC[C@H]3O[C@@H](N4C=NC5=C4N=CN=C5N)[C@H](OP(=O)([O-])[O-])[C@@H]3O)[C@@H](O)[C@H]2O)=C1
DM349,O=C([O-])[C@@H](CO)O[C@H]1O[C@H](CO[C@H]2O[C@H](CO)[C@@H](O)[C@H](O)[C@H]2O)[C@H](O)[C@H](O)[C@H]1O//CCCCCCCC(=O)SCCNC(=O)CCNC(=O)[C@H](O)C(C)(C)COP(=O)([O-])OP(=O)([O-])OC[C@H]1O[C@@H](N2C=NC3=C2N=CN=C3N)[C@H](O)[C@@H]1OP(=O)([O-])[O-],CCCCCCCC(=O)OC[C@H]1O[C@H](OC[C@H]2O[C@H](O[C@H](CO)C(=O)[O-])[C@H](O)[C@@H](O)[C@H]2O)[C@H](O)[C@@H](O)[C@@H]1O//CC(C)(COP(=O)([O-])OP(=O)([O-])OC[C@H]1O[C@@H](N2C=NC3=C2N=CN=C3N)[C@H](O)[C@@H]1OP(=O)([O-])[O-])[C@@H](O)C(=O)NCCC(=O)NCCS,O=C([O-])[C@@H](CO)O[C@H]1O[C@H](CO[C@H]2O[C@H](CO)[C@@H](O)[C@H](O)[C@H]2O)[C@H](O)[C@H](O)[C@H]1O.CCCCCCCC(=O)SCCNC(=O)CCNC(=O)[C@H](O)C(C)(C)COP(=O)([O-])OP(=O)([O-])OC[C@H]1O[C@@H](N2C=NC3=C2N=CN=C3N)[C@H](O)[C@@H]1OP(=O)([O-])[O-],CCCCCCCC(=O)OC[C@H]1O[C@H](OC[C@H]2O[C@H](O[C@H](CO)C(=O)[O-])[C@H](O)[C@@H](O)[C@H]2O)[C@H](O)[C@@H](O)[C@@H]1O.CC(C)(COP(=O)([O-])OP(=O)([O-])OC[C@H]1O[C@@H](N2C=NC3=C2N=CN=C3N)[C@H](O)[C@@H]1OP(=O)([O-])[O-])[C@@H](O)C(=O)NCCC(=O)NCCS
DM350,C/C=C/C1=CC(OC)=C(OC)C=C1//NC1=NC=NC2=C1N=CN2[C@@H]1O[C@H](CSCC[C@H]([NH3+])C(=O)[O-])[C@@H](O)[C@H]1O//[H+],C/C=C/C1=CC=C(O)C(OC)=C1//C[S+](CC[C@H]([NH3+])C(=O)[O-])C[C@H]1O[C@@H](N2C=NC3=C2N=CN=C3N)[C@H](O)[C@@H]1O,C/C=C/C1=CC(OC)=C(OC)C=C1.NC1=NC=NC2=C1N=CN2[C@@H]1O[C@H](CSCC[C@H]([NH3+])C(=O)[O-])[C@@H](O)[C@H]1O.[H+],C/C=C/C1=CC=C(O)C(OC)=C1.C[S+](CC[C@H]([NH3+])C(=O)[O-])C[C@H]1O[C@@H](N2C=NC3=C2N=CN=C3N)[C@H](O)[C@@H]1O
DM351,[H]C(=O)CC1=CC=C(O)C=C1//[NH3+]CCC1=CC=C(O)C(O)=C1,OC1=CC=C(C[C@@H]2[NH2+]CCC3=C2C=C(O)C(O)=C3)C=C1//[H]O[H],[H]C(=O)CC1=CC=C(O)C=C1.[NH3+]CCC1=CC=C(O)C(O)=C1,OC1=CC=C(C[C@@H]2[NH2+]CCC3=C2C=C(O)C(O)=C3)C=C1.[H]O[H]
DM352,[H][C@]12CC[C@@]3([H])[C@]4([H])CC[C@]([H])([C@]([H])(C)CCC(=O)SCCNC(=O)CCNC(=O)[C@H](O)C(C)(C)COP(=O)([O-])OP(=O)([O-])OC[C@H]5O[C@@H](N6C=NC7=C6N=CN=C7N)[C@H](O)[C@@H]5OP(=O)([O-])[O-])[C@@]4(C)CC[C@]3([H])[C@@]1(C)CCC(=O)C2//NC(=O)C1=CN([C@@H]2O[C@H](COP(=O)([O-])OP(=O)([O-])OC[C@H]3O[C@@H](N4C=NC5=C4N=CN=C5N)[C@H](O)[C@@H]3O)[C@@H](O)[C@H]2O)C=CC1//[H+],[H][C@]12CC[C@@]3([H])[C@]4([H])CC[C@]([H])([C@]([H])(C)CCC(=O)SCCNC(=O)CCNC(=O)[C@H](O)C(C)(C)COP(=O)([O-])OP(=O)([O-])OC[C@H]5O[C@@H](N6C=NC7=C6N=CN=C7N)[C@H](O)[C@@H]5OP(=O)([O-])[O-])[C@@]4(C)CC[C@]3([H])[C@@]1(C)CC[C@@H](O)C2//NC(=O)C1=CC=C[N+]([C@@H]2O[C@H](COP(=O)([O-])OP(=O)([O-])OC[C@H]3O[C@@H](N4C=NC5=C4N=CN=C5N)[C@H](O)[C@@H]3O)[C@@H](O)[C@H]2O)=C1,[H][C@]12CC[C@@]3([H])[C@]4([H])CC[C@]([H])([C@]([H])(C)CCC(=O)SCCNC(=O)CCNC(=O)[C@H](O)C(C)(C)COP(=O)([O-])OP(=O)([O-])OC[C@H]5O[C@@H](N6C=NC7=C6N=CN=C7N)[C@H](O)[C@@H]5OP(=O)([O-])[O-])[C@@]4(C)CC[C@]3([H])[C@@]1(C)CCC(=O)C2.NC(=O)C1=CN([C@@H]2O[C@H](COP(=O)([O-])OP(=O)([O-])OC[C@H]3O[C@@H](N4C=NC5=C4N=CN=C5N)[C@H](O)[C@@H]3O)[C@@H](O)[C@H]2O)C=CC1.[H+],[H][C@]12CC[C@@]3([H])[C@]4([H])CC[C@]([H])([C@]([H])(C)CCC(=O)SCCNC(=O)CCNC(=O)[C@H](O)C(C)(C)COP(=O)([O-])OP(=O)([O-])OC[C@H]5O[C@@H](N6C=NC7=C6N=CN=C7N)[C@H](O)[C@@H]5OP(=O)([O-])[O-])[C@@]4(C)CC[C@]3([H])[C@@]1(C)CC[C@@H](O)C2.NC(=O)C1=CC=C[N+]([C@@H]2O[C@H](COP(=O)([O-])OP(=O)([O-])OC[C@H]3O[C@@H](N4C=NC5=C4N=CN=C5N)[C@H](O)[C@@H]3O)[C@@H](O)[C@H]2O)=C1
DM353,O=C([O-])[C@H]1COP(=O)([O-])OP(=O)([O-])O1//[H]O[H],O=C([O-])[C@@H](COP(=O)([O-])[O-])OP(=O)([O-])[O-]//[H+]//[H+],O=C([O-])[C@H]1COP(=O)([O-])OP(=O)([O-])O1.[H]O[H],O=C([O-])[C@@H](COP(=O)([O-])[O-])OP(=O)([O-])[O-].[H+].[H+]
DM354,[H]C(=O)CCC[NH3+]//[NH3+]CCC[NH3+]//[H]*[H],[NH3+]CCCC[NH2+]CCC[NH3+]//*//[H]O[H],[H]C(=O)CCC[NH3+].[NH3+]CCC[NH3+].[H]*[H],[NH3+]CCCC[NH2+]CCC[NH3+].*.[H]O[H]
DM355,N/C1=N/C2=C(C(=O)N1)C(C(=O)[O-])=CN2//[H][N+]([H])([H])[H]//NC1=NC=NC2=C1N=CN2[C@@H]1O[C@H](COP(=O)([O-])OP(=O)([O-])OP(=O)([O-])[O-])[C@@H](O)[C@H]1O,N#CC1=CNC2=C1C(=O)NC(N)=N2//NC1=NC=NC2=C1N=CN2[C@@H]1O[C@H](COP(=O)([O-])OP(=O)([O-])[O-])[C@@H](O)[C@H]1O//O=P([O-])([O-])O//[H]O[H]//[H+],N/C1=N/C2=C(C(=O)N1)C(C(=O)[O-])=CN2.[H][N+]([H])([H])[H].NC1=NC=NC2=C1N=CN2[C@@H]1O[C@H](COP(=O)([O-])OP(=O)([O-])OP(=O)([O-])[O-])[C@@H](O)[C@H]1O,N#CC1=CNC2=C1C(=O)NC(N)=N2.NC1=NC=NC2=C1N=CN2[C@@H]1O[C@H](COP(=O)([O-])OP(=O)([O-])[O-])[C@@H](O)[C@H]1O.O=P([O-])([O-])O.[H]O[H].[H+]
DM356,NC1=NC=NC2=C1N=CN2[C@@H]1O[C@H](COP(=O)([O-])OP(=O)([O-])OP(=O)([O-])[O-])[C@@H](O)[C@H]1O//[H]O[H],NC1=NC=NC2=C1N=CN2[C@@H]1O[C@H](COP(=O)([O-])[O-])[C@@H](O)[C@H]1O//O=P([O-])([O-])OP(=O)([O-])O//[H+],NC1=NC=NC2=C1N=CN2[C@@H]1O[C@H](COP(=O)([O-])OP(=O)([O-])OP(=O)([O-])[O-])[C@@H](O)[C@H]1O.[H]O[H],NC1=NC=NC2=C1N=CN2[C@@H]1O[C@H](COP(=O)([O-])[O-])[C@@H](O)[C@H]1O.O=P([O-])([O-])OP(=O)([O-])O.[H+]
DM357,CC[C@@](C)(O)C#N,CCC(C)=O//C#N,CC[C@@](C)(O)C#N,CCC(C)=O.C#N
DM358,*N[C@@H](*)C(=O)N[C@@H](CCC(=O)[O-])C(=O)N[C@@H](CCC(=O)[O-])C(=O)[O-]//[NH3+][C@@H](CC1=CC=C(O)C=C1)C(=O)[O-]//NC1=NC=NC2=C1N=CN2[C@@H]1O[C@H](COP(=O)([O-])OP(=O)([O-])OP(=O)([O-])[O-])[C@@H](O)[C@H]1O,*N[C@@H](*)C(=O)N[C@@H](CCC(=O)[O-])C(=O)N[C@@H](CCC(=O)[O-])C(=O)N[C@@H](CC1=CC=C(O)C=C1)C(=O)[O-]//NC1=NC=NC2=C1N=CN2[C@@H]1O[C@H](COP(=O)([O-])OP(=O)([O-])[O-])[C@@H](O)[C@H]1O//O=P([O-])([O-])O//[H+],*N[C@@H](*)C(=O)N[C@@H](CCC(=O)[O-])C(=O)N[C@@H](CCC(=O)[O-])C(=O)[O-].[NH3+][C@@H](CC1=CC=C(O)C=C1)C(=O)[O-].NC1=NC=NC2=C1N=CN2[C@@H]1O[C@H](COP(=O)([O-])OP(=O)([O-])OP(=O)([O-])[O-])[C@@H](O)[C@H]1O,*N[C@@H](*)C(=O)N[C@@H](CCC(=O)[O-])C(=O)N[C@@H](CCC(=O)[O-])C(=O)N[C@@H](CC1=CC=C(O)C=C1)C(=O)[O-].NC1=NC=NC2=C1N=CN2[C@@H]1O[C@H](COP(=O)([O-])OP(=O)([O-])[O-])[C@@H](O)[C@H]1O.O=P([O-])([O-])O.[H+]
DM359,CC(C)=CCC/C(C)=C/CC/C(C)=C/COP(=O)([O-])OP(=O)([O-])[O-],C=C1CCCC(C)(C)[C@]12CC=C(C)CC2//O=P([O-])([O-])OP(=O)([O-])O,CC(C)=CCC/C(C)=C/CC/C(C)=C/COP(=O)([O-])OP(=O)([O-])[O-],C=C1CCCC(C)(C)[C@]12CC=C(C)CC2.O=P([O-])([O-])OP(=O)([O-])O
DM360,[1*]/C=C/CC(=O)SCCNC(=O)CCNC(=O)[C@H](O)C(C)(C)COP(=O)([O-])OP(=O)([O-])OC[C@H]1O[C@@H](N2C=NC3=C2N=CN=C3N)[C@H](O)[C@@H]1OP(=O)([O-])[O-],*C/C=C/C(=O)SCCNC(=O)CCNC(=O)[C@H](O)C(C)(C)COP(=O)([O-])OP(=O)([O-])OC[C@H]1O[C@@H](N2C=NC3=C2N=CN=C3N)[C@H](O)[C@@H]1OP(=O)([O-])[O-],[1*]/C=C/CC(=O)SCCNC(=O)CCNC(=O)[C@H](O)C(C)(C)COP(=O)([O-])OP(=O)([O-])OC[C@H]1O[C@@H](N2C=NC3=C2N=CN=C3N)[C@H](O)[C@@H]1OP(=O)([O-])[O-],*C/C=C/C(=O)SCCNC(=O)CCNC(=O)[C@H](O)C(C)(C)COP(=O)([O-])OP(=O)([O-])OC[C@H]1O[C@@H](N2C=NC3=C2N=CN=C3N)[C@H](O)[C@@H]1OP(=O)([O-])[O-]
DM361,*C(=O)[C@@H]([NH3+])CO//CC(=O)SCCNC(=O)CCNC(=O)[C@H](O)C(C)(C)COP(=O)([O-])OP(=O)([O-])OC[C@H]1O[C@@H](N2C=NC3=C2N=CN=C3N)[C@H](O)[C@@H]1OP(=O)([O-])[O-],*C(=O)[C@H](CO)NC(C)=O//CC(C)(COP(=O)([O-])OP(=O)([O-])OC[C@H]1O[C@@H](N2C=NC3=C2N=CN=C3N)[C@H](O)[C@@H]1OP(=O)([O-])[O-])[C@@H](O)C(=O)NCCC(=O)NCCS//[H+],*C(=O)[C@@H]([NH3+])CO.CC(=O)SCCNC(=O)CCNC(=O)[C@H](O)C(C)(C)COP(=O)([O-])OP(=O)([O-])OC[C@H]1O[C@@H](N2C=NC3=C2N=CN=C3N)[C@H](O)[C@@H]1OP(=O)([O-])[O-],*C(=O)[C@H](CO)NC(C)=O.CC(C)(COP(=O)([O-])OP(=O)([O-])OC[C@H]1O[C@@H](N2C=NC3=C2N=CN=C3N)[C@H](O)[C@@H]1OP(=O)([O-])[O-])[C@@H](O)C(=O)NCCC(=O)NCCS.[H+]
DM362,[N]=O//[N]=O//NC(=O)C1=CN([C@@H]2O[C@H](COP(=O)([O-])OP(=O)([O-])OC[C@H]3O[C@@H](N4C=NC5=C4N=CN=C5N)[C@H](O)[C@@H]3O)[C@@H](O)[C@H]2O)C=CC1//O=O//O=O,O=[N+]([O-])[O-]//O=[N+]([O-])[O-]//NC(=O)C1=CC=C[N+]([C@@H]2O[C@H](COP(=O)([O-])OP(=O)([O-])OC[C@H]3O[C@@H](N4C=NC5=C4N=CN=C5N)[C@H](O)[C@@H]3O)[C@@H](O)[C@H]2O)=C1//[H+],[N]=O.[N]=O.NC(=O)C1=CN([C@@H]2O[C@H](COP(=O)([O-])OP(=O)([O-])OC[C@H]3O[C@@H](N4C=NC5=C4N=CN=C5N)[C@H](O)[C@@H]3O)[C@@H](O)[C@H]2O)C=CC1.O=O.O=O,O=[N+]([O-])[O-].O=[N+]([O-])[O-].NC(=O)C1=CC=C[N+]([C@@H]2O[C@H](COP(=O)([O-])OP(=O)([O-])OC[C@H]3O[C@@H](N4C=NC5=C4N=CN=C5N)[C@H](O)[C@@H]3O)[C@@H](O)[C@H]2O)=C1.[H+]
DM363,O=C([O-])CC(=O)C(=O)[O-]//NC(=O)C1=CN([C@@H]2O[C@H](COP(=O)([O-])OP(=O)([O-])OC[C@H]3O[C@@H](N4C=NC5=C4N=CN=C5N)[C@H](OP(=O)([O-])[O-])[C@@H]3O)[C@@H](O)[C@H]2O)C=CC1//[H+],O=C([O-])C[C@H](O)C(=O)[O-]//NC(=O)C1=CC=C[N+]([C@@H]2O[C@H](COP(=O)([O-])OP(=O)([O-])OC[C@H]3O[C@@H](N4C=NC5=C4N=CN=C5N)[C@H](OP(=O)([O-])[O-])[C@@H]3O)[C@@H](O)[C@H]2O)=C1,O=C([O-])CC(=O)C(=O)[O-].NC(=O)C1=CN([C@@H]2O[C@H](COP(=O)([O-])OP(=O)([O-])OC[C@H]3O[C@@H](N4C=NC5=C4N=CN=C5N)[C@H](OP(=O)([O-])[O-])[C@@H]3O)[C@@H](O)[C@H]2O)C=CC1.[H+],O=C([O-])C[C@H](O)C(=O)[O-].NC(=O)C1=CC=C[N+]([C@@H]2O[C@H](COP(=O)([O-])OP(=O)([O-])OC[C@H]3O[C@@H](N4C=NC5=C4N=CN=C5N)[C@H](OP(=O)([O-])[O-])[C@@H]3O)[C@@H](O)[C@H]2O)=C1
DM364,[H][C@@]12C=C(C)CC[C@]1([H])C(=C)CC[C@H]2C(C)C//O=P([O-])([O-])OP(=O)([O-])O,CC(C)=CCC/C(C)=C/CC/C(C)=C/COP(=O)([O-])OP(=O)([O-])[O-],[H][C@@]12C=C(C)CC[C@]1([H])C(=C)CC[C@H]2C(C)C.O=P([O-])([O-])OP(=O)([O-])O,CC(C)=CCC/C(C)=C/CC/C(C)=C/COP(=O)([O-])OP(=O)([O-])[O-]
DM365,O=C([O-])C1=CC=C([N+](=O)[O-])C=C1//*//[H]O[H]//[H]O[H],NC1=CC=C(C(=O)[O-])C=C1//[H]*[H]//O=O//O=O,O=C([O-])C1=CC=C([N+](=O)[O-])C=C1.*.[H]O[H].[H]O[H],NC1=CC=C(C(=O)[O-])C=C1.[H]*[H].O=O.O=O
DM366,OC[C@H]1O[C@@](CO)(O[C@H]2O[C@H](CO)[C@@H](O)[C@H](O)[C@H]2O)[C@@H](O)[C@@H]1O,OC[C@H]1O[C@H](OC[C@H]2OC(O)(CO)[C@@H](O)[C@@H]2O)[C@H](O)[C@@H](O)[C@@H]1O,OC[C@H]1O[C@@](CO)(O[C@H]2O[C@H](CO)[C@@H](O)[C@H](O)[C@H]2O)[C@@H](O)[C@@H]1O,OC[C@H]1O[C@H](OC[C@H]2OC(O)(CO)[C@@H](O)[C@@H]2O)[C@H](O)[C@@H](O)[C@@H]1O
DM367,[H][C@]1(COP(=O)([O-])[O-])O[C@@]([H])(N2C=NC(C(=O)N[C@@H](CC(=O)[O-])C(=O)[O-])=C2N)[C@H](O)[C@@H]1O,[H][C@]1(COP(=O)([O-])[O-])O[C@@]([H])(N2C=NC(C(N)=O)=C2N)[C@H](O)[C@@H]1O//O=C([O-])/C=C/C(=O)[O-],[H][C@]1(COP(=O)([O-])[O-])O[C@@]([H])(N2C=NC(C(=O)N[C@@H](CC(=O)[O-])C(=O)[O-])=C2N)[C@H](O)[C@@H]1O,[H][C@]1(COP(=O)([O-])[O-])O[C@@]([H])(N2C=NC(C(N)=O)=C2N)[C@H](O)[C@@H]1O.O=C([O-])/C=C/C(=O)[O-]
DM368,C[C@@H]([NH3+])C(=O)[O-]//C[C@@H]([NH3+])C(=O)[O-]//NC1=NC=NC2=C1N=CN2[C@@H]1O[C@H](COP(=O)([O-])OP(=O)([O-])OP(=O)([O-])[O-])[C@@H](O)[C@H]1O,C[C@@H]([NH3+])C(=O)N[C@H](C)C(=O)[O-]//NC1=NC=NC2=C1N=CN2[C@@H]1O[C@H](COP(=O)([O-])OP(=O)([O-])[O-])[C@@H](O)[C@H]1O//O=P([O-])([O-])O//[H+],C[C@@H]([NH3+])C(=O)[O-].C[C@@H]([NH3+])C(=O)[O-].NC1=NC=NC2=C1N=CN2[C@@H]1O[C@H](COP(=O)([O-])OP(=O)([O-])OP(=O)([O-])[O-])[C@@H](O)[C@H]1O,C[C@@H]([NH3+])C(=O)N[C@H](C)C(=O)[O-].NC1=NC=NC2=C1N=CN2[C@@H]1O[C@H](COP(=O)([O-])OP(=O)([O-])[O-])[C@@H](O)[C@H]1O.O=P([O-])([O-])O.[H+]
DM369,CC1(C)[C@H]2CC(=O)O[C@]1(C)CC2=O//CC1=C(C)C=C2C(=C1)/N=C1/C(=O)[N-]C(=O)N=C1N2C[C@H](O)[C@H](O)[C@H](O)COP(=O)([O-])[O-]//[H]O[H]//[H+],CC1(C)[C@H]2CC(=O)[C@]1(C)CC2=O//CC1=C(C)C=C2C(=C1)NC1=C(NC(=O)NC1=O)N2C[C@H](O)[C@H](O)[C@H](O)COP(=O)([O-])[O-]//O=O,CC1(C)[C@H]2CC(=O)O[C@]1(C)CC2=O.CC1=C(C)C=C2C(=C1)/N=C1/C(=O)[N-]C(=O)N=C1N2C[C@H](O)[C@H](O)[C@H](O)COP(=O)([O-])[O-].[H]O[H].[H+],CC1(C)[C@H]2CC(=O)[C@]1(C)CC2=O.CC1=C(C)C=C2C(=C1)NC1=C(NC(=O)NC1=O)N2C[C@H](O)[C@H](O)[C@H](O)COP(=O)([O-])[O-].O=O
DM370,*[C@H]([NH3+])C(=O)[O-]//*N[C@@H](COP(=O)([O-])OCC(C)(C)[C@@H](O)C(=O)NCCC(=O)NCCS)C(*)=O//NC1=NC=NC2=C1N=CN2[C@@H]1O[C@H](COP(=O)([O-])OP(=O)([O-])OP(=O)([O-])[O-])[C@@H](O)[C@H]1O,*N[C@@H](COP(=O)([O-])OCC(C)(C)[C@@H](O)C(=O)NCCC(=O)NCCSC(=O)[C@H](*)[NH3+])C(*)=O//NC1=NC=NC2=C1N=CN2[C@@H]1O[C@H](COP(=O)([O-])[O-])[C@@H](O)[C@H]1O//O=P([O-])([O-])OP(=O)([O-])O,*[C@H]([NH3+])C(=O)[O-].*N[C@@H](COP(=O)([O-])OCC(C)(C)[C@@H](O)C(=O)NCCC(=O)NCCS)C(*)=O.NC1=NC=NC2=C1N=CN2[C@@H]1O[C@H](COP(=O)([O-])OP(=O)([O-])OP(=O)([O-])[O-])[C@@H](O)[C@H]1O,*N[C@@H](COP(=O)([O-])OCC(C)(C)[C@@H](O)C(=O)NCCC(=O)NCCSC(=O)[C@H](*)[NH3+])C(*)=O.NC1=NC=NC2=C1N=CN2[C@@H]1O[C@H](COP(=O)([O-])[O-])[C@@H](O)[C@H]1O.O=P([O-])([O-])OP(=O)([O-])O
DM371,C[C@@](O)(CCO)CC(=O)[O-]//NC1=NC=NC2=C1N=CN2[C@@H]1O[C@H](COP(=O)([O-])OP(=O)([O-])OP(=O)([O-])[O-])[C@@H](O)[C@H]1O,C[C@@](O)(CCOP(=O)([O-])[O-])CC(=O)[O-]//NC1=NC=NC2=C1N=CN2[C@@H]1O[C@H](COP(=O)([O-])OP(=O)([O-])[O-])[C@@H](O)[C@H]1O//[H+],C[C@@](O)(CCO)CC(=O)[O-].NC1=NC=NC2=C1N=CN2[C@@H]1O[C@H](COP(=O)([O-])OP(=O)([O-])OP(=O)([O-])[O-])[C@@H](O)[C@H]1O,C[C@@](O)(CCOP(=O)([O-])[O-])CC(=O)[O-].NC1=NC=NC2=C1N=CN2[C@@H]1O[C@H](COP(=O)([O-])OP(=O)([O-])[O-])[C@@H](O)[C@H]1O.[H+]
DM372,*N[C@@H](CCCC[NH3+])C(*)=O//[NH3+]CCCC[NH2+]CCC[NH3+],*N[C@@H](CCCC[NH2+]CCCC[NH3+])C(*)=O//[NH3+]CCC[NH3+],*N[C@@H](CCCC[NH3+])C(*)=O.[NH3+]CCCC[NH2+]CCC[NH3+],*N[C@@H](CCCC[NH2+]CCCC[NH3+])C(*)=O.[NH3+]CCC[NH3+]
DM373,*C(=O)N[C@@H](CO)[C@H](O)[C@H](O)CCCCCCCCCCCCCC//[Fe+3]//[Fe+3]//[H]O[H],[1*]C(=O)N[C@@H](CO)[C@H](O)CCCCCCCCCCCCCCC//[Fe+2]//[Fe+2]//O=O//[H+]//[H+],*C(=O)N[C@@H](CO)[C@H](O)[C@H](O)CCCCCCCCCCCCCC.[Fe+3].[Fe+3].[H]O[H],[1*]C(=O)N[C@@H](CO)[C@H](O)CCCCCCCCCCCCCCC.[Fe+2].[Fe+2].O=O.[H+].[H+]
DM374,CC1=CN([C@H]2C[C@H](O)[C@@H](COP(=O)([O-])OP(=O)([O-])O[C@@H]3CC[C@H]([NH3+])[C@@H](C)O3)O2)C(=O)NC1=O//C[S+](CC[C@H]([NH3+])C(=O)[O-])C[C@H]1O[C@@H](N2C=NC3=C2N=CN=C3N)[C@H](O)[C@@H]1O//C[S+](CC[C@H]([NH3+])C(=O)[O-])C[C@H]1O[C@@H](N2C=NC3=C2N=CN=C3N)[C@H](O)[C@@H]1O,CC1=CN([C@H]2C[C@H](O)[C@@H](COP(=O)([O-])OP(=O)([O-])O[C@@H]3CC[C@H]([NH+](C)C)[C@@H](C)O3)O2)C(=O)NC1=O//NC1=NC=NC2=C1N=CN2[C@@H]1O[C@H](CSCC[C@H]([NH3+])C(=O)[O-])[C@@H](O)[C@H]1O//NC1=NC=NC2=C1N=CN2[C@@H]1O[C@H](CSCC[C@H]([NH3+])C(=O)[O-])[C@@H](O)[C@H]1O//[H+]//[H+],CC1=CN([C@H]2C[C@H](O)[C@@H](COP(=O)([O-])OP(=O)([O-])O[C@@H]3CC[C@H]([NH3+])[C@@H](C)O3)O2)C(=O)NC1=O.C[S+](CC[C@H]([NH3+])C(=O)[O-])C[C@H]1O[C@@H](N2C=NC3=C2N=CN=C3N)[C@H](O)[C@@H]1O.C[S+](CC[C@H]([NH3+])C(=O)[O-])C[C@H]1O[C@@H](N2C=NC3=C2N=CN=C3N)[C@H](O)[C@@H]1O,CC1=CN([C@H]2C[C@H](O)[C@@H](COP(=O)([O-])OP(=O)([O-])O[C@@H]3CC[C@H]([NH+](C)C)[C@@H](C)O3)O2)C(=O)NC1=O.NC1=NC=NC2=C1N=CN2[C@@H]1O[C@H](CSCC[C@H]([NH3+])C(=O)[O-])[C@@H](O)[C@H]1O.NC1=NC=NC2=C1N=CN2[C@@H]1O[C@H](CSCC[C@H]([NH3+])C(=O)[O-])[C@@H](O)[C@H]1O.[H+].[H+]
DM375,O=C([O-])CCC1=CC=CC=C1//NC(=O)C1=CN([C@@H]2O[C@H](COP(=O)([O-])OP(=O)([O-])OC[C@H]3O[C@@H](N4C=NC5=C4N=CN=C5N)[C@H](O)[C@@H]3O)[C@@H](O)[C@H]2O)C=CC1//O=O//[H+],O=C([O-])CCC1=CC=C[C@@H](O)[C@H]1O//NC(=O)C1=CC=C[N+]([C@@H]2O[C@H](COP(=O)([O-])OP(=O)([O-])OC[C@H]3O[C@@H](N4C=NC5=C4N=CN=C5N)[C@H](O)[C@@H]3O)[C@@H](O)[C@H]2O)=C1,O=C([O-])CCC1=CC=CC=C1.NC(=O)C1=CN([C@@H]2O[C@H](COP(=O)([O-])OP(=O)([O-])OC[C@H]3O[C@@H](N4C=NC5=C4N=CN=C5N)[C@H](O)[C@@H]3O)[C@@H](O)[C@H]2O)C=CC1.O=O.[H+],O=C([O-])CCC1=CC=C[C@@H](O)[C@H]1O.NC(=O)C1=CC=C[N+]([C@@H]2O[C@H](COP(=O)([O-])OP(=O)([O-])OC[C@H]3O[C@@H](N4C=NC5=C4N=CN=C5N)[C@H](O)[C@@H]3O)[C@@H](O)[C@H]2O)=C1
DM376,[1*]C(=O)OC[C@H](COP(=O)([O-])OCC(O)COP(=O)([O-])OC[C@@H](COC([3*])=O)OC([4*])=O)OC([2*])=O//NC1=NC(=O)N([C@@H]2O[C@H](COP(=O)([O-])[O-])[C@@H](O)[C@H]2O)C=C1//[H+],[1*]C(=O)OC[C@H](COP(=O)([O-])OP(=O)([O-])OC[C@H]1O[C@@H](N2C=CC(N)=NC2=O)[C@H](O)[C@@H]1O)OC([2*])=O//*C(=O)OC[C@H](COP(=O)([O-])OC[C@@H](O)CO)OC(*)=O,[1*]C(=O)OC[C@H](COP(=O)([O-])OCC(O)COP(=O)([O-])OC[C@@H](COC([3*])=O)OC([4*])=O)OC([2*])=O.NC1=NC(=O)N([C@@H]2O[C@H](COP(=O)([O-])[O-])[C@@H](O)[C@H]2O)C=C1.[H+],[1*]C(=O)OC[C@H](COP(=O)([O-])OP(=O)([O-])OC[C@H]1O[C@@H](N2C=CC(N)=NC2=O)[C@H](O)[C@@H]1O)OC([2*])=O.*C(=O)OC[C@H](COP(=O)([O-])OC[C@@H](O)CO)OC(*)=O
DM377,CC(=O)N[C@H]1C(O)O[C@H](CO)[C@@H](O[C@@H]2O[C@H](CO)[C@H](O)[C@H](O)[C@H]2O)[C@@H]1O//O=C1C=CN([C@@H]2O[C@H](COP(=O)([O-])OP(=O)([O-])[O-])[C@@H](O)[C@H]2O)C(=O)N1//[H+],CC(=O)N[C@H]1C(O)O[C@H](CO)[C@@H](O)[C@@H]1O//O=C1C=CN([C@@H]2O[C@H](COP(=O)([O-])OP(=O)([O-])O[C@H]3O[C@H](CO)[C@H](O)[C@H](O)[C@H]3O)[C@@H](O)[C@H]2O)C(=O)N1,CC(=O)N[C@H]1C(O)O[C@H](CO)[C@@H](O[C@@H]2O[C@H](CO)[C@H](O)[C@H](O)[C@H]2O)[C@@H]1O.O=C1C=CN([C@@H]2O[C@H](COP(=O)([O-])OP(=O)([O-])[O-])[C@@H](O)[C@H]2O)C(=O)N1.[H+],CC(=O)N[C@H]1C(O)O[C@H](CO)[C@@H](O)[C@@H]1O.O=C1C=CN([C@@H]2O[C@H](COP(=O)([O-])OP(=O)([O-])O[C@H]3O[C@H](CO)[C@H](O)[C@H](O)[C@H]3O)[C@@H](O)[C@H]2O)C(=O)N1
DM378,NC(=O)[C@H](O)C1=CC=CC=C1//[H]O[H],O=C([O-])[C@H](O)C1=CC=CC=C1//[H][N+]([H])([H])[H],NC(=O)[C@H](O)C1=CC=CC=C1.[H]O[H],O=C([O-])[C@H](O)C1=CC=CC=C1.[H][N+]([H])([H])[H]
DM379,O=P([O-])([O-])OC[C@@H](O)[C@H](O)[C@H](O)CO//NC(=O)C1=CC=C[N+]([C@@H]2O[C@H](COP(=O)([O-])OP(=O)([O-])OC[C@H]3O[C@@H](N4C=NC5=C4N=CN=C5N)[C@H](O)[C@@H]3O)[C@@H](O)[C@H]2O)=C1,O=C(CO)[C@@H](O)[C@H](O)COP(=O)([O-])[O-]//NC(=O)C1=CN([C@@H]2O[C@H](COP(=O)([O-])OP(=O)([O-])OC[C@H]3O[C@@H](N4C=NC5=C4N=CN=C5N)[C@H](O)[C@@H]3O)[C@@H](O)[C@H]2O)C=CC1//[H+],O=P([O-])([O-])OC[C@@H](O)[C@H](O)[C@H](O)CO.NC(=O)C1=CC=C[N+]([C@@H]2O[C@H](COP(=O)([O-])OP(=O)([O-])OC[C@H]3O[C@@H](N4C=NC5=C4N=CN=C5N)[C@H](O)[C@@H]3O)[C@@H](O)[C@H]2O)=C1,O=C(CO)[C@@H](O)[C@H](O)COP(=O)([O-])[O-].NC(=O)C1=CN([C@@H]2O[C@H](COP(=O)([O-])OP(=O)([O-])OC[C@H]3O[C@@H](N4C=NC5=C4N=CN=C5N)[C@H](O)[C@@H]3O)[C@@H](O)[C@H]2O)C=CC1.[H+]
DM380,O=C([O-])C1=NCCSC1//NC(=O)C1=CN([C@@H]2O[C@H](COP(=O)([O-])OP(=O)([O-])OC[C@H]3O[C@@H](N4C=NC5=C4N=CN=C5N)[C@H](O)[C@@H]3O)[C@@H](O)[C@H]2O)C=CC1//[H+]//[H+],O=C([O-])[C@@H]1CSCC[NH2+]1//NC(=O)C1=CC=C[N+]([C@@H]2O[C@H](COP(=O)([O-])OP(=O)([O-])OC[C@H]3O[C@@H](N4C=NC5=C4N=CN=C5N)[C@H](O)[C@@H]3O)[C@@H](O)[C@H]2O)=C1,O=C([O-])C1=NCCSC1.NC(=O)C1=CN([C@@H]2O[C@H](COP(=O)([O-])OP(=O)([O-])OC[C@H]3O[C@@H](N4C=NC5=C4N=CN=C5N)[C@H](O)[C@@H]3O)[C@@H](O)[C@H]2O)C=CC1.[H+].[H+],O=C([O-])[C@@H]1CSCC[NH2+]1.NC(=O)C1=CC=C[N+]([C@@H]2O[C@H](COP(=O)([O-])OP(=O)([O-])OC[C@H]3O[C@@H](N4C=NC5=C4N=CN=C5N)[C@H](O)[C@@H]3O)[C@@H](O)[C@H]2O)=C1
DM381,CC(C)=CCC1=C(O)C=CC(C(=O)NC2=C([O-])C3=C(C=C(O)C=C3)OC2=O)=C1//NC1=NC=NC2=C1N=CN2[C@@H]1O[C@H](COP(=O)([O-])[O-])[C@@H](O)[C@H]1O//O=P([O-])([O-])OP(=O)([O-])O,NC1=C(O)C2=CC=C([O-])C=C2OC1=O//CC(C)=CCC1=CC(C(=O)[O-])=CC=C1O//NC1=NC=NC2=C1N=CN2[C@@H]1O[C@H](COP(=O)([O-])OP(=O)([O-])OP(=O)([O-])[O-])[C@@H](O)[C@H]1O,CC(C)=CCC1=C(O)C=CC(C(=O)NC2=C([O-])C3=C(C=C(O)C=C3)OC2=O)=C1.NC1=NC=NC2=C1N=CN2[C@@H]1O[C@H](COP(=O)([O-])[O-])[C@@H](O)[C@H]1O.O=P([O-])([O-])OP(=O)([O-])O,NC1=C(O)C2=CC=C([O-])C=C2OC1=O.CC(C)=CCC1=CC(C(=O)[O-])=CC=C1O.NC1=NC=NC2=C1N=CN2[C@@H]1O[C@H](COP(=O)([O-])OP(=O)([O-])OP(=O)([O-])[O-])[C@@H](O)[C@H]1O
DM382,CC(C)=CCC/C(C)=C/CC/C(C)=C/COP(=O)([O-])OP(=O)([O-])[O-]//[H]O[H],[H][C@@]12C(C)(C)[C@]1([H])CC[C@@H](C)[C@@]1([H])CCC(C)C21O//O=P([O-])([O-])OP(=O)([O-])O,CC(C)=CCC/C(C)=C/CC/C(C)=C/COP(=O)([O-])OP(=O)([O-])[O-].[H]O[H],[H][C@@]12C(C)(C)[C@]1([H])CC[C@@H](C)[C@@]1([H])CCC(C)C21O.O=P([O-])([O-])OP(=O)([O-])O
DM383,O=C([O-])CC(=O)C(=O)[O-]//[H][N+]([H])([H])[H],NC(=O)CC(=O)C(=O)[O-]//[H]O[H],O=C([O-])CC(=O)C(=O)[O-].[H][N+]([H])([H])[H],NC(=O)CC(=O)C(=O)[O-].[H]O[H]
DM384,CC(C)(COP(=O)([O-])OP(=O)([O-])OC[C@H]1O[C@@H](N2C=NC3=C2N=CN=C3N)[C@H](O)[C@@H]1OP(=O)([O-])[O-])[C@@H](O)C(=O)NCCC(=O)NCCSC(=O)C1=CC=C(O)C=C1//NC1=NC=NC2=C1N=CN2[C@@H]1O[C@H](COP(=O)([O-])[O-])[C@@H](O)[C@H]1O//O=P([O-])([O-])OP(=O)([O-])O,O=C([O-])C1=CC=C(O)C=C1//NC1=NC=NC2=C1N=CN2[C@@H]1O[C@H](COP(=O)([O-])OP(=O)([O-])OP(=O)([O-])[O-])[C@@H](O)[C@H]1O//CC(C)(COP(=O)([O-])OP(=O)([O-])OC[C@H]1O[C@@H](N2C=NC3=C2N=CN=C3N)[C@H](O)[C@@H]1OP(=O)([O-])[O-])[C@@H](O)C(=O)NCCC(=O)NCCS,CC(C)(COP(=O)([O-])OP(=O)([O-])OC[C@H]1O[C@@H](N2C=NC3=C2N=CN=C3N)[C@H](O)[C@@H]1OP(=O)([O-])[O-])[C@@H](O)C(=O)NCCC(=O)NCCSC(=O)C1=CC=C(O)C=C1.NC1=NC=NC2=C1N=CN2[C@@H]1O[C@H](COP(=O)([O-])[O-])[C@@H](O)[C@H]1O.O=P([O-])([O-])OP(=O)([O-])O,O=C([O-])C1=CC=C(O)C=C1.NC1=NC=NC2=C1N=CN2[C@@H]1O[C@H](COP(=O)([O-])OP(=O)([O-])OP(=O)([O-])[O-])[C@@H](O)[C@H]1O.CC(C)(COP(=O)([O-])OP(=O)([O-])OC[C@H]1O[C@@H](N2C=NC3=C2N=CN=C3N)[C@H](O)[C@@H]1OP(=O)([O-])[O-])[C@@H](O)C(=O)NCCC(=O)NCCS
DM385,*C(=O)[O-]//[NH3+]CCO,*C(=O)NCCO//[H]O[H],*C(=O)[O-].[NH3+]CCO,*C(=O)NCCO.[H]O[H]
DM386,*C[NH2+]*//O=O//[H]O[H],*[NH3+]//*C([H])=O//[H]OO[H],*C[NH2+]*.O=O.[H]O[H],*[NH3+].*C([H])=O.[H]OO[H]
DM387,CC(C)(COP(=O)([O-])OP(=O)([O-])OC[C@H]1O[C@@H](N2C=NC3=C2N=CN=C3N)[C@H](O)[C@@H]1OP(=O)([O-])[O-])[C@@H](O)C(=O)NCCC(=O)NCCSC(=O)C(=O)[O-]//[H+],[H]C(=O)SCCNC(=O)CCNC(=O)[C@H](O)C(C)(C)COP(=O)([O-])OP(=O)([O-])OC[C@H]1O[C@@H](N2C=NC3=C2N=CN=C3N)[C@H](O)[C@@H]1OP(=O)([O-])[O-]//O=C=O,CC(C)(COP(=O)([O-])OP(=O)([O-])OC[C@H]1O[C@@H](N2C=NC3=C2N=CN=C3N)[C@H](O)[C@@H]1OP(=O)([O-])[O-])[C@@H](O)C(=O)NCCC(=O)NCCSC(=O)C(=O)[O-].[H+],[H]C(=O)SCCNC(=O)CCNC(=O)[C@H](O)C(C)(C)COP(=O)([O-])OP(=O)([O-])OC[C@H]1O[C@@H](N2C=NC3=C2N=CN=C3N)[C@H](O)[C@@H]1OP(=O)([O-])[O-].O=C=O
DM388,O=P([O-])([O-])OC[C@H]1OC(O)[C@H](O)[C@@H](O)[C@@H]1O,O=C1C[C@@H](O)[C@H](O)[C@@H](O)[C@@H]1O//O=P([O-])([O-])O,O=P([O-])([O-])OC[C@H]1OC(O)[C@H](O)[C@@H](O)[C@@H]1O,O=C1C[C@@H](O)[C@H](O)[C@@H](O)[C@@H]1O.O=P([O-])([O-])O
DM389,O=C([O-])C1=C[N+]([C@@H]2O[C@H](CO)[C@@H](O)[C@H](O)[C@H]2O)=CC=C1//O=C1C=CN([C@@H]2O[C@H](COP(=O)([O-])OP(=O)([O-])[O-])[C@@H](O)[C@H]2O)C(=O)N1,O=C([O-])C1=CC=CN=C1//O=C1C=CN([C@@H]2O[C@H](COP(=O)([O-])OP(=O)([O-])O[C@H]3O[C@H](CO)[C@@H](O)[C@H](O)[C@H]3O)[C@@H](O)[C@H]2O)C(=O)N1,O=C([O-])C1=C[N+]([C@@H]2O[C@H](CO)[C@@H](O)[C@H](O)[C@H]2O)=CC=C1.O=C1C=CN([C@@H]2O[C@H](COP(=O)([O-])OP(=O)([O-])[O-])[C@@H](O)[C@H]2O)C(=O)N1,O=C([O-])C1=CC=CN=C1.O=C1C=CN([C@@H]2O[C@H](COP(=O)([O-])OP(=O)([O-])O[C@H]3O[C@H](CO)[C@@H](O)[C@H](O)[C@H]3O)[C@@H](O)[C@H]2O)C(=O)N1
DM390,C[C@](O)(CC(=O)[O-])C(=O)[O-]//CC(C)(COP(=O)([O-])OP(=O)([O-])OC[C@H]1O[C@@H](N2C=NC3=C2N=CN=C3N)[C@H](O)[C@@H]1OP(=O)([O-])[O-])[C@@H](O)C(=O)NCCC(=O)NCCSC(=O)CCC(=O)[O-],CC(C)(COP(=O)([O-])OP(=O)([O-])OC[C@H]1O[C@@H](N2C=NC3=C2N=CN=C3N)[C@H](O)[C@@H]1OP(=O)([O-])[O-])[C@@H](O)C(=O)NCCC(=O)NCCSC(=O)C[C@](C)(O)C(=O)[O-]//O=C([O-])CCC(=O)[O-],C[C@](O)(CC(=O)[O-])C(=O)[O-].CC(C)(COP(=O)([O-])OP(=O)([O-])OC[C@H]1O[C@@H](N2C=NC3=C2N=CN=C3N)[C@H](O)[C@@H]1OP(=O)([O-])[O-])[C@@H](O)C(=O)NCCC(=O)NCCSC(=O)CCC(=O)[O-],CC(C)(COP(=O)([O-])OP(=O)([O-])OC[C@H]1O[C@@H](N2C=NC3=C2N=CN=C3N)[C@H](O)[C@@H]1OP(=O)([O-])[O-])[C@@H](O)C(=O)NCCC(=O)NCCSC(=O)C[C@](C)(O)C(=O)[O-].O=C([O-])CCC(=O)[O-]
DM391,*C(=O)[C@H](C)[NH3+]//C[S+](CC[C@H]([NH3+])C(=O)[O-])C[C@H]1O[C@@H](N2C=NC3=C2N=CN=C3N)[C@H](O)[C@@H]1O//C[S+](CC[C@H]([NH3+])C(=O)[O-])C[C@H]1O[C@@H](N2C=NC3=C2N=CN=C3N)[C@H](O)[C@@H]1O,*C(=O)[C@H](C)N(C)C//NC1=NC=NC2=C1N=CN2[C@@H]1O[C@H](CSCC[C@H]([NH3+])C(=O)[O-])[C@@H](O)[C@H]1O//NC1=NC=NC2=C1N=CN2[C@@H]1O[C@H](CSCC[C@H]([NH3+])C(=O)[O-])[C@@H](O)[C@H]1O//[H+]//[H+]//[H+],*C(=O)[C@H](C)[NH3+].C[S+](CC[C@H]([NH3+])C(=O)[O-])C[C@H]1O[C@@H](N2C=NC3=C2N=CN=C3N)[C@H](O)[C@@H]1O.C[S+](CC[C@H]([NH3+])C(=O)[O-])C[C@H]1O[C@@H](N2C=NC3=C2N=CN=C3N)[C@H](O)[C@@H]1O,*C(=O)[C@H](C)N(C)C.NC1=NC=NC2=C1N=CN2[C@@H]1O[C@H](CSCC[C@H]([NH3+])C(=O)[O-])[C@@H](O)[C@H]1O.NC1=NC=NC2=C1N=CN2[C@@H]1O[C@H](CSCC[C@H]([NH3+])C(=O)[O-])[C@@H](O)[C@H]1O.[H+].[H+].[H+]
DM392,*/C=C/C(=O)SCCNC(=O)CCNC(=O)[C@H](O)C(C)(C)COP(=O)([O-])OP(=O)([O-])OC[C@H]1O[C@@H](N2C=NC3=C2N=CN=C3N)[C@H](O)[C@@H]1OP(=O)([O-])[O-]//CC1=CC2=C(C=C1C)N(C[C@H](O)[C@H](O)[C@H](O)COP(=O)([O-])OP(=O)([O-])OC[C@H]1O[C@@H](N3C=NC4=C3N=CN=C4N)[C@H](O)[C@@H]1O)C1=C(N2)C(=O)NC(=O)N1,*CCC(=O)SCCNC(=O)CCNC(=O)[C@H](O)C(C)(C)COP(=O)([O-])OP(=O)([O-])OC[C@H]1O[C@@H](N2C=NC3=C2N=CN=C3N)[C@H](O)[C@@H]1OP(=O)([O-])[O-]//CC1=CC2=C(C=C1C)N(C[C@H](O)[C@H](O)[C@H](O)COP(=O)([O-])OP(=O)([O-])OC[C@H]1O[C@@H](N3C=NC4=C3N=CN=C4N)[C@H](O)[C@@H]1O)C1=NC(=O)[N-]C(=O)C1=N2//[H+],*/C=C/C(=O)SCCNC(=O)CCNC(=O)[C@H](O)C(C)(C)COP(=O)([O-])OP(=O)([O-])OC[C@H]1O[C@@H](N2C=NC3=C2N=CN=C3N)[C@H](O)[C@@H]1OP(=O)([O-])[O-].CC1=CC2=C(C=C1C)N(C[C@H](O)[C@H](O)[C@H](O)COP(=O)([O-])OP(=O)([O-])OC[C@H]1O[C@@H](N3C=NC4=C3N=CN=C4N)[C@H](O)[C@@H]1O)C1=C(N2)C(=O)NC(=O)N1,*CCC(=O)SCCNC(=O)CCNC(=O)[C@H](O)C(C)(C)COP(=O)([O-])OP(=O)([O-])OC[C@H]1O[C@@H](N2C=NC3=C2N=CN=C3N)[C@H](O)[C@@H]1OP(=O)([O-])[O-].CC1=CC2=C(C=C1C)N(C[C@H](O)[C@H](O)[C@H](O)COP(=O)([O-])OP(=O)([O-])OC[C@H]1O[C@@H](N3C=NC4=C3N=CN=C4N)[C@H](O)[C@@H]1O)C1=NC(=O)[N-]C(=O)C1=N2.[H+]
DM393,C/C(C=O)=C\CC[C@@H](C)/C=C/O//NC(=O)C1=CC=C[N+]([C@@H]2O[C@H](COP(=O)([O-])OP(=O)([O-])OC[C@H]3O[C@@H](N4C=NC5=C4N=CN=C5N)[C@H](OP(=O)([O-])[O-])[C@@H]3O)[C@@H](O)[C@H]2O)=C1,C/C(C=O)=C\CC/C(C)=C/C=O//NC(=O)C1=CN([C@@H]2O[C@H](COP(=O)([O-])OP(=O)([O-])OC[C@H]3O[C@@H](N4C=NC5=C4N=CN=C5N)[C@H](OP(=O)([O-])[O-])[C@@H]3O)[C@@H](O)[C@H]2O)C=CC1//[H+],C/C(C=O)=C\CC[C@@H](C)/C=C/O.NC(=O)C1=CC=C[N+]([C@@H]2O[C@H](COP(=O)([O-])OP(=O)([O-])OC[C@H]3O[C@@H](N4C=NC5=C4N=CN=C5N)[C@H](OP(=O)([O-])[O-])[C@@H]3O)[C@@H](O)[C@H]2O)=C1,C/C(C=O)=C\CC/C(C)=C/C=O.NC(=O)C1=CN([C@@H]2O[C@H](COP(=O)([O-])OP(=O)([O-])OC[C@H]3O[C@@H](N4C=NC5=C4N=CN=C5N)[C@H](OP(=O)([O-])[O-])[C@@H]3O)[C@@H](O)[C@H]2O)C=CC1.[H+]
DM394,[H][C@@]12C[C@H]3O[C@]34C[C@@H](O)CC[C@]4(C)[C@@]1([H])CC[C@@]1(C)[C@@]2([H])CC[C@]1([H])[C@H](C)CCCC(C)C//[H]O[H],[H][C@@]12C[C@@H](O)[C@@]3(O)C[C@@H](O)CC[C@]3(C)[C@@]1([H])CC[C@@]1(C)[C@@]2([H])CC[C@]1([H])[C@H](C)CCCC(C)C,[H][C@@]12C[C@H]3O[C@]34C[C@@H](O)CC[C@]4(C)[C@@]1([H])CC[C@@]1(C)[C@@]2([H])CC[C@]1([H])[C@H](C)CCCC(C)C.[H]O[H],[H][C@@]12C[C@@H](O)[C@@]3(O)C[C@@H](O)CC[C@]3(C)[C@@]1([H])CC[C@@]1(C)[C@@]2([H])CC[C@]1([H])[C@H](C)CCCC(C)C
DM395,O=C([O-])CCC(=O)[O-]//NC(=O)C1=CN([C@@H]2O[C@H](COP(=O)([O-])OP(=O)([O-])OC[C@H]3O[C@@H](N4C=NC5=C4N=CN=C5N)[C@H](O)[C@@H]3O)[C@@H](O)[C@H]2O)C=CC1//[H+]//[H+],O=CCCC(=O)[O-]//NC(=O)C1=CC=C[N+]([C@@H]2O[C@H](COP(=O)([O-])OP(=O)([O-])OC[C@H]3O[C@@H](N4C=NC5=C4N=CN=C5N)[C@H](O)[C@@H]3O)[C@@H](O)[C@H]2O)=C1//[H]O[H],O=C([O-])CCC(=O)[O-].NC(=O)C1=CN([C@@H]2O[C@H](COP(=O)([O-])OP(=O)([O-])OC[C@H]3O[C@@H](N4C=NC5=C4N=CN=C5N)[C@H](O)[C@@H]3O)[C@@H](O)[C@H]2O)C=CC1.[H+].[H+],O=CCCC(=O)[O-].NC(=O)C1=CC=C[N+]([C@@H]2O[C@H](COP(=O)([O-])OP(=O)([O-])OC[C@H]3O[C@@H](N4C=NC5=C4N=CN=C5N)[C@H](O)[C@@H]3O)[C@@H](O)[C@H]2O)=C1.[H]O[H]
DM396,O=C([O-])/C=C\C1=CC=C(O)C=C1//O=C1C=CN([C@@H]2O[C@H](COP(=O)([O-])OP(=O)([O-])O[C@H]3O[C@H](CO)[C@@H](O)[C@H](O)[C@H]3O)[C@@H](O)[C@H]2O)C(=O)N1,O=C([O-])/C=C\C1=CC=C(O[C@@H]2O[C@H](CO)[C@@H](O)[C@H](O)[C@H]2O)C=C1//O=C1C=CN([C@@H]2O[C@H](COP(=O)([O-])OP(=O)([O-])[O-])[C@@H](O)[C@H]2O)C(=O)N1//[H+],O=C([O-])/C=C\C1=CC=C(O)C=C1.O=C1C=CN([C@@H]2O[C@H](COP(=O)([O-])OP(=O)([O-])O[C@H]3O[C@H](CO)[C@@H](O)[C@H](O)[C@H]3O)[C@@H](O)[C@H]2O)C(=O)N1,O=C([O-])/C=C\C1=CC=C(O[C@@H]2O[C@H](CO)[C@@H](O)[C@H](O)[C@H]2O)C=C1.O=C1C=CN([C@@H]2O[C@H](COP(=O)([O-])OP(=O)([O-])[O-])[C@@H](O)[C@H]2O)C(=O)N1.[H+]
DM397,O=P([O-])([O-])O[C@@H]1[C@@H](OP(=O)([O-])[O-])[C@H](OP(=O)([O-])[O-])[C@H](O)[C@H](OP(=O)([O-])[O-])[C@H]1OP(=O)([O-])[O-]//NC1=NC=NC2=C1N=CN2[C@@H]1O[C@H](COP(=O)([O-])OP(=O)([O-])[O-])[C@@H](O)[C@H]1O//[H+],O=P([O-])([O-])O[C@@H]1[C@@H](O)[C@H](OP(=O)([O-])[O-])[C@@H](OP(=O)([O-])[O-])[C@@H](O)[C@H]1OP(=O)([O-])[O-]//NC1=NC=NC2=C1N=CN2[C@@H]1O[C@H](COP(=O)([O-])OP(=O)([O-])OP(=O)([O-])[O-])[C@@H](O)[C@H]1O,O=P([O-])([O-])O[C@@H]1[C@@H](OP(=O)([O-])[O-])[C@H](OP(=O)([O-])[O-])[C@H](O)[C@H](OP(=O)([O-])[O-])[C@H]1OP(=O)([O-])[O-].NC1=NC=NC2=C1N=CN2[C@@H]1O[C@H](COP(=O)([O-])OP(=O)([O-])[O-])[C@@H](O)[C@H]1O.[H+],O=P([O-])([O-])O[C@@H]1[C@@H](O)[C@H](OP(=O)([O-])[O-])[C@@H](OP(=O)([O-])[O-])[C@@H](O)[C@H]1OP(=O)([O-])[O-].NC1=NC=NC2=C1N=CN2[C@@H]1O[C@H](COP(=O)([O-])OP(=O)([O-])OP(=O)([O-])[O-])[C@@H](O)[C@H]1O
DM398,N=C1C2=C(/N=C\N1[C@@H]1O[C@H](COP(=O)([O-])[O-])[C@@H](O)[C@H]1O)N([C@@H]1O[C@H](COP(=O)([O-])[O-])[C@@H](O)[C@H]1O)C=N2//[H]O[H],NC(=O)C1=C(/N=C/N[C@@H]2O[C@H](COP(=O)([O-])[O-])[C@@H](O)[C@H]2O)N([C@@H]2O[C@H](COP(=O)([O-])[O-])[C@@H](O)[C@H]2O)C=N1,N=C1C2=C(/N=C\N1[C@@H]1O[C@H](COP(=O)([O-])[O-])[C@@H](O)[C@H]1O)N([C@@H]1O[C@H](COP(=O)([O-])[O-])[C@@H](O)[C@H]1O)C=N2.[H]O[H],NC(=O)C1=C(/N=C/N[C@@H]2O[C@H](COP(=O)([O-])[O-])[C@@H](O)[C@H]2O)N([C@@H]2O[C@H](COP(=O)([O-])[O-])[C@@H](O)[C@H]2O)C=N1
DM399,[H]C(=O)[C@H](O)COP(=O)([O-])[O-]//NC(=O)C1=CC=C[N+]([C@@H]2O[C@H](COP(=O)([O-])OP(=O)([O-])OC[C@H]3O[C@@H](N4C=NC5=C4N=CN=C5N)[C@H](OP(=O)([O-])[O-])[C@@H]3O)[C@@H](O)[C@H]2O)=C1//[H]O[H],O=C([O-])[C@H](O)COP(=O)([O-])[O-]//NC(=O)C1=CN([C@@H]2O[C@H](COP(=O)([O-])OP(=O)([O-])OC[C@H]3O[C@@H](N4C=NC5=C4N=CN=C5N)[C@H](OP(=O)([O-])[O-])[C@@H]3O)[C@@H](O)[C@H]2O)C=CC1//[H+]//[H+],[H]C(=O)[C@H](O)COP(=O)([O-])[O-].NC(=O)C1=CC=C[N+]([C@@H]2O[C@H](COP(=O)([O-])OP(=O)([O-])OC[C@H]3O[C@@H](N4C=NC5=C4N=CN=C5N)[C@H](OP(=O)([O-])[O-])[C@@H]3O)[C@@H](O)[C@H]2O)=C1.[H]O[H],O=C([O-])[C@H](O)COP(=O)([O-])[O-].NC(=O)C1=CN([C@@H]2O[C@H](COP(=O)([O-])OP(=O)([O-])OC[C@H]3O[C@@H](N4C=NC5=C4N=CN=C5N)[C@H](OP(=O)([O-])[O-])[C@@H]3O)[C@@H](O)[C@H]2O)C=CC1.[H+].[H+]
DM400,CC(=O)N[C@H]1[C@@H](OP(=O)([O-])OP(=O)([O-])OC[C@H]2O[C@@H](N3C=CC(=O)NC3=O)[C@H](O)[C@@H]2O)O[C@H](CO)[C@@H](O)[C@@H]1O[C@H](C)C(=O)N[C@@H](C)C(=O)N[C@H](CCC(=O)N[C@@H](CCC[C@@H]([NH3+])C(=O)[O-])C(=O)N[C@H](C)C(=O)N[C@H](C)C(=O)[O-])C(=O)[O-]//NC1=NC=NC2=C1N=CN2[C@@H]1O[C@H](COP(=O)([O-])OP(=O)([O-])[O-])[C@@H](O)[C@H]1O//O=P([O-])([O-])O//[H+],C[C@@H]([NH3+])C(=O)N[C@H](C)C(=O)[O-]//CC(=O)N[C@H]1[C@@H](OP(=O)([O-])OP(=O)([O-])OC[C@H]2O[C@@H](N3C=CC(=O)NC3=O)[C@H](O)[C@@H]2O)O[C@H](CO)[C@@H](O)[C@@H]1O[C@H](C)C(=O)N[C@@H](C)C(=O)N[C@H](CCC(=O)N[C@@H](CCC[C@@H]([NH3+])C(=O)[O-])C(=O)[O-])C(=O)[O-]//NC1=NC=NC2=C1N=CN2[C@@H]1O[C@H](COP(=O)([O-])OP(=O)([O-])OP(=O)([O-])[O-])[C@@H](O)[C@H]1O,CC(=O)N[C@H]1[C@@H](OP(=O)([O-])OP(=O)([O-])OC[C@H]2O[C@@H](N3C=CC(=O)NC3=O)[C@H](O)[C@@H]2O)O[C@H](CO)[C@@H](O)[C@@H]1O[C@H](C)C(=O)N[C@@H](C)C(=O)N[C@H](CCC(=O)N[C@@H](CCC[C@@H]([NH3+])C(=O)[O-])C(=O)N[C@H](C)C(=O)N[C@H](C)C(=O)[O-])C(=O)[O-].NC1=NC=NC2=C1N=CN2[C@@H]1O[C@H](COP(=O)([O-])OP(=O)([O-])[O-])[C@@H](O)[C@H]1O.O=P([O-])([O-])O.[H+],C[C@@H]([NH3+])C(=O)N[C@H](C)C(=O)[O-].CC(=O)N[C@H]1[C@@H](OP(=O)([O-])OP(=O)([O-])OC[C@H]2O[C@@H](N3C=CC(=O)NC3=O)[C@H](O)[C@@H]2O)O[C@H](CO)[C@@H](O)[C@@H]1O[C@H](C)C(=O)N[C@@H](C)C(=O)N[C@H](CCC(=O)N[C@@H](CCC[C@@H]([NH3+])C(=O)[O-])C(=O)[O-])C(=O)[O-].NC1=NC=NC2=C1N=CN2[C@@H]1O[C@H](COP(=O)([O-])OP(=O)([O-])OP(=O)([O-])[O-])[C@@H](O)[C@H]1O
DM401,[Fe+2]//[Fe+2]//CC(=O)C(=O)[O-]//[H+]//[H+],[Fe+3]//[Fe+3]//C[C@@H](O)C(=O)[O-],[Fe+2].[Fe+2].CC(=O)C(=O)[O-].[H+].[H+],[Fe+3].[Fe+3].C[C@@H](O)C(=O)[O-]
DM402,C=CC(=C)CC/C=C(\C)CC/C=C(\C)CC/C=C(\C)CC/C=C(\C)CCC=C(C)C//O=P([O-])([O-])OP(=O)([O-])O,CC(C)=CCC/C(C)=C/CC/C(C)=C/CC/C(C)=C/CC/C(C)=C/CC/C(C)=C/COP(=O)([O-])OP(=O)([O-])[O-],C=CC(=C)CC/C=C(\C)CC/C=C(\C)CC/C=C(\C)CC/C=C(\C)CCC=C(C)C.O=P([O-])([O-])OP(=O)([O-])O,CC(C)=CCC/C(C)=C/CC/C(C)=C/CC/C(C)=C/CC/C(C)=C/CC/C(C)=C/COP(=O)([O-])OP(=O)([O-])[O-]
DM403,O=S(=O)([O-])O[C@H]1[C@@H](O[C@H]2O[C@H](CO)[C@@H](O)[C@H](O)[C@H]2O)O[C@H](CO)[C@@H](O)[C@@H]1O//NC1=NC=NC2=C1N=CN2[C@@H]1O[C@H](COP(=O)([O-])[O-])[C@@H](OP(=O)([O-])[O-])[C@H]1O//[H+],OC[C@H]1O[C@H](O[C@H]2O[C@H](CO)[C@@H](O)[C@H](O)[C@H]2O)[C@H](O)[C@@H](O)[C@@H]1O//NC1=NC=NC2=C1N=CN2[C@@H]1O[C@H](COP(=O)([O-])OS(=O)(=O)[O-])[C@@H](OP(=O)([O-])[O-])[C@H]1O,O=S(=O)([O-])O[C@H]1[C@@H](O[C@H]2O[C@H](CO)[C@@H](O)[C@H](O)[C@H]2O)O[C@H](CO)[C@@H](O)[C@@H]1O.NC1=NC=NC2=C1N=CN2[C@@H]1O[C@H](COP(=O)([O-])[O-])[C@@H](OP(=O)([O-])[O-])[C@H]1O.[H+],OC[C@H]1O[C@H](O[C@H]2O[C@H](CO)[C@@H](O)[C@H](O)[C@H]2O)[C@H](O)[C@@H](O)[C@@H]1O.NC1=NC=NC2=C1N=CN2[C@@H]1O[C@H](COP(=O)([O-])OS(=O)(=O)[O-])[C@@H](OP(=O)([O-])[O-])[C@H]1O
DM404,CC1=CN([C@H]2C[C@H](O)[C@@H](COP(=O)([O-])OP(=O)([O-])[O-])O2)C(=O)NC1=O//NC1=NC=NC2=C1N=CN2[C@@H]1O[C@H](COP(=O)([O-])OP(=O)([O-])[O-])[C@@H](O)[C@H]1O,CC1=CN([C@H]2C[C@H](O)[C@@H](COP(=O)([O-])[O-])O2)C(=O)NC1=O//NC1=NC=NC2=C1N=CN2[C@@H]1O[C@H](COP(=O)([O-])OP(=O)([O-])OP(=O)([O-])[O-])[C@@H](O)[C@H]1O,CC1=CN([C@H]2C[C@H](O)[C@@H](COP(=O)([O-])OP(=O)([O-])[O-])O2)C(=O)NC1=O.NC1=NC=NC2=C1N=CN2[C@@H]1O[C@H](COP(=O)([O-])OP(=O)([O-])[O-])[C@@H](O)[C@H]1O,CC1=CN([C@H]2C[C@H](O)[C@@H](COP(=O)([O-])[O-])O2)C(=O)NC1=O.NC1=NC=NC2=C1N=CN2[C@@H]1O[C@H](COP(=O)([O-])OP(=O)([O-])OP(=O)([O-])[O-])[C@@H](O)[C@H]1O
DM405,[H][C@@]12OC3=CC(O)=CC=C3[C@]1(O)COC1=C2C=CC(O)=C1//CC1=C(C)C=C2C(=C1)/N=C1/C(=O)[N-]C(=O)N=C1N2C[C@H](O)[C@H](O)[C@H](O)COP(=O)([O-])[O-]//[H]O[H]//[H+],[H][C@@]12COC3=C(/C=C\C(O)=C/3)[C@]1([H])OC1=CC(O)=CC=C12//CC1=C(C)C=C2C(=C1)NC1=C(NC(=O)NC1=O)N2C[C@H](O)[C@H](O)[C@H](O)COP(=O)([O-])[O-]//O=O,[H][C@@]12OC3=CC(O)=CC=C3[C@]1(O)COC1=C2C=CC(O)=C1.CC1=C(C)C=C2C(=C1)/N=C1/C(=O)[N-]C(=O)N=C1N2C[C@H](O)[C@H](O)[C@H](O)COP(=O)([O-])[O-].[H]O[H].[H+],[H][C@@]12COC3=C(/C=C\C(O)=C/3)[C@]1([H])OC1=CC(O)=CC=C12.CC1=C(C)C=C2C(=C1)NC1=C(NC(=O)NC1=O)N2C[C@H](O)[C@H](O)[C@H](O)COP(=O)([O-])[O-].O=O
DM406,CC(C)(COP(=O)([O-])OP(=O)([O-])OC[C@H]1O[C@@H](N2C=NC3=C2N=CN=C3N)[C@H](O)[C@@H]1OP(=O)([O-])[O-])[C@@H](O)C(=O)NCCC(=O)NCCSC(=O)CCC(=O)[O-]//[NH3+]CC(=O)[O-]//[H+],[NH3+]CC(=O)CCC(=O)[O-]//O=C=O//CC(C)(COP(=O)([O-])OP(=O)([O-])OC[C@H]1O[C@@H](N2C=NC3=C2N=CN=C3N)[C@H](O)[C@@H]1OP(=O)([O-])[O-])[C@@H](O)C(=O)NCCC(=O)NCCS,CC(C)(COP(=O)([O-])OP(=O)([O-])OC[C@H]1O[C@@H](N2C=NC3=C2N=CN=C3N)[C@H](O)[C@@H]1OP(=O)([O-])[O-])[C@@H](O)C(=O)NCCC(=O)NCCSC(=O)CCC(=O)[O-].[NH3+]CC(=O)[O-].[H+],[NH3+]CC(=O)CCC(=O)[O-].O=C=O.CC(C)(COP(=O)([O-])OP(=O)([O-])OC[C@H]1O[C@@H](N2C=NC3=C2N=CN=C3N)[C@H](O)[C@@H]1OP(=O)([O-])[O-])[C@@H](O)C(=O)NCCC(=O)NCCS
DM407,O=P([O-])(O)CCO//NC(=O)C1=CC=C[N+]([C@@H]2O[C@H](COP(=O)([O-])OP(=O)([O-])OC[C@H]3O[C@@H](N4C=NC5=C4N=CN=C5N)[C@H](O)[C@@H]3O)[C@@H](O)[C@H]2O)=C1,[H]C(=O)CP(=O)([O-])O//NC(=O)C1=CN([C@@H]2O[C@H](COP(=O)([O-])OP(=O)([O-])OC[C@H]3O[C@@H](N4C=NC5=C4N=CN=C5N)[C@H](O)[C@@H]3O)[C@@H](O)[C@H]2O)C=CC1//[H+],O=P([O-])(O)CCO.NC(=O)C1=CC=C[N+]([C@@H]2O[C@H](COP(=O)([O-])OP(=O)([O-])OC[C@H]3O[C@@H](N4C=NC5=C4N=CN=C5N)[C@H](O)[C@@H]3O)[C@@H](O)[C@H]2O)=C1,[H]C(=O)CP(=O)([O-])O.NC(=O)C1=CN([C@@H]2O[C@H](COP(=O)([O-])OP(=O)([O-])OC[C@H]3O[C@@H](N4C=NC5=C4N=CN=C5N)[C@H](O)[C@@H]3O)[C@@H](O)[C@H]2O)C=CC1.[H+]
DM408,O=C1N=C(C2=CNC3=CC=C(O)C=C32)C=C1C1=CNC2=CC=CC=C21//O=C=O//NC(=O)C1=CC=C[N+]([C@@H]2O[C@H](COP(=O)([O-])OP(=O)([O-])OC[C@H]3O[C@@H](N4C=NC5=C4N=CN=C5N)[C@H](OP(=O)([O-])[O-])[C@@H]3O)[C@@H](O)[C@H]2O)=C1//[H]O[H]//[H]O[H],O=C([O-])C1=C(C2=CNC3=C2C=CC=C3)C=C(C2=CNC3=C2C=CC=C3)N1//NC(=O)C1=CN([C@@H]2O[C@H](COP(=O)([O-])OP(=O)([O-])OC[C@H]3O[C@@H](N4C=NC5=C4N=CN=C5N)[C@H](OP(=O)([O-])[O-])[C@@H]3O)[C@@H](O)[C@H]2O)C=CC1//O=O//O=O//[H+]//[H+],O=C1N=C(C2=CNC3=CC=C(O)C=C32)C=C1C1=CNC2=CC=CC=C21.O=C=O.NC(=O)C1=CC=C[N+]([C@@H]2O[C@H](COP(=O)([O-])OP(=O)([O-])OC[C@H]3O[C@@H](N4C=NC5=C4N=CN=C5N)[C@H](OP(=O)([O-])[O-])[C@@H]3O)[C@@H](O)[C@H]2O)=C1.[H]O[H].[H]O[H],O=C([O-])C1=C(C2=CNC3=C2C=CC=C3)C=C(C2=CNC3=C2C=CC=C3)N1.NC(=O)C1=CN([C@@H]2O[C@H](COP(=O)([O-])OP(=O)([O-])OC[C@H]3O[C@@H](N4C=NC5=C4N=CN=C5N)[C@H](OP(=O)([O-])[O-])[C@@H]3O)[C@@H](O)[C@H]2O)C=CC1.O=O.O=O.[H+].[H+]
DM409,OC1=CC=CC=C1C1=CC=CC=C1O//NC(=O)C1=CN([C@@H]2O[C@H](COP(=O)([O-])OP(=O)([O-])OC[C@H]3O[C@@H](N4C=NC5=C4N=CN=C5N)[C@H](O)[C@@H]3O)[C@@H](O)[C@H]2O)C=CC1//O=O//[H+],OC1=CC=CC=C1C1=CC=CC(O)=C1O//NC(=O)C1=CC=C[N+]([C@@H]2O[C@H](COP(=O)([O-])OP(=O)([O-])OC[C@H]3O[C@@H](N4C=NC5=C4N=CN=C5N)[C@H](O)[C@@H]3O)[C@@H](O)[C@H]2O)=C1//[H]O[H],OC1=CC=CC=C1C1=CC=CC=C1O.NC(=O)C1=CN([C@@H]2O[C@H](COP(=O)([O-])OP(=O)([O-])OC[C@H]3O[C@@H](N4C=NC5=C4N=CN=C5N)[C@H](O)[C@@H]3O)[C@@H](O)[C@H]2O)C=CC1.O=O.[H+],OC1=CC=CC=C1C1=CC=CC(O)=C1O.NC(=O)C1=CC=C[N+]([C@@H]2O[C@H](COP(=O)([O-])OP(=O)([O-])OC[C@H]3O[C@@H](N4C=NC5=C4N=CN=C5N)[C@H](O)[C@@H]3O)[C@@H](O)[C@H]2O)=C1.[H]O[H]
DM410,O=P([O-])([O-])O[C@@H]1[C@@H](OP(=O)([O-])[O-])[C@H](OP(=O)([O-])[O-])[C@@H](OP(=O)([O-])OP(=O)([O-])[O-])[C@@H](OP(=O)([O-])[O-])[C@H]1OP(=O)([O-])[O-]//O=P([O-])([O-])O//[H+]//[H+],O=P([O-])([O-])O[C@H]1[C@H](OP(=O)([O-])[O-])[C@@H](OP(=O)([O-])OP(=O)([O-])[O-])[C@H](OP(=O)([O-])[O-])[C@@H](OP(=O)([O-])OP(=O)([O-])O)[C@H]1OP(=O)([O-])[O-]//[H]O[H],O=P([O-])([O-])O[C@@H]1[C@@H](OP(=O)([O-])[O-])[C@H](OP(=O)([O-])[O-])[C@@H](OP(=O)([O-])OP(=O)([O-])[O-])[C@@H](OP(=O)([O-])[O-])[C@H]1OP(=O)([O-])[O-].O=P([O-])([O-])O.[H+].[H+],O=P([O-])([O-])O[C@H]1[C@H](OP(=O)([O-])[O-])[C@@H](OP(=O)([O-])OP(=O)([O-])[O-])[C@H](OP(=O)([O-])[O-])[C@@H](OP(=O)([O-])OP(=O)([O-])O)[C@H]1OP(=O)([O-])[O-].[H]O[H]
DM411,NC(=O)CC[C@H]([NH3+])C(=O)[O-]//[H]O[H],[NH3+][C@@H](CCC(=O)[O-])C(=O)[O-]//[H][N+]([H])([H])[H],NC(=O)CC[C@H]([NH3+])C(=O)[O-].[H]O[H],[NH3+][C@@H](CCC(=O)[O-])C(=O)[O-].[H][N+]([H])([H])[H]
DM412,CC(C)(CO)[C@@H](O)C(=O)[O-]//[NH3+]CCC(=O)[O-]//NC1=NC=NC2=C1N=CN2[C@@H]1O[C@H](COP(=O)([O-])OP(=O)([O-])OP(=O)([O-])[O-])[C@@H](O)[C@H]1O,CC(C)(CO)[C@@H](O)C(=O)NCCC(=O)[O-]//NC1=NC=NC2=C1N=CN2[C@@H]1O[C@H](COP(=O)([O-])[O-])[C@@H](O)[C@H]1O//O=P([O-])([O-])OP(=O)([O-])O//[H+],CC(C)(CO)[C@@H](O)C(=O)[O-].[NH3+]CCC(=O)[O-].NC1=NC=NC2=C1N=CN2[C@@H]1O[C@H](COP(=O)([O-])OP(=O)([O-])OP(=O)([O-])[O-])[C@@H](O)[C@H]1O,CC(C)(CO)[C@@H](O)C(=O)NCCC(=O)[O-].NC1=NC=NC2=C1N=CN2[C@@H]1O[C@H](COP(=O)([O-])[O-])[C@@H](O)[C@H]1O.O=P([O-])([O-])OP(=O)([O-])O.[H+]
DM413,CC(=O)OC[C@H]([NH3+])C(=O)[O-]//[NH3+][C@@H](CCS)C(=O)[O-],[NH3+][C@@H](CCSC[C@H]([NH3+])C(=O)[O-])C(=O)[O-]//CC(=O)[O-]//[H+],CC(=O)OC[C@H]([NH3+])C(=O)[O-].[NH3+][C@@H](CCS)C(=O)[O-],[NH3+][C@@H](CCSC[C@H]([NH3+])C(=O)[O-])C(=O)[O-].CC(=O)[O-].[H+]
DM414,O=C[C@@H](O)[C@H](O)[C@H](O)[C@@H](O)C=O//[H]OO[H],OC[C@H]1OC(O)[C@H](O)[C@@H](O)[C@H]1O//O=O,O=C[C@@H](O)[C@H](O)[C@H](O)[C@@H](O)C=O.[H]OO[H],OC[C@H]1OC(O)[C@H](O)[C@@H](O)[C@H]1O.O=O
DM415,CC(C)=CCC/C(C)=C/CC/C(C)=C/COP(=O)([O-])OP(=O)([O-])[O-],[H][C@]12CCC(C)=C1[C@]1([H])C(C)(C)[C@]1([H])CC[C@H]2C//O=P([O-])([O-])OP(=O)([O-])O,CC(C)=CCC/C(C)=C/CC/C(C)=C/COP(=O)([O-])OP(=O)([O-])[O-],[H][C@]12CCC(C)=C1[C@]1([H])C(C)(C)[C@]1([H])CC[C@H]2C.O=P([O-])([O-])OP(=O)([O-])O
DM416,O=C1C=CNC(=O)N1//CC1=C(C)C=C2C(=C1)NC1=C(NC(=O)NC1=O)N2C[C@H](O)[C@H](O)[C@H](O)COP(=O)([O-])[O-]//NC(=O)C1=CN([C@@H]2O[C@H](COP(=O)([O-])OP(=O)([O-])OC[C@H]3O[C@@H](N4C=NC5=C4N=CN=C5N)[C@H](O)[C@@H]3O)[C@@H](O)[C@H]2O)C=CC1//O=O,NC(=O)N/C=C\C(=O)[O-]//CC1=C(C)C=C2C(=C1)/N=C1/C(=O)[N-]C(=O)N=C1N2C[C@H](O)[C@H](O)[C@H](O)COP(=O)([O-])[O-]//NC(=O)C1=CC=C[N+]([C@@H]2O[C@H](COP(=O)([O-])OP(=O)([O-])OC[C@H]3O[C@@H](N4C=NC5=C4N=CN=C5N)[C@H](O)[C@@H]3O)[C@@H](O)[C@H]2O)=C1//[H]O[H]//[H+],O=C1C=CNC(=O)N1.CC1=C(C)C=C2C(=C1)NC1=C(NC(=O)NC1=O)N2C[C@H](O)[C@H](O)[C@H](O)COP(=O)([O-])[O-].NC(=O)C1=CN([C@@H]2O[C@H](COP(=O)([O-])OP(=O)([O-])OC[C@H]3O[C@@H](N4C=NC5=C4N=CN=C5N)[C@H](O)[C@@H]3O)[C@@H](O)[C@H]2O)C=CC1.O=O,NC(=O)N/C=C\C(=O)[O-].CC1=C(C)C=C2C(=C1)/N=C1/C(=O)[N-]C(=O)N=C1N2C[C@H](O)[C@H](O)[C@H](O)COP(=O)([O-])[O-].NC(=O)C1=CC=C[N+]([C@@H]2O[C@H](COP(=O)([O-])OP(=O)([O-])OC[C@H]3O[C@@H](N4C=NC5=C4N=CN=C5N)[C@H](O)[C@@H]3O)[C@@H](O)[C@H]2O)=C1.[H]O[H].[H+]
DM417,[NH2+]=C(NCC(=O)[O-])NP(=O)([O-])[O-]//NC1=NC=NC2=C1N=CN2[C@@H]1O[C@H](COP(=O)([O-])OP(=O)([O-])[O-])[C@@H](O)[C@H]1O//[H+],NC(=[NH2+])NCC(=O)[O-]//NC1=NC=NC2=C1N=CN2[C@@H]1O[C@H](COP(=O)([O-])OP(=O)([O-])OP(=O)([O-])[O-])[C@@H](O)[C@H]1O,[NH2+]=C(NCC(=O)[O-])NP(=O)([O-])[O-].NC1=NC=NC2=C1N=CN2[C@@H]1O[C@H](COP(=O)([O-])OP(=O)([O-])[O-])[C@@H](O)[C@H]1O.[H+],NC(=[NH2+])NCC(=O)[O-].NC1=NC=NC2=C1N=CN2[C@@H]1O[C@H](COP(=O)([O-])OP(=O)([O-])OP(=O)([O-])[O-])[C@@H](O)[C@H]1O
DM418,O=C([O-])/C=C(\CC(=O)C(=O)[O-])C(=O)[O-],O=C([O-])/C=C(\C=C(\O)C(=O)[O-])C(=O)[O-],O=C([O-])/C=C(\CC(=O)C(=O)[O-])C(=O)[O-],O=C([O-])/C=C(\C=C(\O)C(=O)[O-])C(=O)[O-]
DM419,CCCCCCCCCCCCCC(=O)[O-]//[H]OO[H],CCCCCCCCCCCC[C@H](O)C(=O)[O-]//[H]O[H],CCCCCCCCCCCCCC(=O)[O-].[H]OO[H],CCCCCCCCCCCC[C@H](O)C(=O)[O-].[H]O[H]
DM420,[H][C@@]12CCC3=CC(=O)CC[C@]3(C)[C@@]1([H])CC[C@]1(C)C(=O)CC[C@@]21[H]//NC(=O)C1=CN([C@@H]2O[C@H](COP(=O)([O-])OP(=O)([O-])OC[C@H]3O[C@@H](N4C=NC5=C4N=CN=C5N)[C@H](O)[C@@H]3O)[C@@H](O)[C@H]2O)C=CC1//[H+],[H][C@@]12CCC3=CC(=O)CC[C@]3(C)[C@@]1([H])CC[C@]1(C)[C@@H](O)CC[C@@]21[H]//NC(=O)C1=CC=C[N+]([C@@H]2O[C@H](COP(=O)([O-])OP(=O)([O-])OC[C@H]3O[C@@H](N4C=NC5=C4N=CN=C5N)[C@H](O)[C@@H]3O)[C@@H](O)[C@H]2O)=C1,[H][C@@]12CCC3=CC(=O)CC[C@]3(C)[C@@]1([H])CC[C@]1(C)C(=O)CC[C@@]21[H].NC(=O)C1=CN([C@@H]2O[C@H](COP(=O)([O-])OP(=O)([O-])OC[C@H]3O[C@@H](N4C=NC5=C4N=CN=C5N)[C@H](O)[C@@H]3O)[C@@H](O)[C@H]2O)C=CC1.[H+],[H][C@@]12CCC3=CC(=O)CC[C@]3(C)[C@@]1([H])CC[C@]1(C)[C@@H](O)CC[C@@]21[H].NC(=O)C1=CC=C[N+]([C@@H]2O[C@H](COP(=O)([O-])OP(=O)([O-])OC[C@H]3O[C@@H](N4C=NC5=C4N=CN=C5N)[C@H](O)[C@@H]3O)[C@@H](O)[C@H]2O)=C1
DM421,CO//*,[H]C([H])=O//[H]*[H],CO.*,[H]C([H])=O.[H]*[H]
DM422,C[C@H](C(=O)C(=O)[O-])C1=CC=CC=C1//[NH3+][C@@H](CCC(=O)[O-])C(=O)[O-],C[C@@H](C1=CC=CC=C1)[C@H]([NH3+])C(=O)[O-]//O=C([O-])CCC(=O)C(=O)[O-],C[C@H](C(=O)C(=O)[O-])C1=CC=CC=C1.[NH3+][C@@H](CCC(=O)[O-])C(=O)[O-],C[C@@H](C1=CC=CC=C1)[C@H]([NH3+])C(=O)[O-].O=C([O-])CCC(=O)C(=O)[O-]
DM423,COC(=O)/C=C(\C)CC/C=C(\C)CCC=C(C)C//CC1=C(C)C=C2C(=C1)NC1=C(NC(=O)NC1=O)N2C[C@H](O)[C@H](O)[C@H](O)COP(=O)([O-])[O-]//O=O,COC(=O)/C=C(\C)CC/C=C(\C)CC[C@H]1OC1(C)C//CC1=C(C)C=C2C(=C1)/N=C1/C(=O)[N-]C(=O)N=C1N2C[C@H](O)[C@H](O)[C@H](O)COP(=O)([O-])[O-]//[H]O[H]//[H+],COC(=O)/C=C(\C)CC/C=C(\C)CCC=C(C)C.CC1=C(C)C=C2C(=C1)NC1=C(NC(=O)NC1=O)N2C[C@H](O)[C@H](O)[C@H](O)COP(=O)([O-])[O-].O=O,COC(=O)/C=C(\C)CC/C=C(\C)CC[C@H]1OC1(C)C.CC1=C(C)C=C2C(=C1)/N=C1/C(=O)[N-]C(=O)N=C1N2C[C@H](O)[C@H](O)[C@H](O)COP(=O)([O-])[O-].[H]O[H].[H+]
DM424,NC1=C(N[C@@H]2O[C@H](COP(=O)([O-])[O-])[C@@H](O)[C@H]2O)NC(=O)NC1=O//[H][N+]([H])([H])[H],NC1=NC(N[C@@H]2O[C@H](COP(=O)([O-])[O-])[C@@H](O)[C@H]2O)=C(N)C(O)=N1//[H]O[H]//[H+],NC1=C(N[C@@H]2O[C@H](COP(=O)([O-])[O-])[C@@H](O)[C@H]2O)NC(=O)NC1=O.[H][N+]([H])([H])[H],NC1=NC(N[C@@H]2O[C@H](COP(=O)([O-])[O-])[C@@H](O)[C@H]2O)=C(N)C(O)=N1.[H]O[H].[H+]
DM425,O=Cl[O-],[Cl-]//O=O,O=Cl[O-],[Cl-].O=O
DM426,[NH3+][C@@H](CC1=CC(I)=C([O-])C(I)=C1)C(=O)[O-]//O=C([O-])CCC(=O)C(=O)[O-],O=C([O-])C(=O)CC1=CC(I)=C([O-])C(I)=C1//[NH3+][C@@H](CCC(=O)[O-])C(=O)[O-],[NH3+][C@@H](CC1=CC(I)=C([O-])C(I)=C1)C(=O)[O-].O=C([O-])CCC(=O)C(=O)[O-],O=C([O-])C(=O)CC1=CC(I)=C([O-])C(I)=C1.[NH3+][C@@H](CCC(=O)[O-])C(=O)[O-]
DM427,*N[C@H](C(*)=O)[C@@H](C)O//O=P([O-])([O-])O,*N[C@H](C(*)=O)[C@@H](C)OP(=O)([O-])[O-]//[H]O[H],*N[C@H](C(*)=O)[C@@H](C)O.O=P([O-])([O-])O,*N[C@H](C(*)=O)[C@@H](C)OP(=O)([O-])[O-].[H]O[H]
DM428,[Fe+2]//O=N[O-]//[H+]//[H+],[N]=O//[Fe+3]//[H]O[H],[Fe+2].O=N[O-].[H+].[H+],[N]=O.[Fe+3].[H]O[H]
DM429,*N[C@@H](CS)C(*)=O//*N[C@@H](CS)C(*)=O//O=C1C=CN([C@@H]2O[C@H](COP(=O)([O-])OP(=O)([O-])[O-])[C@@H](O)[C@H]2O)C(=O)N1,O=C1C=CN([C@H]2C[C@H](O)[C@@H](COP(=O)([O-])OP(=O)([O-])[O-])O2)C(=O)N1//*N[C@@H](CSSC[C@H](N*)C(*)=O)C(*)=O//[H]O[H],*N[C@@H](CS)C(*)=O.*N[C@@H](CS)C(*)=O.O=C1C=CN([C@@H]2O[C@H](COP(=O)([O-])OP(=O)([O-])[O-])[C@@H](O)[C@H]2O)C(=O)N1,O=C1C=CN([C@H]2C[C@H](O)[C@@H](COP(=O)([O-])OP(=O)([O-])[O-])O2)C(=O)N1.*N[C@@H](CSSC[C@H](N*)C(*)=O)C(*)=O.[H]O[H]
DM430,*P(=O)([O-])OC[C@H]1O[C@@H](N2C=NC3=C(N)N=CN=C32)[C@H](O)[C@@H]1O//*[C@@H]([NH3+])C(=O)[O-]//[H+],*[C@@H]([NH3+])C(=O)O[C@H]1[C@@H](O)[C@H](N2C=NC3=C2N=CN=C3N)O[C@@H]1COP(*)(=O)[O-]//[H]O[H],*P(=O)([O-])OC[C@H]1O[C@@H](N2C=NC3=C(N)N=CN=C32)[C@H](O)[C@@H]1O.*[C@@H]([NH3+])C(=O)[O-].[H+],*[C@@H]([NH3+])C(=O)O[C@H]1[C@@H](O)[C@H](N2C=NC3=C2N=CN=C3N)O[C@@H]1COP(*)(=O)[O-].[H]O[H]
DM431,O=C([O-])C1=C/C=C2\C=CC=C\C2=C\1O//NC(=O)C1=CN([C@@H]2O[C@H](COP(=O)([O-])OP(=O)([O-])OC[C@H]3O[C@@H](N4C=NC5=C4N=CN=C5N)[C@H](O)[C@@H]3O)[C@@H](O)[C@H]2O)C=CC1//O=O//[H+]//[H+],OC1=C(O)C2=CC=CC=C2C=C1//O=C=O//NC(=O)C1=CC=C[N+]([C@@H]2O[C@H](COP(=O)([O-])OP(=O)([O-])OC[C@H]3O[C@@H](N4C=NC5=C4N=CN=C5N)[C@H](O)[C@@H]3O)[C@@H](O)[C@H]2O)=C1//[H]O[H],O=C([O-])C1=C/C=C2\C=CC=C\C2=C\1O.NC(=O)C1=CN([C@@H]2O[C@H](COP(=O)([O-])OP(=O)([O-])OC[C@H]3O[C@@H](N4C=NC5=C4N=CN=C5N)[C@H](O)[C@@H]3O)[C@@H](O)[C@H]2O)C=CC1.O=O.[H+].[H+],OC1=C(O)C2=CC=CC=C2C=C1.O=C=O.NC(=O)C1=CC=C[N+]([C@@H]2O[C@H](COP(=O)([O-])OP(=O)([O-])OC[C@H]3O[C@@H](N4C=NC5=C4N=CN=C5N)[C@H](O)[C@@H]3O)[C@@H](O)[C@H]2O)=C1.[H]O[H]
DM432,CCCCCC/C=C/CCCCCCCC(O)C(CCCCCCCCCCCCCC)C(=O)OC[C@H]1O[C@H](O[C@H]2O[C@H](CO)[C@@H](O)[C@H](O)[C@H]2O)[C@H](O)[C@@H](O)[C@@H]1O//CCCCCC/C=C/CCCCCCCC(O)C(CCCCCCCCCCCCCC)C(=O)OC[C@H]1O[C@H](O[C@H]2O[C@H](CO)[C@@H](O)[C@H](O)[C@H]2O)[C@H](O)[C@@H](O)[C@@H]1O,CCCCCC/C=C/CCCCCCCC(O)C(CCCCCCCCCCCCCC)C(=O)OC[C@H]1O[C@H](O[C@H]2O[C@H](COC(=O)C(CCCCCCCCCCCCCC)C(O)CCCCCCC/C=C/CCCCCC)[C@@H](O)[C@H](O)[C@H]2O)[C@H](O)[C@@H](O)[C@@H]1O//OC[C@H]1O[C@H](O[C@H]2O[C@H](CO)[C@@H](O)[C@H](O)[C@H]2O)[C@H](O)[C@@H](O)[C@@H]1O,CCCCCC/C=C/CCCCCCCC(O)C(CCCCCCCCCCCCCC)C(=O)OC[C@H]1O[C@H](O[C@H]2O[C@H](CO)[C@@H](O)[C@H](O)[C@H]2O)[C@H](O)[C@@H](O)[C@@H]1O.CCCCCC/C=C/CCCCCCCC(O)C(CCCCCCCCCCCCCC)C(=O)OC[C@H]1O[C@H](O[C@H]2O[C@H](CO)[C@@H](O)[C@H](O)[C@H]2O)[C@H](O)[C@@H](O)[C@@H]1O,CCCCCC/C=C/CCCCCCCC(O)C(CCCCCCCCCCCCCC)C(=O)OC[C@H]1O[C@H](O[C@H]2O[C@H](COC(=O)C(CCCCCCCCCCCCCC)C(O)CCCCCCC/C=C/CCCCCC)[C@@H](O)[C@H](O)[C@H]2O)[C@H](O)[C@@H](O)[C@@H]1O.OC[C@H]1O[C@H](O[C@H]2O[C@H](CO)[C@@H](O)[C@H](O)[C@H]2O)[C@H](O)[C@@H](O)[C@@H]1O
DM433,[NH3+]CC[C@H]([NH3+])C(=O)[O-]//[H+],[NH3+]CCC[NH3+]//O=C=O,[NH3+]CC[C@H]([NH3+])C(=O)[O-].[H+],[NH3+]CCC[NH3+].O=C=O
DM434,CC1=CC(O)=C(O)C=C1//O=C=O//NC(=O)C1=CN([C@@H]2O[C@H](COP(=O)([O-])OP(=O)([O-])OC[C@H]3O[C@@H](N4C=NC5=C4N=CN=C5N)[C@H](OP(=O)([O-])[O-])[C@@H]3O)[C@@H](O)[C@H]2O)C=CC1,CC1=C[C@H](O)[C@@](O)(C(=O)[O-])C=C1//NC(=O)C1=CC=C[N+]([C@@H]2O[C@H](COP(=O)([O-])OP(=O)([O-])OC[C@H]3O[C@@H](N4C=NC5=C4N=CN=C5N)[C@H](OP(=O)([O-])[O-])[C@@H]3O)[C@@H](O)[C@H]2O)=C1,CC1=CC(O)=C(O)C=C1.O=C=O.NC(=O)C1=CN([C@@H]2O[C@H](COP(=O)([O-])OP(=O)([O-])OC[C@H]3O[C@@H](N4C=NC5=C4N=CN=C5N)[C@H](OP(=O)([O-])[O-])[C@@H]3O)[C@@H](O)[C@H]2O)C=CC1,CC1=C[C@H](O)[C@@](O)(C(=O)[O-])C=C1.NC(=O)C1=CC=C[N+]([C@@H]2O[C@H](COP(=O)([O-])OP(=O)([O-])OC[C@H]3O[C@@H](N4C=NC5=C4N=CN=C5N)[C@H](OP(=O)([O-])[O-])[C@@H]3O)[C@@H](O)[C@H]2O)=C1
DM435,*C(=O)CC(=O)SCCNC(=O)CCNC(=O)[C@H](O)C(C)(C)COP(=O)([O-])OP(=O)([O-])OC[C@H]1O[C@@H](N2C=NC3=C2N=CN=C3N)[C@H](O)[C@@H]1OP(=O)([O-])[O-]//NC(=O)C1=CN([C@@H]2O[C@H](COP(=O)([O-])OP(=O)([O-])OC[C@H]3O[C@@H](N4C=NC5=C4N=CN=C5N)[C@H](OP(=O)([O-])[O-])[C@@H]3O)[C@@H](O)[C@H]2O)C=CC1//[H+],[1*][C@@H](O)CC(=O)SCCNC(=O)CCNC(=O)[C@H](O)C(C)(C)COP(=O)([O-])OP(=O)([O-])OC[C@H]1O[C@@H](N2C=NC3=C2N=CN=C3N)[C@H](O)[C@@H]1OP(=O)([O-])[O-]//NC(=O)C1=CC=C[N+]([C@@H]2O[C@H](COP(=O)([O-])OP(=O)([O-])OC[C@H]3O[C@@H](N4C=NC5=C4N=CN=C5N)[C@H](OP(=O)([O-])[O-])[C@@H]3O)[C@@H](O)[C@H]2O)=C1,*C(=O)CC(=O)SCCNC(=O)CCNC(=O)[C@H](O)C(C)(C)COP(=O)([O-])OP(=O)([O-])OC[C@H]1O[C@@H](N2C=NC3=C2N=CN=C3N)[C@H](O)[C@@H]1OP(=O)([O-])[O-].NC(=O)C1=CN([C@@H]2O[C@H](COP(=O)([O-])OP(=O)([O-])OC[C@H]3O[C@@H](N4C=NC5=C4N=CN=C5N)[C@H](OP(=O)([O-])[O-])[C@@H]3O)[C@@H](O)[C@H]2O)C=CC1.[H+],[1*][C@@H](O)CC(=O)SCCNC(=O)CCNC(=O)[C@H](O)C(C)(C)COP(=O)([O-])OP(=O)([O-])OC[C@H]1O[C@@H](N2C=NC3=C2N=CN=C3N)[C@H](O)[C@@H]1OP(=O)([O-])[O-].NC(=O)C1=CC=C[N+]([C@@H]2O[C@H](COP(=O)([O-])OP(=O)([O-])OC[C@H]3O[C@@H](N4C=NC5=C4N=CN=C5N)[C@H](OP(=O)([O-])[O-])[C@@H]3O)[C@@H](O)[C@H]2O)=C1
DM436,*N[C@@H](CCCC[NH3+])C(*)=O//C[S+](CC[C@H]([NH3+])C(=O)[O-])C[C@H]1O[C@@H](N2C=NC3=C2N=CN=C3N)[C@H](O)[C@@H]1O,*N[C@@H](CCCC[NH2+]C)C(*)=O//NC1=NC=NC2=C1N=CN2[C@@H]1O[C@H](CSCC[C@H]([NH3+])C(=O)[O-])[C@@H](O)[C@H]1O//[H+],*N[C@@H](CCCC[NH3+])C(*)=O.C[S+](CC[C@H]([NH3+])C(=O)[O-])C[C@H]1O[C@@H](N2C=NC3=C2N=CN=C3N)[C@H](O)[C@@H]1O,*N[C@@H](CCCC[NH2+]C)C(*)=O.NC1=NC=NC2=C1N=CN2[C@@H]1O[C@H](CSCC[C@H]([NH3+])C(=O)[O-])[C@@H](O)[C@H]1O.[H+]
DM437,*C(NC(=O)CC[C@H]([NH3+])C(=O)[O-])C(=O)[O-]//*C(=O)[C@H](*)[NH3+],*C(=O)[C@H](*)NC(=O)CC[C@H]([NH3+])C(=O)[O-]//*C([NH3+])C(=O)[O-],*C(NC(=O)CC[C@H]([NH3+])C(=O)[O-])C(=O)[O-].*C(=O)[C@H](*)[NH3+],*C(=O)[C@H](*)NC(=O)CC[C@H]([NH3+])C(=O)[O-].*C([NH3+])C(=O)[O-]
DM438,C[C@H](C(=O)C(=O)[O-])C1=CC=CC=C1//NC1=NC=NC2=C1N=CN2[C@@H]1O[C@H](CSCC[C@H]([NH3+])C(=O)[O-])[C@@H](O)[C@H]1O//[H+],O=C([O-])C(=O)CC1=CC=CC=C1//C[S+](CC[C@H]([NH3+])C(=O)[O-])C[C@H]1O[C@@H](N2C=NC3=C2N=CN=C3N)[C@H](O)[C@@H]1O,C[C@H](C(=O)C(=O)[O-])C1=CC=CC=C1.NC1=NC=NC2=C1N=CN2[C@@H]1O[C@H](CSCC[C@H]([NH3+])C(=O)[O-])[C@@H](O)[C@H]1O.[H+],O=C([O-])C(=O)CC1=CC=CC=C1.C[S+](CC[C@H]([NH3+])C(=O)[O-])C[C@H]1O[C@@H](N2C=NC3=C2N=CN=C3N)[C@H](O)[C@@H]1O
DM439,O=C([O-])[C@H](O)[C@@H](O)[C@@H](O)[C@H](O)CO//[H+],[H][C@@]1([C@H](O)CO)OC(=O)[C@H](O)[C@H]1O//[H]O[H],O=C([O-])[C@H](O)[C@@H](O)[C@@H](O)[C@H](O)CO.[H+],[H][C@@]1([C@H](O)CO)OC(=O)[C@H](O)[C@H]1O.[H]O[H]
DM440,COC1=CC(C)=C2C=CC(O)=C(C(=O)[O-])C2=C1//NC1=NC=NC2=C1N=CN2[C@@H]1O[C@H](CSCC[C@H]([NH3+])C(=O)[O-])[C@@H](O)[C@H]1O//[H+],CC1=C2C=CC(O)=C(C(=O)[O-])C2=CC(O)=C1//C[S+](CC[C@H]([NH3+])C(=O)[O-])C[C@H]1O[C@@H](N2C=NC3=C2N=CN=C3N)[C@H](O)[C@@H]1O,COC1=CC(C)=C2C=CC(O)=C(C(=O)[O-])C2=C1.NC1=NC=NC2=C1N=CN2[C@@H]1O[C@H](CSCC[C@H]([NH3+])C(=O)[O-])[C@@H](O)[C@H]1O.[H+],CC1=C2C=CC(O)=C(C(=O)[O-])C2=CC(O)=C1.C[S+](CC[C@H]([NH3+])C(=O)[O-])C[C@H]1O[C@@H](N2C=NC3=C2N=CN=C3N)[C@H](O)[C@@H]1O
DM441,*/C=C/C(=O)SCCNC(=O)CCNC(=O)[C@H](O)C(C)(C)COP(=O)([O-])OC[C@H](N*)C(*)=O//NC(=O)C1=CN([C@@H]2O[C@H](COP(=O)([O-])OP(=O)([O-])OC[C@H]3O[C@@H](N4C=NC5=C4N=CN=C5N)[C@H](OP(=O)([O-])[O-])[C@@H]3O)[C@@H](O)[C@H]2O)C=CC1//[H+],*CCC(=O)SCCNC(=O)CCNC(=O)[C@H](O)C(C)(C)COP(=O)([O-])OC[C@H](N*)C(*)=O//NC(=O)C1=CC=C[N+]([C@@H]2O[C@H](COP(=O)([O-])OP(=O)([O-])OC[C@H]3O[C@@H](N4C=NC5=C4N=CN=C5N)[C@H](OP(=O)([O-])[O-])[C@@H]3O)[C@@H](O)[C@H]2O)=C1,*/C=C/C(=O)SCCNC(=O)CCNC(=O)[C@H](O)C(C)(C)COP(=O)([O-])OC[C@H](N*)C(*)=O.NC(=O)C1=CN([C@@H]2O[C@H](COP(=O)([O-])OP(=O)([O-])OC[C@H]3O[C@@H](N4C=NC5=C4N=CN=C5N)[C@H](OP(=O)([O-])[O-])[C@@H]3O)[C@@H](O)[C@H]2O)C=CC1.[H+],*CCC(=O)SCCNC(=O)CCNC(=O)[C@H](O)C(C)(C)COP(=O)([O-])OC[C@H](N*)C(*)=O.NC(=O)C1=CC=C[N+]([C@@H]2O[C@H](COP(=O)([O-])OP(=O)([O-])OC[C@H]3O[C@@H](N4C=NC5=C4N=CN=C5N)[C@H](OP(=O)([O-])[O-])[C@@H]3O)[C@@H](O)[C@H]2O)=C1
DM442,CC(=O)NCC[C@H]([NH3+])C(=O)[O-]//CC(C)(COP(=O)([O-])OP(=O)([O-])OC[C@H]1O[C@@H](N2C=NC3=C2N=CN=C3N)[C@H](O)[C@@H]1OP(=O)([O-])[O-])[C@@H](O)C(=O)NCCC(=O)NCCS//[H+],[NH3+]CC[C@H]([NH3+])C(=O)[O-]//CC(=O)SCCNC(=O)CCNC(=O)[C@H](O)C(C)(C)COP(=O)([O-])OP(=O)([O-])OC[C@H]1O[C@@H](N2C=NC3=C2N=CN=C3N)[C@H](O)[C@@H]1OP(=O)([O-])[O-],CC(=O)NCC[C@H]([NH3+])C(=O)[O-].CC(C)(COP(=O)([O-])OP(=O)([O-])OC[C@H]1O[C@@H](N2C=NC3=C2N=CN=C3N)[C@H](O)[C@@H]1OP(=O)([O-])[O-])[C@@H](O)C(=O)NCCC(=O)NCCS.[H+],[NH3+]CC[C@H]([NH3+])C(=O)[O-].CC(=O)SCCNC(=O)CCNC(=O)[C@H](O)C(C)(C)COP(=O)([O-])OP(=O)([O-])OC[C@H]1O[C@@H](N2C=NC3=C2N=CN=C3N)[C@H](O)[C@@H]1OP(=O)([O-])[O-]
DM443,*N[C@@H](CO[C@@H]1OC[C@@H](O[C@@H]2O[C@H](CO)[C@H](O)[C@H](O[C@@H]3O[C@H](CO)[C@H](O)[C@H](O)[C@H]3O)[C@H]2O)[C@H](O)[C@H]1O)C(*)=O//O=C1C=CN([C@@H]2O[C@H](COP(=O)([O-])OP(=O)([O-])O[C@H]3O[C@H](C(=O)[O-])[C@@H](O)[C@H](O)[C@H]3O)[C@@H](O)[C@H]2O)C(=O)N1,*N[C@@H](CO[C@@H]1OC[C@@H](O[C@@H]2O[C@H](CO)[C@H](O)[C@H](O[C@@H]3O[C@H](CO)[C@H](O)[C@H](O[C@@H]4O[C@H](C(=O)[O-])[C@@H](O)[C@H](O)[C@H]4O)[C@H]3O)[C@H]2O)[C@H](O)[C@H]1O)C(*)=O//O=C1C=CN([C@@H]2O[C@H](COP(=O)([O-])OP(=O)([O-])[O-])[C@@H](O)[C@H]2O)C(=O)N1//[H+],*N[C@@H](CO[C@@H]1OC[C@@H](O[C@@H]2O[C@H](CO)[C@H](O)[C@H](O[C@@H]3O[C@H](CO)[C@H](O)[C@H](O)[C@H]3O)[C@H]2O)[C@H](O)[C@H]1O)C(*)=O.O=C1C=CN([C@@H]2O[C@H](COP(=O)([O-])OP(=O)([O-])O[C@H]3O[C@H](C(=O)[O-])[C@@H](O)[C@H](O)[C@H]3O)[C@@H](O)[C@H]2O)C(=O)N1,*N[C@@H](CO[C@@H]1OC[C@@H](O[C@@H]2O[C@H](CO)[C@H](O)[C@H](O[C@@H]3O[C@H](CO)[C@H](O)[C@H](O[C@@H]4O[C@H](C(=O)[O-])[C@@H](O)[C@H](O)[C@H]4O)[C@H]3O)[C@H]2O)[C@H](O)[C@H]1O)C(*)=O.O=C1C=CN([C@@H]2O[C@H](COP(=O)([O-])OP(=O)([O-])[O-])[C@@H](O)[C@H]2O)C(=O)N1.[H+]
DM444,*O[C@H]1[C@@H](OP(=O)([O-])[O-])[C@H](*)O[C@@H]1COP(*)(=O)[O-]//NC(=O)C1=CC=C[N+]([C@@H]2O[C@H](COP(=O)([O-])OP(=O)([O-])OC[C@H]3O[C@@H](N4C=NC5=C4N=CN=C5N)[C@H](O)[C@@H]3O)[C@@H](O)[C@H]2O)=C1,*O[C@H]1[C@@H](O)[C@H](*)O[C@@H]1COP(*)(=O)[O-]//NC1=C2N=CN([C@@H]3O[C@H](COP(=O)([O-])OP(=O)([O-])OC[C@H]4O[C@@H]5OP(=O)([O-])O[C@@H]5[C@@H]4O)[C@@H](O)[C@H]3O)C2=NC=N1//NC(=O)C1=CC=CN=C1,*O[C@H]1[C@@H](OP(=O)([O-])[O-])[C@H](*)O[C@@H]1COP(*)(=O)[O-].NC(=O)C1=CC=C[N+]([C@@H]2O[C@H](COP(=O)([O-])OP(=O)([O-])OC[C@H]3O[C@@H](N4C=NC5=C4N=CN=C5N)[C@H](O)[C@@H]3O)[C@@H](O)[C@H]2O)=C1,*O[C@H]1[C@@H](O)[C@H](*)O[C@@H]1COP(*)(=O)[O-].NC1=C2N=CN([C@@H]3O[C@H](COP(=O)([O-])OP(=O)([O-])OC[C@H]4O[C@@H]5OP(=O)([O-])O[C@@H]5[C@@H]4O)[C@@H](O)[C@H]3O)C2=NC=N1.NC(=O)C1=CC=CN=C1
DM445,*N[C@@H](CCCC[NH3+])C(*)=O//C[S+](CC[C@H]([NH3+])C(=O)[O-])C[C@H]1O[C@@H](N2C=NC3=C2N=CN=C3N)[C@H](O)[C@@H]1O//C[S+](CC[C@H]([NH3+])C(=O)[O-])C[C@H]1O[C@@H](N2C=NC3=C2N=CN=C3N)[C@H](O)[C@@H]1O,*N[C@@H](CCCC[NH+](C)C)C(*)=O//NC1=NC=NC2=C1N=CN2[C@@H]1O[C@H](CSCC[C@H]([NH3+])C(=O)[O-])[C@@H](O)[C@H]1O//NC1=NC=NC2=C1N=CN2[C@@H]1O[C@H](CSCC[C@H]([NH3+])C(=O)[O-])[C@@H](O)[C@H]1O//[H+]//[H+],*N[C@@H](CCCC[NH3+])C(*)=O.C[S+](CC[C@H]([NH3+])C(=O)[O-])C[C@H]1O[C@@H](N2C=NC3=C2N=CN=C3N)[C@H](O)[C@@H]1O.C[S+](CC[C@H]([NH3+])C(=O)[O-])C[C@H]1O[C@@H](N2C=NC3=C2N=CN=C3N)[C@H](O)[C@@H]1O,*N[C@@H](CCCC[NH+](C)C)C(*)=O.NC1=NC=NC2=C1N=CN2[C@@H]1O[C@H](CSCC[C@H]([NH3+])C(=O)[O-])[C@@H](O)[C@H]1O.NC1=NC=NC2=C1N=CN2[C@@H]1O[C@H](CSCC[C@H]([NH3+])C(=O)[O-])[C@@H](O)[C@H]1O.[H+].[H+]
DM446,O=P([O-])([O-])OC[C@H](O)CO//[H]O[H],OCC(O)CO//O=P([O-])([O-])O,O=P([O-])([O-])OC[C@H](O)CO.[H]O[H],OCC(O)CO.O=P([O-])([O-])O
DM447,*C*//[H]O[H],[*-]//*C([H])([H])O//[H+],*C*.[H]O[H],[*-].*C([H])([H])O.[H+]
DM448,[NH3+][C@@H](CC[NH2+][C@H](CC1=CNC=N1)C(=O)[O-])C(=O)[O-]//CSC[C@H]1O[C@@H](N2C=NC3=C2N=CN=C3N)[C@H](O)[C@@H]1O//[H+],[NH3+][C@H](CC1=CNC=N1)C(=O)[O-]//C[S+](CC[C@H]([NH3+])C(=O)[O-])C[C@H]1O[C@@H](N2C=NC3=C2N=CN=C3N)[C@H](O)[C@@H]1O,[NH3+][C@@H](CC[NH2+][C@H](CC1=CNC=N1)C(=O)[O-])C(=O)[O-].CSC[C@H]1O[C@@H](N2C=NC3=C2N=CN=C3N)[C@H](O)[C@@H]1O.[H+],[NH3+][C@H](CC1=CNC=N1)C(=O)[O-].C[S+](CC[C@H]([NH3+])C(=O)[O-])C[C@H]1O[C@@H](N2C=NC3=C2N=CN=C3N)[C@H](O)[C@@H]1O
DM449,C/C1=C/C=N\C2=C1C=CC=C2//*//[H]O[H],C/C1=C/C(=O)NC2=C1C=CC=C2//[H]*[H],C/C1=C/C=N\C2=C1C=CC=C2.*.[H]O[H],C/C1=C/C(=O)NC2=C1C=CC=C2.[H]*[H]
DM450,O=C([O-])[C@@H](CO)O[C@H]1O[C@H](CO)[C@@H](O)[C@H](O)[C@@H]1O//NC1=NC2=C(N=CN2[C@@H]2O[C@H](COP(=O)([O-])OP(=O)([O-])[O-])[C@@H](O)[C@H]2O)C(=O)N1//[H+],O=C([O-])[C@H](O)CO//NC1=NC2=C(N=CN2[C@@H]2O[C@H](COP(=O)([O-])OP(=O)([O-])O[C@H]3O[C@H](CO)[C@@H](O)[C@H](O)[C@@H]3O)[C@@H](O)[C@H]2O)C(=O)N1,O=C([O-])[C@@H](CO)O[C@H]1O[C@H](CO)[C@@H](O)[C@H](O)[C@@H]1O.NC1=NC2=C(N=CN2[C@@H]2O[C@H](COP(=O)([O-])OP(=O)([O-])[O-])[C@@H](O)[C@H]2O)C(=O)N1.[H+],O=C([O-])[C@H](O)CO.NC1=NC2=C(N=CN2[C@@H]2O[C@H](COP(=O)([O-])OP(=O)([O-])O[C@H]3O[C@H](CO)[C@@H](O)[C@H](O)[C@@H]3O)[C@@H](O)[C@H]2O)C(=O)N1
DM451,*N[C@H](C(*)=O)[C@@H](C)OP(=O)([O-])[O-]//NC1=NC=NC2=C1N=CN2[C@@H]1O[C@H](COP(=O)([O-])OP(=O)([O-])[O-])[C@@H](O)[C@H]1O//[H+],*N[C@H](C(*)=O)[C@@H](C)O//NC1=NC=NC2=C1N=CN2[C@@H]1O[C@H](COP(=O)([O-])OP(=O)([O-])OP(=O)([O-])[O-])[C@@H](O)[C@H]1O,*N[C@H](C(*)=O)[C@@H](C)OP(=O)([O-])[O-].NC1=NC=NC2=C1N=CN2[C@@H]1O[C@H](COP(=O)([O-])OP(=O)([O-])[O-])[C@@H](O)[C@H]1O.[H+],*N[C@H](C(*)=O)[C@@H](C)O.NC1=NC=NC2=C1N=CN2[C@@H]1O[C@H](COP(=O)([O-])OP(=O)([O-])OP(=O)([O-])[O-])[C@@H](O)[C@H]1O
DM452,O=C1C[C@@](O)(C(=O)[O-])C[C@@H](O)[C@@H]1O//NC(=O)C1=CN([C@@H]2O[C@H](COP(=O)([O-])OP(=O)([O-])OC[C@H]3O[C@@H](N4C=NC5=C4N=CN=C5N)[C@H](O)[C@@H]3O)[C@@H](O)[C@H]2O)C=CC1//[H+],O=C([O-])[C@]1(O)C[C@@H](O)[C@@H](O)[C@H](O)C1//NC(=O)C1=CC=C[N+]([C@@H]2O[C@H](COP(=O)([O-])OP(=O)([O-])OC[C@H]3O[C@@H](N4C=NC5=C4N=CN=C5N)[C@H](O)[C@@H]3O)[C@@H](O)[C@H]2O)=C1,O=C1C[C@@](O)(C(=O)[O-])C[C@@H](O)[C@@H]1O.NC(=O)C1=CN([C@@H]2O[C@H](COP(=O)([O-])OP(=O)([O-])OC[C@H]3O[C@@H](N4C=NC5=C4N=CN=C5N)[C@H](O)[C@@H]3O)[C@@H](O)[C@H]2O)C=CC1.[H+],O=C([O-])[C@]1(O)C[C@@H](O)[C@@H](O)[C@H](O)C1.NC(=O)C1=CC=C[N+]([C@@H]2O[C@H](COP(=O)([O-])OP(=O)([O-])OC[C@H]3O[C@@H](N4C=NC5=C4N=CN=C5N)[C@H](O)[C@@H]3O)[C@@H](O)[C@H]2O)=C1
DM453,CC1=CC2=C(C=C1C)N(C[C@H](O)[C@H](O)[C@H]1COP(=O)([O-])O1)C1=NC(=O)[N-]C(=O)C1=N2//NC1=NC=NC2=C1N=CN2[C@@H]1O[C@H](COP(=O)([O-])[O-])[C@@H](O)[C@H]1O//[H+],CC1=CC2=C(C=C1C)N(C[C@H](O)[C@H](O)[C@H](O)COP(=O)([O-])OP(=O)([O-])OC[C@H]1O[C@@H](N3C=NC4=C3N=CN=C4N)[C@H](O)[C@@H]1O)C1=NC(=O)[N-]C(=O)C1=N2,CC1=CC2=C(C=C1C)N(C[C@H](O)[C@H](O)[C@H]1COP(=O)([O-])O1)C1=NC(=O)[N-]C(=O)C1=N2.NC1=NC=NC2=C1N=CN2[C@@H]1O[C@H](COP(=O)([O-])[O-])[C@@H](O)[C@H]1O.[H+],CC1=CC2=C(C=C1C)N(C[C@H](O)[C@H](O)[C@H](O)COP(=O)([O-])OP(=O)([O-])OC[C@H]1O[C@@H](N3C=NC4=C3N=CN=C4N)[C@H](O)[C@@H]1O)C1=NC(=O)[N-]C(=O)C1=N2
DM454,C=C1OC(C)=C(O)C1=O//NC(=O)C1=CN([C@@H]2O[C@H](COP(=O)([O-])OP(=O)([O-])OC[C@H]3O[C@@H](N4C=NC5=C4N=CN=C5N)[C@H](OP(=O)([O-])[O-])[C@@H]3O)[C@@H](O)[C@H]2O)C=CC1//[H+],CC1=C(O)C(=O)C(C)O1//NC(=O)C1=CC=C[N+]([C@@H]2O[C@H](COP(=O)([O-])OP(=O)([O-])OC[C@H]3O[C@@H](N4C=NC5=C4N=CN=C5N)[C@H](OP(=O)([O-])[O-])[C@@H]3O)[C@@H](O)[C@H]2O)=C1,C=C1OC(C)=C(O)C1=O.NC(=O)C1=CN([C@@H]2O[C@H](COP(=O)([O-])OP(=O)([O-])OC[C@H]3O[C@@H](N4C=NC5=C4N=CN=C5N)[C@H](OP(=O)([O-])[O-])[C@@H]3O)[C@@H](O)[C@H]2O)C=CC1.[H+],CC1=C(O)C(=O)C(C)O1.NC(=O)C1=CC=C[N+]([C@@H]2O[C@H](COP(=O)([O-])OP(=O)([O-])OC[C@H]3O[C@@H](N4C=NC5=C4N=CN=C5N)[C@H](OP(=O)([O-])[O-])[C@@H]3O)[C@@H](O)[C@H]2O)=C1
DM455,*C(=O)N[C@@H](*)C(=O)[O-]//[H]O[H],*[C@H]([NH3+])C(=O)[O-]//[1*]C(=O)[O-],*C(=O)N[C@@H](*)C(=O)[O-].[H]O[H],*[C@H]([NH3+])C(=O)[O-].[1*]C(=O)[O-]
DM456,*C1=C(*)C(*)=C(/C2=C(\*)OC3=C(*)C(*)=C(*)C(*)=C3C2=O)C([H])=C1*//CC1=C(C)C=C2C(=C1)NC1=C(NC(=O)NC1=O)N2C[C@H](O)[C@H](O)[C@H](O)COP(=O)([O-])[O-]//O=O,[1*]C1=C(O)C(/C2=C(\[9*])OC3=C([8*])C([7*])=C([6*])C([5*])=C3C2=O)=C([4*])C([3*])=C1[2*]//CC1=C(C)C=C2C(=C1)/N=C1/C(=O)[N-]C(=O)N=C1N2C[C@H](O)[C@H](O)[C@H](O)COP(=O)([O-])[O-]//[H]O[H]//[H+],*C1=C(*)C(*)=C(/C2=C(\*)OC3=C(*)C(*)=C(*)C(*)=C3C2=O)C([H])=C1*.CC1=C(C)C=C2C(=C1)NC1=C(NC(=O)NC1=O)N2C[C@H](O)[C@H](O)[C@H](O)COP(=O)([O-])[O-].O=O,[1*]C1=C(O)C(/C2=C(\[9*])OC3=C([8*])C([7*])=C([6*])C([5*])=C3C2=O)=C([4*])C([3*])=C1[2*].CC1=C(C)C=C2C(=C1)/N=C1/C(=O)[N-]C(=O)N=C1N2C[C@H](O)[C@H](O)[C@H](O)COP(=O)([O-])[O-].[H]O[H].[H+]
DM457,CC(C)=CCC/C(C)=C/CC/C(C)=C/CC/C(C)=C/COP(=O)([O-])OP(=O)([O-])[O-],[H][C@@]12CCC(=C)[C@H](CC/C(C)=C/COP(=O)([O-])OP(=O)([O-])[O-])[C@@]1(C)CCCC2(C)C,CC(C)=CCC/C(C)=C/CC/C(C)=C/CC/C(C)=C/COP(=O)([O-])OP(=O)([O-])[O-],[H][C@@]12CCC(=C)[C@H](CC/C(C)=C/COP(=O)([O-])OP(=O)([O-])[O-])[C@@]1(C)CCCC2(C)C
DM458,CC1=CN([C@H]2C[C@H](O)[C@@H](COP(=O)([O-])OP(=O)([O-])O[C@H]3O[C@H](C)C(=O)[C@H](O)[C@H]3O)O2)C(=O)NC1=O,CC1=CN([C@H]2C[C@H](O)[C@@H](COP(=O)([O-])OP(=O)([O-])O[C@@H]3CC(=O)C(=O)[C@@H](C)O3)O2)C(=O)NC1=O//[H]O[H],CC1=CN([C@H]2C[C@H](O)[C@@H](COP(=O)([O-])OP(=O)([O-])O[C@H]3O[C@H](C)C(=O)[C@H](O)[C@H]3O)O2)C(=O)NC1=O,CC1=CN([C@H]2C[C@H](O)[C@@H](COP(=O)([O-])OP(=O)([O-])O[C@@H]3CC(=O)C(=O)[C@@H](C)O3)O2)C(=O)NC1=O.[H]O[H]
DM459,C[C@H](O)C(=O)[O-]//NC(=O)C1=CC=C[N+]([C@@H]2O[C@H](COP(=O)([O-])OP(=O)([O-])OC[C@H]3O[C@@H](N4C=NC5=C4N=CN=C5N)[C@H](O)[C@@H]3O)[C@@H](O)[C@H]2O)=C1,CC(=O)C(=O)[O-]//NC(=O)C1=CN([C@@H]2O[C@H](COP(=O)([O-])OP(=O)([O-])OC[C@H]3O[C@@H](N4C=NC5=C4N=CN=C5N)[C@H](O)[C@@H]3O)[C@@H](O)[C@H]2O)C=CC1//[H+],C[C@H](O)C(=O)[O-].NC(=O)C1=CC=C[N+]([C@@H]2O[C@H](COP(=O)([O-])OP(=O)([O-])OC[C@H]3O[C@@H](N4C=NC5=C4N=CN=C5N)[C@H](O)[C@@H]3O)[C@@H](O)[C@H]2O)=C1,CC(=O)C(=O)[O-].NC(=O)C1=CN([C@@H]2O[C@H](COP(=O)([O-])OP(=O)([O-])OC[C@H]3O[C@@H](N4C=NC5=C4N=CN=C5N)[C@H](O)[C@@H]3O)[C@@H](O)[C@H]2O)C=CC1.[H+]
DM460,CC(C)=CCC/C(C)=C/CC/C(C)=C/CC/C(C)=C/CC/C(C)=C/CC/C(C)=C/CC/C(C)=C/CC/C(C)=C/CC/C(C)=C/CC/C(C)=C/CC1=CC(C(=O)[O-])=CC=C1O//S1[Fe]S[Fe+]1//S1[Fe]S[Fe+]1//O=O//[H+]//[H+],CC(C)=CCC/C(C)=C/CC/C(C)=C/CC/C(C)=C/CC/C(C)=C/CC/C(C)=C/CC/C(C)=C/CC/C(C)=C/CC/C(C)=C/CC/C(C)=C/CC1=CC(C(=O)[O-])=CC(O)=C1O//S1[Fe+]S[Fe+]1//S1[Fe+]S[Fe+]1//[H]O[H],CC(C)=CCC/C(C)=C/CC/C(C)=C/CC/C(C)=C/CC/C(C)=C/CC/C(C)=C/CC/C(C)=C/CC/C(C)=C/CC/C(C)=C/CC/C(C)=C/CC1=CC(C(=O)[O-])=CC=C1O.S1[Fe]S[Fe+]1.S1[Fe]S[Fe+]1.O=O.[H+].[H+],CC(C)=CCC/C(C)=C/CC/C(C)=C/CC/C(C)=C/CC/C(C)=C/CC/C(C)=C/CC/C(C)=C/CC/C(C)=C/CC/C(C)=C/CC/C(C)=C/CC1=CC(C(=O)[O-])=CC(O)=C1O.S1[Fe+]S[Fe+]1.S1[Fe+]S[Fe+]1.[H]O[H]
DM461,[H][C@@]12COC(=O)[C@@]3([H])C[C@H](O)CC[C@]3(C)[C@@]1([H])CC[C@@]1(C)[C@@]2([H])CC[C@]1([H])[C@H](C)[C@@H](O)[C@H](O)[C@@H](C)C(C)C//CC1=C(C)C=C2C(=C1)/N=C1/C(=O)[N-]C(=O)N=C1N2C[C@H](O)[C@H](O)[C@H](O)COP(=O)([O-])[O-]//[H]O[H]//[H+],[H][C@@]12CC(=O)[C@@]3([H])C[C@H](O)CC[C@]3(C)[C@@]1([H])CC[C@@]1(C)[C@@]2([H])CC[C@]1([H])[C@H](C)[C@@H](O)[C@H](O)[C@@H](C)C(C)C//CC1=C(C)C=C2C(=C1)NC1=C(NC(=O)NC1=O)N2C[C@H](O)[C@H](O)[C@H](O)COP(=O)([O-])[O-]//O=O,[H][C@@]12COC(=O)[C@@]3([H])C[C@H](O)CC[C@]3(C)[C@@]1([H])CC[C@@]1(C)[C@@]2([H])CC[C@]1([H])[C@H](C)[C@@H](O)[C@H](O)[C@@H](C)C(C)C.CC1=C(C)C=C2C(=C1)/N=C1/C(=O)[N-]C(=O)N=C1N2C[C@H](O)[C@H](O)[C@H](O)COP(=O)([O-])[O-].[H]O[H].[H+],[H][C@@]12CC(=O)[C@@]3([H])C[C@H](O)CC[C@]3(C)[C@@]1([H])CC[C@@]1(C)[C@@]2([H])CC[C@]1([H])[C@H](C)[C@@H](O)[C@H](O)[C@@H](C)C(C)C.CC1=C(C)C=C2C(=C1)NC1=C(NC(=O)NC1=O)N2C[C@H](O)[C@H](O)[C@H](O)COP(=O)([O-])[O-].O=O
DM462,*N[C@@H](CCCC[NH3+])C(*)=O//[H][C@]12CS[C@@H](CCCCC(=O)[O-])[C@@]1([H])NC(=O)N2//NC1=NC=NC2=C1N=CN2[C@@H]1O[C@H](COP(=O)([O-])OP(=O)([O-])OP(=O)([O-])[O-])[C@@H](O)[C@H]1O,*N[C@@H](CCCCNC(=O)CCCC[C@@H]1SC[C@]2([H])NC(=O)N[C@]12[H])C(*)=O//NC1=NC=NC2=C1N=CN2[C@@H]1O[C@H](COP(=O)([O-])[O-])[C@@H](O)[C@H]1O//O=P([O-])([O-])OP(=O)([O-])O//[H+],*N[C@@H](CCCC[NH3+])C(*)=O.[H][C@]12CS[C@@H](CCCCC(=O)[O-])[C@@]1([H])NC(=O)N2.NC1=NC=NC2=C1N=CN2[C@@H]1O[C@H](COP(=O)([O-])OP(=O)([O-])OP(=O)([O-])[O-])[C@@H](O)[C@H]1O,*N[C@@H](CCCCNC(=O)CCCC[C@@H]1SC[C@]2([H])NC(=O)N[C@]12[H])C(*)=O.NC1=NC=NC2=C1N=CN2[C@@H]1O[C@H](COP(=O)([O-])[O-])[C@@H](O)[C@H]1O.O=P([O-])([O-])OP(=O)([O-])O.[H+]
DM463,*N[C@@H](CC1=CN=C(CC[C@H]([NH3+])C(=O)[O-])N1)C(*)=O//C[S+](CC[C@H]([NH3+])C(=O)[O-])C[C@H]1O[C@@H](N2C=NC3=C2N=CN=C3N)[C@H](O)[C@@H]1O//C[S+](CC[C@H]([NH3+])C(=O)[O-])C[C@H]1O[C@@H](N2C=NC3=C2N=CN=C3N)[C@H](O)[C@@H]1O//C[S+](CC[C@H]([NH3+])C(=O)[O-])C[C@H]1O[C@@H](N2C=NC3=C2N=CN=C3N)[C@H](O)[C@@H]1O,*N[C@@H](CC1=CNC(CC[C@@H](C(=O)[O-])[N+](C)(C)C)=N1)C(*)=O//NC1=NC=NC2=C1N=CN2[C@@H]1O[C@H](CSCC[C@H]([NH3+])C(=O)[O-])[C@@H](O)[C@H]1O//NC1=NC=NC2=C1N=CN2[C@@H]1O[C@H](CSCC[C@H]([NH3+])C(=O)[O-])[C@@H](O)[C@H]1O//NC1=NC=NC2=C1N=CN2[C@@H]1O[C@H](CSCC[C@H]([NH3+])C(=O)[O-])[C@@H](O)[C@H]1O//[H+]//[H+]//[H+],*N[C@@H](CC1=CN=C(CC[C@H]([NH3+])C(=O)[O-])N1)C(*)=O.C[S+](CC[C@H]([NH3+])C(=O)[O-])C[C@H]1O[C@@H](N2C=NC3=C2N=CN=C3N)[C@H](O)[C@@H]1O.C[S+](CC[C@H]([NH3+])C(=O)[O-])C[C@H]1O[C@@H](N2C=NC3=C2N=CN=C3N)[C@H](O)[C@@H]1O.C[S+](CC[C@H]([NH3+])C(=O)[O-])C[C@H]1O[C@@H](N2C=NC3=C2N=CN=C3N)[C@H](O)[C@@H]1O,*N[C@@H](CC1=CNC(CC[C@@H](C(=O)[O-])[N+](C)(C)C)=N1)C(*)=O.NC1=NC=NC2=C1N=CN2[C@@H]1O[C@H](CSCC[C@H]([NH3+])C(=O)[O-])[C@@H](O)[C@H]1O.NC1=NC=NC2=C1N=CN2[C@@H]1O[C@H](CSCC[C@H]([NH3+])C(=O)[O-])[C@@H](O)[C@H]1O.NC1=NC=NC2=C1N=CN2[C@@H]1O[C@H](CSCC[C@H]([NH3+])C(=O)[O-])[C@@H](O)[C@H]1O.[H+].[H+].[H+]
DM464,COC1=CC2=C(C=C1)N(O)C(=O)[C@@H](O[C@@H]1O[C@H](CO)[C@@H](O)[C@H](O)[C@H]1O)O2//O=C1C=CN([C@@H]2O[C@H](COP(=O)([O-])OP(=O)([O-])[O-])[C@@H](O)[C@H]2O)C(=O)N1//[H+],COC1=CC=C2C(=C1)OC(O)C(=O)N2O//O=C1C=CN([C@@H]2O[C@H](COP(=O)([O-])OP(=O)([O-])O[C@H]3O[C@H](CO)[C@@H](O)[C@H](O)[C@H]3O)[C@@H](O)[C@H]2O)C(=O)N1,COC1=CC2=C(C=C1)N(O)C(=O)[C@@H](O[C@@H]1O[C@H](CO)[C@@H](O)[C@H](O)[C@H]1O)O2.O=C1C=CN([C@@H]2O[C@H](COP(=O)([O-])OP(=O)([O-])[O-])[C@@H](O)[C@H]2O)C(=O)N1.[H+],COC1=CC=C2C(=C1)OC(O)C(=O)N2O.O=C1C=CN([C@@H]2O[C@H](COP(=O)([O-])OP(=O)([O-])O[C@H]3O[C@H](CO)[C@@H](O)[C@H](O)[C@H]3O)[C@@H](O)[C@H]2O)C(=O)N1
DM465,[H]C(=[NH2+])N[C@@H](CCC(=O)[O-])C(=O)[O-]//[H]O[H],[H]C(N)=O//[NH3+][C@@H](CCC(=O)[O-])C(=O)[O-],[H]C(=[NH2+])N[C@@H](CCC(=O)[O-])C(=O)[O-].[H]O[H],[H]C(N)=O.[NH3+][C@@H](CCC(=O)[O-])C(=O)[O-]
DM466,*O[C@H]1[C@@H](O)[C@H](C2=CN(C)C(=O)NC2=O)O[C@@H]1COP(*)(=O)[O-]//NC1=NC=NC2=C1N=CN2[C@@H]1O[C@H](CSCC[C@H]([NH3+])C(=O)[O-])[C@@H](O)[C@H]1O//[H+],*O[C@H]1[C@@H](O)[C@H](C2=CNC(=O)NC2=O)O[C@@H]1COP(*)(=O)[O-]//C[S+](CC[C@H]([NH3+])C(=O)[O-])C[C@H]1O[C@@H](N2C=NC3=C2N=CN=C3N)[C@H](O)[C@@H]1O,*O[C@H]1[C@@H](O)[C@H](C2=CN(C)C(=O)NC2=O)O[C@@H]1COP(*)(=O)[O-].NC1=NC=NC2=C1N=CN2[C@@H]1O[C@H](CSCC[C@H]([NH3+])C(=O)[O-])[C@@H](O)[C@H]1O.[H+],*O[C@H]1[C@@H](O)[C@H](C2=CNC(=O)NC2=O)O[C@@H]1COP(*)(=O)[O-].C[S+](CC[C@H]([NH3+])C(=O)[O-])C[C@H]1O[C@@H](N2C=NC3=C2N=CN=C3N)[C@H](O)[C@@H]1O
DM467,C=CC1=C(C)/C2=C/C3=N/C(=C4\C5=C(C(=O)[C-]4C(=O)OC)/C(C)=C(/C=C4\N=C(/C=C/1N2)C(C)=C4CC)N5)[C@@H](CCC(=O)[O-])[C@@H]3C//[H]O[H]//[H+],C=CC1=C(C)/C2=C/C3=N/C(=C4/CC(=O)C5=C4NC(=C\5C)/C=C4\N=C(/C=C/1N2)C(C)=C4CC)[C@@H](CCC(=O)[O-])[C@@H]3C//CO//O=C=O,C=CC1=C(C)/C2=C/C3=N/C(=C4\C5=C(C(=O)[C-]4C(=O)OC)/C(C)=C(/C=C4\N=C(/C=C/1N2)C(C)=C4CC)N5)[C@@H](CCC(=O)[O-])[C@@H]3C.[H]O[H].[H+],C=CC1=C(C)/C2=C/C3=N/C(=C4/CC(=O)C5=C4NC(=C\5C)/C=C4\N=C(/C=C/1N2)C(C)=C4CC)[C@@H](CCC(=O)[O-])[C@@H]3C.CO.O=C=O
DM468,O=C1N[C@@H](C/C2=C/NC3=C2C=CC=C3)/C2=N/C3=C(C=CC=C3)C(=O)N2C2=C1C=CC=C2//NC(=O)C1=CN([C@@H]2O[C@H](COP(=O)([O-])OP(=O)([O-])OC[C@H]3O[C@@H](N4C=NC5=C4N=CN=C5N)[C@H](O)[C@@H]3O)[C@@H](O)[C@H]2O)C=CC1//O=O//[H+],[H][C@]12NC3=C(C=CC=C3)[C@@]1(O)C[C@H]1C3=NC4=C(C=CC=C4)C(=O)N3C3=C(C=CC=C3)C(=O)N12//NC(=O)C1=CC=C[N+]([C@@H]2O[C@H](COP(=O)([O-])OP(=O)([O-])OC[C@H]3O[C@@H](N4C=NC5=C4N=CN=C5N)[C@H](O)[C@@H]3O)[C@@H](O)[C@H]2O)=C1//[H]O[H],O=C1N[C@@H](C/C2=C/NC3=C2C=CC=C3)/C2=N/C3=C(C=CC=C3)C(=O)N2C2=C1C=CC=C2.NC(=O)C1=CN([C@@H]2O[C@H](COP(=O)([O-])OP(=O)([O-])OC[C@H]3O[C@@H](N4C=NC5=C4N=CN=C5N)[C@H](O)[C@@H]3O)[C@@H](O)[C@H]2O)C=CC1.O=O.[H+],[H][C@]12NC3=C(C=CC=C3)[C@@]1(O)C[C@H]1C3=NC4=C(C=CC=C4)C(=O)N3C3=C(C=CC=C3)C(=O)N12.NC(=O)C1=CC=C[N+]([C@@H]2O[C@H](COP(=O)([O-])OP(=O)([O-])OC[C@H]3O[C@@H](N4C=NC5=C4N=CN=C5N)[C@H](O)[C@@H]3O)[C@@H](O)[C@H]2O)=C1.[H]O[H]
DM469,[NH3+]CCSC[C@H]([NH3+])C(=O)[O-]//NC(=O)C1=CC=C[N+]([C@@H]2O[C@H](COP(=O)([O-])OP(=O)([O-])OC[C@H]3O[C@@H](N4C=NC5=C4N=CN=C5N)[C@H](O)[C@@H]3O)[C@@H](O)[C@H]2O)=C1,[H][C@@]1(C(=O)[O-])CCSC=N1//[H][N+]([H])([H])[H]//NC(=O)C1=CN([C@@H]2O[C@H](COP(=O)([O-])OP(=O)([O-])OC[C@H]3O[C@@H](N4C=NC5=C4N=CN=C5N)[C@H](O)[C@@H]3O)[C@@H](O)[C@H]2O)C=CC1//[H+]//[H+],[NH3+]CCSC[C@H]([NH3+])C(=O)[O-].NC(=O)C1=CC=C[N+]([C@@H]2O[C@H](COP(=O)([O-])OP(=O)([O-])OC[C@H]3O[C@@H](N4C=NC5=C4N=CN=C5N)[C@H](O)[C@@H]3O)[C@@H](O)[C@H]2O)=C1,[H][C@@]1(C(=O)[O-])CCSC=N1.[H][N+]([H])([H])[H].NC(=O)C1=CN([C@@H]2O[C@H](COP(=O)([O-])OP(=O)([O-])OC[C@H]3O[C@@H](N4C=NC5=C4N=CN=C5N)[C@H](O)[C@@H]3O)[C@@H](O)[C@H]2O)C=CC1.[H+].[H+]
DM470,C[C@H](O)[C@H](O)CC(=O)C(=O)[O-]//[H]O[H],C[C@H](O)[C@H](O)[C@@H](O)[C@@H](O)C(=O)[O-],C[C@H](O)[C@H](O)CC(=O)C(=O)[O-].[H]O[H],C[C@H](O)[C@H](O)[C@@H](O)[C@@H](O)C(=O)[O-]
DM471,[H][C@@]12OC3=CC(O)=CC=C3[C@]1(O)COC1=C2/C=C/C(O)=C\1CC=C(C)C//CC1=C(C)C=C2C(=C1)NC1=C(NC(=O)NC1=O)N2C[C@H](O)[C@H](O)[C@H](O)COP(=O)([O-])[O-]//O=O,[H][C@@]12OC3=C(C=CC(O)=C3)[C@]1(O)COC1=C3C=CC(C)(C)OC3=CC=C12//CC1=C(C)C=C2C(=C1)/N=C1/C(=O)[N-]C(=O)N=C1N2C[C@H](O)[C@H](O)[C@H](O)COP(=O)([O-])[O-]//[H]O[H]//[H]O[H]//[H+],[H][C@@]12OC3=CC(O)=CC=C3[C@]1(O)COC1=C2/C=C/C(O)=C\1CC=C(C)C.CC1=C(C)C=C2C(=C1)NC1=C(NC(=O)NC1=O)N2C[C@H](O)[C@H](O)[C@H](O)COP(=O)([O-])[O-].O=O,[H][C@@]12OC3=C(C=CC(O)=C3)[C@]1(O)COC1=C3C=CC(C)(C)OC3=CC=C12.CC1=C(C)C=C2C(=C1)/N=C1/C(=O)[N-]C(=O)N=C1N2C[C@H](O)[C@H](O)[C@H](O)COP(=O)([O-])[O-].[H]O[H].[H]O[H].[H+]
DM472,O=C([O-])C[NH2+]CC(=O)[O-]//CC1=C(C)C=C2C(=C1)/N=C1/C(=O)[N-]C(=O)N=C1N2C[C@H](O)[C@H](O)[C@H](O)COP(=O)([O-])[O-]//[H]C(=O)C(=O)[O-]//[H]O[H],O=C([O-])CN(CC(=O)[O-])CC(=O)[O-]//CC1=C(C)C=C2C(=C1)NC1=C(NC(=O)NC1=O)N2C[C@H](O)[C@H](O)[C@H](O)COP(=O)([O-])[O-]//O=O,O=C([O-])C[NH2+]CC(=O)[O-].CC1=C(C)C=C2C(=C1)/N=C1/C(=O)[N-]C(=O)N=C1N2C[C@H](O)[C@H](O)[C@H](O)COP(=O)([O-])[O-].[H]C(=O)C(=O)[O-].[H]O[H],O=C([O-])CN(CC(=O)[O-])CC(=O)[O-].CC1=C(C)C=C2C(=C1)NC1=C(NC(=O)NC1=O)N2C[C@H](O)[C@H](O)[C@H](O)COP(=O)([O-])[O-].O=O
DM473,*P(=O)([O-])OC[C@H]1O[C@@H](N2C=NC3=C2N=CN=C3N)[C@H](O)[C@@H]1OC(=O)[C@@H](N)[C@@H](C)O//NC1=NC=NC2=C1N=CN2[C@@H]1O[C@H](COP(=O)([O-])[O-])[C@@H](O)[C@H]1O//O=P([O-])([O-])OP(=O)([O-])O//[H+],*P(=O)([O-])OC[C@H]1O[C@@H](N2C=NC3=C(N)N=CN=C32)[C@H](O)[C@@H]1O//C[C@@H](O)[C@H]([NH3+])C(=O)[O-]//NC1=NC=NC2=C1N=CN2[C@@H]1O[C@H](COP(=O)([O-])OP(=O)([O-])OP(=O)([O-])[O-])[C@@H](O)[C@H]1O,*P(=O)([O-])OC[C@H]1O[C@@H](N2C=NC3=C2N=CN=C3N)[C@H](O)[C@@H]1OC(=O)[C@@H](N)[C@@H](C)O.NC1=NC=NC2=C1N=CN2[C@@H]1O[C@H](COP(=O)([O-])[O-])[C@@H](O)[C@H]1O.O=P([O-])([O-])OP(=O)([O-])O.[H+],*P(=O)([O-])OC[C@H]1O[C@@H](N2C=NC3=C(N)N=CN=C32)[C@H](O)[C@@H]1O.C[C@@H](O)[C@H]([NH3+])C(=O)[O-].NC1=NC=NC2=C1N=CN2[C@@H]1O[C@H](COP(=O)([O-])OP(=O)([O-])OP(=O)([O-])[O-])[C@@H](O)[C@H]1O
DM474,CC(=O)N[C@H]1[C@@H](O[C@@H]2[C@@H](NC(C)=O)[C@@H](OP(=O)([O-])OP(=O)([O-])OC/C=C(/C)CC/C=C(/C)CC/C=C(/C)CC/C=C(/C)CC/C=C(/C)CC/C=C(/C)CC/C=C(/C)CC/C=C(\C)CC/C=C(\C)CC/C=C(\C)CCC=C(C)C)O[C@H](C)[C@H]2NC(C)=O)O[C@H](CO)[C@H](O)[C@@H]1O//CC(=O)N[C@H]1[C@@H](OP(=O)([O-])OP(=O)([O-])OC[C@H]2O[C@@H](N3C=CC(=O)NC3=O)[C@H](O)[C@@H]2O)O[C@H](CO)[C@H](O)[C@@H]1O,CC(=O)N[C@H]1[C@@H](O[C@@H]2[C@@H](NC(C)=O)[C@@H](OP(=O)([O-])OP(=O)([O-])OC/C=C(/C)CC/C=C(/C)CC/C=C(/C)CC/C=C(/C)CC/C=C(/C)CC/C=C(/C)CC/C=C(/C)CC/C=C(\C)CC/C=C(\C)CC/C=C(\C)CCC=C(C)C)O[C@H](C)[C@H]2NC(C)=O)O[C@H](CO)[C@H](O[C@H]2O[C@H](CO)[C@H](O)[C@H](O)[C@H]2NC(C)=O)[C@@H]1O//O=C1C=CN([C@@H]2O[C@H](COP(=O)([O-])OP(=O)([O-])[O-])[C@@H](O)[C@H]2O)C(=O)N1//[H+],CC(=O)N[C@H]1[C@@H](O[C@@H]2[C@@H](NC(C)=O)[C@@H](OP(=O)([O-])OP(=O)([O-])OC/C=C(/C)CC/C=C(/C)CC/C=C(/C)CC/C=C(/C)CC/C=C(/C)CC/C=C(/C)CC/C=C(/C)CC/C=C(\C)CC/C=C(\C)CC/C=C(\C)CCC=C(C)C)O[C@H](C)[C@H]2NC(C)=O)O[C@H](CO)[C@H](O)[C@@H]1O.CC(=O)N[C@H]1[C@@H](OP(=O)([O-])OP(=O)([O-])OC[C@H]2O[C@@H](N3C=CC(=O)NC3=O)[C@H](O)[C@@H]2O)O[C@H](CO)[C@H](O)[C@@H]1O,CC(=O)N[C@H]1[C@@H](O[C@@H]2[C@@H](NC(C)=O)[C@@H](OP(=O)([O-])OP(=O)([O-])OC/C=C(/C)CC/C=C(/C)CC/C=C(/C)CC/C=C(/C)CC/C=C(/C)CC/C=C(/C)CC/C=C(/C)CC/C=C(\C)CC/C=C(\C)CC/C=C(\C)CCC=C(C)C)O[C@H](C)[C@H]2NC(C)=O)O[C@H](CO)[C@H](O[C@H]2O[C@H](CO)[C@H](O)[C@H](O)[C@H]2NC(C)=O)[C@@H]1O.O=C1C=CN([C@@H]2O[C@H](COP(=O)([O-])OP(=O)([O-])[O-])[C@@H](O)[C@H]2O)C(=O)N1.[H+]
DM475,[H][C@]1([C@@H](O)CO)OC(=O)[C@@H](O)[C@H]1O//NC(=O)C1=CC=C[N+]([C@@H]2O[C@H](COP(=O)([O-])OP(=O)([O-])OC[C@H]3O[C@@H](N4C=NC5=C4N=CN=C5N)[C@H](OP(=O)([O-])[O-])[C@@H]3O)[C@@H](O)[C@H]2O)=C1,[H][C@]1([C@@H](O)C=O)OC(=O)[C@@H](O)[C@H]1O//NC(=O)C1=CN([C@@H]2O[C@H](COP(=O)([O-])OP(=O)([O-])OC[C@H]3O[C@@H](N4C=NC5=C4N=CN=C5N)[C@H](OP(=O)([O-])[O-])[C@@H]3O)[C@@H](O)[C@H]2O)C=CC1//[H+],[H][C@]1([C@@H](O)CO)OC(=O)[C@@H](O)[C@H]1O.NC(=O)C1=CC=C[N+]([C@@H]2O[C@H](COP(=O)([O-])OP(=O)([O-])OC[C@H]3O[C@@H](N4C=NC5=C4N=CN=C5N)[C@H](OP(=O)([O-])[O-])[C@@H]3O)[C@@H](O)[C@H]2O)=C1,[H][C@]1([C@@H](O)C=O)OC(=O)[C@@H](O)[C@H]1O.NC(=O)C1=CN([C@@H]2O[C@H](COP(=O)([O-])OP(=O)([O-])OC[C@H]3O[C@@H](N4C=NC5=C4N=CN=C5N)[C@H](OP(=O)([O-])[O-])[C@@H]3O)[C@@H](O)[C@H]2O)C=CC1.[H+]
DM476,*OC[C@H](COP(=O)([O-])OCC[N+](C)(C)C)OC(C)=O//[H]O[H],*OC[C@@H](O)COP(=O)([O-])OCC[N+](C)(C)C//CC(=O)[O-]//[H+],*OC[C@H](COP(=O)([O-])OCC[N+](C)(C)C)OC(C)=O.[H]O[H],*OC[C@@H](O)COP(=O)([O-])OCC[N+](C)(C)C.CC(=O)[O-].[H+]
DM477,CC(C)(COP(=O)([O-])OP(=O)([O-])OC[C@H]1O[C@@H](N2C=NC3=C2N=CN=C3N)[C@H](O)[C@@H]1OP(=O)([O-])[O-])[C@@H](O)C(=O)NCCC(=O)NCCSC(=O)C1=CCCCC1=O//[H]O[H]//[H]O[H],CC(C)(COP(=O)([O-])OP(=O)([O-])OC[C@H]1O[C@@H](N2C=NC3=C2N=CN=C3N)[C@H](O)[C@@H]1OP(=O)([O-])[O-])[C@@H](O)C(=O)NCCC(=O)NCCSC(=O)CC(O)CCCC(=O)[O-]//[H+],CC(C)(COP(=O)([O-])OP(=O)([O-])OC[C@H]1O[C@@H](N2C=NC3=C2N=CN=C3N)[C@H](O)[C@@H]1OP(=O)([O-])[O-])[C@@H](O)C(=O)NCCC(=O)NCCSC(=O)C1=CCCCC1=O.[H]O[H].[H]O[H],CC(C)(COP(=O)([O-])OP(=O)([O-])OC[C@H]1O[C@@H](N2C=NC3=C2N=CN=C3N)[C@H](O)[C@@H]1OP(=O)([O-])[O-])[C@@H](O)C(=O)NCCC(=O)NCCSC(=O)CC(O)CCCC(=O)[O-].[H+]
DM478,CC(C)=CCC/C(C)=C/CC/C(C)=C/CC/C(C)=C/COC[C@@H](COP(=O)([O-])[O-])OC/C=C(\C)CC/C=C(\C)CC/C=C(\C)CCC=C(C)C//[SH]12[Fe]3[SH]4[Fe]1[SH]1[Fe]2[SH]3[Fe+]41//[SH]12[Fe]3[SH]4[Fe]1[SH]1[Fe]2[SH]3[Fe+]41//[SH]12[Fe]3[SH]4[Fe]1[SH]1[Fe]2[SH]3[Fe+]41//[SH]12[Fe]3[SH]4[Fe]1[SH]1[Fe]2[SH]3[Fe+]41//[SH]12[Fe]3[SH]4[Fe]1[SH]1[Fe]2[SH]3[Fe+]41//[SH]12[Fe]3[SH]4[Fe]1[SH]1[Fe]2[SH]3[Fe+]41//[SH]12[Fe]3[SH]4[Fe]1[SH]1[Fe]2[SH]3[Fe+]41//[SH]12[Fe]3[SH]4[Fe]1[SH]1[Fe]2[SH]3[Fe+]41//[SH]12[Fe]3[SH]4[Fe]1[SH]1[Fe]2[SH]3[Fe+]41//[SH]12[Fe]3[SH]4[Fe]1[SH]1[Fe]2[SH]3[Fe+]41//[SH]12[Fe]3[SH]4[Fe]1[SH]1[Fe]2[SH]3[Fe+]41//[SH]12[Fe]3[SH]4[Fe]1[SH]1[Fe]2[SH]3[Fe+]41//[SH]12[Fe]3[SH]4[Fe]1[SH]1[Fe]2[SH]3[Fe+]41//[SH]12[Fe]3[SH]4[Fe]1[SH]1[Fe]2[SH]3[Fe+]41//[SH]12[Fe]3[SH]4[Fe]1[SH]1[Fe]2[SH]3[Fe+]41//[SH]12[Fe]3[SH]4[Fe]1[SH]1[Fe]2[SH]3[Fe+]41//[H+]//[H+]//[H+]//[H+]//[H+]//[H+]//[H+]//[H+]//[H+]//[H+]//[H+]//[H+]//[H+]//[H+]//[H+]//[H+],CC(C)CCC[C@@H](C)CCC[C@@H](C)CCC[C@@H](C)CCOC[C@@H](COP(=O)([O-])[O-])OCC[C@H](C)CCC[C@H](C)CCC[C@H](C)CCCC(C)C//[SH]12[Fe]3[SH]4[Fe]1[SH]1[Fe+]2[SH]3[Fe+]41//[SH]12[Fe]3[SH]4[Fe]1[SH]1[Fe+]2[SH]3[Fe+]41//[SH]12[Fe]3[SH]4[Fe]1[SH]1[Fe+]2[SH]3[Fe+]41//[SH]12[Fe]3[SH]4[Fe]1[SH]1[Fe+]2[SH]3[Fe+]41//[SH]12[Fe]3[SH]4[Fe]1[SH]1[Fe+]2[SH]3[Fe+]41//[SH]12[Fe]3[SH]4[Fe]1[SH]1[Fe+]2[SH]3[Fe+]41//[SH]12[Fe]3[SH]4[Fe]1[SH]1[Fe+]2[SH]3[Fe+]41//[SH]12[Fe]3[SH]4[Fe]1[SH]1[Fe+]2[SH]3[Fe+]41//[SH]12[Fe]3[SH]4[Fe]1[SH]1[Fe+]2[SH]3[Fe+]41//[SH]12[Fe]3[SH]4[Fe]1[SH]1[Fe+]2[SH]3[Fe+]41//[SH]12[Fe]3[SH]4[Fe]1[SH]1[Fe+]2[SH]3[Fe+]41//[SH]12[Fe]3[SH]4[Fe]1[SH]1[Fe+]2[SH]3[Fe+]41//[SH]12[Fe]3[SH]4[Fe]1[SH]1[Fe+]2[SH]3[Fe+]41//[SH]12[Fe]3[SH]4[Fe]1[SH]1[Fe+]2[SH]3[Fe+]41//[SH]12[Fe]3[SH]4[Fe]1[SH]1[Fe+]2[SH]3[Fe+]41//[SH]12[Fe]3[SH]4[Fe]1[SH]1[Fe+]2[SH]3[Fe+]41,CC(C)=CCC/C(C)=C/CC/C(C)=C/CC/C(C)=C/COC[C@@H](COP(=O)([O-])[O-])OC/C=C(\C)CC/C=C(\C)CC/C=C(\C)CCC=C(C)C.[SH]12[Fe]3[SH]4[Fe]1[SH]1[Fe]2[SH]3[Fe+]41.[SH]12[Fe]3[SH]4[Fe]1[SH]1[Fe]2[SH]3[Fe+]41.[SH]12[Fe]3[SH]4[Fe]1[SH]1[Fe]2[SH]3[Fe+]41.[SH]12[Fe]3[SH]4[Fe]1[SH]1[Fe]2[SH]3[Fe+]41.[SH]12[Fe]3[SH]4[Fe]1[SH]1[Fe]2[SH]3[Fe+]41.[SH]12[Fe]3[SH]4[Fe]1[SH]1[Fe]2[SH]3[Fe+]41.[SH]12[Fe]3[SH]4[Fe]1[SH]1[Fe]2[SH]3[Fe+]41.[SH]12[Fe]3[SH]4[Fe]1[SH]1[Fe]2[SH]3[Fe+]41.[SH]12[Fe]3[SH]4[Fe]1[SH]1[Fe]2[SH]3[Fe+]41.[SH]12[Fe]3[SH]4[Fe]1[SH]1[Fe]2[SH]3[Fe+]41.[SH]12[Fe]3[SH]4[Fe]1[SH]1[Fe]2[SH]3[Fe+]41.[SH]12[Fe]3[SH]4[Fe]1[SH]1[Fe]2[SH]3[Fe+]41.[SH]12[Fe]3[SH]4[Fe]1[SH]1[Fe]2[SH]3[Fe+]41.[SH]12[Fe]3[SH]4[Fe]1[SH]1[Fe]2[SH]3[Fe+]41.[SH]12[Fe]3[SH]4[Fe]1[SH]1[Fe]2[SH]3[Fe+]41.[SH]12[Fe]3[SH]4[Fe]1[SH]1[Fe]2[SH]3[Fe+]41.[H+].[H+].[H+].[H+].[H+].[H+].[H+].[H+].[H+].[H+].[H+].[H+].[H+].[H+].[H+].[H+],CC(C)CCC[C@@H](C)CCC[C@@H](C)CCC[C@@H](C)CCOC[C@@H](COP(=O)([O-])[O-])OCC[C@H](C)CCC[C@H](C)CCC[C@H](C)CCCC(C)C.[SH]12[Fe]3[SH]4[Fe]1[SH]1[Fe+]2[SH]3[Fe+]41.[SH]12[Fe]3[SH]4[Fe]1[SH]1[Fe+]2[SH]3[Fe+]41.[SH]12[Fe]3[SH]4[Fe]1[SH]1[Fe+]2[SH]3[Fe+]41.[SH]12[Fe]3[SH]4[Fe]1[SH]1[Fe+]2[SH]3[Fe+]41.[SH]12[Fe]3[SH]4[Fe]1[SH]1[Fe+]2[SH]3[Fe+]41.[SH]12[Fe]3[SH]4[Fe]1[SH]1[Fe+]2[SH]3[Fe+]41.[SH]12[Fe]3[SH]4[Fe]1[SH]1[Fe+]2[SH]3[Fe+]41.[SH]12[Fe]3[SH]4[Fe]1[SH]1[Fe+]2[SH]3[Fe+]41.[SH]12[Fe]3[SH]4[Fe]1[SH]1[Fe+]2[SH]3[Fe+]41.[SH]12[Fe]3[SH]4[Fe]1[SH]1[Fe+]2[SH]3[Fe+]41.[SH]12[Fe]3[SH]4[Fe]1[SH]1[Fe+]2[SH]3[Fe+]41.[SH]12[Fe]3[SH]4[Fe]1[SH]1[Fe+]2[SH]3[Fe+]41.[SH]12[Fe]3[SH]4[Fe]1[SH]1[Fe+]2[SH]3[Fe+]41.[SH]12[Fe]3[SH]4[Fe]1[SH]1[Fe+]2[SH]3[Fe+]41.[SH]12[Fe]3[SH]4[Fe]1[SH]1[Fe+]2[SH]3[Fe+]41.[SH]12[Fe]3[SH]4[Fe]1[SH]1[Fe+]2[SH]3[Fe+]41
DM479,[H][C@]1(C(=C)C)CCC(C)=CC1=O//NC(=O)C1=CN([C@@H]2O[C@H](COP(=O)([O-])OP(=O)([O-])OC[C@H]3O[C@@H](N4C=NC5=C4N=CN=C5N)[C@H](O)[C@@H]3O)[C@@H](O)[C@H]2O)C=CC1//[H+],C=C(C)[C@H]1CCC(C)=C[C@@H]1O//NC(=O)C1=CC=C[N+]([C@@H]2O[C@H](COP(=O)([O-])OP(=O)([O-])OC[C@H]3O[C@@H](N4C=NC5=C4N=CN=C5N)[C@H](O)[C@@H]3O)[C@@H](O)[C@H]2O)=C1,[H][C@]1(C(=C)C)CCC(C)=CC1=O.NC(=O)C1=CN([C@@H]2O[C@H](COP(=O)([O-])OP(=O)([O-])OC[C@H]3O[C@@H](N4C=NC5=C4N=CN=C5N)[C@H](O)[C@@H]3O)[C@@H](O)[C@H]2O)C=CC1.[H+],C=C(C)[C@H]1CCC(C)=C[C@@H]1O.NC(=O)C1=CC=C[N+]([C@@H]2O[C@H](COP(=O)([O-])OP(=O)([O-])OC[C@H]3O[C@@H](N4C=NC5=C4N=CN=C5N)[C@H](O)[C@@H]3O)[C@@H](O)[C@H]2O)=C1
DM480,OC1=CC=CC(O)=C1//O=C=O,O=C([O-])C1=C(O)C=CC=C1O//[H+],OC1=CC=CC(O)=C1.O=C=O,O=C([O-])C1=C(O)C=CC=C1O.[H+]
DM481,[H]C(=O)/C=C(C)\C=C\[C@@]1(O)C(C)=CC(=O)CC1(C)C//O=O//[H]O[H],CC1=CC(=O)CC(C)(C)[C@@]1(O)/C=C/C(C)=C\C(=O)[O-]//[H]OO[H]//[H+],[H]C(=O)/C=C(C)\C=C\[C@@]1(O)C(C)=CC(=O)CC1(C)C.O=O.[H]O[H],CC1=CC(=O)CC(C)(C)[C@@]1(O)/C=C/C(C)=C\C(=O)[O-].[H]OO[H].[H+]
DM482,CC(C)=CCC/C(C)=C/CC/C(C)=C/CC/C(C)=C\CC/C(C)=C\CC/C(C)=C\CC/C(C)=C\CC/C(C)=C\CC/C(C)=C\CC/C(C)=C\CC/C(C)=C\COP(=O)([O-])OP(=O)([O-])O[C@H]1O[C@H](CO)[C@@H](O[C@@H]2O[C@H](CO)[C@@H](O)[C@H](O[C@H]3O[C@H](CO)[C@@H](O)[C@H](O)[C@@H]3O[C@@H]3O[C@H](C(=O)[O-])[C@@H](O[C@@H]4O[C@H](CO)[C@@H](O)[C@H](O)[C@@H]4O)[C@H](O)[C@H]3O)[C@H]2O)[C@H](O)[C@H]1O//NC1=NC2=C(N=CN2[C@@H]2O[C@H](COP(=O)([O-])OP(=O)([O-])[O-])[C@@H](O)[C@H]2O)C(=O)N1//[H+],CC(C)=CCC/C(C)=C/CC/C(C)=C/CC/C(C)=C\CC/C(C)=C\CC/C(C)=C\CC/C(C)=C\CC/C(C)=C\CC/C(C)=C\CC/C(C)=C\CC/C(C)=C\COP(=O)([O-])OP(=O)([O-])O[C@H]1O[C@H](CO)[C@@H](O[C@@H]2O[C@H](CO)[C@@H](O)[C@H](O[C@H]3O[C@H](CO)[C@@H](O)[C@H](O)[C@@H]3O[C@@H]3O[C@H](C(=O)[O-])[C@@H](O)[C@H](O)[C@H]3O)[C@H]2O)[C@H](O)[C@H]1O//NC1=NC2=C(N=CN2[C@@H]2O[C@H](COP(=O)([O-])OP(=O)([O-])O[C@H]3O[C@H](CO)[C@@H](O)[C@H](O)[C@@H]3O)[C@@H](O)[C@H]2O)C(=O)N1,CC(C)=CCC/C(C)=C/CC/C(C)=C/CC/C(C)=C\CC/C(C)=C\CC/C(C)=C\CC/C(C)=C\CC/C(C)=C\CC/C(C)=C\CC/C(C)=C\CC/C(C)=C\COP(=O)([O-])OP(=O)([O-])O[C@H]1O[C@H](CO)[C@@H](O[C@@H]2O[C@H](CO)[C@@H](O)[C@H](O[C@H]3O[C@H](CO)[C@@H](O)[C@H](O)[C@@H]3O[C@@H]3O[C@H](C(=O)[O-])[C@@H](O[C@@H]4O[C@H](CO)[C@@H](O)[C@H](O)[C@@H]4O)[C@H](O)[C@H]3O)[C@H]2O)[C@H](O)[C@H]1O.NC1=NC2=C(N=CN2[C@@H]2O[C@H](COP(=O)([O-])OP(=O)([O-])[O-])[C@@H](O)[C@H]2O)C(=O)N1.[H+],CC(C)=CCC/C(C)=C/CC/C(C)=C/CC/C(C)=C\CC/C(C)=C\CC/C(C)=C\CC/C(C)=C\CC/C(C)=C\CC/C(C)=C\CC/C(C)=C\CC/C(C)=C\COP(=O)([O-])OP(=O)([O-])O[C@H]1O[C@H](CO)[C@@H](O[C@@H]2O[C@H](CO)[C@@H](O)[C@H](O[C@H]3O[C@H](CO)[C@@H](O)[C@H](O)[C@@H]3O[C@@H]3O[C@H](C(=O)[O-])[C@@H](O)[C@H](O)[C@H]3O)[C@H]2O)[C@H](O)[C@H]1O.NC1=NC2=C(N=CN2[C@@H]2O[C@H](COP(=O)([O-])OP(=O)([O-])O[C@H]3O[C@H](CO)[C@@H](O)[C@H](O)[C@@H]3O)[C@@H](O)[C@H]2O)C(=O)N1
DM483,*N[C@@H](CO)C(*)=O//NC1=NC=NC2=C1N=CN2[C@@H]1O[C@H](COP(=O)([O-])OP(=O)([O-])OP(=O)([O-])[O-])[C@@H](O)[C@H]1O,*N[C@@H](COP(=O)([O-])[O-])C(*)=O//NC1=NC=NC2=C1N=CN2[C@@H]1O[C@H](COP(=O)([O-])OP(=O)([O-])[O-])[C@@H](O)[C@H]1O//[H+],*N[C@@H](CO)C(*)=O.NC1=NC=NC2=C1N=CN2[C@@H]1O[C@H](COP(=O)([O-])OP(=O)([O-])OP(=O)([O-])[O-])[C@@H](O)[C@H]1O,*N[C@@H](COP(=O)([O-])[O-])C(*)=O.NC1=NC=NC2=C1N=CN2[C@@H]1O[C@H](COP(=O)([O-])OP(=O)([O-])[O-])[C@@H](O)[C@H]1O.[H+]
DM484,CC(/C=C/C=C(C)/C=C/C=C(\C)CCCC(C)(C)O)=C\C=C\C=C(C)\C=C\C=C(C)\C=C\C=C(/C)CCCC(C)(C)O,CC(C)=CCC/C(C)=C/C=C/C(C)=C/C=C/C(C)=C/C=C/C=C(C)/C=C/C=C(C)/C=C/C=C(\C)CCCC(C)(C)O//[H]O[H],CC(/C=C/C=C(C)/C=C/C=C(\C)CCCC(C)(C)O)=C\C=C\C=C(C)\C=C\C=C(C)\C=C\C=C(/C)CCCC(C)(C)O,CC(C)=CCC/C(C)=C/C=C/C(C)=C/C=C/C(C)=C/C=C/C=C(C)/C=C/C=C(C)/C=C/C=C(\C)CCCC(C)(C)O.[H]O[H]
DM485,[NH3+]C[C@H]1O[C@H](O[C@H]2[C@H](O[C@@H]3O[C@H](COP(=O)([O-])[O-])[C@@H](O)[C@H]3O)[C@@H](O)[C@H]([NH3+])C[C@@H]2[NH3+])[C@H]([NH3+])[C@@H](O)[C@@H]1O//O=P([O-])([O-])OP(=O)([O-])O,[NH3+]C[C@H]1O[C@H](O[C@H]2[C@H](O)[C@@H](O)[C@H]([NH3+])C[C@@H]2[NH3+])[C@H]([NH3+])[C@@H](O)[C@@H]1O//O=P([O-])([O-])OC[C@H]1O[C@H](OP(=O)([O-])OP(=O)([O-])[O-])[C@H](O)[C@@H]1O,[NH3+]C[C@H]1O[C@H](O[C@H]2[C@H](O[C@@H]3O[C@H](COP(=O)([O-])[O-])[C@@H](O)[C@H]3O)[C@@H](O)[C@H]([NH3+])C[C@@H]2[NH3+])[C@H]([NH3+])[C@@H](O)[C@@H]1O.O=P([O-])([O-])OP(=O)([O-])O,[NH3+]C[C@H]1O[C@H](O[C@H]2[C@H](O)[C@@H](O)[C@H]([NH3+])C[C@@H]2[NH3+])[C@H]([NH3+])[C@@H](O)[C@@H]1O.O=P([O-])([O-])OC[C@H]1O[C@H](OP(=O)([O-])OP(=O)([O-])[O-])[C@H](O)[C@@H]1O
DM486,CO/C1=C2\C=CO\C2=C\C2=C1C=CC(=O)O2//NC1=NC=NC2=C1N=CN2[C@@H]1O[C@H](CSCC[C@H]([NH3+])C(=O)[O-])[C@@H](O)[C@H]1O,O=C1C=CC2=C(/C=C3/OC=C/C3=C/2[O-])O1//C[S+](CC[C@H]([NH3+])C(=O)[O-])C[C@H]1O[C@@H](N2C=NC3=C2N=CN=C3N)[C@H](O)[C@@H]1O,CO/C1=C2\C=CO\C2=C\C2=C1C=CC(=O)O2.NC1=NC=NC2=C1N=CN2[C@@H]1O[C@H](CSCC[C@H]([NH3+])C(=O)[O-])[C@@H](O)[C@H]1O,O=C1C=CC2=C(/C=C3/OC=C/C3=C/2[O-])O1.C[S+](CC[C@H]([NH3+])C(=O)[O-])C[C@H]1O[C@@H](N2C=NC3=C2N=CN=C3N)[C@H](O)[C@@H]1O
DM487,N#C[C@H](O)C1=CC=CC=C1//CC1=C(C)C=C2C(=C1)/N=C1/C(=O)[N-]C(=O)N=C1N2C[C@H](O)[C@H](O)[C@H](O)COP(=O)([O-])[O-]//[H]O[H]//[H+],N#CCC1=CC=CC=C1//CC1=C(C)C=C2C(=C1)NC1=C(NC(=O)NC1=O)N2C[C@H](O)[C@H](O)[C@H](O)COP(=O)([O-])[O-]//O=O,N#C[C@H](O)C1=CC=CC=C1.CC1=C(C)C=C2C(=C1)/N=C1/C(=O)[N-]C(=O)N=C1N2C[C@H](O)[C@H](O)[C@H](O)COP(=O)([O-])[O-].[H]O[H].[H+],N#CCC1=CC=CC=C1.CC1=C(C)C=C2C(=C1)NC1=C(NC(=O)NC1=O)N2C[C@H](O)[C@H](O)[C@H](O)COP(=O)([O-])[O-].O=O
DM488,[H][C@]12C[C@@]3(C)CC[C@H](C(C)C)/C3=C/C[C@](C)(O)[C@]1([H])CC[C@@]2([H])C//[H]*[H]//O=O,[H][C@]12C[C@@]3(C)CC[C@H](C(C)C)/C3=C/C[C@](C)(O)[C@]1([H])[C@H](O)C[C@@]2([H])C//*//[H]O[H],[H][C@]12C[C@@]3(C)CC[C@H](C(C)C)/C3=C/C[C@](C)(O)[C@]1([H])CC[C@@]2([H])C.[H]*[H].O=O,[H][C@]12C[C@@]3(C)CC[C@H](C(C)C)/C3=C/C[C@](C)(O)[C@]1([H])[C@H](O)C[C@@]2([H])C.*.[H]O[H]
DM489,CC1=CN([C@H]2C[C@H](O)[C@@H](COP(=O)([O-])OP(=O)([O-])O[C@H]3O[C@H](C)[C@@H](O)[C@H]([NH3+])[C@H]3O)O2)C(=O)NC1=O//O=C([O-])CCC(=O)C(=O)[O-],CC1=CN([C@H]2C[C@H](O)[C@@H](COP(=O)([O-])OP(=O)([O-])O[C@H]3O[C@H](C)[C@@H](O)C(=O)[C@H]3O)O2)C(=O)NC1=O//[NH3+][C@@H](CCC(=O)[O-])C(=O)[O-],CC1=CN([C@H]2C[C@H](O)[C@@H](COP(=O)([O-])OP(=O)([O-])O[C@H]3O[C@H](C)[C@@H](O)[C@H]([NH3+])[C@H]3O)O2)C(=O)NC1=O.O=C([O-])CCC(=O)C(=O)[O-],CC1=CN([C@H]2C[C@H](O)[C@@H](COP(=O)([O-])OP(=O)([O-])O[C@H]3O[C@H](C)[C@@H](O)C(=O)[C@H]3O)O2)C(=O)NC1=O.[NH3+][C@@H](CCC(=O)[O-])C(=O)[O-]
DM490,*N[C@@H](CO)C(*)=O//O=P([O-])([O-])O,*N[C@@H](COP(=O)([O-])[O-])C(*)=O//[H]O[H],*N[C@@H](CO)C(*)=O.O=P([O-])([O-])O,*N[C@@H](COP(=O)([O-])[O-])C(*)=O.[H]O[H]
DM491,CN(C)C1=CC=CC=C1//NC(=O)C1=CN([C@@H]2O[C@H](COP(=O)([O-])OP(=O)([O-])OC[C@H]3O[C@@H](N4C=NC5=C4N=CN=C5N)[C@H](OP(=O)([O-])[O-])[C@@H]3O)[C@@H](O)[C@H]2O)C=CC1//O=O//[H+],CN(C)(=O)C1=CC=CC=C1//NC(=O)C1=CC=C[N+]([C@@H]2O[C@H](COP(=O)([O-])OP(=O)([O-])OC[C@H]3O[C@@H](N4C=NC5=C4N=CN=C5N)[C@H](OP(=O)([O-])[O-])[C@@H]3O)[C@@H](O)[C@H]2O)=C1//[H]O[H],CN(C)C1=CC=CC=C1.NC(=O)C1=CN([C@@H]2O[C@H](COP(=O)([O-])OP(=O)([O-])OC[C@H]3O[C@@H](N4C=NC5=C4N=CN=C5N)[C@H](OP(=O)([O-])[O-])[C@@H]3O)[C@@H](O)[C@H]2O)C=CC1.O=O.[H+],CN(C)(=O)C1=CC=CC=C1.NC(=O)C1=CC=C[N+]([C@@H]2O[C@H](COP(=O)([O-])OP(=O)([O-])OC[C@H]3O[C@@H](N4C=NC5=C4N=CN=C5N)[C@H](OP(=O)([O-])[O-])[C@@H]3O)[C@@H](O)[C@H]2O)=C1.[H]O[H]
DM492,[NH3+][C@@H](CCC(=O)N[C@@H](CS)C(=O)[O-])C(=O)[O-]//[NH3+][C@@H](CCC(=O)N[C@@H](CS)C(=O)[O-])C(=O)[O-]//NC(=O)C1=CC=C[N+]([C@@H]2O[C@H](COP(=O)([O-])OP(=O)([O-])OC[C@H]3O[C@@H](N4C=NC5=C4N=CN=C5N)[C@H](OP(=O)([O-])[O-])[C@@H]3O)[C@@H](O)[C@H]2O)=C1,[NH3+]C(CCC(=O)NC(CSSCC(NC(=O)CCC([NH3+])C(=O)[O-])C(=O)[O-])C(=O)[O-])C(=O)[O-]//NC(=O)C1=CN([C@@H]2O[C@H](COP(=O)([O-])OP(=O)([O-])OC[C@H]3O[C@@H](N4C=NC5=C4N=CN=C5N)[C@H](OP(=O)([O-])[O-])[C@@H]3O)[C@@H](O)[C@H]2O)C=CC1//[H+],[NH3+][C@@H](CCC(=O)N[C@@H](CS)C(=O)[O-])C(=O)[O-].[NH3+][C@@H](CCC(=O)N[C@@H](CS)C(=O)[O-])C(=O)[O-].NC(=O)C1=CC=C[N+]([C@@H]2O[C@H](COP(=O)([O-])OP(=O)([O-])OC[C@H]3O[C@@H](N4C=NC5=C4N=CN=C5N)[C@H](OP(=O)([O-])[O-])[C@@H]3O)[C@@H](O)[C@H]2O)=C1,[NH3+]C(CCC(=O)NC(CSSCC(NC(=O)CCC([NH3+])C(=O)[O-])C(=O)[O-])C(=O)[O-])C(=O)[O-].NC(=O)C1=CN([C@@H]2O[C@H](COP(=O)([O-])OP(=O)([O-])OC[C@H]3O[C@@H](N4C=NC5=C4N=CN=C5N)[C@H](OP(=O)([O-])[O-])[C@@H]3O)[C@@H](O)[C@H]2O)C=CC1.[H+]
DM493,[H][C@@]12C[C@H](O)CC[C@]1(C)[C@@]1([H])CC[C@]3(C)[C@@]([H])([C@]([H])(C)CCC(=O)SCCNC(=O)CCNC(=O)[C@H](O)C(C)(C)COP(=O)([O-])OP(=O)([O-])OC[C@H]4O[C@@H](N5C=NC6=C5N=CN=C6N)[C@H](O)[C@@H]4OP(=O)([O-])[O-])CC[C@@]3([H])[C@]1([H])[C@H](O)C2//[H]O[H],[H][C@@]12C[C@H](O)CC[C@]1(C)[C@@]1([H])CC[C@@]3(C)[C@@]([H])(CC[C@]3([H])[C@H](C)CCC(=O)[O-])[C@]1([H])[C@H](O)C2//CC(C)(COP(=O)([O-])OP(=O)([O-])OC[C@H]1O[C@@H](N2C=NC3=C2N=CN=C3N)[C@H](O)[C@@H]1OP(=O)([O-])[O-])[C@@H](O)C(=O)NCCC(=O)NCCS//[H+],[H][C@@]12C[C@H](O)CC[C@]1(C)[C@@]1([H])CC[C@]3(C)[C@@]([H])([C@]([H])(C)CCC(=O)SCCNC(=O)CCNC(=O)[C@H](O)C(C)(C)COP(=O)([O-])OP(=O)([O-])OC[C@H]4O[C@@H](N5C=NC6=C5N=CN=C6N)[C@H](O)[C@@H]4OP(=O)([O-])[O-])CC[C@@]3([H])[C@]1([H])[C@H](O)C2.[H]O[H],[H][C@@]12C[C@H](O)CC[C@]1(C)[C@@]1([H])CC[C@@]3(C)[C@@]([H])(CC[C@]3([H])[C@H](C)CCC(=O)[O-])[C@]1([H])[C@H](O)C2.CC(C)(COP(=O)([O-])OP(=O)([O-])OC[C@H]1O[C@@H](N2C=NC3=C2N=CN=C3N)[C@H](O)[C@@H]1OP(=O)([O-])[O-])[C@@H](O)C(=O)NCCC(=O)NCCS.[H+]
DM494,*C(=O)C1=C([O-])C(CC=C(C)C)=C(O)C(CC=C(C)C)(CC=C(C)C)C1=O//O=P([O-])([O-])OP(=O)([O-])O,*C(=O)C1=C(O)C(CC=C(C)C)=C(O)C(CC=C(C)C)=C1[O-]//CC(C)=CCOP(=O)([O-])OP(=O)([O-])[O-],*C(=O)C1=C([O-])C(CC=C(C)C)=C(O)C(CC=C(C)C)(CC=C(C)C)C1=O.O=P([O-])([O-])OP(=O)([O-])O,*C(=O)C1=C(O)C(CC=C(C)C)=C(O)C(CC=C(C)C)=C1[O-].CC(C)=CCOP(=O)([O-])OP(=O)([O-])[O-]
DM495,[NH3+][C@@H](CSS)C(=O)[O-]//CC(=O)C(=O)[O-]//[H][N+]([H])([H])[H],[NH3+][C@@H](CSSC[C@H]([NH3+])C(=O)[O-])C(=O)[O-]//[H]O[H],[NH3+][C@@H](CSS)C(=O)[O-].CC(=O)C(=O)[O-].[H][N+]([H])([H])[H],[NH3+][C@@H](CSSC[C@H]([NH3+])C(=O)[O-])C(=O)[O-].[H]O[H]
DM496,[H][C@]1(CO)O[C@@]([H])(N2C=NC3=C(N)N=CN=C32)[C@@H]1CO//O=P([O-])([O-])O,[H][C@]1(COP(=O)([O-])[O-])O[C@@]([H])(N2C=NC3=C(N)N=CN=C32)[C@@H]1CO//[H]O[H],[H][C@]1(CO)O[C@@]([H])(N2C=NC3=C(N)N=CN=C32)[C@@H]1CO.O=P([O-])([O-])O,[H][C@]1(COP(=O)([O-])[O-])O[C@@]([H])(N2C=NC3=C(N)N=CN=C32)[C@@H]1CO.[H]O[H]
DM497,[H][C@@]12CC[C@@H]3C[C@]1(C=C3C)CC[C@]1([H])C(C)(C)[C@H](O)[C@H](O)C[C@@]21C//CC1=C(C)C=C2C(=C1)/N=C1/C(=O)[N-]C(=O)N=C1N2C[C@H](O)[C@H](O)[C@H](O)COP(=O)([O-])[O-]//CC1=C(C)C=C2C(=C1)/N=C1/C(=O)[N-]C(=O)N=C1N2C[C@H](O)[C@H](O)[C@H](O)COP(=O)([O-])[O-]//[H]O[H]//[H]O[H]//[H+]//[H+],[H][C@@]12CC[C@@H]3C[C@]1(C=C3C)CC[C@]1([H])C(C)(C)CCC[C@@]21C//CC1=C(C)C=C2C(=C1)NC1=C(NC(=O)NC1=O)N2C[C@H](O)[C@H](O)[C@H](O)COP(=O)([O-])[O-]//CC1=C(C)C=C2C(=C1)NC1=C(NC(=O)NC1=O)N2C[C@H](O)[C@H](O)[C@H](O)COP(=O)([O-])[O-]//O=O//O=O,[H][C@@]12CC[C@@H]3C[C@]1(C=C3C)CC[C@]1([H])C(C)(C)[C@H](O)[C@H](O)C[C@@]21C.CC1=C(C)C=C2C(=C1)/N=C1/C(=O)[N-]C(=O)N=C1N2C[C@H](O)[C@H](O)[C@H](O)COP(=O)([O-])[O-].CC1=C(C)C=C2C(=C1)/N=C1/C(=O)[N-]C(=O)N=C1N2C[C@H](O)[C@H](O)[C@H](O)COP(=O)([O-])[O-].[H]O[H].[H]O[H].[H+].[H+],[H][C@@]12CC[C@@H]3C[C@]1(C=C3C)CC[C@]1([H])C(C)(C)CCC[C@@]21C.CC1=C(C)C=C2C(=C1)NC1=C(NC(=O)NC1=O)N2C[C@H](O)[C@H](O)[C@H](O)COP(=O)([O-])[O-].CC1=C(C)C=C2C(=C1)NC1=C(NC(=O)NC1=O)N2C[C@H](O)[C@H](O)[C@H](O)COP(=O)([O-])[O-].O=O.O=O
DM498,[H][C@]12CC[C@]3([H])[C@@]([H])([C@@](C)(O)CCC=C(C)C)CC[C@@]3(C)[C@]1(C)CC[C@@]1([H])C(C)(C)[C@@H](O)CC[C@]21C//CC1=C(C)C=C2C(=C1)NC1=C(NC(=O)NC1=O)N2C[C@H](O)[C@H](O)[C@H](O)COP(=O)([O-])[O-]//O=O,[H][C@]12C[C@@H](O)[C@]3([H])[C@@]([H])([C@@](C)(O)CCC=C(C)C)CC[C@@]3(C)[C@]1(C)CC[C@@]1([H])C(C)(C)[C@@H](O)CC[C@]21C//CC1=C(C)C=C2C(=C1)/N=C1/C(=O)[N-]C(=O)N=C1N2C[C@H](O)[C@H](O)[C@H](O)COP(=O)([O-])[O-]//[H]O[H]//[H+],[H][C@]12CC[C@]3([H])[C@@]([H])([C@@](C)(O)CCC=C(C)C)CC[C@@]3(C)[C@]1(C)CC[C@@]1([H])C(C)(C)[C@@H](O)CC[C@]21C.CC1=C(C)C=C2C(=C1)NC1=C(NC(=O)NC1=O)N2C[C@H](O)[C@H](O)[C@H](O)COP(=O)([O-])[O-].O=O,[H][C@]12C[C@@H](O)[C@]3([H])[C@@]([H])([C@@](C)(O)CCC=C(C)C)CC[C@@]3(C)[C@]1(C)CC[C@@]1([H])C(C)(C)[C@@H](O)CC[C@]21C.CC1=C(C)C=C2C(=C1)/N=C1/C(=O)[N-]C(=O)N=C1N2C[C@H](O)[C@H](O)[C@H](O)COP(=O)([O-])[O-].[H]O[H].[H+]
DM499,[H][C@]12OC=C[C@@]1([H])C1=C(C=C(OC)C3=C1OC1=C(C3=O)C(O)=CC=C1)O2//C[S+](CC[C@H]([NH3+])C(=O)[O-])C[C@H]1O[C@@H](N2C=NC3=C2N=CN=C3N)[C@H](O)[C@@H]1O,[H][C@]12OC=C[C@@]1([H])C1=C(C=C(OC)C3=C1OC1=C(C3=O)C(OC)=CC=C1)O2//NC1=NC=NC2=C1N=CN2[C@@H]1O[C@H](CSCC[C@H]([NH3+])C(=O)[O-])[C@@H](O)[C@H]1O//[H+],[H][C@]12OC=C[C@@]1([H])C1=C(C=C(OC)C3=C1OC1=C(C3=O)C(O)=CC=C1)O2.C[S+](CC[C@H]([NH3+])C(=O)[O-])C[C@H]1O[C@@H](N2C=NC3=C2N=CN=C3N)[C@H](O)[C@@H]1O,[H][C@]12OC=C[C@@]1([H])C1=C(C=C(OC)C3=C1OC1=C(C3=O)C(OC)=CC=C1)O2.NC1=NC=NC2=C1N=CN2[C@@H]1O[C@H](CSCC[C@H]([NH3+])C(=O)[O-])[C@@H](O)[C@H]1O.[H+]
DM500,C[C@@](O)(CCOP(=O)([O-])[O-])CC(=O)[O-],C/C(=C\C(=O)[O-])CCOP(=O)([O-])[O-]//[H]O[H],C[C@@](O)(CCOP(=O)([O-])[O-])CC(=O)[O-],C/C(=C\C(=O)[O-])CCOP(=O)([O-])[O-].[H]O[H]
